original_folder,event,sensor,file,rows,columns,malformed_rows,missing_values,bad_timestamps,timestamp_format,median_interval_ms,error
S6_Bending_1_extracted,Event_0,JinsAccelerometer,JinsAccelerometer_Event_0.data,99,4,0,0,0,epoch milliseconds (2018-03-06 10:18:04.376000),52.0,
S6_Bending_1_extracted,Event_0,JinsBlinkSpeed,JinsBlinkSpeed_Event_0.data,99,2,0,0,0,epoch milliseconds (2018-03-06 10:18:04.376000),52.0,
S6_Bending_1_extracted,Event_0,JinsBlinkStrength,JinsBlinkStrength_Event_0.data,99,2,0,0,0,epoch milliseconds (2018-03-06 10:18:04.376000),52.0,
S6_Bending_1_extracted,Event_0,JinsEyeMovement,JinsEyeMovement_Event_0.data,99,5,0,0,0,epoch milliseconds (2018-03-06 10:18:04.376000),52.0,
S6_Bending_1_extracted,Event_0,JinsGyroscope,JinsGyroscope_Event_0.data,99,4,0,0,0,epoch milliseconds (2018-03-06 10:18:04.376000),52.0,
S6_Bending_1_extracted,Event_0,PhoneAccelerometer,PhoneAccelerometer_Event_0.data,998,4,0,0,0,epoch milliseconds (2018-03-06 10:18:04.330000),5.0,
S6_Bending_1_extracted,Event_0,PhoneGravity,PhoneGravity_Event_0.data,993,4,0,0,0,epoch milliseconds (2018-03-06 10:18:04.334000),5.0,
S6_Bending_1_extracted,Event_0,PhoneGyroscope,PhoneGyroscope_Event_0.data,993,4,0,0,0,epoch milliseconds (2018-03-06 10:18:04.331000),5.0,
S6_Bending_1_extracted,Event_0,PhoneLinearAccelerometer,PhoneLinearAccelerometer_Event_0.data,994,4,0,0,0,epoch milliseconds (2018-03-06 10:18:04.332000),5.0,
S6_Bending_1_extracted,Event_0,PhoneMagnetometer,PhoneMagnetometer_Event_0.data,501,4,0,0,0,epoch milliseconds (2018-03-06 10:18:04.334000),10.0,
S6_Bending_1_extracted,Event_0,android.sensor.accelerometer,android.sensor.accelerometer_Event_0.data,504,4,0,0,0,epoch milliseconds (2018-03-06 10:18:04.329000),10.0,
S6_Bending_1_extracted,Event_0,android.sensor.gyroscope,android.sensor.gyroscope_Event_0.data,503,4,0,0,0,epoch milliseconds (2018-03-06 10:18:04.329000),10.0,
S6_Bending_1_extracted,Event_1,JinsAccelerometer,JinsAccelerometer_Event_1.data,100,4,0,0,0,epoch milliseconds (2018-03-06 10:18:17.785000),53.0,
S6_Bending_1_extracted,Event_1,JinsBlinkSpeed,JinsBlinkSpeed_Event_1.data,100,2,0,0,0,epoch milliseconds (2018-03-06 10:18:17.785000),53.0,
S6_Bending_1_extracted,Event_1,JinsBlinkStrength,JinsBlinkStrength_Event_1.data,100,2,0,0,0,epoch milliseconds (2018-03-06 10:18:17.785000),53.0,
S6_Bending_1_extracted,Event_1,JinsEyeMovement,JinsEyeMovement_Event_1.data,100,5,0,0,0,epoch milliseconds (2018-03-06 10:18:17.785000),53.0,
S6_Bending_1_extracted,Event_1,JinsGyroscope,JinsGyroscope_Event_1.data,100,4,0,0,0,epoch milliseconds (2018-03-06 10:18:17.785000),53.0,
S6_Bending_1_extracted,Event_1,PhoneAccelerometer,PhoneAccelerometer_Event_1.data,992,4,0,0,0,epoch milliseconds (2018-03-06 10:18:17.738000),5.0,
S6_Bending_1_extracted,Event_1,PhoneGravity,PhoneGravity_Event_1.data,990,4,0,0,0,epoch milliseconds (2018-03-06 10:18:17.740000),5.0,
S6_Bending_1_extracted,Event_1,PhoneGyroscope,PhoneGyroscope_Event_1.data,991,4,0,0,0,epoch milliseconds (2018-03-06 10:18:17.739000),5.0,
S6_Bending_1_extracted,Event_1,PhoneLinearAccelerometer,PhoneLinearAccelerometer_Event_1.data,991,4,0,0,0,epoch milliseconds (2018-03-06 10:18:17.738000),5.0,
S6_Bending_1_extracted,Event_1,PhoneMagnetometer,PhoneMagnetometer_Event_1.data,501,4,0,0,0,epoch milliseconds (2018-03-06 10:18:17.740000),10.0,
S6_Bending_1_extracted,Event_1,android.sensor.accelerometer,android.sensor.accelerometer_Event_1.data,505,4,0,0,0,epoch milliseconds (2018-03-06 10:18:17.743000),10.0,
S6_Bending_1_extracted,Event_1,android.sensor.gyroscope,android.sensor.gyroscope_Event_1.data,505,4,0,0,0,epoch milliseconds (2018-03-06 10:18:17.745000),10.0,
S6_Bending_1_extracted,Event_2,JinsAccelerometer,JinsAccelerometer_Event_2.data,100,4,0,0,0,epoch milliseconds (2018-03-06 10:18:30.485000),52.0,
S6_Bending_1_extracted,Event_2,JinsBlinkSpeed,JinsBlinkSpeed_Event_2.data,100,2,0,0,0,epoch milliseconds (2018-03-06 10:18:30.485000),52.0,
S6_Bending_1_extracted,Event_2,JinsBlinkStrength,JinsBlinkStrength_Event_2.data,100,2,0,0,0,epoch milliseconds (2018-03-06 10:18:30.485000),52.0,
S6_Bending_1_extracted,Event_2,JinsEyeMovement,JinsEyeMovement_Event_2.data,100,5,0,0,0,epoch milliseconds (2018-03-06 10:18:30.485000),52.0,
S6_Bending_1_extracted,Event_2,JinsGyroscope,JinsGyroscope_Event_2.data,100,4,0,0,0,epoch milliseconds (2018-03-06 10:18:30.485000),52.0,
S6_Bending_1_extracted,Event_2,PhoneAccelerometer,PhoneAccelerometer_Event_2.data,991,4,0,0,0,epoch milliseconds (2018-03-06 10:18:30.437000),5.0,
S6_Bending_1_extracted,Event_2,PhoneGravity,PhoneGravity_Event_2.data,991,4,0,0,0,epoch milliseconds (2018-03-06 10:18:30.434000),5.0,
S6_Bending_1_extracted,Event_2,PhoneGyroscope,PhoneGyroscope_Event_2.data,991,4,0,0,0,epoch milliseconds (2018-03-06 10:18:30.433000),5.0,
S6_Bending_1_extracted,Event_2,PhoneLinearAccelerometer,PhoneLinearAccelerometer_Event_2.data,991,4,0,0,0,epoch milliseconds (2018-03-06 10:18:30.433000),5.0,
S6_Bending_1_extracted,Event_2,PhoneMagnetometer,PhoneMagnetometer_Event_2.data,502,4,0,0,0,epoch milliseconds (2018-03-06 10:18:30.438000),10.0,
S6_Bending_1_extracted,Event_2,android.sensor.accelerometer,android.sensor.accelerometer_Event_2.data,495,4,0,0,0,epoch milliseconds (2018-03-06 10:18:30.435000),10.0,
S6_Bending_1_extracted,Event_2,android.sensor.gyroscope,android.sensor.gyroscope_Event_2.data,494,4,0,0,0,epoch milliseconds (2018-03-06 10:18:30.437000),10.0,
S6_Bending_1_extracted,Event_3,JinsAccelerometer,JinsAccelerometer_Event_3.data,100,4,0,0,0,epoch milliseconds (2018-03-06 10:18:44.424000),53.0,
S6_Bending_1_extracted,Event_3,JinsBlinkSpeed,JinsBlinkSpeed_Event_3.data,100,2,0,0,0,epoch milliseconds (2018-03-06 10:18:44.424000),53.0,
S6_Bending_1_extracted,Event_3,JinsBlinkStrength,JinsBlinkStrength_Event_3.data,100,2,0,0,0,epoch milliseconds (2018-03-06 10:18:44.424000),53.0,
S6_Bending_1_extracted,Event_3,JinsEyeMovement,JinsEyeMovement_Event_3.data,100,5,0,0,0,epoch milliseconds (2018-03-06 10:18:44.424000),53.0,
S6_Bending_1_extracted,Event_3,JinsGyroscope,JinsGyroscope_Event_3.data,100,4,0,0,0,epoch milliseconds (2018-03-06 10:18:44.424000),53.0,
S6_Bending_1_extracted,Event_3,PhoneAccelerometer,PhoneAccelerometer_Event_3.data,990,4,0,0,0,epoch milliseconds (2018-03-06 10:18:44.420000),5.0,
S6_Bending_1_extracted,Event_3,PhoneGravity,PhoneGravity_Event_3.data,991,4,0,0,0,epoch milliseconds (2018-03-06 10:18:44.423000),5.0,
S6_Bending_1_extracted,Event_3,PhoneGyroscope,PhoneGyroscope_Event_3.data,991,4,0,0,0,epoch milliseconds (2018-03-06 10:18:44.417000),5.0,
S6_Bending_1_extracted,Event_3,PhoneLinearAccelerometer,PhoneLinearAccelerometer_Event_3.data,991,4,0,0,0,epoch milliseconds (2018-03-06 10:18:44.419000),5.0,
S6_Bending_1_extracted,Event_3,PhoneMagnetometer,PhoneMagnetometer_Event_3.data,501,4,0,0,0,epoch milliseconds (2018-03-06 10:18:44.422000),10.0,
S6_Bending_1_extracted,Event_3,android.sensor.accelerometer,android.sensor.accelerometer_Event_3.data,494,4,0,0,0,epoch milliseconds (2018-03-06 10:18:44.422000),10.0,
S6_Bending_1_extracted,Event_3,android.sensor.gyroscope,android.sensor.gyroscope_Event_3.data,493,4,0,0,0,epoch milliseconds (2018-03-06 10:18:44.424000),10.0,
S6_Bending_1_extracted,Event_4,JinsAccelerometer,JinsAccelerometer_Event_4.data,100,4,0,0,0,epoch milliseconds (2018-03-06 10:18:58.185000),52.0,
S6_Bending_1_extracted,Event_4,JinsBlinkSpeed,JinsBlinkSpeed_Event_4.data,100,2,0,0,0,epoch milliseconds (2018-03-06 10:18:58.185000),52.0,
S6_Bending_1_extracted,Event_4,JinsBlinkStrength,JinsBlinkStrength_Event_4.data,100,2,0,0,0,epoch milliseconds (2018-03-06 10:18:58.185000),52.0,
S6_Bending_1_extracted,Event_4,JinsEyeMovement,JinsEyeMovement_Event_4.data,100,5,0,0,0,epoch milliseconds (2018-03-06 10:18:58.185000),52.0,
S6_Bending_1_extracted,Event_4,JinsGyroscope,JinsGyroscope_Event_4.data,100,4,0,0,0,epoch milliseconds (2018-03-06 10:18:58.185000),52.0,
S6_Bending_1_extracted,Event_4,PhoneAccelerometer,PhoneAccelerometer_Event_4.data,992,4,0,0,0,epoch milliseconds (2018-03-06 10:18:58.157000),5.0,
S6_Bending_1_extracted,Event_4,PhoneGravity,PhoneGravity_Event_4.data,991,4,0,0,0,epoch milliseconds (2018-03-06 10:18:58.154000),5.0,
S6_Bending_1_extracted,Event_4,PhoneGyroscope,PhoneGyroscope_Event_4.data,992,4,0,0,0,epoch milliseconds (2018-03-06 10:18:58.155000),5.0,
S6_Bending_1_extracted,Event_4,PhoneLinearAccelerometer,PhoneLinearAccelerometer_Event_4.data,992,4,0,0,0,epoch milliseconds (2018-03-06 10:18:58.157000),5.0,
S6_Bending_1_extracted,Event_4,PhoneMagnetometer,PhoneMagnetometer_Event_4.data,501,4,0,0,0,epoch milliseconds (2018-03-06 10:18:58.153000),10.0,
S6_Bending_1_extracted,Event_4,android.sensor.accelerometer,android.sensor.accelerometer_Event_4.data,500,4,0,0,0,epoch milliseconds (2018-03-06 10:18:58.162000),10.0,
S6_Bending_1_extracted,Event_4,android.sensor.gyroscope,android.sensor.gyroscope_Event_4.data,500,4,0,0,0,epoch milliseconds (2018-03-06 10:18:58.153000),10.0,
S6_Bending_1_extracted,Event_5,JinsAccelerometer,JinsAccelerometer_Event_5.data,99,4,0,0,0,epoch milliseconds (2018-03-06 10:19:12.071000),52.0,
S6_Bending_1_extracted,Event_5,JinsBlinkSpeed,JinsBlinkSpeed_Event_5.data,99,2,0,0,0,epoch milliseconds (2018-03-06 10:19:12.071000),52.0,
S6_Bending_1_extracted,Event_5,JinsBlinkStrength,JinsBlinkStrength_Event_5.data,99,2,0,0,0,epoch milliseconds (2018-03-06 10:19:12.071000),52.0,
S6_Bending_1_extracted,Event_5,JinsEyeMovement,JinsEyeMovement_Event_5.data,99,5,0,0,0,epoch milliseconds (2018-03-06 10:19:12.071000),52.0,
S6_Bending_1_extracted,Event_5,JinsGyroscope,JinsGyroscope_Event_5.data,99,4,0,0,0,epoch milliseconds (2018-03-06 10:19:12.071000),52.0,
S6_Bending_1_extracted,Event_5,PhoneAccelerometer,PhoneAccelerometer_Event_5.data,991,4,0,0,0,epoch milliseconds (2018-03-06 10:19:12.033000),5.0,
S6_Bending_1_extracted,Event_5,PhoneGravity,PhoneGravity_Event_5.data,990,4,0,0,0,epoch milliseconds (2018-03-06 10:19:12.034000),5.0,
S6_Bending_1_extracted,Event_5,PhoneGyroscope,PhoneGyroscope_Event_5.data,991,4,0,0,0,epoch milliseconds (2018-03-06 10:19:12.034000),5.0,
S6_Bending_1_extracted,Event_5,PhoneLinearAccelerometer,PhoneLinearAccelerometer_Event_5.data,992,4,0,0,0,epoch milliseconds (2018-03-06 10:19:12.036000),5.0,
S6_Bending_1_extracted,Event_5,PhoneMagnetometer,PhoneMagnetometer_Event_5.data,501,4,0,0,0,epoch milliseconds (2018-03-06 10:19:12.036000),10.0,
S6_Bending_1_extracted,Event_5,android.sensor.accelerometer,android.sensor.accelerometer_Event_5.data,502,4,0,0,0,epoch milliseconds (2018-03-06 10:19:12.039000),10.0,
S6_Bending_1_extracted,Event_5,android.sensor.gyroscope,android.sensor.gyroscope_Event_5.data,503,4,0,0,0,epoch milliseconds (2018-03-06 10:19:12.040000),10.0,
S6_Bending_1_extracted,Event_6,JinsAccelerometer,JinsAccelerometer_Event_6.data,100,4,0,0,0,epoch milliseconds (2018-03-06 10:19:25.376000),53.0,
S6_Bending_1_extracted,Event_6,JinsBlinkSpeed,JinsBlinkSpeed_Event_6.data,100,2,0,0,0,epoch milliseconds (2018-03-06 10:19:25.376000),53.0,
S6_Bending_1_extracted,Event_6,JinsBlinkStrength,JinsBlinkStrength_Event_6.data,100,2,0,0,0,epoch milliseconds (2018-03-06 10:19:25.376000),53.0,
S6_Bending_1_extracted,Event_6,JinsEyeMovement,JinsEyeMovement_Event_6.data,100,5,0,0,0,epoch milliseconds (2018-03-06 10:19:25.376000),53.0,
S6_Bending_1_extracted,Event_6,JinsGyroscope,JinsGyroscope_Event_6.data,100,4,0,0,0,epoch milliseconds (2018-03-06 10:19:25.376000),53.0,
S6_Bending_1_extracted,Event_6,PhoneAccelerometer,PhoneAccelerometer_Event_6.data,991,4,0,0,0,epoch milliseconds (2018-03-06 10:19:25.364000),5.0,
S6_Bending_1_extracted,Event_6,PhoneGravity,PhoneGravity_Event_6.data,990,4,0,0,0,epoch milliseconds (2018-03-06 10:19:25.361000),5.0,
S6_Bending_1_extracted,Event_6,PhoneGyroscope,PhoneGyroscope_Event_6.data,991,4,0,0,0,epoch milliseconds (2018-03-06 10:19:25.364000),5.0,
S6_Bending_1_extracted,Event_6,PhoneLinearAccelerometer,PhoneLinearAccelerometer_Event_6.data,990,4,0,0,0,epoch milliseconds (2018-03-06 10:19:25.362000),5.0,
S6_Bending_1_extracted,Event_6,PhoneMagnetometer,PhoneMagnetometer_Event_6.data,498,4,0,0,0,epoch milliseconds (2018-03-06 10:19:25.365000),10.0,
S6_Bending_1_extracted,Event_6,android.sensor.accelerometer,android.sensor.accelerometer_Event_6.data,507,4,0,0,0,epoch milliseconds (2018-03-06 10:19:25.368000),10.0,
S6_Bending_1_extracted,Event_6,android.sensor.gyroscope,android.sensor.gyroscope_Event_6.data,508,4,0,0,0,epoch milliseconds (2018-03-06 10:19:25.362000),10.0,
S6_Bending_1_extracted,Event_7,JinsAccelerometer,JinsAccelerometer_Event_7.data,100,4,0,0,0,epoch milliseconds (2018-03-06 10:19:38.317000),52.0,
S6_Bending_1_extracted,Event_7,JinsBlinkSpeed,JinsBlinkSpeed_Event_7.data,100,2,0,0,0,epoch milliseconds (2018-03-06 10:19:38.317000),52.0,
S6_Bending_1_extracted,Event_7,JinsBlinkStrength,JinsBlinkStrength_Event_7.data,100,2,0,0,0,epoch milliseconds (2018-03-06 10:19:38.317000),52.0,
S6_Bending_1_extracted,Event_7,JinsEyeMovement,JinsEyeMovement_Event_7.data,100,5,0,0,0,epoch milliseconds (2018-03-06 10:19:38.317000),52.0,
S6_Bending_1_extracted,Event_7,JinsGyroscope,JinsGyroscope_Event_7.data,100,4,0,0,0,epoch milliseconds (2018-03-06 10:19:38.317000),52.0,
S6_Bending_1_extracted,Event_7,PhoneAccelerometer,PhoneAccelerometer_Event_7.data,991,4,0,0,0,epoch milliseconds (2018-03-06 10:19:38.297000),5.0,
S6_Bending_1_extracted,Event_7,PhoneGravity,PhoneGravity_Event_7.data,991,4,0,0,0,epoch milliseconds (2018-03-06 10:19:38.296000),5.0,
S6_Bending_1_extracted,Event_7,PhoneGyroscope,PhoneGyroscope_Event_7.data,990,4,0,0,0,epoch milliseconds (2018-03-06 10:19:38.300000),5.0,
S6_Bending_1_extracted,Event_7,PhoneLinearAccelerometer,PhoneLinearAccelerometer_Event_7.data,991,4,0,0,0,epoch milliseconds (2018-03-06 10:19:38.298000),5.0,
S6_Bending_1_extracted,Event_7,PhoneMagnetometer,PhoneMagnetometer_Event_7.data,501,4,0,0,0,epoch milliseconds (2018-03-06 10:19:38.303000),10.0,
S6_Bending_1_extracted,Event_7,android.sensor.accelerometer,android.sensor.accelerometer_Event_7.data,496,4,0,0,0,epoch milliseconds (2018-03-06 10:19:38.296000),10.0,
S6_Bending_1_extracted,Event_7,android.sensor.gyroscope,android.sensor.gyroscope_Event_7.data,495,4,0,0,0,epoch milliseconds (2018-03-06 10:19:38.297000),10.0,
S6_Bending_1_extracted,Event_8,JinsAccelerometer,JinsAccelerometer_Event_8.data,100,4,0,0,0,epoch milliseconds (2018-03-06 10:20:01.344000),52.0,
S6_Bending_1_extracted,Event_8,JinsBlinkSpeed,JinsBlinkSpeed_Event_8.data,100,2,0,0,0,epoch milliseconds (2018-03-06 10:20:01.344000),52.0,
S6_Bending_1_extracted,Event_8,JinsBlinkStrength,JinsBlinkStrength_Event_8.data,100,2,0,0,0,epoch milliseconds (2018-03-06 10:20:01.344000),52.0,
S6_Bending_1_extracted,Event_8,JinsEyeMovement,JinsEyeMovement_Event_8.data,100,5,0,0,0,epoch milliseconds (2018-03-06 10:20:01.344000),52.0,
S6_Bending_1_extracted,Event_8,JinsGyroscope,JinsGyroscope_Event_8.data,100,4,0,0,0,epoch milliseconds (2018-03-06 10:20:01.344000),52.0,
S6_Bending_1_extracted,Event_8,PhoneAccelerometer,PhoneAccelerometer_Event_8.data,991,4,0,0,0,epoch milliseconds (2018-03-06 10:20:01.314000),5.0,
S6_Bending_1_extracted,Event_8,PhoneGravity,PhoneGravity_Event_8.data,991,4,0,0,0,epoch milliseconds (2018-03-06 10:20:01.316000),5.0,
S6_Bending_1_extracted,Event_8,PhoneGyroscope,PhoneGyroscope_Event_8.data,992,4,0,0,0,epoch milliseconds (2018-03-06 10:20:01.314000),5.0,
S6_Bending_1_extracted,Event_8,PhoneLinearAccelerometer,PhoneLinearAccelerometer_Event_8.data,992,4,0,0,0,epoch milliseconds (2018-03-06 10:20:01.314000),5.0,
S6_Bending_1_extracted,Event_8,PhoneMagnetometer,PhoneMagnetometer_Event_8.data,501,4,0,0,0,epoch milliseconds (2018-03-06 10:20:01.318000),10.0,
S6_Bending_1_extracted,Event_8,android.sensor.accelerometer,android.sensor.accelerometer_Event_8.data,498,4,0,0,0,epoch milliseconds (2018-03-06 10:20:01.318000),10.0,
S6_Bending_1_extracted,Event_8,android.sensor.gyroscope,android.sensor.gyroscope_Event_8.data,498,4,0,0,0,epoch milliseconds (2018-03-06 10:20:01.321000),10.0,
S6_Bending_1_extracted,Event_9,JinsAccelerometer,JinsAccelerometer_Event_9.data,100,4,0,0,0,epoch milliseconds (2018-03-06 10:20:15.829000),52.0,
S6_Bending_1_extracted,Event_9,JinsBlinkSpeed,JinsBlinkSpeed_Event_9.data,100,2,0,0,0,epoch milliseconds (2018-03-06 10:20:15.829000),52.0,
S6_Bending_1_extracted,Event_9,JinsBlinkStrength,JinsBlinkStrength_Event_9.data,100,2,0,0,0,epoch milliseconds (2018-03-06 10:20:15.829000),52.0,
S6_Bending_1_extracted,Event_9,JinsEyeMovement,JinsEyeMovement_Event_9.data,100,5,0,0,0,epoch milliseconds (2018-03-06 10:20:15.829000),52.0,
S6_Bending_1_extracted,Event_9,JinsGyroscope,JinsGyroscope_Event_9.data,100,4,0,0,0,epoch milliseconds (2018-03-06 10:20:15.829000),52.0,
S6_Bending_1_extracted,Event_9,PhoneAccelerometer,PhoneAccelerometer_Event_9.data,991,4,0,0,0,epoch milliseconds (2018-03-06 10:20:15.825000),5.0,
S6_Bending_1_extracted,Event_9,PhoneGravity,PhoneGravity_Event_9.data,991,4,0,0,0,epoch milliseconds (2018-03-06 10:20:15.826000),5.0,
S6_Bending_1_extracted,Event_9,PhoneGyroscope,PhoneGyroscope_Event_9.data,990,4,0,0,0,epoch milliseconds (2018-03-06 10:20:15.824000),5.0,
S6_Bending_1_extracted,Event_9,PhoneLinearAccelerometer,PhoneLinearAccelerometer_Event_9.data,991,4,0,0,0,epoch milliseconds (2018-03-06 10:20:15.826000),5.0,
S6_Bending_1_extracted,Event_9,PhoneMagnetometer,PhoneMagnetometer_Event_9.data,501,4,0,0,0,epoch milliseconds (2018-03-06 10:20:15.832000),10.0,
S6_Bending_1_extracted,Event_9,android.sensor.accelerometer,android.sensor.accelerometer_Event_9.data,503,4,0,0,0,epoch milliseconds (2018-03-06 10:20:15.833000),10.0,
S6_Bending_1_extracted,Event_9,android.sensor.gyroscope,android.sensor.gyroscope_Event_9.data,504,4,0,0,0,epoch milliseconds (2018-03-06 10:20:15.830000),10.0,
S6_Bending_2_extracted,Event_0,JinsAccelerometer,JinsAccelerometer_Event_0.data,100,4,0,0,0,epoch milliseconds (2018-03-06 10:23:41.242000),53.0,
S6_Bending_2_extracted,Event_0,JinsBlinkSpeed,JinsBlinkSpeed_Event_0.data,100,2,0,0,0,epoch milliseconds (2018-03-06 10:23:41.242000),53.0,
S6_Bending_2_extracted,Event_0,JinsBlinkStrength,JinsBlinkStrength_Event_0.data,100,2,0,0,0,epoch milliseconds (2018-03-06 10:23:41.242000),53.0,
S6_Bending_2_extracted,Event_0,JinsEyeMovement,JinsEyeMovement_Event_0.data,100,5,0,0,0,epoch milliseconds (2018-03-06 10:23:41.242000),53.0,
S6_Bending_2_extracted,Event_0,JinsGyroscope,JinsGyroscope_Event_0.data,100,4,0,0,0,epoch milliseconds (2018-03-06 10:23:41.242000),53.0,
S6_Bending_2_extracted,Event_0,PhoneAccelerometer,PhoneAccelerometer_Event_0.data,992,4,0,0,0,epoch milliseconds (2018-03-06 10:23:41.230000),5.0,
S6_Bending_2_extracted,Event_0,PhoneGravity,PhoneGravity_Event_0.data,990,4,0,0,0,epoch milliseconds (2018-03-06 10:23:41.231000),5.0,
S6_Bending_2_extracted,Event_0,PhoneGyroscope,PhoneGyroscope_Event_0.data,991,4,0,0,0,epoch milliseconds (2018-03-06 10:23:41.231000),5.0,
S6_Bending_2_extracted,Event_0,PhoneLinearAccelerometer,PhoneLinearAccelerometer_Event_0.data,991,4,0,0,0,epoch milliseconds (2018-03-06 10:23:41.233000),5.0,
S6_Bending_2_extracted,Event_0,PhoneMagnetometer,PhoneMagnetometer_Event_0.data,500,4,0,0,0,epoch milliseconds (2018-03-06 10:23:41.234000),10.0,
S6_Bending_2_extracted,Event_0,android.sensor.accelerometer,android.sensor.accelerometer_Event_0.data,501,4,0,0,0,epoch milliseconds (2018-03-06 10:23:41.230000),10.0,
S6_Bending_2_extracted,Event_0,android.sensor.gyroscope,android.sensor.gyroscope_Event_0.data,501,4,0,0,0,epoch milliseconds (2018-03-06 10:23:41.234000),10.0,
S6_Bending_2_extracted,Event_1,JinsAccelerometer,JinsAccelerometer_Event_1.data,100,4,0,0,0,epoch milliseconds (2018-03-06 10:23:55.052000),53.0,
S6_Bending_2_extracted,Event_1,JinsBlinkSpeed,JinsBlinkSpeed_Event_1.data,100,2,0,0,0,epoch milliseconds (2018-03-06 10:23:55.052000),53.0,
S6_Bending_2_extracted,Event_1,JinsBlinkStrength,JinsBlinkStrength_Event_1.data,100,2,0,0,0,epoch milliseconds (2018-03-06 10:23:55.052000),53.0,
S6_Bending_2_extracted,Event_1,JinsEyeMovement,JinsEyeMovement_Event_1.data,100,5,0,0,0,epoch milliseconds (2018-03-06 10:23:55.052000),53.0,
S6_Bending_2_extracted,Event_1,JinsGyroscope,JinsGyroscope_Event_1.data,100,4,0,0,0,epoch milliseconds (2018-03-06 10:23:55.052000),53.0,
S6_Bending_2_extracted,Event_1,PhoneAccelerometer,PhoneAccelerometer_Event_1.data,992,4,0,0,0,epoch milliseconds (2018-03-06 10:23:55.025000),5.0,
S6_Bending_2_extracted,Event_1,PhoneGravity,PhoneGravity_Event_1.data,991,4,0,0,0,epoch milliseconds (2018-03-06 10:23:55.024000),5.0,
S6_Bending_2_extracted,Event_1,PhoneGyroscope,PhoneGyroscope_Event_1.data,991,4,0,0,0,epoch milliseconds (2018-03-06 10:23:55.026000),5.0,
S6_Bending_2_extracted,Event_1,PhoneLinearAccelerometer,PhoneLinearAccelerometer_Event_1.data,992,4,0,0,0,epoch milliseconds (2018-03-06 10:23:55.023000),5.0,
S6_Bending_2_extracted,Event_1,PhoneMagnetometer,PhoneMagnetometer_Event_1.data,501,4,0,0,0,epoch milliseconds (2018-03-06 10:23:55.025000),10.0,
S6_Bending_2_extracted,Event_1,android.sensor.accelerometer,android.sensor.accelerometer_Event_1.data,492,4,0,0,0,epoch milliseconds (2018-03-06 10:23:55.025000),10.0,
S6_Bending_2_extracted,Event_1,android.sensor.gyroscope,android.sensor.gyroscope_Event_1.data,491,4,0,0,0,epoch milliseconds (2018-03-06 10:23:55.030000),10.0,
S6_Bending_2_extracted,Event_2,JinsAccelerometer,JinsAccelerometer_Event_2.data,101,4,0,0,0,epoch milliseconds (2018-03-06 10:24:08.703000),52.0,
S6_Bending_2_extracted,Event_2,JinsBlinkSpeed,JinsBlinkSpeed_Event_2.data,101,2,0,0,0,epoch milliseconds (2018-03-06 10:24:08.703000),52.0,
S6_Bending_2_extracted,Event_2,JinsBlinkStrength,JinsBlinkStrength_Event_2.data,101,2,0,0,0,epoch milliseconds (2018-03-06 10:24:08.703000),52.0,
S6_Bending_2_extracted,Event_2,JinsEyeMovement,JinsEyeMovement_Event_2.data,101,5,0,0,0,epoch milliseconds (2018-03-06 10:24:08.703000),52.0,
S6_Bending_2_extracted,Event_2,JinsGyroscope,JinsGyroscope_Event_2.data,101,4,0,0,0,epoch milliseconds (2018-03-06 10:24:08.703000),52.0,
S6_Bending_2_extracted,Event_2,PhoneAccelerometer,PhoneAccelerometer_Event_2.data,993,4,0,0,0,epoch milliseconds (2018-03-06 10:24:08.694000),5.0,
S6_Bending_2_extracted,Event_2,PhoneGravity,PhoneGravity_Event_2.data,999,4,0,0,0,epoch milliseconds (2018-03-06 10:24:08.707000),5.0,
S6_Bending_2_extracted,Event_2,PhoneGyroscope,PhoneGyroscope_Event_2.data,998,4,0,0,0,epoch milliseconds (2018-03-06 10:24:08.703000),5.0,
S6_Bending_2_extracted,Event_2,PhoneLinearAccelerometer,PhoneLinearAccelerometer_Event_2.data,996,4,0,0,0,epoch milliseconds (2018-03-06 10:24:08.701000),5.0,
S6_Bending_2_extracted,Event_2,PhoneMagnetometer,PhoneMagnetometer_Event_2.data,501,4,0,0,0,epoch milliseconds (2018-03-06 10:24:08.702000),10.0,
S6_Bending_2_extracted,Event_2,android.sensor.accelerometer,android.sensor.accelerometer_Event_2.data,488,4,0,0,0,epoch milliseconds (2018-03-06 10:24:08.699000),10.0,
S6_Bending_2_extracted,Event_2,android.sensor.gyroscope,android.sensor.gyroscope_Event_2.data,488,4,0,0,0,epoch milliseconds (2018-03-06 10:24:08.694000),10.0,
S6_Bending_2_extracted,Event_3,JinsAccelerometer,JinsAccelerometer_Event_3.data,100,4,0,0,0,epoch milliseconds (2018-03-06 10:24:21.355000),52.0,
S6_Bending_2_extracted,Event_3,JinsBlinkSpeed,JinsBlinkSpeed_Event_3.data,100,2,0,0,0,epoch milliseconds (2018-03-06 10:24:21.355000),52.0,
S6_Bending_2_extracted,Event_3,JinsBlinkStrength,JinsBlinkStrength_Event_3.data,100,2,0,0,0,epoch milliseconds (2018-03-06 10:24:21.355000),52.0,
S6_Bending_2_extracted,Event_3,JinsEyeMovement,JinsEyeMovement_Event_3.data,100,5,0,0,0,epoch milliseconds (2018-03-06 10:24:21.355000),52.0,
S6_Bending_2_extracted,Event_3,JinsGyroscope,JinsGyroscope_Event_3.data,100,4,0,0,0,epoch milliseconds (2018-03-06 10:24:21.355000),52.0,
S6_Bending_2_extracted,Event_3,PhoneAccelerometer,PhoneAccelerometer_Event_3.data,991,4,0,0,0,epoch milliseconds (2018-03-06 10:24:21.322000),5.0,
S6_Bending_2_extracted,Event_3,PhoneGravity,PhoneGravity_Event_3.data,990,4,0,0,0,epoch milliseconds (2018-03-06 10:24:21.320000),5.0,
S6_Bending_2_extracted,Event_3,PhoneGyroscope,PhoneGyroscope_Event_3.data,992,4,0,0,0,epoch milliseconds (2018-03-06 10:24:21.322000),5.0,
S6_Bending_2_extracted,Event_3,PhoneLinearAccelerometer,PhoneLinearAccelerometer_Event_3.data,992,4,0,0,0,epoch milliseconds (2018-03-06 10:24:21.318000),5.0,
S6_Bending_2_extracted,Event_3,PhoneMagnetometer,PhoneMagnetometer_Event_3.data,501,4,0,0,0,epoch milliseconds (2018-03-06 10:24:21.322000),10.0,
S6_Bending_2_extracted,Event_3,android.sensor.accelerometer,android.sensor.accelerometer_Event_3.data,494,4,0,0,0,epoch milliseconds (2018-03-06 10:24:21.406000),10.0,
S6_Bending_2_extracted,Event_3,android.sensor.gyroscope,android.sensor.gyroscope_Event_3.data,493,4,0,0,0,epoch milliseconds (2018-03-06 10:24:21.414000),10.0,
S6_Bending_2_extracted,Event_4,JinsAccelerometer,JinsAccelerometer_Event_4.data,100,4,0,0,0,epoch milliseconds (2018-03-06 10:24:35.686000),52.0,
S6_Bending_2_extracted,Event_4,JinsBlinkSpeed,JinsBlinkSpeed_Event_4.data,100,2,0,0,0,epoch milliseconds (2018-03-06 10:24:35.686000),52.0,
S6_Bending_2_extracted,Event_4,JinsBlinkStrength,JinsBlinkStrength_Event_4.data,100,2,0,0,0,epoch milliseconds (2018-03-06 10:24:35.686000),52.0,
S6_Bending_2_extracted,Event_4,JinsEyeMovement,JinsEyeMovement_Event_4.data,100,5,0,0,0,epoch milliseconds (2018-03-06 10:24:35.686000),52.0,
S6_Bending_2_extracted,Event_4,JinsGyroscope,JinsGyroscope_Event_4.data,100,4,0,0,0,epoch milliseconds (2018-03-06 10:24:35.686000),52.0,
S6_Bending_2_extracted,Event_4,PhoneAccelerometer,PhoneAccelerometer_Event_4.data,990,4,0,0,0,epoch milliseconds (2018-03-06 10:24:35.691000),5.0,
S6_Bending_2_extracted,Event_4,PhoneGravity,PhoneGravity_Event_4.data,992,4,0,0,0,epoch milliseconds (2018-03-06 10:24:35.689000),5.0,
S6_Bending_2_extracted,Event_4,PhoneGyroscope,PhoneGyroscope_Event_4.data,992,4,0,0,0,epoch milliseconds (2018-03-06 10:24:35.689000),5.0,
S6_Bending_2_extracted,Event_4,PhoneLinearAccelerometer,PhoneLinearAccelerometer_Event_4.data,990,4,0,0,0,epoch milliseconds (2018-03-06 10:24:35.690000),5.0,
S6_Bending_2_extracted,Event_4,PhoneMagnetometer,PhoneMagnetometer_Event_4.data,502,4,0,0,0,epoch milliseconds (2018-03-06 10:24:35.689000),10.0,
S6_Bending_2_extracted,Event_4,android.sensor.accelerometer,android.sensor.accelerometer_Event_4.data,501,4,0,0,0,epoch milliseconds (2018-03-06 10:24:35.691000),10.0,
S6_Bending_2_extracted,Event_4,android.sensor.gyroscope,android.sensor.gyroscope_Event_4.data,502,4,0,0,0,epoch milliseconds (2018-03-06 10:24:35.689000),10.0,
S6_Bending_2_extracted,Event_5,JinsAccelerometer,JinsAccelerometer_Event_5.data,100,4,0,0,0,epoch milliseconds (2018-03-06 10:24:49.806000),53.0,
S6_Bending_2_extracted,Event_5,JinsBlinkSpeed,JinsBlinkSpeed_Event_5.data,100,2,0,0,0,epoch milliseconds (2018-03-06 10:24:49.806000),53.0,
S6_Bending_2_extracted,Event_5,JinsBlinkStrength,JinsBlinkStrength_Event_5.data,100,2,0,0,0,epoch milliseconds (2018-03-06 10:24:49.806000),53.0,
S6_Bending_2_extracted,Event_5,JinsEyeMovement,JinsEyeMovement_Event_5.data,100,5,0,0,0,epoch milliseconds (2018-03-06 10:24:49.806000),53.0,
S6_Bending_2_extracted,Event_5,JinsGyroscope,JinsGyroscope_Event_5.data,100,4,0,0,0,epoch milliseconds (2018-03-06 10:24:49.806000),53.0,
S6_Bending_2_extracted,Event_5,PhoneAccelerometer,PhoneAccelerometer_Event_5.data,990,4,0,0,0,epoch milliseconds (2018-03-06 10:24:49.758000),5.0,
S6_Bending_2_extracted,Event_5,PhoneGravity,PhoneGravity_Event_5.data,990,4,0,0,0,epoch milliseconds (2018-03-06 10:24:49.761000),5.0,
S6_Bending_2_extracted,Event_5,PhoneGyroscope,PhoneGyroscope_Event_5.data,993,4,0,0,0,epoch milliseconds (2018-03-06 10:24:49.758000),5.0,
S6_Bending_2_extracted,Event_5,PhoneLinearAccelerometer,PhoneLinearAccelerometer_Event_5.data,992,4,0,0,0,epoch milliseconds (2018-03-06 10:24:49.760000),5.0,
S6_Bending_2_extracted,Event_5,PhoneMagnetometer,PhoneMagnetometer_Event_5.data,501,4,0,0,0,epoch milliseconds (2018-03-06 10:24:49.766000),10.0,
S6_Bending_2_extracted,Event_5,android.sensor.accelerometer,android.sensor.accelerometer_Event_5.data,504,4,0,0,0,epoch milliseconds (2018-03-06 10:24:49.765000),10.0,
S6_Bending_2_extracted,Event_5,android.sensor.gyroscope,android.sensor.gyroscope_Event_5.data,505,4,0,0,0,epoch milliseconds (2018-03-06 10:24:49.765000),10.0,
S6_Bending_2_extracted,Event_6,JinsAccelerometer,JinsAccelerometer_Event_6.data,100,4,0,0,0,epoch milliseconds (2018-03-06 10:25:02.253000),52.0,
S6_Bending_2_extracted,Event_6,JinsBlinkSpeed,JinsBlinkSpeed_Event_6.data,100,2,0,0,0,epoch milliseconds (2018-03-06 10:25:02.253000),52.0,
S6_Bending_2_extracted,Event_6,JinsBlinkStrength,JinsBlinkStrength_Event_6.data,100,2,0,0,0,epoch milliseconds (2018-03-06 10:25:02.253000),52.0,
S6_Bending_2_extracted,Event_6,JinsEyeMovement,JinsEyeMovement_Event_6.data,100,5,0,0,0,epoch milliseconds (2018-03-06 10:25:02.253000),52.0,
S6_Bending_2_extracted,Event_6,JinsGyroscope,JinsGyroscope_Event_6.data,100,4,0,0,0,epoch milliseconds (2018-03-06 10:25:02.253000),52.0,
S6_Bending_2_extracted,Event_6,PhoneAccelerometer,PhoneAccelerometer_Event_6.data,991,4,0,0,0,epoch milliseconds (2018-03-06 10:25:02.223000),5.0,
S6_Bending_2_extracted,Event_6,PhoneGravity,PhoneGravity_Event_6.data,992,4,0,0,0,epoch milliseconds (2018-03-06 10:25:02.225000),5.0,
S6_Bending_2_extracted,Event_6,PhoneGyroscope,PhoneGyroscope_Event_6.data,992,4,0,0,0,epoch milliseconds (2018-03-06 10:25:02.226000),5.0,
S6_Bending_2_extracted,Event_6,PhoneLinearAccelerometer,PhoneLinearAccelerometer_Event_6.data,992,4,0,0,0,epoch milliseconds (2018-03-06 10:25:02.223000),5.0,
S6_Bending_2_extracted,Event_6,PhoneMagnetometer,PhoneMagnetometer_Event_6.data,501,4,0,0,0,epoch milliseconds (2018-03-06 10:25:02.229000),10.0,
S6_Bending_2_extracted,Event_6,android.sensor.accelerometer,android.sensor.accelerometer_Event_6.data,495,4,0,0,0,epoch milliseconds (2018-03-06 10:25:02.225000),10.0,
S6_Bending_2_extracted,Event_6,android.sensor.gyroscope,android.sensor.gyroscope_Event_6.data,496,4,0,0,0,epoch milliseconds (2018-03-06 10:25:02.223000),10.0,
S6_Bending_2_extracted,Event_7,JinsAccelerometer,JinsAccelerometer_Event_7.data,100,4,0,0,0,epoch milliseconds (2018-03-06 10:25:14.694000),52.0,
S6_Bending_2_extracted,Event_7,JinsBlinkSpeed,JinsBlinkSpeed_Event_7.data,100,2,0,0,0,epoch milliseconds (2018-03-06 10:25:14.694000),52.0,
S6_Bending_2_extracted,Event_7,JinsBlinkStrength,JinsBlinkStrength_Event_7.data,100,2,0,0,0,epoch milliseconds (2018-03-06 10:25:14.694000),52.0,
S6_Bending_2_extracted,Event_7,JinsEyeMovement,JinsEyeMovement_Event_7.data,100,5,0,0,0,epoch milliseconds (2018-03-06 10:25:14.694000),52.0,
S6_Bending_2_extracted,Event_7,JinsGyroscope,JinsGyroscope_Event_7.data,100,4,0,0,0,epoch milliseconds (2018-03-06 10:25:14.694000),52.0,
S6_Bending_2_extracted,Event_7,PhoneAccelerometer,PhoneAccelerometer_Event_7.data,991,4,0,0,0,epoch milliseconds (2018-03-06 10:25:14.697000),5.0,
S6_Bending_2_extracted,Event_7,PhoneGravity,PhoneGravity_Event_7.data,991,4,0,0,0,epoch milliseconds (2018-03-06 10:25:14.695000),5.0,
S6_Bending_2_extracted,Event_7,PhoneGyroscope,PhoneGyroscope_Event_7.data,989,4,0,0,0,epoch milliseconds (2018-03-06 10:25:14.696000),5.0,
S6_Bending_2_extracted,Event_7,PhoneLinearAccelerometer,PhoneLinearAccelerometer_Event_7.data,991,4,0,0,0,epoch milliseconds (2018-03-06 10:25:14.695000),5.0,
S6_Bending_2_extracted,Event_7,PhoneMagnetometer,PhoneMagnetometer_Event_7.data,500,4,0,0,0,epoch milliseconds (2018-03-06 10:25:14.702000),10.0,
S6_Bending_2_extracted,Event_7,android.sensor.accelerometer,android.sensor.accelerometer_Event_7.data,501,4,0,0,0,epoch milliseconds (2018-03-06 10:25:14.695000),10.0,
S6_Bending_2_extracted,Event_7,android.sensor.gyroscope,android.sensor.gyroscope_Event_7.data,495,4,0,0,0,epoch milliseconds (2018-03-06 10:25:14.696000),10.0,
S6_Bending_2_extracted,Event_8,JinsAccelerometer,JinsAccelerometer_Event_8.data,100,4,0,0,0,epoch milliseconds (2018-03-06 10:25:28.240000),52.0,
S6_Bending_2_extracted,Event_8,JinsBlinkSpeed,JinsBlinkSpeed_Event_8.data,100,2,0,0,0,epoch milliseconds (2018-03-06 10:25:28.240000),52.0,
S6_Bending_2_extracted,Event_8,JinsBlinkStrength,JinsBlinkStrength_Event_8.data,100,2,0,0,0,epoch milliseconds (2018-03-06 10:25:28.240000),52.0,
S6_Bending_2_extracted,Event_8,JinsEyeMovement,JinsEyeMovement_Event_8.data,100,5,0,0,0,epoch milliseconds (2018-03-06 10:25:28.240000),52.0,
S6_Bending_2_extracted,Event_8,JinsGyroscope,JinsGyroscope_Event_8.data,100,4,0,0,0,epoch milliseconds (2018-03-06 10:25:28.240000),52.0,
S6_Bending_2_extracted,Event_8,PhoneAccelerometer,PhoneAccelerometer_Event_8.data,991,4,0,0,0,epoch milliseconds (2018-03-06 10:25:28.240000),5.0,
S6_Bending_2_extracted,Event_8,PhoneGravity,PhoneGravity_Event_8.data,991,4,0,0,0,epoch milliseconds (2018-03-06 10:25:28.240000),5.0,
S6_Bending_2_extracted,Event_8,PhoneGyroscope,PhoneGyroscope_Event_8.data,990,4,0,0,0,epoch milliseconds (2018-03-06 10:25:28.240000),5.0,
S6_Bending_2_extracted,Event_8,PhoneLinearAccelerometer,PhoneLinearAccelerometer_Event_8.data,992,4,0,0,0,epoch milliseconds (2018-03-06 10:25:28.238000),5.0,
S6_Bending_2_extracted,Event_8,PhoneMagnetometer,PhoneMagnetometer_Event_8.data,499,4,0,0,0,epoch milliseconds (2018-03-06 10:25:28.245000),10.0,
S6_Bending_2_extracted,Event_8,android.sensor.accelerometer,android.sensor.accelerometer_Event_8.data,497,4,0,0,0,epoch milliseconds (2018-03-06 10:25:28.239000),10.0,
S6_Bending_2_extracted,Event_8,android.sensor.gyroscope,android.sensor.gyroscope_Event_8.data,497,4,0,0,0,epoch milliseconds (2018-03-06 10:25:28.238000),10.0,
S6_Bending_2_extracted,Event_9,JinsAccelerometer,JinsAccelerometer_Event_9.data,99,4,0,0,0,epoch milliseconds (2018-03-06 10:25:42.595000),52.0,
S6_Bending_2_extracted,Event_9,JinsBlinkSpeed,JinsBlinkSpeed_Event_9.data,99,2,0,0,0,epoch milliseconds (2018-03-06 10:25:42.595000),52.0,
S6_Bending_2_extracted,Event_9,JinsBlinkStrength,JinsBlinkStrength_Event_9.data,99,2,0,0,0,epoch milliseconds (2018-03-06 10:25:42.595000),52.0,
S6_Bending_2_extracted,Event_9,JinsEyeMovement,JinsEyeMovement_Event_9.data,99,5,0,0,0,epoch milliseconds (2018-03-06 10:25:42.595000),52.0,
S6_Bending_2_extracted,Event_9,JinsGyroscope,JinsGyroscope_Event_9.data,99,4,0,0,0,epoch milliseconds (2018-03-06 10:25:42.595000),52.0,
S6_Bending_2_extracted,Event_9,PhoneAccelerometer,PhoneAccelerometer_Event_9.data,991,4,0,0,0,epoch milliseconds (2018-03-06 10:25:42.561000),5.0,
S6_Bending_2_extracted,Event_9,PhoneGravity,PhoneGravity_Event_9.data,990,4,0,0,0,epoch milliseconds (2018-03-06 10:25:42.562000),5.0,
S6_Bending_2_extracted,Event_9,PhoneGyroscope,PhoneGyroscope_Event_9.data,991,4,0,0,0,epoch milliseconds (2018-03-06 10:25:42.561000),5.0,
S6_Bending_2_extracted,Event_9,PhoneLinearAccelerometer,PhoneLinearAccelerometer_Event_9.data,990,4,0,0,0,epoch milliseconds (2018-03-06 10:25:42.562000),5.0,
S6_Bending_2_extracted,Event_9,PhoneMagnetometer,PhoneMagnetometer_Event_9.data,501,4,0,0,0,epoch milliseconds (2018-03-06 10:25:42.567000),10.0,
S6_Bending_2_extracted,Event_9,android.sensor.accelerometer,android.sensor.accelerometer_Event_9.data,501,4,0,0,0,epoch milliseconds (2018-03-06 10:25:42.559000),10.0,
S6_Bending_2_extracted,Event_9,android.sensor.gyroscope,android.sensor.gyroscope_Event_9.data,502,4,0,0,0,epoch milliseconds (2018-03-06 10:25:42.558000),10.0,
S6_Sitting_1_extracted,Event_0,JinsAccelerometer,JinsAccelerometer_Event_0.data,99,4,0,0,0,epoch milliseconds (2018-03-06 09:42:50.089000),52.0,
S6_Sitting_1_extracted,Event_0,JinsBlinkSpeed,JinsBlinkSpeed_Event_0.data,99,2,0,0,0,epoch milliseconds (2018-03-06 09:42:50.089000),52.0,
S6_Sitting_1_extracted,Event_0,JinsBlinkStrength,JinsBlinkStrength_Event_0.data,99,2,0,0,0,epoch milliseconds (2018-03-06 09:42:50.089000),52.0,
S6_Sitting_1_extracted,Event_0,JinsEyeMovement,JinsEyeMovement_Event_0.data,99,5,0,0,0,epoch milliseconds (2018-03-06 09:42:50.089000),52.0,
S6_Sitting_1_extracted,Event_0,JinsGyroscope,JinsGyroscope_Event_0.data,99,4,0,0,0,epoch milliseconds (2018-03-06 09:42:50.089000),52.0,
S6_Sitting_1_extracted,Event_0,PhoneAccelerometer,PhoneAccelerometer_Event_0.data,985,4,0,0,0,epoch milliseconds (2018-03-06 09:42:50.050000),5.0,
S6_Sitting_1_extracted,Event_0,PhoneGravity,PhoneGravity_Event_0.data,991,4,0,0,0,epoch milliseconds (2018-03-06 09:42:50.051000),5.0,
S6_Sitting_1_extracted,Event_0,PhoneGyroscope,PhoneGyroscope_Event_0.data,991,4,0,0,0,epoch milliseconds (2018-03-06 09:42:50.050000),5.0,
S6_Sitting_1_extracted,Event_0,PhoneLinearAccelerometer,PhoneLinearAccelerometer_Event_0.data,990,4,0,0,0,epoch milliseconds (2018-03-06 09:42:50.050000),5.0,
S6_Sitting_1_extracted,Event_0,PhoneMagnetometer,PhoneMagnetometer_Event_0.data,500,4,0,0,0,epoch milliseconds (2018-03-06 09:42:50.056000),10.0,
S6_Sitting_1_extracted,Event_0,android.sensor.accelerometer,android.sensor.accelerometer_Event_0.data,553,4,0,0,0,epoch milliseconds (2018-03-06 09:42:50.054000),10.0,
S6_Sitting_1_extracted,Event_0,android.sensor.gyroscope,android.sensor.gyroscope_Event_0.data,553,4,0,0,0,epoch milliseconds (2018-03-06 09:42:50.051000),10.0,
S6_Sitting_1_extracted,Event_1,JinsAccelerometer,JinsAccelerometer_Event_1.data,100,4,0,0,0,epoch milliseconds (2018-03-06 09:43:03.131000),52.0,
S6_Sitting_1_extracted,Event_1,JinsBlinkSpeed,JinsBlinkSpeed_Event_1.data,100,2,0,0,0,epoch milliseconds (2018-03-06 09:43:03.131000),52.0,
S6_Sitting_1_extracted,Event_1,JinsBlinkStrength,JinsBlinkStrength_Event_1.data,100,2,0,0,0,epoch milliseconds (2018-03-06 09:43:03.131000),52.0,
S6_Sitting_1_extracted,Event_1,JinsEyeMovement,JinsEyeMovement_Event_1.data,100,5,0,0,0,epoch milliseconds (2018-03-06 09:43:03.131000),52.0,
S6_Sitting_1_extracted,Event_1,JinsGyroscope,JinsGyroscope_Event_1.data,100,4,0,0,0,epoch milliseconds (2018-03-06 09:43:03.131000),52.0,
S6_Sitting_1_extracted,Event_1,PhoneAccelerometer,PhoneAccelerometer_Event_1.data,998,4,0,0,0,epoch milliseconds (2018-03-06 09:43:03.110000),5.0,
S6_Sitting_1_extracted,Event_1,PhoneGravity,PhoneGravity_Event_1.data,996,4,0,0,0,epoch milliseconds (2018-03-06 09:43:03.108000),5.0,
S6_Sitting_1_extracted,Event_1,PhoneGyroscope,PhoneGyroscope_Event_1.data,995,4,0,0,0,epoch milliseconds (2018-03-06 09:43:03.110000),5.0,
S6_Sitting_1_extracted,Event_1,PhoneLinearAccelerometer,PhoneLinearAccelerometer_Event_1.data,995,4,0,0,0,epoch milliseconds (2018-03-06 09:43:03.109000),5.0,
S6_Sitting_1_extracted,Event_1,PhoneMagnetometer,PhoneMagnetometer_Event_1.data,493,4,0,0,0,epoch milliseconds (2018-03-06 09:43:03.109000),10.0,
S6_Sitting_1_extracted,Event_1,android.sensor.accelerometer,android.sensor.accelerometer_Event_1.data,501,4,0,0,0,epoch milliseconds (2018-03-06 09:43:03.115000),10.0,
S6_Sitting_1_extracted,Event_1,android.sensor.gyroscope,android.sensor.gyroscope_Event_1.data,501,4,0,0,0,epoch milliseconds (2018-03-06 09:43:03.116000),10.0,
S6_Sitting_1_extracted,Event_2,JinsAccelerometer,JinsAccelerometer_Event_2.data,101,4,0,0,0,epoch milliseconds (2018-03-06 09:43:16.440000),52.0,
S6_Sitting_1_extracted,Event_2,JinsBlinkSpeed,JinsBlinkSpeed_Event_2.data,101,2,0,0,0,epoch milliseconds (2018-03-06 09:43:16.440000),52.0,
S6_Sitting_1_extracted,Event_2,JinsBlinkStrength,JinsBlinkStrength_Event_2.data,101,2,0,0,0,epoch milliseconds (2018-03-06 09:43:16.440000),52.0,
S6_Sitting_1_extracted,Event_2,JinsEyeMovement,JinsEyeMovement_Event_2.data,101,5,0,0,0,epoch milliseconds (2018-03-06 09:43:16.440000),52.0,
S6_Sitting_1_extracted,Event_2,JinsGyroscope,JinsGyroscope_Event_2.data,101,4,0,0,0,epoch milliseconds (2018-03-06 09:43:16.440000),52.0,
S6_Sitting_1_extracted,Event_2,PhoneAccelerometer,PhoneAccelerometer_Event_2.data,973,4,0,0,0,epoch milliseconds (2018-03-06 09:43:16.432000),5.0,
S6_Sitting_1_extracted,Event_2,PhoneGravity,PhoneGravity_Event_2.data,1000,4,0,0,0,epoch milliseconds (2018-03-06 09:43:16.454000),5.0,
S6_Sitting_1_extracted,Event_2,PhoneGyroscope,PhoneGyroscope_Event_2.data,1000,4,0,0,0,epoch milliseconds (2018-03-06 09:43:16.453000),5.0,
S6_Sitting_1_extracted,Event_2,PhoneLinearAccelerometer,PhoneLinearAccelerometer_Event_2.data,1000,4,0,0,0,epoch milliseconds (2018-03-06 09:43:16.452000),5.0,
S6_Sitting_1_extracted,Event_2,PhoneMagnetometer,PhoneMagnetometer_Event_2.data,501,4,0,0,0,epoch milliseconds (2018-03-06 09:43:16.433000),10.0,
S6_Sitting_1_extracted,Event_2,android.sensor.accelerometer,android.sensor.accelerometer_Event_2.data,503,4,0,0,0,epoch milliseconds (2018-03-06 09:43:16.437000),10.0,
S6_Sitting_1_extracted,Event_2,android.sensor.gyroscope,android.sensor.gyroscope_Event_2.data,504,4,0,0,0,epoch milliseconds (2018-03-06 09:43:16.436000),10.0,
S6_Sitting_1_extracted,Event_3,JinsAccelerometer,JinsAccelerometer_Event_3.data,97,4,0,0,0,epoch milliseconds (2018-03-06 09:43:29.986000),52.0,
S6_Sitting_1_extracted,Event_3,JinsBlinkSpeed,JinsBlinkSpeed_Event_3.data,97,2,0,0,0,epoch milliseconds (2018-03-06 09:43:29.986000),52.0,
S6_Sitting_1_extracted,Event_3,JinsBlinkStrength,JinsBlinkStrength_Event_3.data,97,2,0,0,0,epoch milliseconds (2018-03-06 09:43:29.986000),52.0,
S6_Sitting_1_extracted,Event_3,JinsEyeMovement,JinsEyeMovement_Event_3.data,97,5,0,0,0,epoch milliseconds (2018-03-06 09:43:29.986000),52.0,
S6_Sitting_1_extracted,Event_3,JinsGyroscope,JinsGyroscope_Event_3.data,97,4,0,0,0,epoch milliseconds (2018-03-06 09:43:29.986000),52.0,
S6_Sitting_1_extracted,Event_3,PhoneAccelerometer,PhoneAccelerometer_Event_3.data,1004,4,0,0,0,epoch milliseconds (2018-03-06 09:43:29.937000),5.0,
S6_Sitting_1_extracted,Event_3,PhoneGravity,PhoneGravity_Event_3.data,1002,4,0,0,0,epoch milliseconds (2018-03-06 09:43:29.939000),5.0,
S6_Sitting_1_extracted,Event_3,PhoneGyroscope,PhoneGyroscope_Event_3.data,1004,4,0,0,0,epoch milliseconds (2018-03-06 09:43:29.935000),5.0,
S6_Sitting_1_extracted,Event_3,PhoneLinearAccelerometer,PhoneLinearAccelerometer_Event_3.data,1002,4,0,0,0,epoch milliseconds (2018-03-06 09:43:29.939000),5.0,
S6_Sitting_1_extracted,Event_3,PhoneMagnetometer,PhoneMagnetometer_Event_3.data,503,4,0,0,0,epoch milliseconds (2018-03-06 09:43:29.938000),10.0,
S6_Sitting_1_extracted,Event_3,android.sensor.accelerometer,android.sensor.accelerometer_Event_3.data,490,4,0,0,0,epoch milliseconds (2018-03-06 09:43:29.940000),10.0,
S6_Sitting_1_extracted,Event_3,android.sensor.gyroscope,android.sensor.gyroscope_Event_3.data,490,4,0,0,0,epoch milliseconds (2018-03-06 09:43:29.938000),10.0,
S6_Sitting_1_extracted,Event_4,JinsAccelerometer,JinsAccelerometer_Event_4.data,99,4,0,0,0,epoch milliseconds (2018-03-06 09:43:42.978000),52.0,
S6_Sitting_1_extracted,Event_4,JinsBlinkSpeed,JinsBlinkSpeed_Event_4.data,99,2,0,0,0,epoch milliseconds (2018-03-06 09:43:42.978000),52.0,
S6_Sitting_1_extracted,Event_4,JinsBlinkStrength,JinsBlinkStrength_Event_4.data,99,2,0,0,0,epoch milliseconds (2018-03-06 09:43:42.978000),52.0,
S6_Sitting_1_extracted,Event_4,JinsEyeMovement,JinsEyeMovement_Event_4.data,99,5,0,0,0,epoch milliseconds (2018-03-06 09:43:42.978000),52.0,
S6_Sitting_1_extracted,Event_4,JinsGyroscope,JinsGyroscope_Event_4.data,99,4,0,0,0,epoch milliseconds (2018-03-06 09:43:42.978000),52.0,
S6_Sitting_1_extracted,Event_4,PhoneAccelerometer,PhoneAccelerometer_Event_4.data,979,4,0,0,0,epoch milliseconds (2018-03-06 09:43:42.978000),5.0,
S6_Sitting_1_extracted,Event_4,PhoneGravity,PhoneGravity_Event_4.data,983,4,0,0,0,epoch milliseconds (2018-03-06 09:43:42.977000),5.0,
S6_Sitting_1_extracted,Event_4,PhoneGyroscope,PhoneGyroscope_Event_4.data,983,4,0,0,0,epoch milliseconds (2018-03-06 09:43:42.977000),5.0,
S6_Sitting_1_extracted,Event_4,PhoneLinearAccelerometer,PhoneLinearAccelerometer_Event_4.data,984,4,0,0,0,epoch milliseconds (2018-03-06 09:43:42.976000),5.0,
S6_Sitting_1_extracted,Event_4,PhoneMagnetometer,PhoneMagnetometer_Event_4.data,514,4,0,0,0,epoch milliseconds (2018-03-06 09:43:42.980000),10.0,
S6_Sitting_1_extracted,Event_4,android.sensor.accelerometer,android.sensor.accelerometer_Event_4.data,502,4,0,0,0,epoch milliseconds (2018-03-06 09:43:42.980000),10.0,
S6_Sitting_1_extracted,Event_4,android.sensor.gyroscope,android.sensor.gyroscope_Event_4.data,501,4,0,0,0,epoch milliseconds (2018-03-06 09:43:42.982000),10.0,
S6_Sitting_1_extracted,Event_5,JinsAccelerometer,JinsAccelerometer_Event_5.data,100,4,0,0,0,epoch milliseconds (2018-03-06 09:43:57.112000),52.0,
S6_Sitting_1_extracted,Event_5,JinsBlinkSpeed,JinsBlinkSpeed_Event_5.data,100,2,0,0,0,epoch milliseconds (2018-03-06 09:43:57.112000),52.0,
S6_Sitting_1_extracted,Event_5,JinsBlinkStrength,JinsBlinkStrength_Event_5.data,100,2,0,0,0,epoch milliseconds (2018-03-06 09:43:57.112000),52.0,
S6_Sitting_1_extracted,Event_5,JinsEyeMovement,JinsEyeMovement_Event_5.data,100,5,0,0,0,epoch milliseconds (2018-03-06 09:43:57.112000),52.0,
S6_Sitting_1_extracted,Event_5,JinsGyroscope,JinsGyroscope_Event_5.data,100,4,0,0,0,epoch milliseconds (2018-03-06 09:43:57.112000),52.0,
S6_Sitting_1_extracted,Event_5,PhoneAccelerometer,PhoneAccelerometer_Event_5.data,982,4,0,0,0,epoch milliseconds (2018-03-06 09:43:57.072000),5.0,
S6_Sitting_1_extracted,Event_5,PhoneGravity,PhoneGravity_Event_5.data,1007,4,0,0,0,epoch milliseconds (2018-03-06 09:43:57.073000),5.0,
S6_Sitting_1_extracted,Event_5,PhoneGyroscope,PhoneGyroscope_Event_5.data,988,4,0,0,0,epoch milliseconds (2018-03-06 09:43:57.073000),5.0,
S6_Sitting_1_extracted,Event_5,PhoneLinearAccelerometer,PhoneLinearAccelerometer_Event_5.data,1007,4,0,0,0,epoch milliseconds (2018-03-06 09:43:57.075000),5.0,
S6_Sitting_1_extracted,Event_5,PhoneMagnetometer,PhoneMagnetometer_Event_5.data,504,4,0,0,0,epoch milliseconds (2018-03-06 09:43:57.072000),10.0,
S6_Sitting_1_extracted,Event_5,android.sensor.accelerometer,android.sensor.accelerometer_Event_5.data,507,4,0,0,0,epoch milliseconds (2018-03-06 09:43:57.079000),10.0,
S6_Sitting_1_extracted,Event_5,android.sensor.gyroscope,android.sensor.gyroscope_Event_5.data,506,4,0,0,0,epoch milliseconds (2018-03-06 09:43:57.079000),10.0,
S6_Sitting_1_extracted,Event_6,JinsAccelerometer,JinsAccelerometer_Event_6.data,99,4,0,0,0,epoch milliseconds (2018-03-06 09:44:11.909000),52.0,
S6_Sitting_1_extracted,Event_6,JinsBlinkSpeed,JinsBlinkSpeed_Event_6.data,99,2,0,0,0,epoch milliseconds (2018-03-06 09:44:11.909000),52.0,
S6_Sitting_1_extracted,Event_6,JinsBlinkStrength,JinsBlinkStrength_Event_6.data,99,2,0,0,0,epoch milliseconds (2018-03-06 09:44:11.909000),52.0,
S6_Sitting_1_extracted,Event_6,JinsEyeMovement,JinsEyeMovement_Event_6.data,99,5,0,0,0,epoch milliseconds (2018-03-06 09:44:11.909000),52.0,
S6_Sitting_1_extracted,Event_6,JinsGyroscope,JinsGyroscope_Event_6.data,99,4,0,0,0,epoch milliseconds (2018-03-06 09:44:11.909000),52.0,
S6_Sitting_1_extracted,Event_6,PhoneAccelerometer,PhoneAccelerometer_Event_6.data,984,4,0,0,0,epoch milliseconds (2018-03-06 09:44:11.836000),5.0,
S6_Sitting_1_extracted,Event_6,PhoneGravity,PhoneGravity_Event_6.data,995,4,0,0,0,epoch milliseconds (2018-03-06 09:44:11.834000),5.0,
S6_Sitting_1_extracted,Event_6,PhoneGyroscope,PhoneGyroscope_Event_6.data,981,4,0,0,0,epoch milliseconds (2018-03-06 09:44:11.832000),5.0,
S6_Sitting_1_extracted,Event_6,PhoneLinearAccelerometer,PhoneLinearAccelerometer_Event_6.data,996,4,0,0,0,epoch milliseconds (2018-03-06 09:44:11.833000),5.0,
S6_Sitting_1_extracted,Event_6,PhoneMagnetometer,PhoneMagnetometer_Event_6.data,495,4,0,0,0,epoch milliseconds (2018-03-06 09:44:11.833000),10.0,
S6_Sitting_1_extracted,Event_6,android.sensor.accelerometer,android.sensor.accelerometer_Event_6.data,510,4,0,0,0,epoch milliseconds (2018-03-06 09:44:11.838000),10.0,
S6_Sitting_1_extracted,Event_6,android.sensor.gyroscope,android.sensor.gyroscope_Event_6.data,511,4,0,0,0,epoch milliseconds (2018-03-06 09:44:11.839000),10.0,
S6_Sitting_1_extracted,Event_7,JinsAccelerometer,JinsAccelerometer_Event_7.data,102,4,0,0,0,epoch milliseconds (2018-03-06 09:44:25.886000),52.5,
S6_Sitting_1_extracted,Event_7,JinsBlinkSpeed,JinsBlinkSpeed_Event_7.data,102,2,0,0,0,epoch milliseconds (2018-03-06 09:44:25.886000),52.5,
S6_Sitting_1_extracted,Event_7,JinsBlinkStrength,JinsBlinkStrength_Event_7.data,102,2,0,0,0,epoch milliseconds (2018-03-06 09:44:25.886000),52.5,
S6_Sitting_1_extracted,Event_7,JinsEyeMovement,JinsEyeMovement_Event_7.data,102,5,0,0,0,epoch milliseconds (2018-03-06 09:44:25.886000),52.5,
S6_Sitting_1_extracted,Event_7,JinsGyroscope,JinsGyroscope_Event_7.data,102,4,0,0,0,epoch milliseconds (2018-03-06 09:44:25.886000),52.5,
S6_Sitting_1_extracted,Event_7,PhoneAccelerometer,PhoneAccelerometer_Event_7.data,1013,4,0,0,0,epoch milliseconds (2018-03-06 09:44:25.873000),5.0,
S6_Sitting_1_extracted,Event_7,PhoneGravity,PhoneGravity_Event_7.data,1006,4,0,0,0,epoch milliseconds (2018-03-06 09:44:25.874000),5.0,
S6_Sitting_1_extracted,Event_7,PhoneGyroscope,PhoneGyroscope_Event_7.data,1007,4,0,0,0,epoch milliseconds (2018-03-06 09:44:25.874000),5.0,
S6_Sitting_1_extracted,Event_7,PhoneLinearAccelerometer,PhoneLinearAccelerometer_Event_7.data,1007,4,0,0,0,epoch milliseconds (2018-03-06 09:44:25.873000),5.0,
S6_Sitting_1_extracted,Event_7,PhoneMagnetometer,PhoneMagnetometer_Event_7.data,499,4,0,0,0,epoch milliseconds (2018-03-06 09:44:25.873000),10.0,
S6_Sitting_1_extracted,Event_7,android.sensor.accelerometer,android.sensor.accelerometer_Event_7.data,503,4,0,0,0,epoch milliseconds (2018-03-06 09:44:25.982000),10.0,
S6_Sitting_1_extracted,Event_7,android.sensor.gyroscope,android.sensor.gyroscope_Event_7.data,502,4,0,0,0,epoch milliseconds (2018-03-06 09:44:25.988000),10.0,
S6_Sitting_1_extracted,Event_8,JinsAccelerometer,JinsAccelerometer_Event_8.data,100,4,0,0,0,epoch milliseconds (2018-03-06 09:44:37.568000),52.0,
S6_Sitting_1_extracted,Event_8,JinsBlinkSpeed,JinsBlinkSpeed_Event_8.data,100,2,0,0,0,epoch milliseconds (2018-03-06 09:44:37.568000),52.0,
S6_Sitting_1_extracted,Event_8,JinsBlinkStrength,JinsBlinkStrength_Event_8.data,100,2,0,0,0,epoch milliseconds (2018-03-06 09:44:37.568000),52.0,
S6_Sitting_1_extracted,Event_8,JinsEyeMovement,JinsEyeMovement_Event_8.data,100,5,0,0,0,epoch milliseconds (2018-03-06 09:44:37.568000),52.0,
S6_Sitting_1_extracted,Event_8,JinsGyroscope,JinsGyroscope_Event_8.data,100,4,0,0,0,epoch milliseconds (2018-03-06 09:44:37.568000),52.0,
S6_Sitting_1_extracted,Event_8,PhoneAccelerometer,PhoneAccelerometer_Event_8.data,998,4,0,0,0,epoch milliseconds (2018-03-06 09:44:37.551000),5.0,
S6_Sitting_1_extracted,Event_8,PhoneGravity,PhoneGravity_Event_8.data,967,4,0,0,0,epoch milliseconds (2018-03-06 09:44:37.552000),5.0,
S6_Sitting_1_extracted,Event_8,PhoneGyroscope,PhoneGyroscope_Event_8.data,994,4,0,0,0,epoch milliseconds (2018-03-06 09:44:37.551000),5.0,
S6_Sitting_1_extracted,Event_8,PhoneLinearAccelerometer,PhoneLinearAccelerometer_Event_8.data,967,4,0,0,0,epoch milliseconds (2018-03-06 09:44:37.553000),5.0,
S6_Sitting_1_extracted,Event_8,PhoneMagnetometer,PhoneMagnetometer_Event_8.data,498,4,0,0,0,epoch milliseconds (2018-03-06 09:44:37.554000),10.0,
S6_Sitting_1_extracted,Event_8,android.sensor.accelerometer,android.sensor.accelerometer_Event_8.data,483,4,0,0,0,epoch milliseconds (2018-03-06 09:44:37.552000),10.0,
S6_Sitting_1_extracted,Event_8,android.sensor.gyroscope,android.sensor.gyroscope_Event_8.data,482,4,0,0,0,epoch milliseconds (2018-03-06 09:44:37.553000),10.0,
S6_Sitting_1_extracted,Event_9,JinsAccelerometer,JinsAccelerometer_Event_9.data,100,4,0,0,0,epoch milliseconds (2018-03-06 09:44:52.311000),52.0,
S6_Sitting_1_extracted,Event_9,JinsBlinkSpeed,JinsBlinkSpeed_Event_9.data,100,2,0,0,0,epoch milliseconds (2018-03-06 09:44:52.311000),52.0,
S6_Sitting_1_extracted,Event_9,JinsBlinkStrength,JinsBlinkStrength_Event_9.data,100,2,0,0,0,epoch milliseconds (2018-03-06 09:44:52.311000),52.0,
S6_Sitting_1_extracted,Event_9,JinsEyeMovement,JinsEyeMovement_Event_9.data,100,5,0,0,0,epoch milliseconds (2018-03-06 09:44:52.311000),52.0,
S6_Sitting_1_extracted,Event_9,JinsGyroscope,JinsGyroscope_Event_9.data,100,4,0,0,0,epoch milliseconds (2018-03-06 09:44:52.311000),52.0,
S6_Sitting_1_extracted,Event_9,PhoneAccelerometer,PhoneAccelerometer_Event_9.data,991,4,0,0,0,epoch milliseconds (2018-03-06 09:44:52.290000),5.0,
S6_Sitting_1_extracted,Event_9,PhoneGravity,PhoneGravity_Event_9.data,992,4,0,0,0,epoch milliseconds (2018-03-06 09:44:52.287000),5.0,
S6_Sitting_1_extracted,Event_9,PhoneGyroscope,PhoneGyroscope_Event_9.data,991,4,0,0,0,epoch milliseconds (2018-03-06 09:44:52.290000),5.0,
S6_Sitting_1_extracted,Event_9,PhoneLinearAccelerometer,PhoneLinearAccelerometer_Event_9.data,991,4,0,0,0,epoch milliseconds (2018-03-06 09:44:52.290000),5.0,
S6_Sitting_1_extracted,Event_9,PhoneMagnetometer,PhoneMagnetometer_Event_9.data,498,4,0,0,0,epoch milliseconds (2018-03-06 09:44:52.295000),10.0,
S6_Sitting_1_extracted,Event_9,android.sensor.accelerometer,android.sensor.accelerometer_Event_9.data,514,4,0,0,0,epoch milliseconds (2018-03-06 09:44:52.294000),10.0,
S6_Sitting_1_extracted,Event_9,android.sensor.gyroscope,android.sensor.gyroscope_Event_9.data,515,4,0,0,0,epoch milliseconds (2018-03-06 09:44:52.294000),10.0,
S6_Sitting_2_extracted,Event_0,JinsAccelerometer,JinsAccelerometer_Event_0.data,101,4,0,0,0,epoch milliseconds (2018-03-06 09:51:06.834000),52.0,
S6_Sitting_2_extracted,Event_0,JinsBlinkSpeed,JinsBlinkSpeed_Event_0.data,101,2,0,0,0,epoch milliseconds (2018-03-06 09:51:06.834000),52.0,
S6_Sitting_2_extracted,Event_0,JinsBlinkStrength,JinsBlinkStrength_Event_0.data,101,2,0,0,0,epoch milliseconds (2018-03-06 09:51:06.834000),52.0,
S6_Sitting_2_extracted,Event_0,JinsEyeMovement,JinsEyeMovement_Event_0.data,101,5,0,0,0,epoch milliseconds (2018-03-06 09:51:06.834000),52.0,
S6_Sitting_2_extracted,Event_0,JinsGyroscope,JinsGyroscope_Event_0.data,101,4,0,0,0,epoch milliseconds (2018-03-06 09:51:06.834000),52.0,
S6_Sitting_2_extracted,Event_0,PhoneAccelerometer,PhoneAccelerometer_Event_0.data,991,4,0,0,0,epoch milliseconds (2018-03-06 09:51:06.828000),5.0,
S6_Sitting_2_extracted,Event_0,PhoneGravity,PhoneGravity_Event_0.data,990,4,0,0,0,epoch milliseconds (2018-03-06 09:51:06.830000),5.0,
S6_Sitting_2_extracted,Event_0,PhoneGyroscope,PhoneGyroscope_Event_0.data,990,4,0,0,0,epoch milliseconds (2018-03-06 09:51:06.829000),5.0,
S6_Sitting_2_extracted,Event_0,PhoneLinearAccelerometer,PhoneLinearAccelerometer_Event_0.data,991,4,0,0,0,epoch milliseconds (2018-03-06 09:51:06.831000),5.0,
S6_Sitting_2_extracted,Event_0,PhoneMagnetometer,PhoneMagnetometer_Event_0.data,500,4,0,0,0,epoch milliseconds (2018-03-06 09:51:06.837000),10.0,
S6_Sitting_2_extracted,Event_0,android.sensor.accelerometer,android.sensor.accelerometer_Event_0.data,498,4,0,0,0,epoch milliseconds (2018-03-06 09:51:06.834000),10.0,
S6_Sitting_2_extracted,Event_0,android.sensor.gyroscope,android.sensor.gyroscope_Event_0.data,497,4,0,0,0,epoch milliseconds (2018-03-06 09:51:06.835000),10.0,
S6_Sitting_2_extracted,Event_1,JinsAccelerometer,JinsAccelerometer_Event_1.data,100,4,0,0,0,epoch milliseconds (2018-03-06 09:51:19.671000),53.0,
S6_Sitting_2_extracted,Event_1,JinsBlinkSpeed,JinsBlinkSpeed_Event_1.data,100,2,0,0,0,epoch milliseconds (2018-03-06 09:51:19.671000),53.0,
S6_Sitting_2_extracted,Event_1,JinsBlinkStrength,JinsBlinkStrength_Event_1.data,100,2,0,0,0,epoch milliseconds (2018-03-06 09:51:19.671000),53.0,
S6_Sitting_2_extracted,Event_1,JinsEyeMovement,JinsEyeMovement_Event_1.data,100,5,0,0,0,epoch milliseconds (2018-03-06 09:51:19.671000),53.0,
S6_Sitting_2_extracted,Event_1,JinsGyroscope,JinsGyroscope_Event_1.data,100,4,0,0,0,epoch milliseconds (2018-03-06 09:51:19.671000),53.0,
S6_Sitting_2_extracted,Event_1,PhoneAccelerometer,PhoneAccelerometer_Event_1.data,991,4,0,0,0,epoch milliseconds (2018-03-06 09:51:19.639000),5.0,
S6_Sitting_2_extracted,Event_1,PhoneGravity,PhoneGravity_Event_1.data,989,4,0,0,0,epoch milliseconds (2018-03-06 09:51:19.637000),5.0,
S6_Sitting_2_extracted,Event_1,PhoneGyroscope,PhoneGyroscope_Event_1.data,990,4,0,0,0,epoch milliseconds (2018-03-06 09:51:19.636000),5.0,
S6_Sitting_2_extracted,Event_1,PhoneLinearAccelerometer,PhoneLinearAccelerometer_Event_1.data,990,4,0,0,0,epoch milliseconds (2018-03-06 09:51:19.637000),5.0,
S6_Sitting_2_extracted,Event_1,PhoneMagnetometer,PhoneMagnetometer_Event_1.data,501,4,0,0,0,epoch milliseconds (2018-03-06 09:51:19.637000),10.0,
S6_Sitting_2_extracted,Event_1,android.sensor.accelerometer,android.sensor.accelerometer_Event_1.data,496,4,0,0,0,epoch milliseconds (2018-03-06 09:51:19.640000),10.0,
S6_Sitting_2_extracted,Event_1,android.sensor.gyroscope,android.sensor.gyroscope_Event_1.data,496,4,0,0,0,epoch milliseconds (2018-03-06 09:51:19.645000),10.0,
S6_Sitting_2_extracted,Event_2,JinsAccelerometer,JinsAccelerometer_Event_2.data,100,4,0,0,0,epoch milliseconds (2018-03-06 09:51:31.880000),52.0,
S6_Sitting_2_extracted,Event_2,JinsBlinkSpeed,JinsBlinkSpeed_Event_2.data,100,2,0,0,0,epoch milliseconds (2018-03-06 09:51:31.880000),52.0,
S6_Sitting_2_extracted,Event_2,JinsBlinkStrength,JinsBlinkStrength_Event_2.data,100,2,0,0,0,epoch milliseconds (2018-03-06 09:51:31.880000),52.0,
S6_Sitting_2_extracted,Event_2,JinsEyeMovement,JinsEyeMovement_Event_2.data,100,5,0,0,0,epoch milliseconds (2018-03-06 09:51:31.880000),52.0,
S6_Sitting_2_extracted,Event_2,JinsGyroscope,JinsGyroscope_Event_2.data,100,4,0,0,0,epoch milliseconds (2018-03-06 09:51:31.880000),52.0,
S6_Sitting_2_extracted,Event_2,PhoneAccelerometer,PhoneAccelerometer_Event_2.data,981,4,0,0,0,epoch milliseconds (2018-03-06 09:51:31.855000),5.0,
S6_Sitting_2_extracted,Event_2,PhoneGravity,PhoneGravity_Event_2.data,984,4,0,0,0,epoch milliseconds (2018-03-06 09:51:31.854000),5.0,
S6_Sitting_2_extracted,Event_2,PhoneGyroscope,PhoneGyroscope_Event_2.data,985,4,0,0,0,epoch milliseconds (2018-03-06 09:51:31.855000),5.0,
S6_Sitting_2_extracted,Event_2,PhoneLinearAccelerometer,PhoneLinearAccelerometer_Event_2.data,985,4,0,0,0,epoch milliseconds (2018-03-06 09:51:31.852000),5.0,
S6_Sitting_2_extracted,Event_2,PhoneMagnetometer,PhoneMagnetometer_Event_2.data,500,4,0,0,0,epoch milliseconds (2018-03-06 09:51:31.861000),10.0,
S6_Sitting_2_extracted,Event_2,android.sensor.accelerometer,android.sensor.accelerometer_Event_2.data,501,4,0,0,0,epoch milliseconds (2018-03-06 09:51:31.861000),10.0,
S6_Sitting_2_extracted,Event_2,android.sensor.gyroscope,android.sensor.gyroscope_Event_2.data,502,4,0,0,0,epoch milliseconds (2018-03-06 09:51:31.859000),10.0,
S6_Sitting_2_extracted,Event_3,JinsAccelerometer,JinsAccelerometer_Event_3.data,101,4,0,0,0,epoch milliseconds (2018-03-06 09:51:44.969000),52.0,
S6_Sitting_2_extracted,Event_3,JinsBlinkSpeed,JinsBlinkSpeed_Event_3.data,101,2,0,0,0,epoch milliseconds (2018-03-06 09:51:44.969000),52.0,
S6_Sitting_2_extracted,Event_3,JinsBlinkStrength,JinsBlinkStrength_Event_3.data,101,2,0,0,0,epoch milliseconds (2018-03-06 09:51:44.969000),52.0,
S6_Sitting_2_extracted,Event_3,JinsEyeMovement,JinsEyeMovement_Event_3.data,101,5,0,0,0,epoch milliseconds (2018-03-06 09:51:44.969000),52.0,
S6_Sitting_2_extracted,Event_3,JinsGyroscope,JinsGyroscope_Event_3.data,101,4,0,0,0,epoch milliseconds (2018-03-06 09:51:44.969000),52.0,
S6_Sitting_2_extracted,Event_3,PhoneAccelerometer,PhoneAccelerometer_Event_3.data,988,4,0,0,0,epoch milliseconds (2018-03-06 09:51:44.964000),5.0,
S6_Sitting_2_extracted,Event_3,PhoneGravity,PhoneGravity_Event_3.data,988,4,0,0,0,epoch milliseconds (2018-03-06 09:51:44.967000),5.0,
S6_Sitting_2_extracted,Event_3,PhoneGyroscope,PhoneGyroscope_Event_3.data,988,4,0,0,0,epoch milliseconds (2018-03-06 09:51:44.964000),5.0,
S6_Sitting_2_extracted,Event_3,PhoneLinearAccelerometer,PhoneLinearAccelerometer_Event_3.data,987,4,0,0,0,epoch milliseconds (2018-03-06 09:51:44.969000),5.0,
S6_Sitting_2_extracted,Event_3,PhoneMagnetometer,PhoneMagnetometer_Event_3.data,501,4,0,0,0,epoch milliseconds (2018-03-06 09:51:44.971000),10.0,
S6_Sitting_2_extracted,Event_3,android.sensor.accelerometer,android.sensor.accelerometer_Event_3.data,496,4,0,0,0,epoch milliseconds (2018-03-06 09:51:44.972000),10.0,
S6_Sitting_2_extracted,Event_3,android.sensor.gyroscope,android.sensor.gyroscope_Event_3.data,496,4,0,0,0,epoch milliseconds (2018-03-06 09:51:44.973000),10.0,
S6_Sitting_2_extracted,Event_4,JinsAccelerometer,JinsAccelerometer_Event_4.data,101,4,0,0,0,epoch milliseconds (2018-03-06 09:51:58.909000),52.0,
S6_Sitting_2_extracted,Event_4,JinsBlinkSpeed,JinsBlinkSpeed_Event_4.data,101,2,0,0,0,epoch milliseconds (2018-03-06 09:51:58.909000),52.0,
S6_Sitting_2_extracted,Event_4,JinsBlinkStrength,JinsBlinkStrength_Event_4.data,101,2,0,0,0,epoch milliseconds (2018-03-06 09:51:58.909000),52.0,
S6_Sitting_2_extracted,Event_4,JinsEyeMovement,JinsEyeMovement_Event_4.data,101,5,0,0,0,epoch milliseconds (2018-03-06 09:51:58.909000),52.0,
S6_Sitting_2_extracted,Event_4,JinsGyroscope,JinsGyroscope_Event_4.data,101,4,0,0,0,epoch milliseconds (2018-03-06 09:51:58.909000),52.0,
S6_Sitting_2_extracted,Event_4,PhoneAccelerometer,PhoneAccelerometer_Event_4.data,991,4,0,0,0,epoch milliseconds (2018-03-06 09:51:58.864000),5.0,
S6_Sitting_2_extracted,Event_4,PhoneGravity,PhoneGravity_Event_4.data,991,4,0,0,0,epoch milliseconds (2018-03-06 09:51:58.861000),5.0,
S6_Sitting_2_extracted,Event_4,PhoneGyroscope,PhoneGyroscope_Event_4.data,991,4,0,0,0,epoch milliseconds (2018-03-06 09:51:58.864000),5.0,
S6_Sitting_2_extracted,Event_4,PhoneLinearAccelerometer,PhoneLinearAccelerometer_Event_4.data,992,4,0,0,0,epoch milliseconds (2018-03-06 09:51:58.862000),5.0,
S6_Sitting_2_extracted,Event_4,PhoneMagnetometer,PhoneMagnetometer_Event_4.data,501,4,0,0,0,epoch milliseconds (2018-03-06 09:51:58.862000),10.0,
S6_Sitting_2_extracted,Event_4,android.sensor.accelerometer,android.sensor.accelerometer_Event_4.data,496,4,0,0,0,epoch milliseconds (2018-03-06 09:51:58.862000),10.0,
S6_Sitting_2_extracted,Event_4,android.sensor.gyroscope,android.sensor.gyroscope_Event_4.data,495,4,0,0,0,epoch milliseconds (2018-03-06 09:51:58.864000),10.0,
S6_Sitting_2_extracted,Event_5,JinsAccelerometer,JinsAccelerometer_Event_5.data,100,4,0,0,0,epoch milliseconds (2018-03-06 09:52:12.433000),52.0,
S6_Sitting_2_extracted,Event_5,JinsBlinkSpeed,JinsBlinkSpeed_Event_5.data,100,2,0,0,0,epoch milliseconds (2018-03-06 09:52:12.433000),52.0,
S6_Sitting_2_extracted,Event_5,JinsBlinkStrength,JinsBlinkStrength_Event_5.data,100,2,0,0,0,epoch milliseconds (2018-03-06 09:52:12.433000),52.0,
S6_Sitting_2_extracted,Event_5,JinsEyeMovement,JinsEyeMovement_Event_5.data,100,5,0,0,0,epoch milliseconds (2018-03-06 09:52:12.433000),52.0,
S6_Sitting_2_extracted,Event_5,JinsGyroscope,JinsGyroscope_Event_5.data,100,4,0,0,0,epoch milliseconds (2018-03-06 09:52:12.433000),52.0,
S6_Sitting_2_extracted,Event_5,PhoneAccelerometer,PhoneAccelerometer_Event_5.data,998,4,0,0,0,epoch milliseconds (2018-03-06 09:52:12.406000),5.0,
S6_Sitting_2_extracted,Event_5,PhoneGravity,PhoneGravity_Event_5.data,992,4,0,0,0,epoch milliseconds (2018-03-06 09:52:12.405000),5.0,
S6_Sitting_2_extracted,Event_5,PhoneGyroscope,PhoneGyroscope_Event_5.data,994,4,0,0,0,epoch milliseconds (2018-03-06 09:52:12.405000),5.0,
S6_Sitting_2_extracted,Event_5,PhoneLinearAccelerometer,PhoneLinearAccelerometer_Event_5.data,992,4,0,0,0,epoch milliseconds (2018-03-06 09:52:12.408000),5.0,
S6_Sitting_2_extracted,Event_5,PhoneMagnetometer,PhoneMagnetometer_Event_5.data,501,4,0,0,0,epoch milliseconds (2018-03-06 09:52:12.407000),10.0,
S6_Sitting_2_extracted,Event_5,android.sensor.accelerometer,android.sensor.accelerometer_Event_5.data,505,4,0,0,0,epoch milliseconds (2018-03-06 09:52:12.404000),10.0,
S6_Sitting_2_extracted,Event_5,android.sensor.gyroscope,android.sensor.gyroscope_Event_5.data,505,4,0,0,0,epoch milliseconds (2018-03-06 09:52:12.413000),10.0,
S6_Sitting_2_extracted,Event_6,JinsAccelerometer,JinsAccelerometer_Event_6.data,100,4,0,0,0,epoch milliseconds (2018-03-06 09:52:24.586000),52.0,
S6_Sitting_2_extracted,Event_6,JinsBlinkSpeed,JinsBlinkSpeed_Event_6.data,100,2,0,0,0,epoch milliseconds (2018-03-06 09:52:24.586000),52.0,
S6_Sitting_2_extracted,Event_6,JinsBlinkStrength,JinsBlinkStrength_Event_6.data,100,2,0,0,0,epoch milliseconds (2018-03-06 09:52:24.586000),52.0,
S6_Sitting_2_extracted,Event_6,JinsEyeMovement,JinsEyeMovement_Event_6.data,100,5,0,0,0,epoch milliseconds (2018-03-06 09:52:24.586000),52.0,
S6_Sitting_2_extracted,Event_6,JinsGyroscope,JinsGyroscope_Event_6.data,100,4,0,0,0,epoch milliseconds (2018-03-06 09:52:24.586000),52.0,
S6_Sitting_2_extracted,Event_6,PhoneAccelerometer,PhoneAccelerometer_Event_6.data,989,4,0,0,0,epoch milliseconds (2018-03-06 09:52:24.568000),5.0,
S6_Sitting_2_extracted,Event_6,PhoneGravity,PhoneGravity_Event_6.data,991,4,0,0,0,epoch milliseconds (2018-03-06 09:52:24.568000),5.0,
S6_Sitting_2_extracted,Event_6,PhoneGyroscope,PhoneGyroscope_Event_6.data,990,4,0,0,0,epoch milliseconds (2018-03-06 09:52:24.567000),5.0,
S6_Sitting_2_extracted,Event_6,PhoneLinearAccelerometer,PhoneLinearAccelerometer_Event_6.data,992,4,0,0,0,epoch milliseconds (2018-03-06 09:52:24.567000),5.0,
S6_Sitting_2_extracted,Event_6,PhoneMagnetometer,PhoneMagnetometer_Event_6.data,501,4,0,0,0,epoch milliseconds (2018-03-06 09:52:24.573000),10.0,
S6_Sitting_2_extracted,Event_6,android.sensor.accelerometer,android.sensor.accelerometer_Event_6.data,497,4,0,0,0,epoch milliseconds (2018-03-06 09:52:24.601000),10.0,
S6_Sitting_2_extracted,Event_6,android.sensor.gyroscope,android.sensor.gyroscope_Event_6.data,498,4,0,0,0,epoch milliseconds (2018-03-06 09:52:24.605000),10.0,
S6_Sitting_2_extracted,Event_7,JinsAccelerometer,JinsAccelerometer_Event_7.data,100,4,0,0,0,epoch milliseconds (2018-03-06 09:52:38.029000),52.0,
S6_Sitting_2_extracted,Event_7,JinsBlinkSpeed,JinsBlinkSpeed_Event_7.data,100,2,0,0,0,epoch milliseconds (2018-03-06 09:52:38.029000),52.0,
S6_Sitting_2_extracted,Event_7,JinsBlinkStrength,JinsBlinkStrength_Event_7.data,100,2,0,0,0,epoch milliseconds (2018-03-06 09:52:38.029000),52.0,
S6_Sitting_2_extracted,Event_7,JinsEyeMovement,JinsEyeMovement_Event_7.data,100,5,0,0,0,epoch milliseconds (2018-03-06 09:52:38.029000),52.0,
S6_Sitting_2_extracted,Event_7,JinsGyroscope,JinsGyroscope_Event_7.data,100,4,0,0,0,epoch milliseconds (2018-03-06 09:52:38.029000),52.0,
S6_Sitting_2_extracted,Event_7,PhoneAccelerometer,PhoneAccelerometer_Event_7.data,990,4,0,0,0,epoch milliseconds (2018-03-06 09:52:38.015000),5.0,
S6_Sitting_2_extracted,Event_7,PhoneGravity,PhoneGravity_Event_7.data,990,4,0,0,0,epoch milliseconds (2018-03-06 09:52:38.012000),5.0,
S6_Sitting_2_extracted,Event_7,PhoneGyroscope,PhoneGyroscope_Event_7.data,991,4,0,0,0,epoch milliseconds (2018-03-06 09:52:38.013000),5.0,
S6_Sitting_2_extracted,Event_7,PhoneLinearAccelerometer,PhoneLinearAccelerometer_Event_7.data,991,4,0,0,0,epoch milliseconds (2018-03-06 09:52:38.011000),5.0,
S6_Sitting_2_extracted,Event_7,PhoneMagnetometer,PhoneMagnetometer_Event_7.data,500,4,0,0,0,epoch milliseconds (2018-03-06 09:52:38.020000),10.0,
S6_Sitting_2_extracted,Event_7,android.sensor.accelerometer,android.sensor.accelerometer_Event_7.data,500,4,0,0,0,epoch milliseconds (2018-03-06 09:52:38.013000),10.0,
S6_Sitting_2_extracted,Event_7,android.sensor.gyroscope,android.sensor.gyroscope_Event_7.data,500,4,0,0,0,epoch milliseconds (2018-03-06 09:52:38.012000),10.0,
S6_Sitting_2_extracted,Event_8,JinsAccelerometer,JinsAccelerometer_Event_8.data,100,4,0,0,0,epoch milliseconds (2018-03-06 09:52:51.230000),52.0,
S6_Sitting_2_extracted,Event_8,JinsBlinkSpeed,JinsBlinkSpeed_Event_8.data,100,2,0,0,0,epoch milliseconds (2018-03-06 09:52:51.230000),52.0,
S6_Sitting_2_extracted,Event_8,JinsBlinkStrength,JinsBlinkStrength_Event_8.data,100,2,0,0,0,epoch milliseconds (2018-03-06 09:52:51.230000),52.0,
S6_Sitting_2_extracted,Event_8,JinsEyeMovement,JinsEyeMovement_Event_8.data,100,5,0,0,0,epoch milliseconds (2018-03-06 09:52:51.230000),52.0,
S6_Sitting_2_extracted,Event_8,JinsGyroscope,JinsGyroscope_Event_8.data,100,4,0,0,0,epoch milliseconds (2018-03-06 09:52:51.230000),52.0,
S6_Sitting_2_extracted,Event_8,PhoneAccelerometer,PhoneAccelerometer_Event_8.data,992,4,0,0,0,epoch milliseconds (2018-03-06 09:52:51.187000),5.0,
S6_Sitting_2_extracted,Event_8,PhoneGravity,PhoneGravity_Event_8.data,991,4,0,0,0,epoch milliseconds (2018-03-06 09:52:51.189000),5.0,
S6_Sitting_2_extracted,Event_8,PhoneGyroscope,PhoneGyroscope_Event_8.data,989,4,0,0,0,epoch milliseconds (2018-03-06 09:52:51.190000),5.0,
S6_Sitting_2_extracted,Event_8,PhoneLinearAccelerometer,PhoneLinearAccelerometer_Event_8.data,991,4,0,0,0,epoch milliseconds (2018-03-06 09:52:51.188000),5.0,
S6_Sitting_2_extracted,Event_8,PhoneMagnetometer,PhoneMagnetometer_Event_8.data,501,4,0,0,0,epoch milliseconds (2018-03-06 09:52:51.194000),10.0,
S6_Sitting_2_extracted,Event_8,android.sensor.accelerometer,android.sensor.accelerometer_Event_8.data,500,4,0,0,0,epoch milliseconds (2018-03-06 09:52:51.194000),10.0,
S6_Sitting_2_extracted,Event_8,android.sensor.gyroscope,android.sensor.gyroscope_Event_8.data,499,4,0,0,0,epoch milliseconds (2018-03-06 09:52:51.194000),10.0,
S6_Sitting_2_extracted,Event_9,JinsAccelerometer,JinsAccelerometer_Event_9.data,100,4,0,0,0,epoch milliseconds (2018-03-06 09:53:06.484000),52.0,
S6_Sitting_2_extracted,Event_9,JinsBlinkSpeed,JinsBlinkSpeed_Event_9.data,100,2,0,0,0,epoch milliseconds (2018-03-06 09:53:06.484000),52.0,
S6_Sitting_2_extracted,Event_9,JinsBlinkStrength,JinsBlinkStrength_Event_9.data,100,2,0,0,0,epoch milliseconds (2018-03-06 09:53:06.484000),52.0,
S6_Sitting_2_extracted,Event_9,JinsEyeMovement,JinsEyeMovement_Event_9.data,100,5,0,0,0,epoch milliseconds (2018-03-06 09:53:06.484000),52.0,
S6_Sitting_2_extracted,Event_9,JinsGyroscope,JinsGyroscope_Event_9.data,100,4,0,0,0,epoch milliseconds (2018-03-06 09:53:06.484000),52.0,
S6_Sitting_2_extracted,Event_9,PhoneAccelerometer,PhoneAccelerometer_Event_9.data,990,4,0,0,0,epoch milliseconds (2018-03-06 09:53:06.444000),5.0,
S6_Sitting_2_extracted,Event_9,PhoneGravity,PhoneGravity_Event_9.data,992,4,0,0,0,epoch milliseconds (2018-03-06 09:53:06.444000),5.0,
S6_Sitting_2_extracted,Event_9,PhoneGyroscope,PhoneGyroscope_Event_9.data,993,4,0,0,0,epoch milliseconds (2018-03-06 09:53:06.444000),5.0,
S6_Sitting_2_extracted,Event_9,PhoneLinearAccelerometer,PhoneLinearAccelerometer_Event_9.data,993,4,0,0,0,epoch milliseconds (2018-03-06 09:53:06.443000),5.0,
S6_Sitting_2_extracted,Event_9,PhoneMagnetometer,PhoneMagnetometer_Event_9.data,505,4,0,0,0,epoch milliseconds (2018-03-06 09:53:06.452000),10.0,
S6_Sitting_2_extracted,Event_9,android.sensor.accelerometer,android.sensor.accelerometer_Event_9.data,499,4,0,0,0,epoch milliseconds (2018-03-06 09:53:06.449000),10.0,
S6_Sitting_2_extracted,Event_9,android.sensor.gyroscope,android.sensor.gyroscope_Event_9.data,499,4,0,0,0,epoch milliseconds (2018-03-06 09:53:06.448000),10.0,
S6_Standing_1_extracted,Event_0,JinsAccelerometer,JinsAccelerometer_Event_0.data,100,4,0,0,0,epoch milliseconds (2018-03-06 09:26:24.925000),52.0,
S6_Standing_1_extracted,Event_0,JinsBlinkSpeed,JinsBlinkSpeed_Event_0.data,100,2,0,0,0,epoch milliseconds (2018-03-06 09:26:24.925000),52.0,
S6_Standing_1_extracted,Event_0,JinsBlinkStrength,JinsBlinkStrength_Event_0.data,100,2,0,0,0,epoch milliseconds (2018-03-06 09:26:24.925000),52.0,
S6_Standing_1_extracted,Event_0,JinsEyeMovement,JinsEyeMovement_Event_0.data,100,5,0,0,0,epoch milliseconds (2018-03-06 09:26:24.925000),52.0,
S6_Standing_1_extracted,Event_0,JinsGyroscope,JinsGyroscope_Event_0.data,100,4,0,0,0,epoch milliseconds (2018-03-06 09:26:24.925000),52.0,
S6_Standing_1_extracted,Event_0,PhoneAccelerometer,PhoneAccelerometer_Event_0.data,991,4,0,0,0,epoch milliseconds (2018-03-06 09:26:24.912000),5.0,
S6_Standing_1_extracted,Event_0,PhoneGravity,PhoneGravity_Event_0.data,992,4,0,0,0,epoch milliseconds (2018-03-06 09:26:24.912000),5.0,
S6_Standing_1_extracted,Event_0,PhoneGyroscope,PhoneGyroscope_Event_0.data,989,4,0,0,0,epoch milliseconds (2018-03-06 09:26:24.915000),5.0,
S6_Standing_1_extracted,Event_0,PhoneLinearAccelerometer,PhoneLinearAccelerometer_Event_0.data,991,4,0,0,0,epoch milliseconds (2018-03-06 09:26:24.912000),5.0,
S6_Standing_1_extracted,Event_0,PhoneMagnetometer,PhoneMagnetometer_Event_0.data,501,4,0,0,0,epoch milliseconds (2018-03-06 09:26:24.913000),10.0,
S6_Standing_1_extracted,Event_0,android.sensor.accelerometer,android.sensor.accelerometer_Event_0.data,494,4,0,0,0,epoch milliseconds (2018-03-06 09:26:24.911000),10.0,
S6_Standing_1_extracted,Event_0,android.sensor.gyroscope,android.sensor.gyroscope_Event_0.data,495,4,0,0,0,epoch milliseconds (2018-03-06 09:26:24.910000),10.0,
S6_Standing_1_extracted,Event_1,JinsAccelerometer,JinsAccelerometer_Event_1.data,100,4,0,0,0,epoch milliseconds (2018-03-06 09:26:37.419000),52.0,
S6_Standing_1_extracted,Event_1,JinsBlinkSpeed,JinsBlinkSpeed_Event_1.data,100,2,0,0,0,epoch milliseconds (2018-03-06 09:26:37.419000),52.0,
S6_Standing_1_extracted,Event_1,JinsBlinkStrength,JinsBlinkStrength_Event_1.data,100,2,0,0,0,epoch milliseconds (2018-03-06 09:26:37.419000),52.0,
S6_Standing_1_extracted,Event_1,JinsEyeMovement,JinsEyeMovement_Event_1.data,100,5,0,0,0,epoch milliseconds (2018-03-06 09:26:37.419000),52.0,
S6_Standing_1_extracted,Event_1,JinsGyroscope,JinsGyroscope_Event_1.data,100,4,0,0,0,epoch milliseconds (2018-03-06 09:26:37.419000),52.0,
S6_Standing_1_extracted,Event_1,PhoneAccelerometer,PhoneAccelerometer_Event_1.data,991,4,0,0,0,epoch milliseconds (2018-03-06 09:26:37.413000),5.0,
S6_Standing_1_extracted,Event_1,PhoneGravity,PhoneGravity_Event_1.data,991,4,0,0,0,epoch milliseconds (2018-03-06 09:26:37.406000),5.0,
S6_Standing_1_extracted,Event_1,PhoneGyroscope,PhoneGyroscope_Event_1.data,993,4,0,0,0,epoch milliseconds (2018-03-06 09:26:37.406000),5.0,
S6_Standing_1_extracted,Event_1,PhoneLinearAccelerometer,PhoneLinearAccelerometer_Event_1.data,991,4,0,0,0,epoch milliseconds (2018-03-06 09:26:37.406000),5.0,
S6_Standing_1_extracted,Event_1,PhoneMagnetometer,PhoneMagnetometer_Event_1.data,501,4,0,0,0,epoch milliseconds (2018-03-06 09:26:37.414000),10.0,
S6_Standing_1_extracted,Event_1,android.sensor.accelerometer,android.sensor.accelerometer_Event_1.data,497,4,0,0,0,epoch milliseconds (2018-03-06 09:26:37.412000),10.0,
S6_Standing_1_extracted,Event_1,android.sensor.gyroscope,android.sensor.gyroscope_Event_1.data,498,4,0,0,0,epoch milliseconds (2018-03-06 09:26:37.408000),10.0,
S6_Standing_1_extracted,Event_2,JinsAccelerometer,JinsAccelerometer_Event_2.data,100,4,0,0,0,epoch milliseconds (2018-03-06 09:26:50.122000),53.0,
S6_Standing_1_extracted,Event_2,JinsBlinkSpeed,JinsBlinkSpeed_Event_2.data,100,2,0,0,0,epoch milliseconds (2018-03-06 09:26:50.122000),53.0,
S6_Standing_1_extracted,Event_2,JinsBlinkStrength,JinsBlinkStrength_Event_2.data,100,2,0,0,0,epoch milliseconds (2018-03-06 09:26:50.122000),53.0,
S6_Standing_1_extracted,Event_2,JinsEyeMovement,JinsEyeMovement_Event_2.data,100,5,0,0,0,epoch milliseconds (2018-03-06 09:26:50.122000),53.0,
S6_Standing_1_extracted,Event_2,JinsGyroscope,JinsGyroscope_Event_2.data,100,4,0,0,0,epoch milliseconds (2018-03-06 09:26:50.122000),53.0,
S6_Standing_1_extracted,Event_2,PhoneAccelerometer,PhoneAccelerometer_Event_2.data,992,4,0,0,0,epoch milliseconds (2018-03-06 09:26:50.119000),5.0,
S6_Standing_1_extracted,Event_2,PhoneGravity,PhoneGravity_Event_2.data,992,4,0,0,0,epoch milliseconds (2018-03-06 09:26:50.120000),5.0,
S6_Standing_1_extracted,Event_2,PhoneGyroscope,PhoneGyroscope_Event_2.data,992,4,0,0,0,epoch milliseconds (2018-03-06 09:26:50.119000),5.0,
S6_Standing_1_extracted,Event_2,PhoneLinearAccelerometer,PhoneLinearAccelerometer_Event_2.data,993,4,0,0,0,epoch milliseconds (2018-03-06 09:26:50.118000),5.0,
S6_Standing_1_extracted,Event_2,PhoneMagnetometer,PhoneMagnetometer_Event_2.data,501,4,0,0,0,epoch milliseconds (2018-03-06 09:26:50.125000),10.0,
S6_Standing_1_extracted,Event_2,android.sensor.accelerometer,android.sensor.accelerometer_Event_2.data,501,4,0,0,0,epoch milliseconds (2018-03-06 09:26:50.124000),10.0,
S6_Standing_1_extracted,Event_2,android.sensor.gyroscope,android.sensor.gyroscope_Event_2.data,500,4,0,0,0,epoch milliseconds (2018-03-06 09:26:50.127000),10.0,
S6_Standing_1_extracted,Event_3,JinsAccelerometer,JinsAccelerometer_Event_3.data,100,4,0,0,0,epoch milliseconds (2018-03-06 09:27:02.564000),53.0,
S6_Standing_1_extracted,Event_3,JinsBlinkSpeed,JinsBlinkSpeed_Event_3.data,100,2,0,0,0,epoch milliseconds (2018-03-06 09:27:02.564000),53.0,
S6_Standing_1_extracted,Event_3,JinsBlinkStrength,JinsBlinkStrength_Event_3.data,100,2,0,0,0,epoch milliseconds (2018-03-06 09:27:02.564000),53.0,
S6_Standing_1_extracted,Event_3,JinsEyeMovement,JinsEyeMovement_Event_3.data,100,5,0,0,0,epoch milliseconds (2018-03-06 09:27:02.564000),53.0,
S6_Standing_1_extracted,Event_3,JinsGyroscope,JinsGyroscope_Event_3.data,100,4,0,0,0,epoch milliseconds (2018-03-06 09:27:02.564000),53.0,
S6_Standing_1_extracted,Event_3,PhoneAccelerometer,PhoneAccelerometer_Event_3.data,990,4,0,0,0,epoch milliseconds (2018-03-06 09:27:02.546000),5.0,
S6_Standing_1_extracted,Event_3,PhoneGravity,PhoneGravity_Event_3.data,990,4,0,0,0,epoch milliseconds (2018-03-06 09:27:02.545000),5.0,
S6_Standing_1_extracted,Event_3,PhoneGyroscope,PhoneGyroscope_Event_3.data,991,4,0,0,0,epoch milliseconds (2018-03-06 09:27:02.545000),5.0,
S6_Standing_1_extracted,Event_3,PhoneLinearAccelerometer,PhoneLinearAccelerometer_Event_3.data,990,4,0,0,0,epoch milliseconds (2018-03-06 09:27:02.542000),5.0,
S6_Standing_1_extracted,Event_3,PhoneMagnetometer,PhoneMagnetometer_Event_3.data,505,4,0,0,0,epoch milliseconds (2018-03-06 09:27:02.547000),10.0,
S6_Standing_1_extracted,Event_3,android.sensor.accelerometer,android.sensor.accelerometer_Event_3.data,501,4,0,0,0,epoch milliseconds (2018-03-06 09:27:02.549000),10.0,
S6_Standing_1_extracted,Event_3,android.sensor.gyroscope,android.sensor.gyroscope_Event_3.data,500,4,0,0,0,epoch milliseconds (2018-03-06 09:27:02.551000),10.0,
S6_Standing_1_extracted,Event_4,JinsAccelerometer,JinsAccelerometer_Event_4.data,100,4,0,0,0,epoch milliseconds (2018-03-06 09:27:13.931000),52.0,
S6_Standing_1_extracted,Event_4,JinsBlinkSpeed,JinsBlinkSpeed_Event_4.data,100,2,0,0,0,epoch milliseconds (2018-03-06 09:27:13.931000),52.0,
S6_Standing_1_extracted,Event_4,JinsBlinkStrength,JinsBlinkStrength_Event_4.data,100,2,0,0,0,epoch milliseconds (2018-03-06 09:27:13.931000),52.0,
S6_Standing_1_extracted,Event_4,JinsEyeMovement,JinsEyeMovement_Event_4.data,100,5,0,0,0,epoch milliseconds (2018-03-06 09:27:13.931000),52.0,
S6_Standing_1_extracted,Event_4,JinsGyroscope,JinsGyroscope_Event_4.data,100,4,0,0,0,epoch milliseconds (2018-03-06 09:27:13.931000),52.0,
S6_Standing_1_extracted,Event_4,PhoneAccelerometer,PhoneAccelerometer_Event_4.data,991,4,0,0,0,epoch milliseconds (2018-03-06 09:27:13.895000),5.0,
S6_Standing_1_extracted,Event_4,PhoneGravity,PhoneGravity_Event_4.data,992,4,0,0,0,epoch milliseconds (2018-03-06 09:27:13.894000),5.0,
S6_Standing_1_extracted,Event_4,PhoneGyroscope,PhoneGyroscope_Event_4.data,992,4,0,0,0,epoch milliseconds (2018-03-06 09:27:13.895000),5.0,
S6_Standing_1_extracted,Event_4,PhoneLinearAccelerometer,PhoneLinearAccelerometer_Event_4.data,991,4,0,0,0,epoch milliseconds (2018-03-06 09:27:13.897000),5.0,
S6_Standing_1_extracted,Event_4,PhoneMagnetometer,PhoneMagnetometer_Event_4.data,505,4,0,0,0,epoch milliseconds (2018-03-06 09:27:13.902000),10.0,
S6_Standing_1_extracted,Event_4,android.sensor.accelerometer,android.sensor.accelerometer_Event_4.data,495,4,0,0,0,epoch milliseconds (2018-03-06 09:27:13.901000),10.0,
S6_Standing_1_extracted,Event_4,android.sensor.gyroscope,android.sensor.gyroscope_Event_4.data,495,4,0,0,0,epoch milliseconds (2018-03-06 09:27:13.895000),10.0,
S6_Standing_1_extracted,Event_5,JinsAccelerometer,JinsAccelerometer_Event_5.data,100,4,0,0,0,epoch milliseconds (2018-03-06 09:27:25.638000),52.0,
S6_Standing_1_extracted,Event_5,JinsBlinkSpeed,JinsBlinkSpeed_Event_5.data,100,2,0,0,0,epoch milliseconds (2018-03-06 09:27:25.638000),52.0,
S6_Standing_1_extracted,Event_5,JinsBlinkStrength,JinsBlinkStrength_Event_5.data,100,2,0,0,0,epoch milliseconds (2018-03-06 09:27:25.638000),52.0,
S6_Standing_1_extracted,Event_5,JinsEyeMovement,JinsEyeMovement_Event_5.data,100,5,0,0,0,epoch milliseconds (2018-03-06 09:27:25.638000),52.0,
S6_Standing_1_extracted,Event_5,JinsGyroscope,JinsGyroscope_Event_5.data,100,4,0,0,0,epoch milliseconds (2018-03-06 09:27:25.638000),52.0,
S6_Standing_1_extracted,Event_5,PhoneAccelerometer,PhoneAccelerometer_Event_5.data,992,4,0,0,0,epoch milliseconds (2018-03-06 09:27:25.606000),5.0,
S6_Standing_1_extracted,Event_5,PhoneGravity,PhoneGravity_Event_5.data,991,4,0,0,0,epoch milliseconds (2018-03-06 09:27:25.608000),5.0,
S6_Standing_1_extracted,Event_5,PhoneGyroscope,PhoneGyroscope_Event_5.data,992,4,0,0,0,epoch milliseconds (2018-03-06 09:27:25.606000),5.0,
S6_Standing_1_extracted,Event_5,PhoneLinearAccelerometer,PhoneLinearAccelerometer_Event_5.data,990,4,0,0,0,epoch milliseconds (2018-03-06 09:27:25.611000),5.0,
S6_Standing_1_extracted,Event_5,PhoneMagnetometer,PhoneMagnetometer_Event_5.data,500,4,0,0,0,epoch milliseconds (2018-03-06 09:27:25.615000),10.0,
S6_Standing_1_extracted,Event_5,android.sensor.accelerometer,android.sensor.accelerometer_Event_5.data,497,4,0,0,0,epoch milliseconds (2018-03-06 09:27:25.614000),10.0,
S6_Standing_1_extracted,Event_5,android.sensor.gyroscope,android.sensor.gyroscope_Event_5.data,498,4,0,0,0,epoch milliseconds (2018-03-06 09:27:25.611000),10.0,
S6_Standing_1_extracted,Event_6,JinsAccelerometer,JinsAccelerometer_Event_6.data,101,4,0,0,0,epoch milliseconds (2018-03-06 09:27:37.088000),52.0,
S6_Standing_1_extracted,Event_6,JinsBlinkSpeed,JinsBlinkSpeed_Event_6.data,101,2,0,0,0,epoch milliseconds (2018-03-06 09:27:37.088000),52.0,
S6_Standing_1_extracted,Event_6,JinsBlinkStrength,JinsBlinkStrength_Event_6.data,101,2,0,0,0,epoch milliseconds (2018-03-06 09:27:37.088000),52.0,
S6_Standing_1_extracted,Event_6,JinsEyeMovement,JinsEyeMovement_Event_6.data,101,5,0,0,0,epoch milliseconds (2018-03-06 09:27:37.088000),52.0,
S6_Standing_1_extracted,Event_6,JinsGyroscope,JinsGyroscope_Event_6.data,101,4,0,0,0,epoch milliseconds (2018-03-06 09:27:37.088000),52.0,
S6_Standing_1_extracted,Event_6,PhoneAccelerometer,PhoneAccelerometer_Event_6.data,991,4,0,0,0,epoch milliseconds (2018-03-06 09:27:37.081000),5.0,
S6_Standing_1_extracted,Event_6,PhoneGravity,PhoneGravity_Event_6.data,992,4,0,0,0,epoch milliseconds (2018-03-06 09:27:37.078000),5.0,
S6_Standing_1_extracted,Event_6,PhoneGyroscope,PhoneGyroscope_Event_6.data,990,4,0,0,0,epoch milliseconds (2018-03-06 09:27:37.079000),5.0,
S6_Standing_1_extracted,Event_6,PhoneLinearAccelerometer,PhoneLinearAccelerometer_Event_6.data,991,4,0,0,0,epoch milliseconds (2018-03-06 09:27:37.080000),5.0,
S6_Standing_1_extracted,Event_6,PhoneMagnetometer,PhoneMagnetometer_Event_6.data,501,4,0,0,0,epoch milliseconds (2018-03-06 09:27:37.079000),10.0,
S6_Standing_1_extracted,Event_6,android.sensor.accelerometer,android.sensor.accelerometer_Event_6.data,500,4,0,0,0,epoch milliseconds (2018-03-06 09:27:37.084000),10.0,
S6_Standing_1_extracted,Event_6,android.sensor.gyroscope,android.sensor.gyroscope_Event_6.data,501,4,0,0,0,epoch milliseconds (2018-03-06 09:27:37.079000),10.0,
S6_Standing_1_extracted,Event_7,JinsAccelerometer,JinsAccelerometer_Event_7.data,100,4,0,0,0,epoch milliseconds (2018-03-06 09:27:49.471000),52.0,
S6_Standing_1_extracted,Event_7,JinsBlinkSpeed,JinsBlinkSpeed_Event_7.data,100,2,0,0,0,epoch milliseconds (2018-03-06 09:27:49.471000),52.0,
S6_Standing_1_extracted,Event_7,JinsBlinkStrength,JinsBlinkStrength_Event_7.data,100,2,0,0,0,epoch milliseconds (2018-03-06 09:27:49.471000),52.0,
S6_Standing_1_extracted,Event_7,JinsEyeMovement,JinsEyeMovement_Event_7.data,100,5,0,0,0,epoch milliseconds (2018-03-06 09:27:49.471000),52.0,
S6_Standing_1_extracted,Event_7,JinsGyroscope,JinsGyroscope_Event_7.data,100,4,0,0,0,epoch milliseconds (2018-03-06 09:27:49.471000),52.0,
S6_Standing_1_extracted,Event_7,PhoneAccelerometer,PhoneAccelerometer_Event_7.data,991,4,0,0,0,epoch milliseconds (2018-03-06 09:27:49.447000),5.0,
S6_Standing_1_extracted,Event_7,PhoneGravity,PhoneGravity_Event_7.data,992,4,0,0,0,epoch milliseconds (2018-03-06 09:27:49.448000),5.0,
S6_Standing_1_extracted,Event_7,PhoneGyroscope,PhoneGyroscope_Event_7.data,990,4,0,0,0,epoch milliseconds (2018-03-06 09:27:49.448000),5.0,
S6_Standing_1_extracted,Event_7,PhoneLinearAccelerometer,PhoneLinearAccelerometer_Event_7.data,990,4,0,0,0,epoch milliseconds (2018-03-06 09:27:49.447000),5.0,
S6_Standing_1_extracted,Event_7,PhoneMagnetometer,PhoneMagnetometer_Event_7.data,501,4,0,0,0,epoch milliseconds (2018-03-06 09:27:49.453000),10.0,
S6_Standing_1_extracted,Event_7,android.sensor.accelerometer,android.sensor.accelerometer_Event_7.data,508,4,0,0,0,epoch milliseconds (2018-03-06 09:27:49.450000),10.0,
S6_Standing_1_extracted,Event_7,android.sensor.gyroscope,android.sensor.gyroscope_Event_7.data,508,4,0,0,0,epoch milliseconds (2018-03-06 09:27:49.448000),10.0,
S6_Standing_1_extracted,Event_8,JinsAccelerometer,JinsAccelerometer_Event_8.data,100,4,0,0,0,epoch milliseconds (2018-03-06 09:28:00.839000),52.0,
S6_Standing_1_extracted,Event_8,JinsBlinkSpeed,JinsBlinkSpeed_Event_8.data,100,2,0,0,0,epoch milliseconds (2018-03-06 09:28:00.839000),52.0,
S6_Standing_1_extracted,Event_8,JinsBlinkStrength,JinsBlinkStrength_Event_8.data,100,2,0,0,0,epoch milliseconds (2018-03-06 09:28:00.839000),52.0,
S6_Standing_1_extracted,Event_8,JinsEyeMovement,JinsEyeMovement_Event_8.data,100,5,0,0,0,epoch milliseconds (2018-03-06 09:28:00.839000),52.0,
S6_Standing_1_extracted,Event_8,JinsGyroscope,JinsGyroscope_Event_8.data,100,4,0,0,0,epoch milliseconds (2018-03-06 09:28:00.839000),52.0,
S6_Standing_1_extracted,Event_8,PhoneAccelerometer,PhoneAccelerometer_Event_8.data,989,4,0,0,0,epoch milliseconds (2018-03-06 09:28:00.792000),5.0,
S6_Standing_1_extracted,Event_8,PhoneGravity,PhoneGravity_Event_8.data,988,4,0,0,0,epoch milliseconds (2018-03-06 09:28:00.794000),5.0,
S6_Standing_1_extracted,Event_8,PhoneGyroscope,PhoneGyroscope_Event_8.data,989,4,0,0,0,epoch milliseconds (2018-03-06 09:28:00.794000),5.0,
S6_Standing_1_extracted,Event_8,PhoneLinearAccelerometer,PhoneLinearAccelerometer_Event_8.data,989,4,0,0,0,epoch milliseconds (2018-03-06 09:28:00.790000),5.0,
S6_Standing_1_extracted,Event_8,PhoneMagnetometer,PhoneMagnetometer_Event_8.data,500,4,0,0,0,epoch milliseconds (2018-03-06 09:28:00.797000),10.0,
S6_Standing_1_extracted,Event_8,android.sensor.accelerometer,android.sensor.accelerometer_Event_8.data,497,4,0,0,0,epoch milliseconds (2018-03-06 09:28:00.793000),10.0,
S6_Standing_1_extracted,Event_8,android.sensor.gyroscope,android.sensor.gyroscope_Event_8.data,497,4,0,0,0,epoch milliseconds (2018-03-06 09:28:00.795000),10.0,
S6_Standing_1_extracted,Event_9,JinsAccelerometer,JinsAccelerometer_Event_9.data,99,4,0,0,0,epoch milliseconds (2018-03-06 09:28:14.177000),52.0,
S6_Standing_1_extracted,Event_9,JinsBlinkSpeed,JinsBlinkSpeed_Event_9.data,99,2,0,0,0,epoch milliseconds (2018-03-06 09:28:14.177000),52.0,
S6_Standing_1_extracted,Event_9,JinsBlinkStrength,JinsBlinkStrength_Event_9.data,99,2,0,0,0,epoch milliseconds (2018-03-06 09:28:14.177000),52.0,
S6_Standing_1_extracted,Event_9,JinsEyeMovement,JinsEyeMovement_Event_9.data,99,5,0,0,0,epoch milliseconds (2018-03-06 09:28:14.177000),52.0,
S6_Standing_1_extracted,Event_9,JinsGyroscope,JinsGyroscope_Event_9.data,99,4,0,0,0,epoch milliseconds (2018-03-06 09:28:14.177000),52.0,
S6_Standing_1_extracted,Event_9,PhoneAccelerometer,PhoneAccelerometer_Event_9.data,990,4,0,0,0,epoch milliseconds (2018-03-06 09:28:14.136000),5.0,
S6_Standing_1_extracted,Event_9,PhoneGravity,PhoneGravity_Event_9.data,992,4,0,0,0,epoch milliseconds (2018-03-06 09:28:14.137000),5.0,
S6_Standing_1_extracted,Event_9,PhoneGyroscope,PhoneGyroscope_Event_9.data,991,4,0,0,0,epoch milliseconds (2018-03-06 09:28:14.136000),5.0,
S6_Standing_1_extracted,Event_9,PhoneLinearAccelerometer,PhoneLinearAccelerometer_Event_9.data,991,4,0,0,0,epoch milliseconds (2018-03-06 09:28:14.137000),5.0,
S6_Standing_1_extracted,Event_9,PhoneMagnetometer,PhoneMagnetometer_Event_9.data,501,4,0,0,0,epoch milliseconds (2018-03-06 09:28:14.134000),10.0,
S6_Standing_1_extracted,Event_9,android.sensor.accelerometer,android.sensor.accelerometer_Event_9.data,515,4,0,0,0,epoch milliseconds (2018-03-06 09:28:14.140000),10.0,
S6_Standing_1_extracted,Event_9,android.sensor.gyroscope,android.sensor.gyroscope_Event_9.data,515,4,0,0,0,epoch milliseconds (2018-03-06 09:28:14.155000),10.0,
S6_Standing_2_extracted,Event_0,JinsAccelerometer,JinsAccelerometer_Event_0.data,99,4,0,0,0,epoch milliseconds (2018-03-06 09:32:26.291000),52.5,
S6_Standing_2_extracted,Event_0,JinsBlinkSpeed,JinsBlinkSpeed_Event_0.data,99,2,0,0,0,epoch milliseconds (2018-03-06 09:32:26.291000),52.5,
S6_Standing_2_extracted,Event_0,JinsBlinkStrength,JinsBlinkStrength_Event_0.data,99,2,0,0,0,epoch milliseconds (2018-03-06 09:32:26.291000),52.5,
S6_Standing_2_extracted,Event_0,JinsEyeMovement,JinsEyeMovement_Event_0.data,99,5,0,0,0,epoch milliseconds (2018-03-06 09:32:26.291000),52.5,
S6_Standing_2_extracted,Event_0,JinsGyroscope,JinsGyroscope_Event_0.data,99,4,0,0,0,epoch milliseconds (2018-03-06 09:32:26.291000),52.5,
S6_Standing_2_extracted,Event_0,PhoneAccelerometer,PhoneAccelerometer_Event_0.data,991,4,0,0,0,epoch milliseconds (2018-03-06 09:32:26.245000),5.0,
S6_Standing_2_extracted,Event_0,PhoneGravity,PhoneGravity_Event_0.data,992,4,0,0,0,epoch milliseconds (2018-03-06 09:32:26.245000),5.0,
S6_Standing_2_extracted,Event_0,PhoneGyroscope,PhoneGyroscope_Event_0.data,991,4,0,0,0,epoch milliseconds (2018-03-06 09:32:26.246000),5.0,
S6_Standing_2_extracted,Event_0,PhoneLinearAccelerometer,PhoneLinearAccelerometer_Event_0.data,992,4,0,0,0,epoch milliseconds (2018-03-06 09:32:26.245000),5.0,
S6_Standing_2_extracted,Event_0,PhoneMagnetometer,PhoneMagnetometer_Event_0.data,501,4,0,0,0,epoch milliseconds (2018-03-06 09:32:26.250000),10.0,
S6_Standing_2_extracted,Event_0,android.sensor.accelerometer,android.sensor.accelerometer_Event_0.data,500,4,0,0,0,epoch milliseconds (2018-03-06 09:32:26.246000),10.0,
S6_Standing_2_extracted,Event_0,android.sensor.gyroscope,android.sensor.gyroscope_Event_0.data,499,4,0,0,0,epoch milliseconds (2018-03-06 09:32:26.246000),10.0,
S6_Standing_2_extracted,Event_1,JinsAccelerometer,JinsAccelerometer_Event_1.data,99,4,0,0,0,epoch milliseconds (2018-03-06 09:33:00.545000),52.0,
S6_Standing_2_extracted,Event_1,JinsBlinkSpeed,JinsBlinkSpeed_Event_1.data,99,2,0,0,0,epoch milliseconds (2018-03-06 09:33:00.545000),52.0,
S6_Standing_2_extracted,Event_1,JinsBlinkStrength,JinsBlinkStrength_Event_1.data,99,2,0,0,0,epoch milliseconds (2018-03-06 09:33:00.545000),52.0,
S6_Standing_2_extracted,Event_1,JinsEyeMovement,JinsEyeMovement_Event_1.data,99,5,0,0,0,epoch milliseconds (2018-03-06 09:33:00.545000),52.0,
S6_Standing_2_extracted,Event_1,JinsGyroscope,JinsGyroscope_Event_1.data,99,4,0,0,0,epoch milliseconds (2018-03-06 09:33:00.545000),52.0,
S6_Standing_2_extracted,Event_1,PhoneAccelerometer,PhoneAccelerometer_Event_1.data,991,4,0,0,0,epoch milliseconds (2018-03-06 09:33:00.504000),5.0,
S6_Standing_2_extracted,Event_1,PhoneGravity,PhoneGravity_Event_1.data,991,4,0,0,0,epoch milliseconds (2018-03-06 09:33:00.504000),5.0,
S6_Standing_2_extracted,Event_1,PhoneGyroscope,PhoneGyroscope_Event_1.data,992,4,0,0,0,epoch milliseconds (2018-03-06 09:33:00.504000),5.0,
S6_Standing_2_extracted,Event_1,PhoneLinearAccelerometer,PhoneLinearAccelerometer_Event_1.data,990,4,0,0,0,epoch milliseconds (2018-03-06 09:33:00.503000),5.0,
S6_Standing_2_extracted,Event_1,PhoneMagnetometer,PhoneMagnetometer_Event_1.data,501,4,0,0,0,epoch milliseconds (2018-03-06 09:33:00.505000),10.0,
S6_Standing_2_extracted,Event_1,android.sensor.accelerometer,android.sensor.accelerometer_Event_1.data,499,4,0,0,0,epoch milliseconds (2018-03-06 09:33:00.505000),10.0,
S6_Standing_2_extracted,Event_1,android.sensor.gyroscope,android.sensor.gyroscope_Event_1.data,498,4,0,0,0,epoch milliseconds (2018-03-06 09:33:00.509000),10.0,
S6_Standing_2_extracted,Event_2,JinsAccelerometer,JinsAccelerometer_Event_2.data,100,4,0,0,0,epoch milliseconds (2018-03-06 09:33:12.357000),53.0,
S6_Standing_2_extracted,Event_2,JinsBlinkSpeed,JinsBlinkSpeed_Event_2.data,100,2,0,0,0,epoch milliseconds (2018-03-06 09:33:12.357000),53.0,
S6_Standing_2_extracted,Event_2,JinsBlinkStrength,JinsBlinkStrength_Event_2.data,100,2,0,0,0,epoch milliseconds (2018-03-06 09:33:12.357000),53.0,
S6_Standing_2_extracted,Event_2,JinsEyeMovement,JinsEyeMovement_Event_2.data,100,5,0,0,0,epoch milliseconds (2018-03-06 09:33:12.357000),53.0,
S6_Standing_2_extracted,Event_2,JinsGyroscope,JinsGyroscope_Event_2.data,100,4,0,0,0,epoch milliseconds (2018-03-06 09:33:12.357000),53.0,
S6_Standing_2_extracted,Event_2,PhoneAccelerometer,PhoneAccelerometer_Event_2.data,991,4,0,0,0,epoch milliseconds (2018-03-06 09:33:12.316000),5.0,
S6_Standing_2_extracted,Event_2,PhoneGravity,PhoneGravity_Event_2.data,992,4,0,0,0,epoch milliseconds (2018-03-06 09:33:12.318000),5.0,
S6_Standing_2_extracted,Event_2,PhoneGyroscope,PhoneGyroscope_Event_2.data,993,4,0,0,0,epoch milliseconds (2018-03-06 09:33:12.316000),5.0,
S6_Standing_2_extracted,Event_2,PhoneLinearAccelerometer,PhoneLinearAccelerometer_Event_2.data,993,4,0,0,0,epoch milliseconds (2018-03-06 09:33:12.316000),5.0,
S6_Standing_2_extracted,Event_2,PhoneMagnetometer,PhoneMagnetometer_Event_2.data,501,4,0,0,0,epoch milliseconds (2018-03-06 09:33:12.323000),10.0,
S6_Standing_2_extracted,Event_2,android.sensor.accelerometer,android.sensor.accelerometer_Event_2.data,498,4,0,0,0,epoch milliseconds (2018-03-06 09:33:12.381000),10.0,
S6_Standing_2_extracted,Event_2,android.sensor.gyroscope,android.sensor.gyroscope_Event_2.data,499,4,0,0,0,epoch milliseconds (2018-03-06 09:33:12.380000),10.0,
S6_Standing_2_extracted,Event_3,JinsAccelerometer,JinsAccelerometer_Event_3.data,99,4,0,0,0,epoch milliseconds (2018-03-06 09:33:35.648000),52.0,
S6_Standing_2_extracted,Event_3,JinsBlinkSpeed,JinsBlinkSpeed_Event_3.data,99,2,0,0,0,epoch milliseconds (2018-03-06 09:33:35.648000),52.0,
S6_Standing_2_extracted,Event_3,JinsBlinkStrength,JinsBlinkStrength_Event_3.data,99,2,0,0,0,epoch milliseconds (2018-03-06 09:33:35.648000),52.0,
S6_Standing_2_extracted,Event_3,JinsEyeMovement,JinsEyeMovement_Event_3.data,99,5,0,0,0,epoch milliseconds (2018-03-06 09:33:35.648000),52.0,
S6_Standing_2_extracted,Event_3,JinsGyroscope,JinsGyroscope_Event_3.data,99,4,0,0,0,epoch milliseconds (2018-03-06 09:33:35.648000),52.0,
S6_Standing_2_extracted,Event_3,PhoneAccelerometer,PhoneAccelerometer_Event_3.data,991,4,0,0,0,epoch milliseconds (2018-03-06 09:33:35.604000),5.0,
S6_Standing_2_extracted,Event_3,PhoneGravity,PhoneGravity_Event_3.data,992,4,0,0,0,epoch milliseconds (2018-03-06 09:33:35.604000),5.0,
S6_Standing_2_extracted,Event_3,PhoneGyroscope,PhoneGyroscope_Event_3.data,992,4,0,0,0,epoch milliseconds (2018-03-06 09:33:35.604000),5.0,
S6_Standing_2_extracted,Event_3,PhoneLinearAccelerometer,PhoneLinearAccelerometer_Event_3.data,992,4,0,0,0,epoch milliseconds (2018-03-06 09:33:35.603000),5.0,
S6_Standing_2_extracted,Event_3,PhoneMagnetometer,PhoneMagnetometer_Event_3.data,501,4,0,0,0,epoch milliseconds (2018-03-06 09:33:35.612000),10.0,
S6_Standing_2_extracted,Event_3,android.sensor.accelerometer,android.sensor.accelerometer_Event_3.data,494,4,0,0,0,epoch milliseconds (2018-03-06 09:33:35.605000),10.0,
S6_Standing_2_extracted,Event_3,android.sensor.gyroscope,android.sensor.gyroscope_Event_3.data,494,4,0,0,0,epoch milliseconds (2018-03-06 09:33:35.610000),10.0,
S6_Standing_2_extracted,Event_4,JinsAccelerometer,JinsAccelerometer_Event_4.data,100,4,0,0,0,epoch milliseconds (2018-03-06 09:33:48.247000),53.0,
S6_Standing_2_extracted,Event_4,JinsBlinkSpeed,JinsBlinkSpeed_Event_4.data,100,2,0,0,0,epoch milliseconds (2018-03-06 09:33:48.247000),53.0,
S6_Standing_2_extracted,Event_4,JinsBlinkStrength,JinsBlinkStrength_Event_4.data,100,2,0,0,0,epoch milliseconds (2018-03-06 09:33:48.247000),53.0,
S6_Standing_2_extracted,Event_4,JinsEyeMovement,JinsEyeMovement_Event_4.data,100,5,0,0,0,epoch milliseconds (2018-03-06 09:33:48.247000),53.0,
S6_Standing_2_extracted,Event_4,JinsGyroscope,JinsGyroscope_Event_4.data,100,4,0,0,0,epoch milliseconds (2018-03-06 09:33:48.247000),53.0,
S6_Standing_2_extracted,Event_4,PhoneAccelerometer,PhoneAccelerometer_Event_4.data,982,4,0,0,0,epoch milliseconds (2018-03-06 09:33:48.219000),5.0,
S6_Standing_2_extracted,Event_4,PhoneGravity,PhoneGravity_Event_4.data,995,4,0,0,0,epoch milliseconds (2018-03-06 09:33:48.222000),5.0,
S6_Standing_2_extracted,Event_4,PhoneGyroscope,PhoneGyroscope_Event_4.data,994,4,0,0,0,epoch milliseconds (2018-03-06 09:33:48.221000),5.0,
S6_Standing_2_extracted,Event_4,PhoneLinearAccelerometer,PhoneLinearAccelerometer_Event_4.data,995,4,0,0,0,epoch milliseconds (2018-03-06 09:33:48.221000),5.0,
S6_Standing_2_extracted,Event_4,PhoneMagnetometer,PhoneMagnetometer_Event_4.data,500,4,0,0,0,epoch milliseconds (2018-03-06 09:33:48.223000),10.0,
S6_Standing_2_extracted,Event_4,android.sensor.accelerometer,android.sensor.accelerometer_Event_4.data,500,4,0,0,0,epoch milliseconds (2018-03-06 09:33:48.223000),10.0,
S6_Standing_2_extracted,Event_4,android.sensor.gyroscope,android.sensor.gyroscope_Event_4.data,501,4,0,0,0,epoch milliseconds (2018-03-06 09:33:48.221000),10.0,
S6_Standing_2_extracted,Event_5,JinsAccelerometer,JinsAccelerometer_Event_5.data,101,4,0,0,0,epoch milliseconds (2018-03-06 09:34:00.214000),52.0,
S6_Standing_2_extracted,Event_5,JinsBlinkSpeed,JinsBlinkSpeed_Event_5.data,101,2,0,0,0,epoch milliseconds (2018-03-06 09:34:00.214000),52.0,
S6_Standing_2_extracted,Event_5,JinsBlinkStrength,JinsBlinkStrength_Event_5.data,101,2,0,0,0,epoch milliseconds (2018-03-06 09:34:00.214000),52.0,
S6_Standing_2_extracted,Event_5,JinsEyeMovement,JinsEyeMovement_Event_5.data,101,5,0,0,0,epoch milliseconds (2018-03-06 09:34:00.214000),52.0,
S6_Standing_2_extracted,Event_5,JinsGyroscope,JinsGyroscope_Event_5.data,101,4,0,0,0,epoch milliseconds (2018-03-06 09:34:00.214000),52.0,
S6_Standing_2_extracted,Event_5,PhoneAccelerometer,PhoneAccelerometer_Event_5.data,983,4,0,0,0,epoch milliseconds (2018-03-06 09:34:00.213000),5.0,
S6_Standing_2_extracted,Event_5,PhoneGravity,PhoneGravity_Event_5.data,988,4,0,0,0,epoch milliseconds (2018-03-06 09:34:00.213000),5.0,
S6_Standing_2_extracted,Event_5,PhoneGyroscope,PhoneGyroscope_Event_5.data,988,4,0,0,0,epoch milliseconds (2018-03-06 09:34:00.211000),5.0,
S6_Standing_2_extracted,Event_5,PhoneLinearAccelerometer,PhoneLinearAccelerometer_Event_5.data,987,4,0,0,0,epoch milliseconds (2018-03-06 09:34:00.215000),5.0,
S6_Standing_2_extracted,Event_5,PhoneMagnetometer,PhoneMagnetometer_Event_5.data,504,4,0,0,0,epoch milliseconds (2018-03-06 09:34:00.217000),10.0,
S6_Standing_2_extracted,Event_5,android.sensor.accelerometer,android.sensor.accelerometer_Event_5.data,494,4,0,0,0,epoch milliseconds (2018-03-06 09:34:00.219000),10.0,
S6_Standing_2_extracted,Event_5,android.sensor.gyroscope,android.sensor.gyroscope_Event_5.data,494,4,0,0,0,epoch milliseconds (2018-03-06 09:34:00.218000),10.0,
S6_Standing_2_extracted,Event_6,JinsAccelerometer,JinsAccelerometer_Event_6.data,99,4,0,0,0,epoch milliseconds (2018-03-06 09:34:14.756000),53.0,
S6_Standing_2_extracted,Event_6,JinsBlinkSpeed,JinsBlinkSpeed_Event_6.data,99,2,0,0,0,epoch milliseconds (2018-03-06 09:34:14.756000),53.0,
S6_Standing_2_extracted,Event_6,JinsBlinkStrength,JinsBlinkStrength_Event_6.data,99,2,0,0,0,epoch milliseconds (2018-03-06 09:34:14.756000),53.0,
S6_Standing_2_extracted,Event_6,JinsEyeMovement,JinsEyeMovement_Event_6.data,99,5,0,0,0,epoch milliseconds (2018-03-06 09:34:14.756000),53.0,
S6_Standing_2_extracted,Event_6,JinsGyroscope,JinsGyroscope_Event_6.data,99,4,0,0,0,epoch milliseconds (2018-03-06 09:34:14.756000),53.0,
S6_Standing_2_extracted,Event_6,PhoneAccelerometer,PhoneAccelerometer_Event_6.data,985,4,0,0,0,epoch milliseconds (2018-03-06 09:34:14.719000),5.0,
S6_Standing_2_extracted,Event_6,PhoneGravity,PhoneGravity_Event_6.data,993,4,0,0,0,epoch milliseconds (2018-03-06 09:34:14.715000),5.0,
S6_Standing_2_extracted,Event_6,PhoneGyroscope,PhoneGyroscope_Event_6.data,990,4,0,0,0,epoch milliseconds (2018-03-06 09:34:14.717000),5.0,
S6_Standing_2_extracted,Event_6,PhoneLinearAccelerometer,PhoneLinearAccelerometer_Event_6.data,991,4,0,0,0,epoch milliseconds (2018-03-06 09:34:14.715000),5.0,
S6_Standing_2_extracted,Event_6,PhoneMagnetometer,PhoneMagnetometer_Event_6.data,501,4,0,0,0,epoch milliseconds (2018-03-06 09:34:14.720000),10.0,
S6_Standing_2_extracted,Event_6,android.sensor.accelerometer,android.sensor.accelerometer_Event_6.data,493,4,0,0,0,epoch milliseconds (2018-03-06 09:34:14.756000),10.0,
S6_Standing_2_extracted,Event_6,android.sensor.gyroscope,android.sensor.gyroscope_Event_6.data,494,4,0,0,0,epoch milliseconds (2018-03-06 09:34:14.757000),10.0,
S6_Standing_2_extracted,Event_7,JinsAccelerometer,JinsAccelerometer_Event_7.data,100,4,0,0,0,epoch milliseconds (2018-03-06 09:34:26.861000),52.0,
S6_Standing_2_extracted,Event_7,JinsBlinkSpeed,JinsBlinkSpeed_Event_7.data,100,2,0,0,0,epoch milliseconds (2018-03-06 09:34:26.861000),52.0,
S6_Standing_2_extracted,Event_7,JinsBlinkStrength,JinsBlinkStrength_Event_7.data,100,2,0,0,0,epoch milliseconds (2018-03-06 09:34:26.861000),52.0,
S6_Standing_2_extracted,Event_7,JinsEyeMovement,JinsEyeMovement_Event_7.data,100,5,0,0,0,epoch milliseconds (2018-03-06 09:34:26.861000),52.0,
S6_Standing_2_extracted,Event_7,JinsGyroscope,JinsGyroscope_Event_7.data,100,4,0,0,0,epoch milliseconds (2018-03-06 09:34:26.861000),52.0,
S6_Standing_2_extracted,Event_7,PhoneAccelerometer,PhoneAccelerometer_Event_7.data,990,4,0,0,0,epoch milliseconds (2018-03-06 09:34:26.845000),5.0,
S6_Standing_2_extracted,Event_7,PhoneGravity,PhoneGravity_Event_7.data,991,4,0,0,0,epoch milliseconds (2018-03-06 09:34:26.843000),5.0,
S6_Standing_2_extracted,Event_7,PhoneGyroscope,PhoneGyroscope_Event_7.data,991,4,0,0,0,epoch milliseconds (2018-03-06 09:34:26.846000),5.0,
S6_Standing_2_extracted,Event_7,PhoneLinearAccelerometer,PhoneLinearAccelerometer_Event_7.data,992,4,0,0,0,epoch milliseconds (2018-03-06 09:34:26.844000),5.0,
S6_Standing_2_extracted,Event_7,PhoneMagnetometer,PhoneMagnetometer_Event_7.data,501,4,0,0,0,epoch milliseconds (2018-03-06 09:34:26.847000),10.0,
S6_Standing_2_extracted,Event_7,android.sensor.accelerometer,android.sensor.accelerometer_Event_7.data,499,4,0,0,0,epoch milliseconds (2018-03-06 09:34:26.843000),10.0,
S6_Standing_2_extracted,Event_7,android.sensor.gyroscope,android.sensor.gyroscope_Event_7.data,499,4,0,0,0,epoch milliseconds (2018-03-06 09:34:26.844000),10.0,
S6_Standing_2_extracted,Event_8,JinsAccelerometer,JinsAccelerometer_Event_8.data,100,4,0,0,0,epoch milliseconds (2018-03-06 09:34:40.301000),52.0,
S6_Standing_2_extracted,Event_8,JinsBlinkSpeed,JinsBlinkSpeed_Event_8.data,100,2,0,0,0,epoch milliseconds (2018-03-06 09:34:40.301000),52.0,
S6_Standing_2_extracted,Event_8,JinsBlinkStrength,JinsBlinkStrength_Event_8.data,100,2,0,0,0,epoch milliseconds (2018-03-06 09:34:40.301000),52.0,
S6_Standing_2_extracted,Event_8,JinsEyeMovement,JinsEyeMovement_Event_8.data,100,5,0,0,0,epoch milliseconds (2018-03-06 09:34:40.301000),52.0,
S6_Standing_2_extracted,Event_8,JinsGyroscope,JinsGyroscope_Event_8.data,100,4,0,0,0,epoch milliseconds (2018-03-06 09:34:40.301000),52.0,
S6_Standing_2_extracted,Event_8,PhoneAccelerometer,PhoneAccelerometer_Event_8.data,992,4,0,0,0,epoch milliseconds (2018-03-06 09:34:40.292000),5.0,
S6_Standing_2_extracted,Event_8,PhoneGravity,PhoneGravity_Event_8.data,992,4,0,0,0,epoch milliseconds (2018-03-06 09:34:40.292000),5.0,
S6_Standing_2_extracted,Event_8,PhoneGyroscope,PhoneGyroscope_Event_8.data,991,4,0,0,0,epoch milliseconds (2018-03-06 09:34:40.293000),5.0,
S6_Standing_2_extracted,Event_8,PhoneLinearAccelerometer,PhoneLinearAccelerometer_Event_8.data,991,4,0,0,0,epoch milliseconds (2018-03-06 09:34:40.295000),5.0,
S6_Standing_2_extracted,Event_8,PhoneMagnetometer,PhoneMagnetometer_Event_8.data,500,4,0,0,0,epoch milliseconds (2018-03-06 09:34:40.300000),10.0,
S6_Standing_2_extracted,Event_8,android.sensor.accelerometer,android.sensor.accelerometer_Event_8.data,501,4,0,0,0,epoch milliseconds (2018-03-06 09:34:40.294000),10.0,
S6_Standing_2_extracted,Event_8,android.sensor.gyroscope,android.sensor.gyroscope_Event_8.data,502,4,0,0,0,epoch milliseconds (2018-03-06 09:34:40.294000),10.0,
S6_Standing_2_extracted,Event_9,JinsAccelerometer,JinsAccelerometer_Event_9.data,99,4,0,0,0,epoch milliseconds (2018-03-06 09:34:53.898000),52.5,
S6_Standing_2_extracted,Event_9,JinsBlinkSpeed,JinsBlinkSpeed_Event_9.data,99,2,0,0,0,epoch milliseconds (2018-03-06 09:34:53.898000),52.5,
S6_Standing_2_extracted,Event_9,JinsBlinkStrength,JinsBlinkStrength_Event_9.data,99,2,0,0,0,epoch milliseconds (2018-03-06 09:34:53.898000),52.5,
S6_Standing_2_extracted,Event_9,JinsEyeMovement,JinsEyeMovement_Event_9.data,99,5,0,0,0,epoch milliseconds (2018-03-06 09:34:53.898000),52.5,
S6_Standing_2_extracted,Event_9,JinsGyroscope,JinsGyroscope_Event_9.data,99,4,0,0,0,epoch milliseconds (2018-03-06 09:34:53.898000),52.5,
S6_Standing_2_extracted,Event_9,PhoneAccelerometer,PhoneAccelerometer_Event_9.data,990,4,0,0,0,epoch milliseconds (2018-03-06 09:34:53.864000),5.0,
S6_Standing_2_extracted,Event_9,PhoneGravity,PhoneGravity_Event_9.data,992,4,0,0,0,epoch milliseconds (2018-03-06 09:34:53.862000),5.0,
S6_Standing_2_extracted,Event_9,PhoneGyroscope,PhoneGyroscope_Event_9.data,994,4,0,0,0,epoch milliseconds (2018-03-06 09:34:53.859000),5.0,
S6_Standing_2_extracted,Event_9,PhoneLinearAccelerometer,PhoneLinearAccelerometer_Event_9.data,993,4,0,0,0,epoch milliseconds (2018-03-06 09:34:53.859000),5.0,
S6_Standing_2_extracted,Event_9,PhoneMagnetometer,PhoneMagnetometer_Event_9.data,500,4,0,0,0,epoch milliseconds (2018-03-06 09:34:53.868000),10.0,
S6_Standing_2_extracted,Event_9,android.sensor.accelerometer,android.sensor.accelerometer_Event_9.data,504,4,0,0,0,epoch milliseconds (2018-03-06 09:34:53.867000),10.0,
S6_Standing_2_extracted,Event_9,android.sensor.gyroscope,android.sensor.gyroscope_Event_9.data,503,4,0,0,0,epoch milliseconds (2018-03-06 09:34:53.867000),10.0,
