subject,optimizer,epoch,train_loss,validation_loss,train_accuracy,validation_accuracy,updates_this_epoch,cumulative_updates,elapsed_seconds
S1,Full-batch GD,1,0.530827970020251,1.6758317812667005,0.75,0.5,1,1,0.20113479997962713
S1,Full-batch GD,2,0.2637109750847565,1.271992222461731,0.90625,0.5,1,2,0.43289429997093976
S1,Full-batch GD,3,0.20145061128265615,1.2421255992387712,1.0,0.625,1,3,0.4448307999991812
S1,Full-batch GD,4,0.15932930881391472,1.216876269311882,1.0,0.75,1,4,0.47169039997970685
S1,Full-batch GD,5,0.1347116182182721,1.2025406638368263,1.0,0.75,1,5,0.4870103999855928
S1,Full-batch GD,6,0.11621418726028179,1.1855039549310677,1.0,0.75,1,6,0.5132325000013225
S1,Full-batch GD,7,0.10313050114487406,1.1761634618921903,1.0,0.75,1,7,0.5496631999849342
S1,Full-batch GD,8,0.0919744874514857,1.1652792622858341,1.0,0.75,1,8,0.5669350999523886
S1,Full-batch GD,9,0.08292882681452995,1.1581367988762452,1.0,0.75,1,9,0.6178897999925539
S1,Full-batch GD,10,0.07530616056943754,1.1524734600148707,1.0,0.75,1,10,0.6629591999808326
S1,Full-batch GD,11,0.06901267502196821,1.1482047839581973,1.0,0.75,1,11,0.7174743000068702
S1,Full-batch GD,12,0.06355781529068594,1.1436822508328415,1.0,0.75,1,12,0.7475406999583356
S1,Full-batch GD,13,0.05829655742988772,1.138679288860518,1.0,0.75,1,13,0.8327716999920085
S1,Full-batch GD,14,0.05388348587286963,1.135230857426604,1.0,0.75,1,14,0.8844320999924093
S1,Full-batch GD,15,0.0502140900810256,1.132395183986709,1.0,0.75,1,15,0.9282335999887437
S1,Full-batch GD,16,0.046725981431674155,1.1305848348605396,1.0,0.75,1,16,0.9807718999800272
S1,Full-batch GD,17,0.04377821804554592,1.1261366745420651,1.0,0.75,1,17,0.9998135999776423
S1,Full-batch GD,18,0.041148409148830875,1.1202702907720516,1.0,0.75,1,18,1.0258466000086628
S1,Full-batch GD,19,0.03881074539527994,1.1149612698524742,1.0,0.75,1,19,1.0442508999840356
S1,Full-batch GD,20,0.036727749593966484,1.1094373458213265,1.0,0.75,1,20,1.0601338999695145
S1,Full-batch GD,21,0.034866205206356166,1.104966517128895,1.0,0.75,1,21,1.137861699971836
S1,Full-batch GD,22,0.03318855167451202,1.1008140234008368,1.0,0.75,1,22,1.270689399971161
S1,Full-batch GD,23,0.03159690354785455,1.0952837875735553,1.0,0.75,1,23,1.3306520999758504
S1,Full-batch GD,24,0.03015666776913925,1.0903877583682116,1.0,0.75,1,24,1.3488660999573767
S1,Full-batch GD,25,0.02881743463969014,1.0856718723474752,1.0,0.75,1,25,1.36387169995578
S1,Full-batch GD,26,0.027632882418133834,1.0807919208967438,1.0,0.75,1,26,1.4001904999604449
S1,Full-batch GD,27,0.02652024548467256,1.0761533808882957,1.0,0.75,1,27,1.4194044999894686
S1,Full-batch GD,28,0.0254950990050868,1.0719705815311702,1.0,0.75,1,28,1.4478570999926887
S1,Full-batch GD,29,0.02454668152117502,1.0680488173244442,1.0,0.75,1,29,1.4595758999930695
S1,Full-batch GD,30,0.023636923392956605,1.064276884650117,1.0,0.75,1,30,1.4798356999526732
S1,Full-batch GD,31,0.02277416208589667,1.0605821506694117,1.0,0.75,1,31,1.6152186999679543
S1,Full-batch GD,32,0.02197933286557798,1.0575257351196847,1.0,0.75,1,32,1.6306233999785036
S1,Full-batch GD,33,0.02121747535349889,1.0542681864037227,1.0,0.75,1,33,1.6723138999659568
S1,Full-batch GD,34,0.020528880383519417,1.0511504912376493,1.0,0.75,1,34,1.72714689996792
S1,Full-batch GD,35,0.01986176977575449,1.048429854283962,1.0,0.75,1,35,1.7485768999904394
S1,Full-batch GD,36,0.019241386606534384,1.0457259034076727,1.0,0.75,1,36,1.7615270999958739
S1,Full-batch GD,37,0.018660662366841434,1.043256656802555,1.0,0.75,1,37,1.773436399991624
S1,Full-batch GD,38,0.018108336675610823,1.0408658412087908,1.0,0.75,1,38,1.7996378999669105
S1,Full-batch GD,39,0.017587023936846066,1.0383490841389726,1.0,0.75,1,39,1.8277963000000454
S1,Full-batch GD,40,0.01708994341091866,1.036365532029676,1.0,0.75,1,40,1.8563914999831468
S1,Full-batch GD,41,0.01662642070688102,1.0343729973961824,1.0,0.75,1,41,1.8846218999824487
S1,Full-batch GD,42,0.016184846295834984,1.0322878183834265,1.0,0.75,1,42,2.0304524999810383
S1,Full-batch GD,43,0.015753692107362372,1.0304626861891397,1.0,0.75,1,43,2.0514552999520674
S1,Full-batch GD,44,0.015350976901117681,1.0288759119598814,1.0,0.75,1,44,2.0941090999986045
S1,Full-batch GD,45,0.014965249045785394,1.0271856099301981,1.0,0.75,1,45,2.1422247999580577
S1,Full-batch GD,46,0.014602068899204766,1.0254272842346739,1.0,0.75,1,46,2.166471600008663
S1,Full-batch GD,47,0.01424705295371967,1.0238849504393264,1.0,0.75,1,47,2.2020491999574006
S1,Full-batch GD,48,0.013906678937102814,1.0224805558469248,1.0,0.75,1,48,2.234173999982886
S1,Full-batch GD,49,0.013590859161025499,1.02098665987157,1.0,0.75,1,49,2.2636960999807343
S1,Full-batch GD,50,0.01328077630329003,1.0198274084171666,1.0,0.75,1,50,2.270618899958208
S1,Full-batch GD,51,0.012985042210293885,1.0186869056193637,1.0,0.75,1,51,2.329060199961532
S1,Full-batch GD,52,0.012706258733009308,1.0174449824783913,1.0,0.75,1,52,2.380712699959986
S1,Full-batch GD,53,0.01243558602621464,1.0161962586217368,1.0,0.75,1,53,2.432236099964939
S1,Full-batch GD,54,0.012175071864060843,1.0151427109309112,1.0,0.75,1,54,2.496056999952998
S1,Full-batch GD,55,0.011921832246030462,1.014212692544615,1.0,0.75,1,55,2.5360165999736637
S1,Full-batch GD,56,0.01168440522897228,1.0131097488510477,1.0,0.75,1,56,2.557349099952262
S1,Full-batch GD,57,0.011453935828551542,1.012416241147484,1.0,0.75,1,57,2.5867238999926485
S1,Full-batch GD,58,0.011228657672990593,1.012028390690299,1.0,0.75,1,58,2.6180271999910474
S1,Full-batch GD,59,0.011018971635390788,1.0109612158034038,1.0,0.75,1,59,2.6599997999728657
S1,Full-batch GD,60,0.01080722716239171,1.010266143380367,1.0,0.75,1,60,2.6851935999584384
S1,Full-batch GD,61,0.010608455693183612,1.0094836049432216,1.0,0.75,1,61,2.70820160000585
S1,Full-batch GD,62,0.010415331965822805,1.0092452931167881,1.0,0.75,1,62,2.721434999955818
S1,Full-batch GD,63,0.010228479491310548,1.0084468593778122,1.0,0.75,1,63,2.7632121999631636
S1,Full-batch GD,64,0.010048869853144236,1.0077435688057326,1.0,0.75,1,64,2.8282814999693073
S1,Full-batch GD,65,0.009873113724927707,1.0071628948287732,1.0,0.75,1,65,2.861178299994208
S1,Full-batch GD,66,0.009703977946737191,1.006933152891013,1.0,0.75,1,66,2.8908224999904633
S1,Full-batch GD,67,0.009540442796540951,1.006314601005056,1.0,0.75,1,67,2.9098485999857076
S1,Full-batch GD,68,0.009381607061621262,1.0057374798905867,1.0,0.75,1,68,2.939822699991055
S1,Full-batch GD,69,0.009224981811983177,1.0052327314629865,1.0,0.75,1,69,2.96154349995777
S1,Full-batch GD,70,0.009079127845989483,1.0049274008993816,1.0,0.75,1,70,2.976496299961582
S1,Full-batch GD,71,0.008934516937808955,1.004602353868638,1.0,0.75,1,71,2.9873564000008628
S1,Full-batch GD,72,0.00879379238995835,1.0043392107971085,1.0,0.75,1,72,3.0006369999609888
S1,Full-batch GD,73,0.008659767267196196,1.0040531242722142,1.0,0.75,1,73,3.0212388999643736
S1,Full-batch GD,74,0.008525845531993174,1.0035978014405422,1.0,0.75,1,74,3.0330538999987766
S1,Full-batch GD,75,0.008399447439528534,1.003703552328772,1.0,0.75,1,75,3.0769142999779433
S1,Full-batch GD,76,0.008274196684887714,1.0034768716801004,1.0,0.75,1,76,3.0912506000022404
S1,Full-batch GD,77,0.008154279884691154,1.0031570857701708,1.0,0.75,1,77,3.1497839000076056
S1,Full-batch GD,78,0.008034763064726749,1.0028582032909519,1.0,0.75,1,78,3.2397271000081673
S1,Full-batch GD,79,0.007919897670484384,1.002904964419438,1.0,0.75,1,79,3.293294099974446
S1,Full-batch GD,80,0.007809230476289207,1.0026895729118734,1.0,0.75,1,80,3.3158162999898195
S1,Full-batch GD,81,0.007699200663159078,1.0023185219488584,1.0,0.75,1,81,3.3320011000032537
S1,Full-batch GD,82,0.007594145286214254,1.0021588653791287,1.0,0.75,1,82,3.3597390999784693
S1,Full-batch GD,83,0.007490290271072446,1.0020266228296613,1.0,0.75,1,83,3.391196199983824
S1,Full-batch GD,84,0.0073915287555326135,1.0020956577843663,1.0,0.75,1,84,3.417642399959732
S1,Full-batch GD,85,0.007292827398255644,1.0020679508630725,1.0,0.75,1,85,3.4417600999586284
S1,Full-batch GD,86,0.007195777174260551,1.0019676216101983,1.0,0.75,1,86,3.467315499961842
S1,Full-batch GD,87,0.007105408730999472,1.0017205005794132,1.0,0.75,1,87,3.4818718999740668
S1,Full-batch GD,88,0.007012643367440681,1.0016017996432844,1.0,0.75,1,88,3.4918543999665417
S1,Full-batch GD,89,0.006923998107717355,1.001857109117455,1.0,0.75,1,89,3.5010455999872647
S1,Full-batch GD,90,0.006838507129719358,1.001714706854623,1.0,0.75,1,90,3.552847799961455
S1,Full-batch GD,91,0.006752971839310262,1.0015929481247043,1.0,0.75,1,91,3.6353186999913305
S1,Full-batch GD,92,0.006669656033290984,1.0014997020701621,1.0,0.75,1,92,3.7122608000063337
S1,Full-batch GD,93,0.006588035079479889,1.0015856215171244,1.0,0.75,1,93,3.732687099953182
S1,Full-batch GD,94,0.006508799147036932,1.0013528047999347,1.0,0.75,1,94,3.7524071999941953
S1,Full-batch GD,95,0.006429441456295589,1.001284865762173,1.0,0.75,1,95,3.776979099959135
S1,Full-batch GD,96,0.006353946000735406,1.0012239402366554,1.0,0.75,1,96,3.8119451999664307
S1,Full-batch GD,97,0.006279192877522382,1.0014164849860823,1.0,0.75,1,97,3.891967699979432
S1,Full-batch GD,98,0.006207058902420012,1.0013109200214172,1.0,0.75,1,98,3.9021433999878354
S1,Full-batch GD,99,0.006135443040514003,1.0012541364135679,1.0,0.75,1,99,3.931925599987153
S1,Full-batch GD,100,0.006065588325240752,1.001201632913669,1.0,0.75,1,100,3.995874099957291
S1,Mini-batch GD,1,0.19333154089521082,1.1541844978081413,0.9375,0.75,4,4,0.07478059997083619
S1,Mini-batch GD,2,0.0718802906033439,1.1245430405924468,1.0,0.75,4,8,0.1225294999894686
S1,Mini-batch GD,3,0.045141727596817026,1.1796977862210611,1.0,0.75,4,12,0.17979349999222904
S1,Mini-batch GD,4,0.027200252930910038,1.2121960777457261,1.0,0.75,4,16,0.36747459997422993
S1,Mini-batch GD,5,0.02094132545401078,1.237067795025563,1.0,0.75,4,20,0.48338930000318214
S1,Mini-batch GD,6,0.01740793897863588,1.2526601616567767,1.0,0.75,4,24,0.5408915999578312
S1,Mini-batch GD,7,0.01492811415940095,1.25268966474197,1.0,0.75,4,28,0.5951753999688663
S1,Mini-batch GD,8,0.012905301238447131,1.2651834962620954,1.0,0.75,4,32,0.6557876999722794
S1,Mini-batch GD,9,0.011376712620125101,1.2760966697183271,1.0,0.75,4,36,0.8058213999611326
S1,Mini-batch GD,10,0.01017707131627683,1.2857876404662543,1.0,0.75,4,40,0.8354499999550171
S1,Mini-batch GD,11,0.00921488226949683,1.2946286938781038,1.0,0.75,4,44,0.9326069999951869
S1,Mini-batch GD,12,0.008418577969093457,1.302013237021155,1.0,0.75,4,48,0.9749481999897398
S1,Mini-batch GD,13,0.007748925735574819,1.3089294242377343,1.0,0.75,4,52,1.1520498999743722
S1,Mini-batch GD,14,0.007178040509592878,1.314815348808073,1.0,0.75,4,56,1.2356765999575146
S1,Mini-batch GD,15,0.006690917411831444,1.3206326554352268,1.0,0.75,4,60,1.287589899962768
S1,Mini-batch GD,16,0.00626627920323391,1.3255439864084264,1.0,0.75,4,64,1.3881946000037715
S1,Mini-batch GD,17,0.005896201693803537,1.3302074323243573,1.0,0.75,4,68,1.6468401000020094
S1,Mini-batch GD,18,0.0055668614859804766,1.3346499853633376,1.0,0.75,4,72,1.8671272999490611
S1,Mini-batch GD,19,0.005273797610072425,1.3392102561985915,1.0,0.75,4,76,1.9292283999966457
S1,Mini-batch GD,20,0.005007350663963857,1.342922924384632,1.0,0.75,4,80,2.044186199957039
S1,Mini-batch GD,21,0.004767998250084419,1.346889456457141,1.0,0.75,4,84,2.1444346999633126
S1,Mini-batch GD,22,0.004548051280191012,1.3509609203539221,1.0,0.75,4,88,2.2123146999510936
S1,Mini-batch GD,23,0.004341609477178477,1.3549014859963617,1.0,0.75,4,92,2.2671887999749742
S1,Mini-batch GD,24,0.00415551125110492,1.358148074279749,1.0,0.75,4,96,2.54144289996475
S1,Mini-batch GD,25,0.003983858441805653,1.3618785349782825,1.0,0.75,4,100,2.635075300000608
S1,Mini-batch GD,26,0.0038273322420339555,1.3636509308382372,1.0,0.75,4,104,2.688876000000164
S1,Mini-batch GD,27,0.0036802392980359,1.3668724639194776,1.0,0.75,4,108,2.7762432000017725
S1,Mini-batch GD,28,0.0035441848293037165,1.3700548105443227,1.0,0.75,4,112,2.8761508999741636
S1,Mini-batch GD,29,0.0034202386647396443,1.3729648415884113,1.0,0.75,4,116,2.971456400002353
S1,Mini-batch GD,30,0.003302641205438767,1.3753417795982332,1.0,0.75,4,120,3.018275399983395
S1,Mini-batch GD,31,0.003190967701930478,1.3781377718462566,1.0,0.75,4,124,3.070327299996279
S1,Mini-batch GD,32,0.0030876096945863934,1.380993616903725,1.0,0.75,4,128,3.1273813999723643
S1,Mini-batch GD,33,0.0029929641646325757,1.3823764115094235,1.0,0.75,4,132,3.183140499982983
S1,Mini-batch GD,34,0.002900803280082016,1.385023112964237,1.0,0.75,4,136,3.2928578999708407
S1,Mini-batch GD,35,0.002814444427675418,1.387690270539521,1.0,0.75,4,140,3.42882119998103
S1,Mini-batch GD,36,0.0027344005441870697,1.3902173047351598,1.0,0.75,4,144,3.4681349999736995
S1,Mini-batch GD,37,0.0026584449061990032,1.3920568505446405,1.0,0.75,4,148,3.5347921999637038
S1,Mini-batch GD,38,0.0025853329249368147,1.394622720108039,1.0,0.75,4,152,3.601966699992772
S1,Mini-batch GD,39,0.0025163190935103817,1.3969100827187109,1.0,0.75,4,156,3.669341799977701
S1,Mini-batch GD,40,0.0024521977894675687,1.3981320054611557,1.0,0.75,4,160,3.853397099999711
S1,Mini-batch GD,41,0.0023902191213169763,1.4004089586221162,1.0,0.75,4,164,3.90831619995879
S1,Mini-batch GD,42,0.0023306526762736385,1.4027399783645373,1.0,0.75,4,168,3.967310299980454
S1,Mini-batch GD,43,0.0022752557980603655,1.4050198265440834,1.0,0.75,4,172,4.009484999987762
S1,Mini-batch GD,44,0.0022212000547895796,1.40652372168509,1.0,0.75,4,176,4.076869299984537
S1,Mini-batch GD,45,0.002169961822472628,1.4086953971953162,1.0,0.75,4,180,4.1705840999493375
S1,Mini-batch GD,46,0.0021213192932042807,1.4108470811531133,1.0,0.75,4,184,4.266652099962812
S1,Mini-batch GD,47,0.002074662843124727,1.4123243877818392,1.0,0.75,4,188,4.339116599992849
S1,Mini-batch GD,48,0.0020295389044041037,1.4142432722617875,1.0,0.75,4,192,4.38419219997013
S1,Mini-batch GD,49,0.0019859479538599104,1.4162752957861127,1.0,0.75,4,196,4.40918389998842
S1,Mini-batch GD,50,0.0019459796344387273,1.418156809450624,1.0,0.75,4,200,4.471317199990153
S1,Mini-batch GD,51,0.0019060000766727416,1.419316702069606,1.0,0.75,4,204,4.509335199953057
S1,Mini-batch GD,52,0.0018673965750457358,1.4211596835173739,1.0,0.75,4,208,4.667534899956081
S1,Mini-batch GD,53,0.0018308619969644238,1.422996471611149,1.0,0.75,4,212,4.734948600002099
S1,Mini-batch GD,54,0.0017963448088193289,1.4242952990246986,1.0,0.75,4,216,4.860067699977662
S1,Mini-batch GD,55,0.0017617020121786474,1.4260898766513024,1.0,0.75,4,220,5.092856300005224
S1,Mini-batch GD,56,0.0017286859451290232,1.4280544081859667,1.0,0.75,4,224,5.157252699951641
S1,Mini-batch GD,57,0.001697486051734007,1.4293026091460967,1.0,0.75,4,228,5.2013906999491155
S1,Mini-batch GD,58,0.001667112499063351,1.430921393621345,1.0,0.75,4,232,5.271142499987036
S1,Mini-batch GD,59,0.0016372242967039043,1.4326987660014714,1.0,0.75,4,236,5.33467459998792
S1,Mini-batch GD,60,0.0016091268049292823,1.4342973557195329,1.0,0.75,4,240,5.536404199956451
S1,Mini-batch GD,61,0.0015817040006626238,1.4355318725738708,1.0,0.75,4,244,5.572930599970277
S1,Mini-batch GD,62,0.0015548051868862775,1.4371807166621862,1.0,0.75,4,248,5.654333999962546
S1,Mini-batch GD,63,0.0015290263659880946,1.4386953406934169,1.0,0.75,4,252,5.734436200000346
S1,Mini-batch GD,64,0.0015044491659575868,1.4399043111876453,1.0,0.75,4,256,5.837426599988248
S1,Mini-batch GD,65,0.0014800625011867675,1.4413755559196617,1.0,0.75,4,260,5.957225399964955
S1,Mini-batch GD,66,0.0014564664446543823,1.441448049948797,1.0,0.75,4,264,6.0238793999888
S1,Mini-batch GD,67,0.0014342498062854708,1.4429867868073258,1.0,0.75,4,268,6.091012799995951
S1,Mini-batch GD,68,0.001411836639570625,1.444066295783724,1.0,0.75,4,272,6.17452040000353
S1,Mini-batch GD,69,0.0013902417802187732,1.4456333911792036,1.0,0.75,4,276,6.355931699974462
S1,Mini-batch GD,70,0.00136929865092937,1.4469901805834957,1.0,0.75,4,280,6.433437299972866
S1,Mini-batch GD,71,0.0013493789382895236,1.4480340024145908,1.0,0.75,4,284,6.494046699954197
S1,Mini-batch GD,72,0.0013294486585091686,1.449300969043642,1.0,0.75,4,288,6.553116699971724
S1,Mini-batch GD,73,0.001310183973195464,1.4508627998393926,1.0,0.75,4,292,6.713113499979954
S1,Mini-batch GD,74,0.0012918735020775389,1.451814740693059,1.0,0.75,4,296,6.7799564999877475
S1,Mini-batch GD,75,0.001273642521765607,1.4531837905131717,1.0,0.75,4,300,7.156738599995151
S1,Mini-batch GD,76,0.0012558685580671995,1.4544687921438366,1.0,0.75,4,304,7.335588199959602
S1,Mini-batch GD,77,0.0012392892620378985,1.4555455109328572,1.0,0.75,4,308,7.3816903999540955
S1,Mini-batch GD,78,0.0012222223862612901,1.4568713232609303,1.0,0.75,4,312,7.64381089998642
S1,Mini-batch GD,79,0.0012056912822853588,1.4580832863926692,1.0,0.75,4,316,7.697224699950311
S1,Mini-batch GD,80,0.0011899005576067518,1.459477473433461,1.0,0.75,4,320,7.770942799979821
S1,Mini-batch GD,81,0.0011749831260163075,1.4586691977414679,1.0,0.75,4,324,7.834423499996774
S1,Mini-batch GD,82,0.0011596928726019511,1.4598765841755763,1.0,0.75,4,328,7.958479399967473
S1,Mini-batch GD,83,0.0011448407432297744,1.461125167175687,1.0,0.75,4,332,8.018241499958094
S1,Mini-batch GD,84,0.001130679551771031,1.462103969784093,1.0,0.75,4,336,8.08522049995372
S1,Mini-batch GD,85,0.0011166649741479644,1.4632821323568799,1.0,0.75,4,340,8.17122619994916
S1,Mini-batch GD,86,0.0011028907337211013,1.464587128228807,1.0,0.75,4,344,8.31031939998502
S1,Mini-batch GD,87,0.00108967944668182,1.4657318455940158,1.0,0.75,4,348,8.390742999967188
S1,Mini-batch GD,88,0.0010765647755252203,1.4666714192238677,1.0,0.75,4,352,8.453238599991892
S1,Mini-batch GD,89,0.0010637262678750087,1.4678049149814345,1.0,0.75,4,356,8.498823400004767
S1,Mini-batch GD,90,0.001051296565427697,1.4689984452536835,1.0,0.75,4,360,8.56582709995564
S1,Mini-batch GD,91,0.0010392508984496819,1.4698682801726377,1.0,0.75,4,364,8.619698899972718
S1,Mini-batch GD,92,0.0010271944680399119,1.4709757204081566,1.0,0.75,4,368,8.72114389995113
S1,Mini-batch GD,93,0.0010153872110233058,1.4720997990643336,1.0,0.75,4,372,8.833408499951474
S1,Mini-batch GD,94,0.0010042540123043416,1.4732645367745305,1.0,0.75,4,376,8.888990899955388
S1,Mini-batch GD,95,0.0009930854839176157,1.4741579428501879,1.0,0.75,4,380,8.947150399966631
S1,Mini-batch GD,96,0.0009820357633914755,1.4751735635692018,1.0,0.75,4,384,9.00677589996485
S1,Mini-batch GD,97,0.0009714578951655784,1.4762886672832989,1.0,0.75,4,388,9.055847899988294
S1,Mini-batch GD,98,0.000961081309162032,1.476964999078676,1.0,0.75,4,392,9.197490599995945
S1,Mini-batch GD,99,0.0009507579688790536,1.477945370914502,1.0,0.75,4,396,9.301211499958299
S1,Mini-batch GD,100,0.0009406431705836607,1.4789892102207562,1.0,0.75,4,400,9.351759499986656
S1,Stochastic GD,1,0.17411556819115628,0.0018134719001501169,0.96875,1.0,32,32,0.1461113999830559
S1,Stochastic GD,2,0.0003966859130651133,1.1154603256642754,1.0,0.875,32,64,0.22443639999255538
S1,Stochastic GD,3,0.0003564809754666406,1.1236947416282437,1.0,0.875,32,96,0.2903364999801852
S1,Stochastic GD,4,0.00032350011106702635,1.1311260370075658,1.0,0.875,32,128,0.3668605000129901
S1,Stochastic GD,5,0.0002961350159372835,1.1379100354868292,1.0,0.875,32,160,0.44659990002401173
S1,Stochastic GD,6,0.0002730059098764944,1.1441544706350888,1.0,0.875,32,192,0.5352840999839827
S1,Stochastic GD,7,0.0002531514943007422,1.1499294688936017,1.0,0.875,32,224,0.6928370000096038
S1,Stochastic GD,8,0.00023663306081021053,1.155298402527232,1.0,0.875,32,256,0.7609952000202611
S1,Stochastic GD,9,0.00022212426866063695,1.1603385436411462,1.0,0.875,32,288,0.8136047000298277
S1,Stochastic GD,10,0.00020923775465505725,1.1650819712586076,1.0,0.875,32,320,0.8834070999873802
S1,Stochastic GD,11,0.00019773217868659218,1.169563375179291,1.0,0.875,32,352,0.9401893999893218
S1,Stochastic GD,12,0.00018739930086939587,1.1738074653212005,1.0,0.875,32,384,1.0085938000120223
S1,Stochastic GD,13,0.0001780818915913746,1.1781678088239662,1.0,0.875,32,416,1.0594294000184163
S1,Stochastic GD,14,0.00016962651616995707,1.1823965219200157,1.0,0.875,32,448,1.1187608999898657
S1,Stochastic GD,15,0.0001619214490434993,1.1864310154816935,1.0,0.875,32,480,1.1746359000098892
S1,Stochastic GD,16,0.00015486349093627718,1.190287286051328,1.0,0.875,32,512,1.2259933999739587
S1,Stochastic GD,17,0.00014838411344259854,1.193983816850472,1.0,0.875,32,544,1.2743761999881826
S1,Stochastic GD,18,0.00014241709069175702,1.1975335260682838,1.0,0.875,32,576,1.3275610000127926
S1,Stochastic GD,19,0.00013689885634457716,1.2009430485205608,1.0,0.875,32,608,1.4410669999779202
S1,Stochastic GD,20,0.00013178674126360673,1.2042255929247556,1.0,0.875,32,640,1.4968345999950543
S1,Stochastic GD,21,0.00012703415390955393,1.207389602032493,1.0,0.875,32,672,1.5421484999824315
S1,Stochastic GD,22,0.00012260667476650275,1.2104426122194627,1.0,0.875,32,704,1.5957060999935493
S1,Stochastic GD,23,0.00011846817503252658,1.2133923215827125,1.0,0.875,32,736,1.6455913999816403
S1,Stochastic GD,24,0.00011459480469050064,1.216244068648455,1.0,0.875,32,768,1.6990914000198245
S1,Stochastic GD,25,0.00011095845131410338,1.219006463717242,1.0,0.875,32,800,1.7719172000070103
S1,Stochastic GD,26,0.000107543702464514,1.2216843848728005,1.0,0.875,32,832,1.8582189999870025
S1,Stochastic GD,27,0.00010432946821306943,1.224281588822042,1.0,0.875,32,864,1.9119269999791868
S1,Stochastic GD,28,0.00010129669036304017,1.2268029066737474,1.0,0.875,32,896,1.9700623999815434
S1,Stochastic GD,29,9.843318067649887e-05,1.2292528683546964,1.0,0.875,32,928,2.013163900002837
S1,Stochastic GD,30,9.572490628241551e-05,1.2316333093482754,1.0,0.875,32,960,2.061819299997296
S1,Stochastic GD,31,9.315773966400405e-05,1.2339482593917748,1.0,0.875,32,992,2.1159222000278533
S1,Stochastic GD,32,9.07237992954781e-05,1.2362040032795503,1.0,0.875,32,1024,2.216230000020005
S1,Stochastic GD,33,8.841054164914367e-05,1.2384006535599998,1.0,0.875,32,1056,2.2624957999796607
S1,Stochastic GD,34,8.621041180648572e-05,1.240541948196578,1.0,0.875,32,1088,2.3117249999777414
S1,Stochastic GD,35,8.411655665123267e-05,1.2426300203170157,1.0,0.875,32,1120,2.389919999986887
S1,Stochastic GD,36,8.212064371539695e-05,1.2446684439844855,1.0,0.875,32,1152,2.4490143000148237
S1,Stochastic GD,37,8.021529453251088e-05,1.2466587247724277,1.0,0.875,32,1184,2.5168320999946445
S1,Stochastic GD,38,7.839479575726601e-05,1.248602807172804,1.0,0.875,32,1216,2.5971967999939807
S1,Stochastic GD,39,7.665447854103982e-05,1.2505021629154809,1.0,0.875,32,1248,2.6925795000279322
S1,Stochastic GD,40,7.498792422919058e-05,1.2523598160791143,1.0,0.875,32,1280,2.836450100003276
S1,Stochastic GD,41,7.33922397559963e-05,1.2541776690843491,1.0,0.875,32,1312,3.1120675000129268
S1,Stochastic GD,42,7.186123718224092e-05,1.255956639902375,1.0,0.875,32,1344,3.276304400002118
S1,Stochastic GD,43,7.039210280236298e-05,1.2576979310557552,1.0,0.875,32,1376,3.4335814000223763
S1,Stochastic GD,44,6.898135769112534e-05,1.2594037273648198,1.0,0.875,32,1408,3.5069914999767207
S1,Stochastic GD,45,6.762513121937936e-05,1.2610753862797053,1.0,0.875,32,1440,3.575512000010349
S1,Stochastic GD,46,6.632039633206907e-05,1.2627136255982687,1.0,0.875,32,1472,3.660113900026772
S1,Stochastic GD,47,6.506481475169871e-05,1.2643206724867426,1.0,0.875,32,1504,3.763219200016465
S1,Stochastic GD,48,6.385507515644333e-05,1.265897174397414,1.0,0.875,32,1536,3.888994399982039
S1,Stochastic GD,49,6.268896489914293e-05,1.2674441234438536,1.0,0.875,32,1568,3.9561428999877535
S1,Stochastic GD,50,6.156420012494905e-05,1.2689624613079837,1.0,0.875,32,1600,4.027091299998574
S1,Stochastic GD,51,6.047891800696448e-05,1.2704528487702706,1.0,0.875,32,1632,4.114909800002351
S1,Stochastic GD,52,5.943068241156172e-05,1.2719171504325146,1.0,0.875,32,1664,4.191323100007139
S1,Stochastic GD,53,5.841794176589365e-05,1.27335476508228,1.0,0.875,32,1696,4.287849600019399
S1,Stochastic GD,54,5.7438567875567115e-05,1.2747675978892725,1.0,0.875,32,1728,4.3767859999788925
S1,Stochastic GD,55,5.649091255014893e-05,1.27615667860597,1.0,0.875,32,1760,4.440845499979332
S1,Stochastic GD,56,5.557379297055436e-05,1.2775215958460666,1.0,0.875,32,1792,4.54948789998889
S1,Stochastic GD,57,5.468594396337151e-05,1.2788645926555264,1.0,0.875,32,1824,4.62572499999078
S1,Stochastic GD,58,5.382580181421292e-05,1.2801857167169939,1.0,0.875,32,1856,4.735423800011631
S1,Stochastic GD,59,5.299192408344713e-05,1.2814858470165955,1.0,0.875,32,1888,4.785111500008497
S1,Stochastic GD,60,5.21831853441676e-05,1.2827648470944493,1.0,0.875,32,1920,4.854265299974941
S1,Stochastic GD,61,5.1398734005668235e-05,1.284023424727872,1.0,0.875,32,1952,4.974535899993498
S1,Stochastic GD,62,5.063719063619817e-05,1.2852625694448336,1.0,0.875,32,1984,5.028902299993206
S1,Stochastic GD,63,4.9897669047661673e-05,1.2864829739474137,1.0,0.875,32,2016,5.07468499999959
S1,Stochastic GD,64,4.917929501078393e-05,1.287685769521798,1.0,0.875,32,2048,5.121322999999393
S1,Stochastic GD,65,4.848100732554843e-05,1.2888701134680516,1.0,0.875,32,2080,5.199596100021154
S1,Stochastic GD,66,4.7802300257333354e-05,1.2900373945168793,1.0,0.875,32,2112,5.3926585000008345
S1,Stochastic GD,67,4.714213089208736e-05,1.2911880170437624,1.0,0.875,32,2144,5.471694400010165
S1,Stochastic GD,68,4.649981496839806e-05,1.2923214766135074,1.0,0.875,32,2176,5.550162200001068
S1,Stochastic GD,69,4.587461489943108e-05,1.2934396685761544,1.0,0.875,32,2208,5.691273499978706
S1,Stochastic GD,70,4.5265722642017346e-05,1.2945421354314597,1.0,0.875,32,2240,5.749045300006401
S1,Stochastic GD,71,4.467282298146243e-05,1.295629171691394,1.0,0.875,32,2272,5.7975885000196286
S1,Stochastic GD,72,4.4095132350690897e-05,1.2967018153393637,1.0,0.875,32,2304,5.859839099983219
S1,Stochastic GD,73,4.353211054077436e-05,1.297759750986421,1.0,0.875,32,2336,5.936811799998395
S1,Stochastic GD,74,4.298311962199228e-05,1.2988031024010813,1.0,0.875,32,2368,6.054325199977029
S1,Stochastic GD,75,4.24478696450414e-05,1.2998335269582844,1.0,0.875,32,2400,6.138607900007628
S1,Stochastic GD,76,4.1925615286456214e-05,1.300850262175361,1.0,0.875,32,2432,6.185695499996655
S1,Stochastic GD,77,4.1415915207845804e-05,1.301853576650623,1.0,0.875,32,2464,6.2488439999870025
S1,Stochastic GD,78,4.091839936861017e-05,1.3028445026165008,1.0,0.875,32,2496,6.335276200028602
S1,Stochastic GD,79,4.043265968790068e-05,1.3038228475791993,1.0,0.875,32,2528,6.382521899999119
S1,Stochastic GD,80,3.995824657443215e-05,1.3047891025780651,1.0,0.875,32,2560,6.4995964000117965
S1,Stochastic GD,81,3.9494751222948205e-05,1.3057431515058737,1.0,0.875,32,2592,6.607667899981607
S1,Stochastic GD,82,3.904240206200372e-05,1.3066862201297917,1.0,0.875,32,2624,6.67090610001469
S1,Stochastic GD,83,3.8599652018770255e-05,1.307617562267352,1.0,0.875,32,2656,6.728860999981407
S1,Stochastic GD,84,3.816679112270077e-05,1.3085377737900583,1.0,0.875,32,2688,6.782602299994323
S1,Stochastic GD,85,3.774341742894952e-05,1.3094471465966508,1.0,0.875,32,2720,6.849527799990028
S1,Stochastic GD,86,3.7329347297094235e-05,1.31034627338966,1.0,0.875,32,2752,6.940846199984662
S1,Stochastic GD,87,3.692415542849249e-05,1.3112346095935266,1.0,0.875,32,2784,7.042220700008329
S1,Stochastic GD,88,3.652771222757307e-05,1.3121127643325103,1.0,0.875,32,2816,7.100448100012727
S1,Stochastic GD,89,3.6139620087707555e-05,1.3129807511063842,1.0,0.875,32,2848,7.1690788000123575
S1,Stochastic GD,90,3.575969594165758e-05,1.3138390424813462,1.0,0.875,32,2880,7.239133500028402
S1,Stochastic GD,91,3.5387582625435214e-05,1.3146876980025195,1.0,0.875,32,2912,7.336062700022012
S1,Stochastic GD,92,3.502311502702769e-05,1.3155272040262382,1.0,0.875,32,2944,7.391180099977646
S1,Stochastic GD,93,3.4665992064516156e-05,1.3163573858410422,1.0,0.875,32,2976,7.44569289998617
S1,Stochastic GD,94,3.431612765803066e-05,1.317178902988433,1.0,0.875,32,3008,7.500594799988903
S1,Stochastic GD,95,3.397323249577507e-05,1.3179916518259813,1.0,0.875,32,3040,7.561192099994514
S1,Stochastic GD,96,3.3637054928722185e-05,1.3187954750047775,1.0,0.875,32,3072,7.6496259000268765
S1,Stochastic GD,97,3.3307459102727296e-05,1.31959057848611,1.0,0.875,32,3104,7.7182849000091664
S1,Stochastic GD,98,3.298433339894683e-05,1.320377352788531,1.0,0.875,32,3136,7.768668900011107
S1,Stochastic GD,99,3.266731446043824e-05,1.3211562682585916,1.0,0.875,32,3168,7.8199034000281245
S1,Stochastic GD,100,3.2356265188365435e-05,1.321927403133116,1.0,0.875,32,3200,7.8667138000018895
S1,SGD + Momentum,1,0.050582734428471346,1.5445677348664075,1.0,0.75,4,4,0.0737183999735862
S1,SGD + Momentum,2,0.002403606611622156,2.2339159567985436,1.0,0.75,4,8,0.17563869996229187
S1,SGD + Momentum,3,0.0040725511545332575,2.3180661539699767,1.0,0.75,4,12,0.24203439999837428
S1,SGD + Momentum,4,0.0010852321064712047,2.3820876116807326,1.0,0.75,4,16,0.3045416999957524
S1,SGD + Momentum,5,0.00042002358161179844,2.4685675099595183,1.0,0.75,4,20,0.36212259996682405
S1,SGD + Momentum,6,0.00016696464578884994,2.561644417401386,1.0,0.75,4,24,0.6979987999657169
S1,SGD + Momentum,7,8.234120482815428e-05,2.6480905317618486,1.0,0.75,4,28,0.8054505999898538
S1,SGD + Momentum,8,5.006692480847452e-05,2.72186145041056,1.0,0.75,4,32,0.9847203000099398
S1,SGD + Momentum,9,3.576021454176025e-05,2.7745588273984794,1.0,0.75,4,36,1.04721150000114
S1,SGD + Momentum,10,2.7923200555165594e-05,2.8190155364212,1.0,0.75,4,40,1.105468199995812
S1,SGD + Momentum,11,2.335746158512786e-05,2.8520882879939546,1.0,0.75,4,44,1.164499500009697
S1,SGD + Momentum,12,2.0415310426636443e-05,2.8772160952530306,1.0,0.75,4,48,1.237746300001163
S1,SGD + Momentum,13,1.8353359482145987e-05,2.89697029403944,1.0,0.75,4,52,1.3034223999711685
S1,SGD + Momentum,14,1.688310499999249e-05,2.9125283926957697,1.0,0.75,4,56,1.4666849999921396
S1,SGD + Momentum,15,1.5783341932596045e-05,2.926047302280512,1.0,0.75,4,60,1.5286042999941856
S1,SGD + Momentum,16,1.4848277680230178e-05,2.938184227307688,1.0,0.75,4,64,1.5727165999705903
S1,SGD + Momentum,17,1.4153069949929145e-05,2.9475353933700608,1.0,0.75,4,68,1.6309490000130609
S1,SGD + Momentum,18,1.3543596580201822e-05,2.956725919318854,1.0,0.75,4,72,1.675885999982711
S1,SGD + Momentum,19,1.3031558851168998e-05,2.9638850409131456,1.0,0.75,4,76,1.8334134999895468
S1,SGD + Momentum,20,1.2563975244473978e-05,2.971018838090325,1.0,0.75,4,80,1.8897571999696083
S1,SGD + Momentum,21,1.2146579738457934e-05,2.9786508180482834,1.0,0.75,4,84,1.9805581999826245
S1,SGD + Momentum,22,1.1787974835800618e-05,2.98495404869339,1.0,0.75,4,88,2.0294935000129044
S1,SGD + Momentum,23,1.145832905916428e-05,2.990754290287482,1.0,0.75,4,92,2.218559800006915
S1,SGD + Momentum,24,1.111106660477676e-05,2.997217000305357,1.0,0.75,4,96,2.2905201999819838
S1,SGD + Momentum,25,1.0802974304063939e-05,3.002896613657626,1.0,0.75,4,100,2.3546934999758378
S1,SGD + Momentum,26,1.0538552395523869e-05,3.0078654396507387,1.0,0.75,4,104,2.4272251999937
S1,SGD + Momentum,27,1.0269199913191572e-05,3.01271294230222,1.0,0.75,4,108,2.577762899978552
S1,SGD + Momentum,28,1.0022690406787896e-05,3.0178324994510204,1.0,0.75,4,112,2.6985484999604523
S1,SGD + Momentum,29,9.778949668482723e-06,3.022529270971423,1.0,0.75,4,116,2.7617199000087567
S1,SGD + Momentum,30,9.570222422489604e-06,3.0268791270940576,1.0,0.75,4,120,2.8610368999652565
S1,SGD + Momentum,31,9.34314942726905e-06,3.031405667575216,1.0,0.75,4,124,3.0405870999675244
S1,SGD + Momentum,32,9.13110237952239e-06,3.0358781998045785,1.0,0.75,4,128,3.1020085999625735
S1,SGD + Momentum,33,8.949545462670364e-06,3.040185826516576,1.0,0.75,4,132,3.1734202000079677
S1,SGD + Momentum,34,8.757124202164056e-06,3.044776807613565,1.0,0.75,4,136,3.25878279999597
S1,SGD + Momentum,35,8.57968274834616e-06,3.04875006351014,1.0,0.75,4,140,3.4000731999985874
S1,SGD + Momentum,36,8.4137844323833e-06,3.052961740853215,1.0,0.75,4,144,3.504093399969861
S1,SGD + Momentum,37,8.238983123291457e-06,3.057069738224323,1.0,0.75,4,148,3.5619550999836065
S1,SGD + Momentum,38,8.080627240843599e-06,3.0608060917551234,1.0,0.75,4,152,3.698900000017602
S1,SGD + Momentum,39,7.934918978361003e-06,3.0648349537736235,1.0,0.75,4,156,3.8726144999964163
S1,SGD + Momentum,40,7.782911741165885e-06,3.068623654743944,1.0,0.75,4,160,3.9350083000026643
S1,SGD + Momentum,41,7.641887702822864e-06,3.072186480817376,1.0,0.75,4,164,4.014163699990604
S1,SGD + Momentum,42,7.50359113453979e-06,3.0758762888798064,1.0,0.75,4,168,4.066370699962135
S1,SGD + Momentum,43,7.3808341674766226e-06,3.0796228876364067,1.0,0.75,4,172,4.118320200010203
S1,SGD + Momentum,44,7.262306331506113e-06,3.0827762302944652,1.0,0.75,4,176,4.287416799983475
S1,SGD + Momentum,45,7.139756372382436e-06,3.0860732735472993,1.0,0.75,4,180,4.353745799977332
S1,SGD + Momentum,46,7.017266889009999e-06,3.0896545777694002,1.0,0.75,4,184,4.428101399971638
S1,SGD + Momentum,47,6.920566287395292e-06,3.092557256738237,1.0,0.75,4,188,4.4855811999877915
S1,SGD + Momentum,48,6.811017767223335e-06,3.0959759917408003,1.0,0.75,4,192,4.538450199994259
S1,SGD + Momentum,49,6.712915981915808e-06,3.099046042004724,1.0,0.75,4,196,4.721274900017306
S1,SGD + Momentum,50,6.61573667617169e-06,3.102081803094964,1.0,0.75,4,200,4.769144399964716
S1,SGD + Momentum,51,6.520314231553388e-06,3.1049246249470284,1.0,0.75,4,204,4.823636599991005
S1,SGD + Momentum,52,6.420474634120027e-06,3.107850149625634,1.0,0.75,4,208,4.870289299986325
S1,SGD + Momentum,53,6.329369901781079e-06,3.110832270205379,1.0,0.75,4,212,4.907569699978922
S1,SGD + Momentum,54,6.237620683411411e-06,3.1138936270269024,1.0,0.75,4,216,5.050440799968783
S1,SGD + Momentum,55,6.145615417288139e-06,3.1167995948333034,1.0,0.75,4,220,5.149343199969735
S1,SGD + Momentum,56,6.0582895202278495e-06,3.1196437402377795,1.0,0.75,4,224,5.198203400010243
S1,SGD + Momentum,57,5.980675868849538e-06,3.1220545880892048,1.0,0.75,4,228,5.2739633999881335
S1,SGD + Momentum,58,5.903496886902015e-06,3.1246769983158913,1.0,0.75,4,232,5.335852299991529
S1,SGD + Momentum,59,5.831668503678002e-06,3.1270685235856694,1.0,0.75,4,236,5.473434999992605
S1,SGD + Momentum,60,5.755470205774957e-06,3.129985726126593,1.0,0.75,4,240,5.547688899969216
S1,SGD + Momentum,61,5.680658520050236e-06,3.1327081045640477,1.0,0.75,4,244,5.601694500015583
S1,SGD + Momentum,62,5.612201557477932e-06,3.1351664572750497,1.0,0.75,4,248,5.669168299995363
S1,SGD + Momentum,63,5.545868432348808e-06,3.1375986458583327,1.0,0.75,4,252,5.898178600007668
S1,SGD + Momentum,64,5.484548266147709e-06,3.1398256465586347,1.0,0.75,4,256,6.255685499985702
S1,SGD + Momentum,65,5.416583081987729e-06,3.1424485219750955,1.0,0.75,4,260,6.5760926000075415
S1,SGD + Momentum,66,5.355096332127882e-06,3.1448228280211934,1.0,0.75,4,264,6.632002099999227
S1,SGD + Momentum,67,5.29035085863846e-06,3.1471996380704463,1.0,0.75,4,268,6.675038099987432
S1,SGD + Momentum,68,5.227555026644385e-06,3.1498216512216386,1.0,0.75,4,272,6.714721800002735
S1,SGD + Momentum,69,5.168546945795833e-06,3.151944575212789,1.0,0.75,4,276,6.783671999990474
S1,SGD + Momentum,70,5.1074852248998e-06,3.1542734273723703,1.0,0.75,4,280,6.884300499979872
S1,SGD + Momentum,71,5.052329827784297e-06,3.156230773348238,1.0,0.75,4,284,6.936135099967942
S1,SGD + Momentum,72,4.996984689988349e-06,3.158355356022909,1.0,0.75,4,288,6.981151899963152
S1,SGD + Momentum,73,4.945558503944564e-06,3.160530435060684,1.0,0.75,4,292,7.021579799999017
S1,SGD + Momentum,74,4.889537704690945e-06,3.16297404435207,1.0,0.75,4,296,7.05783559998963
S1,SGD + Momentum,75,4.83791231787198e-06,3.165103956013161,1.0,0.75,4,300,7.133561599999666
S1,SGD + Momentum,76,4.788212647990469e-06,3.167400745612805,1.0,0.75,4,304,7.20539189997362
S1,SGD + Momentum,77,4.73780451679954e-06,3.16956871095423,1.0,0.75,4,308,7.254390999965835
S1,SGD + Momentum,78,4.688988579967639e-06,3.171675770993833,1.0,0.75,4,312,7.3050066999858245
S1,SGD + Momentum,79,4.639718261281268e-06,3.173687313081457,1.0,0.75,4,316,7.33892820001347
S1,SGD + Momentum,80,4.595200596093372e-06,3.1755513622451654,1.0,0.75,4,320,7.387009800004307
S1,SGD + Momentum,81,4.548096152116128e-06,3.1777874314549295,1.0,0.75,4,324,7.416968800011091
S1,SGD + Momentum,82,4.500286812490183e-06,3.1799055787978245,1.0,0.75,4,328,7.459290099970531
S1,SGD + Momentum,83,4.457802948952052e-06,3.1816967930587907,1.0,0.75,4,332,7.570811899960972
S1,SGD + Momentum,84,4.41655865759692e-06,3.183749342653548,1.0,0.75,4,336,7.767962699988857
S1,SGD + Momentum,85,4.375256794751721e-06,3.1856715619235607,1.0,0.75,4,340,7.8022984999697655
S1,SGD + Momentum,86,4.333741624230844e-06,3.1874890021915023,1.0,0.75,4,344,7.8516175000113435
S1,SGD + Momentum,87,4.292419331512202e-06,3.1893463065189223,1.0,0.75,4,348,7.891177200013772
S1,SGD + Momentum,88,4.254597589104671e-06,3.191347877211115,1.0,0.75,4,352,7.923987499962095
S1,SGD + Momentum,89,4.216383711272431e-06,3.193306533570163,1.0,0.75,4,356,7.95776299998397
S1,SGD + Momentum,90,4.17750750141199e-06,3.1951963577539826,1.0,0.75,4,360,8.028049100015778
S1,SGD + Momentum,91,4.137339214728723e-06,3.1971690028586814,1.0,0.75,4,364,8.150725200015586
S1,SGD + Momentum,92,4.100847859891718e-06,3.1988615219591616,1.0,0.75,4,368,8.30254760000389
S1,SGD + Momentum,93,4.065951646171116e-06,3.2005983998663625,1.0,0.75,4,372,8.333275399985723
S1,SGD + Momentum,94,4.030891903141283e-06,3.2022573734279263,1.0,0.75,4,376,8.375278699968476
S1,SGD + Momentum,95,3.996996149835663e-06,3.2040146222123793,1.0,0.75,4,380,8.422601700003725
S1,SGD + Momentum,96,3.9646250070068016e-06,3.2057568796942966,1.0,0.75,4,384,8.466384099971037
S1,SGD + Momentum,97,3.929612095284834e-06,3.2075368392344283,1.0,0.75,4,388,8.506610999989789
S1,SGD + Momentum,98,3.898589634039047e-06,3.209189211075983,1.0,0.75,4,392,8.557668399997056
S1,SGD + Momentum,99,3.866872331902587e-06,3.210707499857977,1.0,0.75,4,396,8.619682399963494
S1,SGD + Momentum,100,3.834441837598216e-06,3.2123527521263893,1.0,0.75,4,400,8.699973099981435
S1,Adagrad,1,1.0014162563476878,1.6920048358203035,0.90625,0.75,4,4,0.044488899991847575
S1,Adagrad,2,0.0685637772358942,0.6148092485641486,0.96875,0.875,4,8,0.09654609998688102
S1,Adagrad,3,0.0002209911408806409,0.7171306601677597,1.0,0.875,4,12,0.14456210000207648
S1,Adagrad,4,0.0001777144105518097,0.7186893676144425,1.0,0.875,4,16,0.24197929998626933
S1,Adagrad,5,0.00016054843710402148,0.7193875080340378,1.0,0.875,4,20,0.3133526000310667
S1,Adagrad,6,0.00014708440461237487,0.7200974589911542,1.0,0.875,4,24,0.36142550001386553
S1,Adagrad,7,0.00013599910991843117,0.7207614138903726,1.0,0.875,4,28,0.4085332999820821
S1,Adagrad,8,0.00012711822455906154,0.7213381793563324,1.0,0.875,4,32,0.4415240000234917
S1,Adagrad,9,0.00011939514853244294,0.7218841339766351,1.0,0.875,4,36,0.4777264000149444
S1,Adagrad,10,0.00011264945643515738,0.7223701484433462,1.0,0.875,4,40,0.5247400000225753
S1,Adagrad,11,0.00010667607979696466,0.7228642263998495,1.0,0.875,4,44,0.5951208000187762
S1,Adagrad,12,0.00010134740896390997,0.7233440490259436,1.0,0.875,4,48,0.6740091000101529
S1,Adagrad,13,9.655098990914537e-05,0.723809090205329,1.0,0.875,4,52,0.7305935000185855
S1,Adagrad,14,9.221341255745096e-05,0.7242623380852178,1.0,0.875,4,56,0.7756324000074528
S1,Adagrad,15,8.827354820188784e-05,0.7246970194658663,1.0,0.875,4,60,0.8131459000287578
S1,Adagrad,16,8.466914364632503e-05,0.7251150571373163,1.0,0.875,4,64,0.8530558000202291
S1,Adagrad,17,8.136991536907036e-05,0.725526085602011,1.0,0.875,4,68,0.9212373000336811
S1,Adagrad,18,7.833841787687231e-05,0.7259275176889511,1.0,0.875,4,72,1.0080340999993496
S1,Adagrad,19,7.571305694122272e-05,0.7263185354279112,1.0,0.875,4,76,1.0789635999826714
S1,Adagrad,20,7.317674925540902e-05,0.7267001645765323,1.0,0.875,4,80,1.1227464000112377
S1,Adagrad,21,7.09890225412098e-05,0.7270717869811285,1.0,0.875,4,84,1.1552832000306807
S1,Adagrad,22,6.871473299370774e-05,0.7274384484256172,1.0,0.875,4,88,1.1930000000284053
S1,Adagrad,23,6.677921961936686e-05,0.727800087177714,1.0,0.875,4,92,1.2445737000089139
S1,Adagrad,24,6.481780844992087e-05,0.7281546326857717,1.0,0.875,4,96,1.2779018000001088
S1,Adagrad,25,6.306365252907631e-05,0.7284991130098923,1.0,0.875,4,100,1.3438771000364795
S1,Adagrad,26,6.135304854213902e-05,0.7288413837609906,1.0,0.875,4,104,1.3939569999929518
S1,Adagrad,27,5.975224006906863e-05,0.729179478336566,1.0,0.875,4,108,1.4536386000108905
S1,Adagrad,28,5.8256485638209076e-05,0.7295037752145404,1.0,0.875,4,112,1.4909058000193909
S1,Adagrad,29,5.678631236311655e-05,0.7298316232283502,1.0,0.875,4,116,1.5291103000054136
S1,Adagrad,30,5.547240939582544e-05,0.7301512908463335,1.0,0.875,4,120,1.5830602000351064
S1,Adagrad,31,5.4127312419905686e-05,0.7304664402263885,1.0,0.875,4,124,1.6296460999874398
S1,Adagrad,32,5.2940697722098506e-05,0.7307755918660784,1.0,0.875,4,128,1.6778840000042692
S1,Adagrad,33,5.173103554788743e-05,0.7310811090506516,1.0,0.875,4,132,1.8269925999920815
S1,Adagrad,34,5.063067636431946e-05,0.7313813732032108,1.0,0.875,4,136,1.8623413000022992
S1,Adagrad,35,4.95506045429697e-05,0.7316769484864579,1.0,0.875,4,140,1.9109099000343122
S1,Adagrad,36,4.852254959133676e-05,0.7319685545831538,1.0,0.875,4,144,1.9580959000159055
S1,Adagrad,37,4.755384696631516e-05,0.732254262865149,1.0,0.875,4,148,2.0091947999899276
S1,Adagrad,38,4.659069199112485e-05,0.7325378907561341,1.0,0.875,4,152,2.056375299987849
S1,Adagrad,39,4.572190377434767e-05,0.7328169883485608,1.0,0.875,4,156,2.151170200027991
S1,Adagrad,40,4.482446210625932e-05,0.7330955117248269,1.0,0.875,4,160,2.228017400018871
S1,Adagrad,41,4.4024472826790806e-05,0.7333689116410155,1.0,0.875,4,164,2.2695196000277065
S1,Adagrad,42,4.320230045408716e-05,0.7336389191935616,1.0,0.875,4,168,2.308096199994907
S1,Adagrad,43,4.244663520256722e-05,0.7339039452423085,1.0,0.875,4,172,2.342147700022906
S1,Adagrad,44,4.169870541667029e-05,0.7341686023821857,1.0,0.875,4,176,2.3761194000253454
S1,Adagrad,45,4.0983507914827544e-05,0.7344287694224783,1.0,0.875,4,180,2.4219354999950156
S1,Adagrad,46,4.030448640622024e-05,0.7346853418712351,1.0,0.875,4,184,2.4607438999810256
S1,Adagrad,47,3.962500483067132e-05,0.7349411274547875,1.0,0.875,4,188,2.546446099993773
S1,Adagrad,48,3.900556227363172e-05,0.7351915449993405,1.0,0.875,4,192,2.6259390999912284
S1,Adagrad,49,3.836374978051077e-05,0.7354409737416214,1.0,0.875,4,196,2.6725808000192046
S1,Adagrad,50,3.7788260111422884e-05,0.7356862437457276,1.0,0.875,4,200,2.7116539999842644
S1,Adagrad,51,3.719200175475252e-05,0.7359305284839822,1.0,0.875,4,204,2.8744003000319935
S1,Adagrad,52,3.664291971602046e-05,0.7361713424217794,1.0,0.875,4,208,3.057228400022723
S1,Adagrad,53,3.609380801692435e-05,0.7364090872033183,1.0,0.875,4,212,3.1973743999842554
S1,Adagrad,54,3.5568643235460185e-05,0.7366451959979077,1.0,0.875,4,216,3.255043299985118
S1,Adagrad,55,3.506306490481368e-05,0.7368787385869461,1.0,0.875,4,220,3.3475668000173755
S1,Adagrad,56,3.455904038452234e-05,0.7371100131088866,1.0,0.875,4,224,3.419979600002989
S1,Adagrad,57,3.409231787274869e-05,0.7373410278393868,1.0,0.875,4,228,3.473121299990453
S1,Adagrad,58,3.360944751592409e-05,0.7375682859179565,1.0,0.875,4,232,3.5216336000012234
S1,Adagrad,59,3.317733887353048e-05,0.7377948685256567,1.0,0.875,4,236,3.572428999992553
S1,Adagrad,60,3.272180317689516e-05,0.7380170263936381,1.0,0.875,4,240,3.6277991000097245
S1,Adagrad,61,3.23060208678826e-05,0.7382377057594726,1.0,0.875,4,244,3.7071384000009857
S1,Adagrad,62,3.188262327650852e-05,0.738457613324972,1.0,0.875,4,248,3.8101165000116453
S1,Adagrad,63,3.148218844786995e-05,0.7386760907916621,1.0,0.875,4,252,3.855969800031744
S1,Adagrad,64,3.1088384677430166e-05,0.7388920772436235,1.0,0.875,4,256,3.892263500019908
S1,Adagrad,65,3.0701919592549105e-05,0.7391056771833575,1.0,0.875,4,260,3.9397309999912977
S1,Adagrad,66,3.0335397755206257e-05,0.739317292867766,1.0,0.875,4,264,3.9777765999897383
S1,Adagrad,67,2.9962602533613784e-05,0.7395280387002282,1.0,0.875,4,268,4.151796000020113
S1,Adagrad,68,2.9620694720982393e-05,0.7397361047023089,1.0,0.875,4,272,4.202516300021671
S1,Adagrad,69,2.9262321931846268e-05,0.7399432507802811,1.0,0.875,4,276,4.237442400015425
S1,Adagrad,70,2.8937762565953607e-05,0.7401489754349628,1.0,0.875,4,280,4.276073199987877
S1,Adagrad,71,2.8599763073214823e-05,0.7403535946716456,1.0,0.875,4,284,4.312944000004791
S1,Adagrad,72,2.8285534356293295e-05,0.7405556225283059,1.0,0.875,4,288,4.355293900007382
S1,Adagrad,73,2.7968831992026957e-05,0.7407563790042447,1.0,0.875,4,292,4.425340800022241
S1,Adagrad,74,2.766420632758135e-05,0.7409553675536392,1.0,0.875,4,296,4.474250800034497
S1,Adagrad,75,2.7367298574540536e-05,0.7411531910787496,1.0,0.875,4,300,4.56667730002664
S1,Adagrad,76,2.7071504780771024e-05,0.7413492023662338,1.0,0.875,4,304,4.612702400016133
S1,Adagrad,77,2.679291053906277e-05,0.741543684829175,1.0,0.875,4,308,4.647177000006195
S1,Adagrad,78,2.650558220066001e-05,0.7417372293266501,1.0,0.875,4,312,4.6789142999914475
S1,Adagrad,79,2.6243977301632283e-05,0.7419289039264749,1.0,0.875,4,316,4.712771099992096
S1,Adagrad,80,2.596765385243051e-05,0.7421196065331698,1.0,0.875,4,320,4.745124600012787
S1,Adagrad,81,2.57149473459811e-05,0.7423085758282042,1.0,0.875,4,324,4.794836700020824
S1,Adagrad,82,2.545366028498058e-05,0.7424959756843204,1.0,0.875,4,328,4.8628033000277355
S1,Adagrad,83,2.5207659453643478e-05,0.7426829319389135,1.0,0.875,4,332,4.910907400015276
S1,Adagrad,84,2.496132334025182e-05,0.7428683495722973,1.0,0.875,4,336,4.945710600004531
S1,Adagrad,85,2.4721579450924884e-05,0.7430525865790579,1.0,0.875,4,340,4.981675999995787
S1,Adagrad,86,2.448912713402909e-05,0.7432359062237599,1.0,0.875,4,344,5.020103599992581
S1,Adagrad,87,2.4255371434801028e-05,0.7434176677378663,1.0,0.875,4,348,5.05579700000817
S1,Adagrad,88,2.4035753338871217e-05,0.7435975470076547,1.0,0.875,4,352,5.108009500021581
S1,Adagrad,89,2.3807680430978757e-05,0.7437769292687489,1.0,0.875,4,356,5.161713799985591
S1,Adagrad,90,2.3600628922343493e-05,0.7439550244287743,1.0,0.875,4,360,5.267550699994899
S1,Adagrad,91,2.3380338447815224e-05,0.744131751606076,1.0,0.875,4,364,5.3184355000266805
S1,Adagrad,92,2.317851099176427e-05,0.7443073063725649,1.0,0.875,4,368,5.390866100031417
S1,Adagrad,93,2.2969690086478714e-05,0.74448206423105,1.0,0.875,4,372,5.452303500031121
S1,Adagrad,94,2.277433960686264e-05,0.7446557986125756,1.0,0.875,4,376,5.490953200031072
S1,Adagrad,95,2.258253365561019e-05,0.7448446874768615,1.0,0.875,4,380,5.556858500000089
S1,Adagrad,96,2.2395601752693096e-05,0.7450324313264083,1.0,0.875,4,384,5.859324300021399
S1,Adagrad,97,2.221362046441681e-05,0.7452188170507767,1.0,0.875,4,388,6.056167999980971
S1,Adagrad,98,2.2030285617940293e-05,0.7454039911667477,1.0,0.875,4,392,6.234334699984174
S1,Adagrad,99,2.1857345276693038e-05,0.7455882414139675,1.0,0.875,4,396,6.389084600028582
S1,Adagrad,100,2.167748424527948e-05,0.7457711523196707,1.0,0.875,4,400,6.46206930000335
S1,RMSprop,1,0.1134017624802524,4.476875981027018,0.96875,0.625,4,4,0.07340490003116429
S1,RMSprop,2,2.6872020505574607e-08,6.907892961409809,1.0,0.75,4,8,0.16375659999903291
S1,RMSprop,3,9.951280224378736e-09,6.9078929509988845,1.0,0.75,4,12,0.245408300019335
S1,RMSprop,4,7.333159993598033e-09,6.907892939990321,1.0,0.75,4,16,0.31540650001261383
S1,RMSprop,5,5.966358313648208e-09,6.907892928776946,1.0,0.75,4,20,0.4109601000091061
S1,RMSprop,6,5.117098361690788e-09,6.907892917373291,1.0,0.75,4,24,0.4703383999876678
S1,RMSprop,7,4.518135842303502e-09,6.907892905627991,1.0,0.75,4,28,0.5441873000236228
S1,RMSprop,8,4.079889338180589e-09,6.907892893781492,1.0,0.75,4,32,0.5932898999890313
S1,RMSprop,9,3.737918887252981e-09,6.907892881964509,1.0,0.75,4,36,0.7086004000157118
S1,RMSprop,10,3.465403952454657e-09,6.907892871027442,1.0,0.75,4,40,0.7873201000038534
S1,RMSprop,11,3.244674387652608e-09,6.907892863116718,1.0,0.75,4,44,0.8309978999895975
S1,RMSprop,12,3.0586910254861885e-09,6.907892864000394,1.0,0.75,4,48,0.8773640000144951
S1,RMSprop,13,2.901852411691598e-09,6.907892887255584,1.0,0.75,4,52,0.928379799996037
S1,RMSprop,14,2.7682863088007586e-09,6.907892961803522,1.0,0.75,4,56,0.9924844999914058
S1,RMSprop,15,2.6515290359184064e-09,6.9078931524820355,1.0,0.75,4,60,1.05921199999284
S1,RMSprop,16,2.5490264795707535e-09,6.9078935897259,1.0,0.75,4,64,1.1566487000091001
S1,RMSprop,17,2.4582894882669733e-09,6.907894531460487,1.0,0.75,4,68,1.2088828000123613
S1,RMSprop,18,2.3777434151796286e-09,6.9078964572928605,1.0,0.75,4,72,1.2639409000403248
S1,RMSprop,19,2.3054174685714634e-09,6.907900269914645,1.0,0.75,4,76,1.3243743000202812
S1,RMSprop,20,2.24010730269237e-09,6.9079075927880815,1.0,0.75,4,80,1.3755598000134341
S1,RMSprop,21,2.1800337052453528e-09,6.907921550399419,1.0,0.75,4,84,1.4586516999988817
S1,RMSprop,22,2.126074973662543e-09,6.907946767863554,1.0,0.75,4,88,1.5301119000068866
S1,RMSprop,23,2.0762280642883653e-09,6.907992388838802,1.0,0.75,4,92,1.5807498000212945
S1,RMSprop,24,2.0308702655921106e-09,6.90807175227837,1.0,0.75,4,96,1.6420810000272468
S1,RMSprop,25,1.9888517854561415e-09,6.90820913521564,1.0,0.75,4,100,1.8427748000249267
S1,RMSprop,26,1.949650118203753e-09,6.908444901793484,1.0,0.75,4,104,1.9782656999886967
S1,RMSprop,27,1.913325247094194e-09,6.908840033152318,1.0,0.75,4,108,2.095702800026629
S1,RMSprop,28,1.8800198878211968e-09,6.909480414620976,1.0,0.75,4,112,2.1541445000329986
S1,RMSprop,29,1.8488174714504115e-09,6.910519620741853,1.0,0.75,4,116,2.2085334000294097
S1,RMSprop,30,1.8197846634001344e-09,6.9121635747191,1.0,0.75,4,120,2.292309100041166
S1,RMSprop,31,1.7923418994779465e-09,6.914758387917289,1.0,0.75,4,124,2.390681700024288
S1,RMSprop,32,1.766827093411219e-09,6.918698950464905,1.0,0.75,4,128,2.444288900005631
S1,RMSprop,33,1.7428254623957842e-09,6.924590638839807,1.0,0.75,4,132,2.4883872999926098
S1,RMSprop,34,1.7201121932005196e-09,6.933205222898312,1.0,0.75,4,136,2.528221599990502
S1,RMSprop,35,1.698681779810171e-09,6.94533737583089,1.0,0.75,4,140,2.574474800028838
S1,RMSprop,36,1.6784315127128288e-09,6.9617598238858625,1.0,0.75,4,144,2.611441000015475
S1,RMSprop,37,1.6591831213105261e-09,6.9831307195949535,1.0,0.75,4,148,2.6730539000127465
S1,RMSprop,38,1.6408684726011182e-09,7.009680228319487,1.0,0.625,4,152,2.7521369000314735
S1,RMSprop,39,1.6234980269656523e-09,7.041026528516915,1.0,0.625,4,156,2.7947332999901846
S1,RMSprop,40,1.607071430518945e-09,7.076329662819241,1.0,0.625,4,160,2.8438275000080466
S1,RMSprop,41,1.5913801348002907e-09,7.115042319264257,1.0,0.625,4,164,2.8826908000046387
S1,RMSprop,42,1.576508058792651e-09,7.155934837403342,1.0,0.625,4,168,2.926079500000924
S1,RMSprop,43,1.562271807526554e-09,7.19859664351823,1.0,0.625,4,172,2.9631249000085518
S1,RMSprop,44,1.5488631165199302e-09,7.241635990463606,1.0,0.625,4,176,3.0362191000021994
S1,RMSprop,45,1.5358815387300427e-09,7.285756909453529,1.0,0.625,4,180,3.1166396000189707
S1,RMSprop,46,1.5235770408734037e-09,7.329649376968941,1.0,0.625,4,184,3.1727822000393644
S1,RMSprop,47,1.5118455152532722e-09,7.373291114401268,1.0,0.625,4,188,3.227213100006338
S1,RMSprop,48,1.5006021408290134e-09,7.4167306638505135,1.0,0.625,4,192,3.267229499993846
S1,RMSprop,49,1.4897671827692416e-09,7.460060116399931,1.0,0.625,4,196,3.3235083000035957
S1,RMSprop,50,1.4793674807155364e-09,7.503021676994346,1.0,0.625,4,200,3.3663090000045486
S1,RMSprop,51,1.4692968140785389e-09,7.5459500854916355,1.0,0.625,4,204,3.4592379000387155
S1,RMSprop,52,1.4596981865237204e-09,7.588072104104883,1.0,0.625,4,208,3.5268828000407666
S1,RMSprop,53,1.4505033401507447e-09,7.629581334700708,1.0,0.625,4,212,3.594878400035668
S1,RMSprop,54,1.4415772510214844e-09,7.671019661539158,1.0,0.625,4,216,3.6420269000227563
S1,RMSprop,55,1.433050411975653e-09,7.7116693163504,1.0,0.625,4,220,3.705095200042706
S1,RMSprop,56,1.4247580034644451e-09,7.752248973284332,1.0,0.625,4,224,3.7417685000109486
S1,RMSprop,57,1.4167325758394627e-09,7.792578397799892,1.0,0.625,4,228,3.8049387999926694
S1,RMSprop,58,1.4090798847832039e-09,7.831982440368612,1.0,0.625,4,232,3.8991542999865487
S1,RMSprop,59,1.401689574125988e-09,7.8709990526036915,1.0,0.625,4,236,3.952212300035171
S1,RMSprop,60,1.3944579074027901e-09,7.9101321561991425,1.0,0.625,4,240,3.9932091000373475
S1,RMSprop,61,1.3874941444377774e-09,7.948715916449662,1.0,0.625,4,244,4.043045700003859
S1,RMSprop,62,1.3807293473192971e-09,7.98709163219969,1.0,0.625,4,248,4.100808700022753
S1,RMSprop,63,1.374234126232166e-09,8.024785430654886,1.0,0.625,4,252,4.168969499995001
S1,RMSprop,64,1.3679683778386513e-09,8.061981232476846,1.0,0.625,4,256,4.273898100014776
S1,RMSprop,65,1.3618705680269867e-09,8.099004152609393,1.0,0.625,4,260,4.359016700007487
S1,RMSprop,66,1.3559345593453698e-09,8.135855863189834,1.0,0.625,4,264,4.438470900000539
S1,RMSprop,67,1.3501801692749383e-09,8.172386787453902,1.0,0.625,4,268,4.491580000030808
S1,RMSprop,68,1.3445725090566525e-09,8.208754880178828,1.0,0.625,4,272,4.540716300019994
S1,RMSprop,69,1.3391695253938526e-09,8.244518686986057,1.0,0.625,4,276,4.599283099989407
S1,RMSprop,70,1.3339155267234917e-09,8.279991795814786,1.0,0.625,4,280,4.693504800030496
S1,RMSprop,71,1.3287693723433907e-09,8.31546930378383,1.0,0.625,4,284,4.732666700030677
S1,RMSprop,72,1.3237842072422263e-09,8.350517458127376,1.0,0.625,4,288,4.778530100011267
S1,RMSprop,73,1.3189160180156269e-09,8.385431639819926,1.0,0.625,4,292,4.8171668000286445
S1,RMSprop,74,1.3141822559819295e-09,8.420072565050964,1.0,0.625,4,296,4.873033799987752
S1,RMSprop,75,1.3096246724658684e-09,8.454035296729485,1.0,0.625,4,300,4.926874400000088
S1,RMSprop,76,1.3051599105341795e-09,8.487886856508386,1.0,0.625,4,304,4.989227100042626
S1,RMSprop,77,1.3007934310966097e-09,8.521626745473364,1.0,0.625,4,308,5.061308400006965
S1,RMSprop,78,1.2965244431192765e-09,8.555254442399688,1.0,0.625,4,312,5.141321100003552
S1,RMSprop,79,1.2923531408908215e-09,8.588637601851483,1.0,0.625,4,316,5.194136900012381
S1,RMSprop,80,1.2883143784758078e-09,8.621521992577529,1.0,0.625,4,320,5.232999600004405
S1,RMSprop,81,1.2843510418378906e-09,8.654308787883577,1.0,0.625,4,324,5.271637700032443
S1,RMSprop,82,1.2805116269071324e-09,8.686617082271752,1.0,0.625,4,328,5.3118845000281
S1,RMSprop,83,1.2767270916884434e-09,8.71896265842791,1.0,0.625,4,332,5.37242700002389
S1,RMSprop,84,1.273028390587875e-09,8.751090929479483,1.0,0.625,4,336,5.485535299987532
S1,RMSprop,85,1.2694278401418891e-09,8.782761302887435,1.0,0.625,4,340,5.535821099998429
S1,RMSprop,86,1.2658983647867191e-09,8.814350984368694,1.0,0.625,4,344,5.5904604000388645
S1,RMSprop,87,1.2624250181443964e-09,8.84585829156807,1.0,0.625,4,348,5.644631400005892
S1,RMSprop,88,1.2590485939726631e-09,8.876926463195415,1.0,0.625,4,352,5.708521799999289
S1,RMSprop,89,1.2557069024344476e-09,8.908154257631221,1.0,0.625,4,356,5.866919299995061
S1,RMSprop,90,1.2524605131348648e-09,8.938834644395525,1.0,0.625,4,360,5.9225467999931425
S1,RMSprop,91,1.2492686774190884e-09,8.969329378069746,1.0,0.625,4,364,5.962841600005049
S1,RMSprop,92,1.2461033066445457e-09,8.999980712919054,1.0,0.625,4,368,6.040394300012849
S1,RMSprop,93,1.24301328531934e-09,9.030328525148573,1.0,0.625,4,372,6.077738800027873
S1,RMSprop,94,1.2399774636944663e-09,9.060491413143042,1.0,0.625,4,376,6.121454200008884
S1,RMSprop,95,1.2369958001363414e-09,9.090362561397493,1.0,0.625,4,380,6.182434700021986
S1,RMSprop,96,1.2340432660546366e-09,9.12027387177972,1.0,0.625,4,384,6.242861000006087
S1,RMSprop,97,1.2311579143438434e-09,9.149790110799948,1.0,0.625,4,388,6.297253000026103
S1,RMSprop,98,1.2283171727818876e-09,9.179134537966547,1.0,0.625,4,392,6.3549824000219814
S1,RMSprop,99,1.2255223875142807e-09,9.208309228956344,1.0,0.625,4,396,6.417817800014745
S1,RMSprop,100,1.2227687498871882e-09,9.237213107274599,1.0,0.625,4,400,6.457181500038132
S1,Adam,1,0.8102566168045159,6.577736385240126,0.90625,0.75,4,4,0.12299940001685172
S1,Adam,2,7.096586516254907e-11,4.496829859204923,1.0,0.75,4,8,0.2075298000127077
S1,Adam,3,0.01669762591262026,1.189669199903855,1.0,0.875,4,12,0.2536656000302173
S1,Adam,4,1.1416879556091389e-05,0.7644214550301486,1.0,0.875,4,16,0.3080241000279784
S1,Adam,5,0.30098319409946583,3.21432040379975,0.96875,0.75,4,20,0.3883219999843277
S1,Adam,6,1.0477729794901665e-14,4.074722951130622,1.0,0.75,4,24,0.4933471999829635
S1,Adam,7,-0.0,3.8143526660868217,1.0,0.75,4,28,0.7238657000125386
S1,Adam,8,-0.0,3.6669850638463783,1.0,0.75,4,32,0.8855275000096299
S1,Adam,9,-0.0,3.588634749791682,1.0,0.75,4,36,0.9924711000057869
S1,Adam,10,6.93889390390723e-18,3.5479124972092793,1.0,0.75,4,40,1.055567700008396
S1,Adam,11,1.387778780781446e-17,3.5261074205949408,1.0,0.875,4,44,1.104891300026793
S1,Adam,12,2.7755575615628926e-17,3.5138186476540185,1.0,0.875,4,48,1.1532645000261255
S1,Adam,13,4.16333634234434e-17,3.506544105486891,1.0,0.875,4,52,1.2162331999861635
S1,Adam,14,5.551115123125788e-17,3.5020661284415273,1.0,0.875,4,56,1.2869454000028782
S1,Adam,15,6.938893903907236e-17,3.499229678998745,1.0,0.875,4,60,1.3491413000156172
S1,Adam,16,8.326672684688685e-17,3.4973967425098604,1.0,0.875,4,64,1.404877100023441
S1,Adam,17,9.02056207507941e-17,3.4961961175507166,1.0,0.875,4,68,1.451951300026849
S1,Adam,18,9.714451465470135e-17,3.4954025904710853,1.0,0.875,4,72,1.5099245000164956
S1,Adam,19,9.714451465470135e-17,3.494875088875337,1.0,0.875,4,76,1.5773388000088744
S1,Adam,20,1.040834085586086e-16,3.4945231679550632,1.0,0.875,4,80,1.6842513000010513
S1,Adam,21,1.040834085586086e-16,3.494287887467175,1.0,0.875,4,84,1.775774999987334
S1,Adam,22,1.040834085586086e-16,3.49413040938887,1.0,0.875,4,88,1.8381333000143059
S1,Adam,23,1.1102230246251585e-16,3.4940249542739714,1.0,0.875,4,92,1.8892315999837592
S1,Adam,24,1.1102230246251585e-16,3.493954331042781,1.0,0.875,4,96,1.9337707000086084
S1,Adam,25,1.1102230246251585e-16,3.4939070436287567,1.0,0.875,4,100,1.9822382000274956
S1,Adam,26,1.1102230246251585e-16,3.493875392319446,1.0,0.875,4,104,2.0703768000239506
S1,Adam,27,1.1102230246251585e-16,3.4938542162477706,1.0,0.875,4,108,2.1657165000215173
S1,Adam,28,1.1102230246251585e-16,3.4938400555253004,1.0,0.875,4,112,2.221372200001497
S1,Adam,29,1.1102230246251585e-16,3.493830590913182,1.0,0.875,4,116,2.2749856000300497
S1,Adam,30,1.1102230246251585e-16,3.493824268300343,1.0,0.875,4,120,2.342284800019115
S1,Adam,31,1.1102230246251585e-16,3.493820046764017,1.0,0.875,4,124,2.4735296000144444
S1,Adam,32,1.1102230246251585e-16,3.49381722947549,1.0,0.875,4,128,2.5563808000297286
S1,Adam,33,1.1102230246251585e-16,3.493815350213918,1.0,0.875,4,132,2.623172399995383
S1,Adam,34,1.1102230246251585e-16,3.493814097224934,1.0,0.875,4,136,2.6885895999730565
S1,Adam,35,1.1102230246251585e-16,3.4938132621593065,1.0,0.875,4,140,2.7522624999983236
S1,Adam,36,1.1102230246251585e-16,3.4938127058498876,1.0,0.875,4,144,2.8035913999774493
S1,Adam,37,1.1102230246251585e-16,3.4938123353880304,1.0,0.875,4,148,2.917281500005629
S1,Adam,38,1.1102230246251585e-16,3.49381208877826,1.0,0.875,4,152,2.9596850000089034
S1,Adam,39,1.1102230246251585e-16,3.4938119246721597,1.0,0.875,4,156,3.003461399988737
S1,Adam,40,1.1102230246251585e-16,3.493811815504417,1.0,0.875,4,160,3.065531399974134
S1,Adam,41,1.1102230246251585e-16,3.4938117429061673,1.0,0.875,4,164,3.119927900028415
S1,Adam,42,1.1102230246251585e-16,3.493811694641788,1.0,0.875,4,168,3.187057300005108
S1,Adam,43,1.1102230246251585e-16,3.493811662564161,1.0,0.875,4,172,3.283037399989553
S1,Adam,44,1.1102230246251585e-16,3.49381164125048,1.0,0.875,4,176,3.351901000016369
S1,Adam,45,1.1102230246251585e-16,3.493811627092519,1.0,0.875,4,180,3.400499099981971
S1,Adam,46,1.1102230246251585e-16,3.493811617690217,1.0,0.875,4,184,3.445855700003449
S1,Adam,47,1.1102230246251585e-16,3.493811611447648,1.0,0.875,4,188,3.484174399985932
S1,Adam,48,1.1102230246251585e-16,3.4938116073039063,1.0,0.875,4,192,3.54027810000116
S1,Adam,49,1.1102230246251585e-16,3.493811604553944,1.0,0.875,4,196,3.6490064000245184
S1,Adam,50,1.1102230246251585e-16,3.49381160272934,1.0,0.875,4,200,3.7042256999993697
S1,Adam,51,1.1102230246251585e-16,3.4938116015189573,1.0,0.875,4,204,3.7458661000127904
S1,Adam,52,1.1102230246251585e-16,3.4938116007161866,1.0,0.875,4,208,3.788616199977696
S1,Adam,53,1.1102230246251585e-16,3.4938116001838577,1.0,0.875,4,212,3.8525437000207603
S1,Adam,54,1.1102230246251585e-16,3.4938115998309276,1.0,0.875,4,216,3.9924832999822684
S1,Adam,55,1.1102230246251585e-16,3.4938115995969765,1.0,0.875,4,220,4.085502700007055
S1,Adam,56,1.1102230246251585e-16,3.493811599441921,1.0,0.875,4,224,4.151711400016211
S1,Adam,57,1.1102230246251585e-16,3.4938115993391734,1.0,0.875,4,228,4.218548199976794
S1,Adam,58,1.1102230246251585e-16,3.4938115992710963,1.0,0.875,4,232,4.2704384999815375
S1,Adam,59,1.1102230246251585e-16,3.493811599225999,1.0,0.875,4,236,4.375679499993566
S1,Adam,60,1.1102230246251585e-16,3.4938115991961296,1.0,0.875,4,240,4.488531099981628
S1,Adam,61,1.1102230246251585e-16,3.493811599176348,1.0,0.875,4,244,4.550794799986761
S1,Adam,62,1.1102230246251585e-16,3.4938115991632506,1.0,0.875,4,248,4.61667810002109
S1,Adam,63,1.1102230246251585e-16,3.493811599154578,1.0,0.875,4,252,4.705865000025369
S1,Adam,64,1.1102230246251585e-16,3.493811599148837,1.0,0.875,4,256,4.80455569998594
S1,Adam,65,1.1102230246251585e-16,3.493811599145039,1.0,0.875,4,260,4.889790299988817
S1,Adam,66,1.1102230246251585e-16,3.4938115991425267,1.0,0.875,4,264,4.936327499977779
S1,Adam,67,1.1102230246251585e-16,3.4938115991408627,1.0,0.875,4,268,4.99208749999525
S1,Adam,68,1.1102230246251585e-16,3.493811599139763,1.0,0.875,4,272,5.051064800005406
S1,Adam,69,1.1102230246251585e-16,3.4938115991390357,1.0,0.875,4,276,5.096487100003287
S1,Adam,70,1.1102230246251585e-16,3.4938115991385557,1.0,0.875,4,280,5.217540399986319
S1,Adam,71,1.1102230246251585e-16,3.493811599138238,1.0,0.875,4,284,5.313339599990286
S1,Adam,72,1.1102230246251585e-16,3.49381159913803,1.0,0.875,4,288,5.376841899997089
S1,Adam,73,1.1102230246251585e-16,3.4938115991378926,1.0,0.875,4,292,5.435315700015053
S1,Adam,74,1.1102230246251585e-16,3.4938115991378016,1.0,0.875,4,296,5.4872120000072755
S1,Adam,75,1.1102230246251585e-16,3.493811599137743,1.0,0.875,4,300,5.570220299996436
S1,Adam,76,1.1102230246251585e-16,3.4938115991377043,1.0,0.875,4,304,5.6954973000101745
S1,Adam,77,1.1102230246251585e-16,3.49381159913768,1.0,0.875,4,308,5.756411599984858
S1,Adam,78,1.1102230246251585e-16,3.4938115991376635,1.0,0.875,4,312,5.803353600029368
S1,Adam,79,1.1102230246251585e-16,3.4938115991376546,1.0,0.875,4,316,5.841045100009069
S1,Adam,80,1.1102230246251585e-16,3.493811599137649,1.0,0.875,4,320,5.891858700022567
S1,Adam,81,1.1102230246251585e-16,3.4938115991376457,1.0,0.875,4,324,5.969635199988261
S1,Adam,82,1.1102230246251585e-16,3.493811599137644,1.0,0.875,4,328,6.152496800001245
S1,Adam,83,1.1102230246251585e-16,3.4938115991376435,1.0,0.875,4,332,6.263768800010439
S1,Adam,84,1.1102230246251585e-16,3.4938115991376435,1.0,0.875,4,336,6.39341429999331
S1,Adam,85,1.1102230246251585e-16,3.4938115991376453,1.0,0.875,4,340,6.4580076999845915
S1,Adam,86,1.1102230246251585e-16,3.4938115991376457,1.0,0.875,4,344,6.540825899981428
S1,Adam,87,1.1102230246251585e-16,3.4938115991376475,1.0,0.875,4,348,6.600785700022243
S1,Adam,88,1.1102230246251585e-16,3.4938115991376497,1.0,0.875,4,352,6.653040300006978
S1,Adam,89,1.1102230246251585e-16,3.49381159913765,1.0,0.875,4,356,6.719547600019723
S1,Adam,90,1.1102230246251585e-16,3.49381159913765,1.0,0.875,4,360,6.829857299977448
S1,Adam,91,1.1102230246251585e-16,3.4938115991376533,1.0,0.875,4,364,6.953903099987656
S1,Adam,92,1.1102230246251585e-16,3.493811599137655,1.0,0.875,4,368,7.08241580001777
S1,Adam,93,1.1102230246251585e-16,3.493811599137659,1.0,0.875,4,372,7.138587700028438
S1,Adam,94,1.1102230246251585e-16,3.4938115991376613,1.0,0.875,4,376,7.183687400014605
S1,Adam,95,1.1102230246251585e-16,3.4938115991376635,1.0,0.875,4,380,7.240333900030237
S1,Adam,96,1.1102230246251585e-16,3.4938115991376653,1.0,0.875,4,384,7.288719300006051
S1,Adam,97,1.1102230246251585e-16,3.493811599137669,1.0,0.875,4,388,7.423216600029264
S1,Adam,98,1.1102230246251585e-16,3.4938115991376697,1.0,0.875,4,392,7.492153299972415
S1,Adam,99,1.1102230246251585e-16,3.4938115991376724,1.0,0.875,4,396,7.552332499995828
S1,Adam,100,1.1102230246251585e-16,3.493811599137676,1.0,0.875,4,400,7.594248300010804
S1,AdamW,1,0.8090791293533364,6.574811538622152,0.90625,0.75,4,4,0.044239900016691536
S1,AdamW,2,7.365794783287236e-11,4.485642416391885,1.0,0.75,4,8,0.15340489998925477
S1,AdamW,3,0.017286854928787784,1.1828323770735716,1.0,0.875,4,12,0.20377449999796227
S1,AdamW,4,1.2604091686951447e-05,0.7564105889336128,1.0,0.875,4,16,0.24838599999202415
S1,AdamW,5,0.2954800589048366,3.1898977766452585,0.96875,0.75,4,20,0.30637960002059117
S1,AdamW,6,1.1518563880488115e-14,4.065274678650467,1.0,0.75,4,24,0.3690006000106223
S1,AdamW,7,-0.0,3.8054289227356057,1.0,0.75,4,28,0.43578110000817105
S1,AdamW,8,-0.0,3.6594282444119517,1.0,0.75,4,32,0.5338811000110582
S1,AdamW,9,-0.0,3.582725228255047,1.0,0.75,4,36,0.5882476000115275
S1,AdamW,10,6.93889390390723e-18,3.5433258414830906,1.0,0.75,4,40,0.6431759999832138
S1,AdamW,11,2.7755575615628926e-17,3.52241602724634,1.0,0.875,4,44,0.6983831999823451
S1,AdamW,12,4.8572257327350636e-17,3.5107073840403684,1.0,0.875,4,48,0.7401659000315703
S1,AdamW,13,7.632783294297961e-17,3.5038125196307726,1.0,0.875,4,52,0.7881717000273056
S1,AdamW,14,1.1102230246251585e-16,3.499590436644187,1.0,0.875,4,56,0.8505602999939583
S1,AdamW,15,1.387778780781449e-16,3.496932884980996,1.0,0.875,4,60,0.9232036999892443
S1,AdamW,16,1.6653345369377392e-16,3.495230154236783,1.0,0.875,4,64,0.9843567000352778
S1,AdamW,17,1.8735013540549573e-16,3.494128436026735,1.0,0.875,4,68,1.0382286999956705
S1,AdamW,18,2.0816681711721754e-16,3.493413427852286,1.0,0.875,4,72,1.0976982000283897
S1,AdamW,19,2.2898349882893937e-16,3.4929510323824826,1.0,0.875,4,76,1.1583485000301152
S1,AdamW,20,2.4286128663675393e-16,3.4926553312315685,1.0,0.875,4,80,1.2406944999820553
S1,AdamW,21,2.567390744445685e-16,3.4924703544599254,1.0,0.875,4,84,1.3381514000357129
S1,AdamW,22,2.706168622523831e-16,3.492359228542767,1.0,0.875,4,88,1.391476100019645
S1,AdamW,23,2.8449465006019765e-16,3.4922974801864513,1.0,0.875,4,92,1.454947300022468
S1,AdamW,24,2.9837243786801225e-16,3.4922687896892524,1.0,0.875,4,96,1.5039369000005536
S1,AdamW,25,3.1225022567582685e-16,3.4922622434962647,1.0,0.875,4,100,1.6431931999977678
S1,AdamW,26,3.2612801348364146e-16,3.4922705317307368,1.0,0.875,4,104,1.7181601999909617
S1,AdamW,27,3.4000580129145606e-16,3.49228875453786,1.0,0.875,4,108,1.7890884000225924
S1,AdamW,28,3.5388358909927067e-16,3.4923136267953465,1.0,0.875,4,112,1.88876420003362
S1,AdamW,29,3.6776137690708527e-16,3.4923429462541757,1.0,0.875,4,116,1.955181299999822
S1,AdamW,30,3.816391647148999e-16,3.492375237083511,1.0,0.875,4,120,2.037979800021276
S1,AdamW,31,3.9551695252271453e-16,3.4924095107102366,1.0,0.875,4,124,2.1050094999955036
S1,AdamW,32,4.1633363423443646e-16,3.4924451052913703,1.0,0.875,4,128,2.154643499990925
S1,AdamW,33,4.302114220422511e-16,3.4924815779699534,1.0,0.875,4,132,2.20697579998523
S1,AdamW,34,4.440892098500658e-16,3.4925186325810844,1.0,0.875,4,136,2.282296599994879
S1,AdamW,35,4.649058915617878e-16,3.492556071167268,1.0,0.875,4,140,2.3501491000060923
S1,AdamW,36,4.857225732735097e-16,3.4925937614800384,1.0,0.875,4,144,2.442928900010884
S1,AdamW,37,4.996003610813245e-16,3.4926316152101227,1.0,0.875,4,148,2.5205651000142097
S1,AdamW,38,5.204170427930465e-16,3.492669573413405,1.0,0.875,4,152,2.587222500005737
S1,AdamW,39,5.412337245047685e-16,3.4927075967601895,1.0,0.875,4,156,2.63651869999012
S1,AdamW,40,5.620504062164905e-16,3.4927456590153856,1.0,0.875,4,160,2.6854732999927364
S1,AdamW,41,5.828670879282126e-16,3.492783742681536,1.0,0.875,4,164,2.782070300017949
S1,AdamW,42,6.106226635438421e-16,3.4928218360888126,1.0,0.875,4,168,2.853671699995175
S1,AdamW,43,6.314393452555642e-16,3.492859931452443,1.0,0.875,4,172,2.9199032000033185
S1,AdamW,44,6.522560269672863e-16,3.4928980235765805,1.0,0.875,4,176,2.962486699980218
S1,AdamW,45,6.800116025829158e-16,3.492936108989917,1.0,0.875,4,180,3.0144451999804005
S1,AdamW,46,7.077671781985453e-16,3.4929741853694707,1.0,0.875,4,184,3.055852900026366
S1,AdamW,47,7.355227538141749e-16,3.4930122511566384,1.0,0.875,4,188,3.1000238999840803
S1,AdamW,48,7.632783294298045e-16,3.4930503053014568,1.0,0.875,4,192,3.1924544000066817
S1,AdamW,49,7.910339050454341e-16,3.493088347092336,1.0,0.875,4,196,3.24976420000894
S1,AdamW,50,8.187894806610637e-16,3.4931263760427327,1.0,0.875,4,200,3.310057600028813
S1,AdamW,51,8.534839501806007e-16,3.4931643918157453,1.0,0.875,4,204,3.3520037999842316
S1,AdamW,52,8.881784197001379e-16,3.4932023941739545,1.0,0.875,4,208,3.401442500005942
S1,AdamW,53,9.22872889219675e-16,3.4932403829460905,1.0,0.875,4,212,3.455450000008568
S1,AdamW,54,9.575673587392121e-16,3.4932783580048454,1.0,0.875,4,216,3.5494769000215456
S1,AdamW,55,9.922618282587494e-16,3.4933163192521675,1.0,0.875,4,220,3.6344335000030696
S1,AdamW,56,1.0269562977782868e-15,3.493354266609451,1.0,0.875,4,224,3.735422700003255
S1,AdamW,57,1.0685896612017315e-15,3.4933922000110473,1.0,0.875,4,228,4.01610750000691
S1,AdamW,58,1.1102230246251763e-15,3.4934301193999393,1.0,0.875,4,232,4.183337600028608
S1,AdamW,59,1.1518563880486212e-15,3.493468024724891,1.0,0.875,4,236,4.28719220001949
S1,AdamW,60,1.1934897514720662e-15,3.4935059159385276,1.0,0.875,4,240,4.42089449998457
S1,AdamW,61,1.2420620087994185e-15,3.493543792996086,1.0,0.875,4,244,4.508447600004729
S1,AdamW,62,1.2836953722228637e-15,3.493581655854571,1.0,0.875,4,248,4.569734000018798
S1,AdamW,63,1.3322676295502162e-15,3.493619504472203,1.0,0.875,4,252,4.61844160000328
S1,AdamW,64,1.3877787807814764e-15,3.4936573388080494,1.0,0.875,4,256,4.720876900013536
S1,AdamW,65,1.4363510381088292e-15,3.493695158821778,1.0,0.875,4,260,4.8329813000163995
S1,AdamW,66,1.4918621893400898e-15,3.4937329644734914,1.0,0.875,4,264,4.901239600032568
S1,AdamW,67,1.5473733405713502e-15,3.49377075572363,1.0,0.875,4,268,4.968795799999498
S1,AdamW,68,1.6098233857065184e-15,3.4938085325328956,1.0,0.875,4,272,5.11905450001359
S1,AdamW,69,1.6653345369377792e-15,3.493846294862192,1.0,0.875,4,276,5.2337617999874055
S1,AdamW,70,1.7277845820729476e-15,3.4938840426726223,1.0,0.875,4,280,5.28670090000378
S1,AdamW,71,1.797173521112024e-15,3.493921775925445,1.0,0.875,4,284,5.337153000000399
S1,AdamW,72,1.8596235662471924e-15,3.493959494582055,1.0,0.875,4,288,5.39579069998581
S1,AdamW,73,1.929012505286269e-15,3.4939971986039997,1.0,0.875,4,292,5.446464399981778
S1,AdamW,74,2.0053403382292533e-15,3.4940348879529455,1.0,0.875,4,296,5.535292299988214
S1,AdamW,75,2.0747292772683303e-15,3.494072562590705,1.0,0.875,4,300,5.617509600007907
S1,AdamW,76,2.151057110211315e-15,3.4941102224792058,1.0,0.875,4,304,5.685502899985295
S1,AdamW,77,2.2343238370582076e-15,3.4941478675804842,1.0,0.875,4,308,5.7373408999992535
S1,AdamW,78,2.3175905639051003e-15,3.4941854978567366,1.0,0.875,4,312,5.789370100013912
S1,AdamW,79,2.4008572907519933e-15,3.494223113270235,1.0,0.875,4,316,5.837270200019702
S1,AdamW,80,2.4910629115027944e-15,3.494260713783419,1.0,0.875,4,320,5.929275600006804
S1,AdamW,81,2.5812685322535955e-15,3.4942982993588108,1.0,0.875,4,324,6.0076079000136815
S1,AdamW,82,2.678413046908305e-15,3.494335869959058,1.0,0.875,4,328,6.071050600032322
S1,AdamW,83,2.782496455466922e-15,3.494373425546959,1.0,0.875,4,332,6.137021100032143
S1,AdamW,84,2.8865798640255395e-15,3.4944109660853973,1.0,0.875,4,336,6.251271300017834
S1,AdamW,85,2.990663272584158e-15,3.49444849153739,1.0,0.875,4,340,6.343087300017942
S1,AdamW,86,3.1016855750466845e-15,3.4944860018660684,1.0,0.875,4,344,6.4310708999983035
S1,AdamW,87,3.2196467714131192e-15,3.4945234970346988,1.0,0.875,4,348,6.479525899980217
S1,AdamW,88,3.3306690738756463e-15,3.4945609770066346,1.0,0.875,4,352,6.532284000015352
S1,AdamW,89,3.45556916414599e-15,3.494598441745375,1.0,0.875,4,356,6.822959200013429
S1,AdamW,90,3.580469254416334e-15,3.4946358912145388,1.0,0.875,4,360,7.016561100026593
S1,AdamW,91,3.7123082385905865e-15,3.4946733253778572,1.0,0.875,4,364,7.14428130001761
S1,AdamW,92,3.84414722276484e-15,3.494710744199175,1.0,0.875,4,368,7.289465399982873
S1,AdamW,93,3.98986399474691e-15,3.4947481476424516,1.0,0.875,4,372,7.434557400003541
S1,AdamW,94,4.128641872825073e-15,3.4947855356717814,1.0,0.875,4,376,7.504722199984826
S1,AdamW,95,4.2812975387110526e-15,3.4948229082513436,1.0,0.875,4,380,7.681624700024258
S1,AdamW,96,4.433953204597033e-15,3.4948602653454808,1.0,0.875,4,384,7.750513700011652
S1,AdamW,97,4.60048665829083e-15,3.4948976069186353,1.0,0.875,4,388,7.829142700007651
S1,AdamW,98,4.767020111984629e-15,3.494934932935337,1.0,0.875,4,392,7.9210874999989755
S1,AdamW,99,4.9335535656784275e-15,3.494972243360292,1.0,0.875,4,396,8.033020700037014
S1,AdamW,100,5.113964807180045e-15,3.4950095381582957,1.0,0.875,4,400,8.16393139999127
S2,Full-batch GD,1,0.6182720118980978,2.1862608098574823,0.75,0.625,1,1,0.09026090003317222
S2,Full-batch GD,2,0.38892666309279944,2.1279705580154404,0.8125,0.625,1,2,0.10091530001955107
S2,Full-batch GD,3,0.30268047528184056,2.10611883330125,0.9375,0.75,1,3,0.16370190004818141
S2,Full-batch GD,4,0.24654042914831323,2.11537435353626,0.9375,0.75,1,4,0.2581177999963984
S2,Full-batch GD,5,0.21408984233345166,2.125675479469462,0.9375,0.75,1,5,0.34809690003748983
S2,Full-batch GD,6,0.1867812141341964,2.140400850426321,0.9375,0.75,1,6,0.3816285000066273
S2,Full-batch GD,7,0.16825017292060201,2.1451525785711185,0.9375,0.75,1,7,0.40888250002171844
S2,Full-batch GD,8,0.15424613570211124,2.1513989934584754,0.96875,0.75,1,8,0.43930460000410676
S2,Full-batch GD,9,0.1431260742842409,2.161592162700689,0.96875,0.75,1,9,0.46054860000731423
S2,Full-batch GD,10,0.13173011969791154,2.1887361399185634,0.96875,0.75,1,10,0.5290115000098012
S2,Full-batch GD,11,0.12105591211294389,2.1910327524982325,0.96875,0.75,1,11,0.5862469000276178
S2,Full-batch GD,12,0.11265880890105323,2.2080110412132616,0.96875,0.75,1,12,0.6216787000303157
S2,Full-batch GD,13,0.10471920342613024,2.2109009076962276,1.0,0.75,1,13,0.7251729000126943
S2,Full-batch GD,14,0.09927637292500666,2.214280404438491,1.0,0.75,1,14,0.7692687000380829
S2,Full-batch GD,15,0.09323068377482768,2.222136121560631,1.0,0.75,1,15,0.7823479000362568
S2,Full-batch GD,16,0.08914443943828577,2.2329292275647314,1.0,0.75,1,16,0.8203604000154883
S2,Full-batch GD,17,0.08663210442147345,2.2439387544934575,1.0,0.75,1,17,0.8353515000198968
S2,Full-batch GD,18,0.08255675044308375,2.250634815626571,1.0,0.75,1,18,0.8541466000024229
S2,Full-batch GD,19,0.07804335088280782,2.261912630248762,1.0,0.75,1,19,0.903489799995441
S2,Full-batch GD,20,0.0751239417590441,2.2645138357525747,1.0,0.75,1,20,0.9283500000019558
S2,Full-batch GD,21,0.07150865499460893,2.2750881632719064,1.0,0.75,1,21,1.0272272000438534
S2,Full-batch GD,22,0.06888243526215118,2.285464793456342,1.0,0.75,1,22,1.3082484000478871
S2,Full-batch GD,23,0.06614895914979392,2.283129322407252,1.0,0.75,1,23,1.4059335000347346
S2,Full-batch GD,24,0.06424155972784237,2.293636909183461,1.0,0.75,1,24,1.4180808000382967
S2,Full-batch GD,25,0.06219302507672151,2.306815995521111,1.0,0.75,1,25,1.445672800007742
S2,Full-batch GD,26,0.059826244784574774,2.2997794443779522,1.0,0.75,1,26,1.468060500046704
S2,Full-batch GD,27,0.05712400289862835,2.3078521989698566,1.0,0.75,1,27,1.4888024000101723
S2,Full-batch GD,28,0.0547844167280839,2.314432526736704,1.0,0.75,1,28,1.5022354000248015
S2,Full-batch GD,29,0.05298461747591677,2.3126776664570508,1.0,0.75,1,29,1.5321174000273459
S2,Full-batch GD,30,0.05084581911558445,2.318804432041375,1.0,0.75,1,30,1.5514431000337936
S2,Full-batch GD,31,0.04894325660312597,2.3241820786314853,1.0,0.75,1,31,1.597659900027793
S2,Full-batch GD,32,0.04744494657813203,2.3302962643085463,1.0,0.75,1,32,1.6472873000311665
S2,Full-batch GD,33,0.04588913821365316,2.327475502676697,1.0,0.75,1,33,1.703151500027161
S2,Full-batch GD,34,0.04491464361093757,2.3364702759755622,1.0,0.75,1,34,1.7867791000171565
S2,Full-batch GD,35,0.043389764944985657,2.3418234625042027,1.0,0.75,1,35,1.8334880000329576
S2,Full-batch GD,36,0.04211138346142004,2.3411386089540915,1.0,0.75,1,36,1.8768401000415906
S2,Full-batch GD,37,0.04068577038476849,2.345469140472506,1.0,0.75,1,37,1.9022420000401326
S2,Full-batch GD,38,0.03941235135653764,2.3507681024975904,1.0,0.75,1,38,1.9338754000491463
S2,Full-batch GD,39,0.03836876605642804,2.3485295474336394,1.0,0.75,1,39,1.9547499000327662
S2,Full-batch GD,40,0.037063502507498104,2.3548768574515404,1.0,0.75,1,40,1.9844222000101581
S2,Full-batch GD,41,0.035977418733405604,2.3586681194138586,1.0,0.75,1,41,2.0187805000459775
S2,Full-batch GD,42,0.03500002276883278,2.3565176881729064,1.0,0.75,1,42,2.0431768000125885
S2,Full-batch GD,43,0.03385645774043338,2.362512834809553,1.0,0.75,1,43,2.1290286000003107
S2,Full-batch GD,44,0.033407132364613096,2.3671032518413977,1.0,0.75,1,44,2.186583000002429
S2,Full-batch GD,45,0.03246047882494458,2.369660306660571,1.0,0.75,1,45,2.2169456999981776
S2,Full-batch GD,46,0.031425586620070486,2.374170161010033,1.0,0.75,1,46,2.2392047000466846
S2,Full-batch GD,47,0.0306477284402136,2.37892776036953,1.0,0.75,1,47,2.2852383000426926
S2,Full-batch GD,48,0.029739453947776502,2.3765983304334357,1.0,0.75,1,48,2.3196068000397645
S2,Full-batch GD,49,0.028923432469959882,2.381602826441225,1.0,0.75,1,49,2.4014058000175282
S2,Full-batch GD,50,0.028193024180018372,2.380342033764423,1.0,0.75,1,50,2.4245326000382192
S2,Full-batch GD,51,0.02738178871637767,2.3840770074297852,1.0,0.75,1,51,2.5397549000335857
S2,Full-batch GD,52,0.026711523736415835,2.387496974115473,1.0,0.75,1,52,2.800276699999813
S2,Full-batch GD,53,0.026022912684336635,2.385780246157133,1.0,0.75,1,53,2.8615067999926396
S2,Full-batch GD,54,0.02541839232377934,2.3891190589484945,1.0,0.75,1,54,2.888048399996478
S2,Full-batch GD,55,0.024998545428597342,2.3909715482709455,1.0,0.75,1,55,2.9236239000456408
S2,Full-batch GD,56,0.02430567953947464,2.3949419879189855,1.0,0.75,1,56,2.942811500048265
S2,Full-batch GD,57,0.023677362123247836,2.3973687411883216,1.0,0.75,1,57,3.021205299999565
S2,Full-batch GD,58,0.02312688997632984,2.394912752291433,1.0,0.75,1,58,3.0502384999999776
S2,Full-batch GD,59,0.022519241729095363,2.3985104864169955,1.0,0.75,1,59,3.117507699993439
S2,Full-batch GD,60,0.02200019362721094,2.4008701575783005,1.0,0.75,1,60,3.2338782000006177
S2,Full-batch GD,61,0.021466465720638376,2.398505947766286,1.0,0.75,1,61,3.266462200030219
S2,Full-batch GD,62,0.020925073583211825,2.4012140487471623,1.0,0.75,1,62,3.2830733000300825
S2,Full-batch GD,63,0.020482372913844946,2.4003599431534623,1.0,0.75,1,63,3.349455300020054
S2,Full-batch GD,64,0.01996588105460437,2.403183930079745,1.0,0.75,1,64,3.4812271000118926
S2,Full-batch GD,65,0.019663228223786102,2.4075818583503517,1.0,0.75,1,65,3.542818400019314
S2,Full-batch GD,66,0.01922100156548224,2.407137839049994,1.0,0.75,1,66,3.569225999992341
S2,Full-batch GD,67,0.01875328009633796,2.409512120761866,1.0,0.75,1,67,3.6195511000114493
S2,Full-batch GD,68,0.01836631274830258,2.4118294144668666,1.0,0.75,1,68,3.6661467000376433
S2,Full-batch GD,69,0.01793223428221945,2.411118915367645,1.0,0.75,1,69,3.711568900034763
S2,Full-batch GD,70,0.017544635955252477,2.4137197485474626,1.0,0.75,1,70,3.863586099992972
S2,Full-batch GD,71,0.01717253842311317,2.413162158377368,1.0,0.75,1,71,3.9381313000340015
S2,Full-batch GD,72,0.0167761300094021,2.415922668596329,1.0,0.75,1,72,3.968845000024885
S2,Full-batch GD,73,0.01643589042641891,2.417220594305282,1.0,0.75,1,73,4.013952600012999
S2,Full-batch GD,74,0.01608247872333724,2.4163601306468783,1.0,0.75,1,74,4.025293300044723
S2,Full-batch GD,75,0.015750092620055847,2.4187715033268566,1.0,0.75,1,75,4.055588999995962
S2,Full-batch GD,76,0.015519221959666336,2.4181359970569423,1.0,0.75,1,76,4.089429400046356
S2,Full-batch GD,77,0.015168608762650427,2.420029066691658,1.0,0.75,1,77,4.139617400011048
S2,Full-batch GD,78,0.014863427246215935,2.421482563183674,1.0,0.75,1,78,4.2917622000095434
S2,Full-batch GD,79,0.014565460752489701,2.4206155406134795,1.0,0.75,1,79,4.322933200048283
S2,Full-batch GD,80,0.01425633473877213,2.4219755921923065,1.0,0.75,1,80,4.3862635000259615
S2,Full-batch GD,81,0.013996743593254413,2.421527616183334,1.0,0.75,1,81,4.432872000033967
S2,Full-batch GD,82,0.013704466145921636,2.422996047157191,1.0,0.75,1,82,4.453962900035549
S2,Full-batch GD,83,0.013449720132342633,2.424542415457415,1.0,0.75,1,83,4.487496400019154
S2,Full-batch GD,84,0.013180651175276581,2.4234122749016143,1.0,0.75,1,84,4.5095003000460565
S2,Full-batch GD,85,0.01291813509348938,2.4246367911723663,1.0,0.75,1,85,4.567031700047664
S2,Full-batch GD,86,0.012689933224966431,2.4242321982128274,1.0,0.75,1,86,4.602390400017612
S2,Full-batch GD,87,0.012494318393528464,2.4253171130465163,1.0,0.75,1,87,4.660704500041902
S2,Full-batch GD,88,0.012257328486312221,2.4267788295270285,1.0,0.75,1,88,4.669981400016695
S2,Full-batch GD,89,0.012028590772302698,2.4260861897320822,1.0,0.75,1,89,4.6834067000309005
S2,Full-batch GD,90,0.011796212536420728,2.4276606952428144,1.0,0.75,1,90,4.693717000016477
S2,Full-batch GD,91,0.01159369268506608,2.426832500582244,1.0,0.75,1,91,4.724726200045552
S2,Full-batch GD,92,0.011370453076960543,2.4281228222187634,1.0,0.75,1,92,4.7557866999995895
S2,Full-batch GD,93,0.011172120634559472,2.4292020372252936,1.0,0.75,1,93,4.842668800032698
S2,Full-batch GD,94,0.010976612511859048,2.427902150967607,1.0,0.75,1,94,4.897355300025083
S2,Full-batch GD,95,0.010773673433949943,2.429273855282103,1.0,0.75,1,95,5.036560700042173
S2,Full-batch GD,96,0.010599389747915095,2.4285483585208083,1.0,0.75,1,96,5.052126900001895
S2,Full-batch GD,97,0.010416384681984386,2.4299514886462017,1.0,0.75,1,97,5.072930800030008
S2,Full-batch GD,98,0.01026754770160479,2.4308474467601004,1.0,0.75,1,98,5.10235450003529
S2,Full-batch GD,99,0.010096380819380486,2.4306663914451674,1.0,0.75,1,99,5.1196825000224635
S2,Full-batch GD,100,0.009916578327118718,2.431738674196093,1.0,0.75,1,100,5.151002900034655
S2,Mini-batch GD,1,0.4066040164029539,2.162211818404202,0.84375,0.75,4,4,0.06273090001195669
S2,Mini-batch GD,2,0.9569942759949597,2.0302698291804866,0.9375,0.75,4,8,0.20916030002990738
S2,Mini-batch GD,3,0.13974751890453146,1.926515816732411,0.9375,0.75,4,12,0.28628560004290193
S2,Mini-batch GD,4,0.04274231326898731,1.8585981175531738,1.0,0.75,4,16,0.3622682000277564
S2,Mini-batch GD,5,0.02969222414028068,1.877756154198249,1.0,0.75,4,20,0.4409790000063367
S2,Mini-batch GD,6,0.023431729548880578,1.8807972136111921,1.0,0.75,4,24,0.6338683000067249
S2,Mini-batch GD,7,0.018934734859866718,1.8872162605592495,1.0,0.75,4,28,0.6756361000007018
S2,Mini-batch GD,8,0.015848167445900195,1.8952200987859005,1.0,0.75,4,32,0.7328370999894105
S2,Mini-batch GD,9,0.01366533091012748,1.9039073547040224,1.0,0.75,4,36,0.7735965000465512
S2,Mini-batch GD,10,0.012028150759048017,1.9066708964589634,1.0,0.75,4,40,0.8481514000450261
S2,Mini-batch GD,11,0.010670278130304635,1.9145726591391439,1.0,0.75,4,44,0.9886012999922968
S2,Mini-batch GD,12,0.009511493680467196,1.9201489138221532,1.0,0.75,4,48,1.1253044999903068
S2,Mini-batch GD,13,0.008589149316880759,1.9262452890888806,1.0,0.75,4,52,1.6097423000028357
S2,Mini-batch GD,14,0.007866423987713788,1.9311025190073936,1.0,0.75,4,56,1.7481897000106983
S2,Mini-batch GD,15,0.007231650201314919,1.9352463268767193,1.0,0.75,4,60,1.8117245000321418
S2,Mini-batch GD,16,0.006646718790113261,1.938607411789401,1.0,0.75,4,64,1.8465854999958538
S2,Mini-batch GD,17,0.006179972533672754,1.9420548429410858,1.0,0.75,4,68,1.929464100045152
S2,Mini-batch GD,18,0.005754526773415369,1.9455659759965545,1.0,0.75,4,72,2.1759770000353456
S2,Mini-batch GD,19,0.0053867831903920815,1.9486459427015914,1.0,0.75,4,76,2.2330476000206545
S2,Mini-batch GD,20,0.005070941177737685,1.9507788727716067,1.0,0.75,4,80,2.296178199991118
S2,Mini-batch GD,21,0.004792902369088152,1.9520849375127713,1.0,0.75,4,84,2.3454192000208423
S2,Mini-batch GD,22,0.004538931225029063,1.953952339190302,1.0,0.75,4,88,2.4569284000317566
S2,Mini-batch GD,23,0.004310713371679447,1.9560459411976419,1.0,0.75,4,92,2.5966377000440843
S2,Mini-batch GD,24,0.004115948430208409,1.9575011100966837,1.0,0.75,4,96,2.680018100014422
S2,Mini-batch GD,25,0.003929977774558303,1.958574002164151,1.0,0.75,4,100,2.724609400029294
S2,Mini-batch GD,26,0.00375849440490266,1.9603794582052514,1.0,0.75,4,104,2.7727920000324957
S2,Mini-batch GD,27,0.0036072949683591702,1.962370703205457,1.0,0.75,4,108,2.8127152000088245
S2,Mini-batch GD,28,0.003463752344177537,1.9638595779630668,1.0,0.75,4,112,2.9227530999924056
S2,Mini-batch GD,29,0.00332951540755096,1.9657641361188063,1.0,0.75,4,116,3.012677700025961
S2,Mini-batch GD,30,0.0032074893404428033,1.96782489828831,1.0,0.75,4,120,3.07252550002886
S2,Mini-batch GD,31,0.003097586139512181,1.968427209182591,1.0,0.75,4,124,3.151367800019216
S2,Mini-batch GD,32,0.0029893249867489306,1.9705271276604082,1.0,0.75,4,128,3.2922171000391245
S2,Mini-batch GD,33,0.0028912336924559585,1.972743870140201,1.0,0.75,4,132,3.4277145999949425
S2,Mini-batch GD,34,0.002802095482603356,1.973076974401063,1.0,0.75,4,136,3.6098840000340715
S2,Mini-batch GD,35,0.0027117677901368426,1.9752295599782974,1.0,0.75,4,140,3.8604510000441223
S2,Mini-batch GD,36,0.0026281059999609677,1.9775205439265096,1.0,0.75,4,144,3.9801744000287727
S2,Mini-batch GD,37,0.0025505154163501455,1.9775371987383026,1.0,0.75,4,148,4.02767090004636
S2,Mini-batch GD,38,0.002474865187664534,1.9797820964593067,1.0,0.75,4,152,4.257203900022432
S2,Mini-batch GD,39,0.002404919624436428,1.9802316092643086,1.0,0.75,4,156,4.322484000003897
S2,Mini-batch GD,40,0.0023382101661716206,1.9822464645927758,1.0,0.75,4,160,4.68835280003259
S2,Mini-batch GD,41,0.0022762062991063346,1.9831296848650122,1.0,0.75,4,164,4.814204599999357
S2,Mini-batch GD,42,0.002216783739793603,1.98422663179905,1.0,0.75,4,168,4.876211200025864
S2,Mini-batch GD,43,0.002159756758217121,1.9860945312419678,1.0,0.75,4,172,5.185346800019033
S2,Mini-batch GD,44,0.0021065701206665222,1.9865932386064165,1.0,0.75,4,176,5.286974799993914
S2,Mini-batch GD,45,0.0020545790866149795,1.9883946776644532,1.0,0.75,4,180,5.355378100008238
S2,Mini-batch GD,46,0.002005129664102126,1.989442088998839,1.0,0.75,4,184,5.519833000027575
S2,Mini-batch GD,47,0.0019592830238805365,1.9909818382213371,1.0,0.75,4,188,5.80149350001011
S2,Mini-batch GD,48,0.0019140256023926203,1.9920442857596512,1.0,0.75,4,192,5.935647200036328
S2,Mini-batch GD,49,0.0018703180952948763,1.9932104153268553,1.0,0.75,4,196,6.159857999999076
S2,Mini-batch GD,50,0.0018316681293349495,1.994218505314035,1.0,0.75,4,200,6.340220500016585
S2,Mini-batch GD,51,0.0017907770875846246,1.995112407620248,1.0,0.75,4,204,6.508352300035767
S2,Mini-batch GD,52,0.001752241106976882,1.995872540998557,1.0,0.75,4,208,6.662170000025071
S2,Mini-batch GD,53,0.0017154141398698017,1.9968855189224666,1.0,0.75,4,212,7.25027100002626
S2,Mini-batch GD,54,0.0016804880047262957,1.9981877440053097,1.0,0.75,4,216,7.367887900036294
S2,Mini-batch GD,55,0.0016463050441948446,1.998713807226579,1.0,0.75,4,220,7.657708999991883
S2,Mini-batch GD,56,0.0016144404316603379,1.99962730047754,1.0,0.75,4,224,7.747911999991629
S2,Mini-batch GD,57,0.00158276842611059,2.001184807789895,1.0,0.75,4,228,7.786420600023121
S2,Mini-batch GD,58,0.001552548632372968,2.0021061044246657,1.0,0.75,4,232,7.840402100002393
S2,Mini-batch GD,59,0.0015238852738532376,2.00238114071663,1.0,0.75,4,236,7.898607500013895
S2,Mini-batch GD,60,0.0014964032045728785,2.0035955926782543,1.0,0.75,4,240,7.971364900004119
S2,Mini-batch GD,61,0.0014689632914392668,2.004522159382692,1.0,0.75,4,244,8.059344200009946
S2,Mini-batch GD,62,0.001442726297530816,2.0051862680668977,1.0,0.75,4,248,8.117787800030783
S2,Mini-batch GD,63,0.0014182118520534308,2.006133753512839,1.0,0.75,4,252,8.167340599989984
S2,Mini-batch GD,64,0.0013936372611650974,2.0073277522588073,1.0,0.75,4,256,8.202557100041304
S2,Mini-batch GD,65,0.0013702318379985867,2.007349524434452,1.0,0.75,4,260,8.268579000025056
S2,Mini-batch GD,66,0.0013479607561647767,2.008729261328842,1.0,0.75,4,264,8.315849100006744
S2,Mini-batch GD,67,0.0013257032462647036,2.0094390605256915,1.0,0.75,4,268,8.467480399995111
S2,Mini-batch GD,68,0.0013039157649557297,2.01014160360923,1.0,0.75,4,272,8.508552599989343
S2,Mini-batch GD,69,0.0012835706381367246,2.011005626995689,1.0,0.75,4,276,8.566690000006929
S2,Mini-batch GD,70,0.001263848172662456,2.01170919217501,1.0,0.75,4,280,8.632286400010344
S2,Mini-batch GD,71,0.0012441693541137653,2.0122167350781823,1.0,0.75,4,284,8.684695700008888
S2,Mini-batch GD,72,0.0012253651278573486,2.0129897602887015,1.0,0.75,4,288,8.867923100013286
S2,Mini-batch GD,73,0.001207049650145717,2.0140359401954733,1.0,0.75,4,292,8.922208400035743
S2,Mini-batch GD,74,0.0011891153023374798,2.014417666428214,1.0,0.75,4,296,9.033581600000616
S2,Mini-batch GD,75,0.0011719184734075615,2.0153618276846252,1.0,0.75,4,300,9.098470000026282
S2,Mini-batch GD,76,0.0011553584876341835,2.0157445803837337,1.0,0.75,4,304,9.139863100019284
S2,Mini-batch GD,77,0.0011388575987949447,2.0162647604836694,1.0,0.75,4,308,9.321610300044995
S2,Mini-batch GD,78,0.0011227744021961152,2.0173192718376263,1.0,0.75,4,312,9.374900199996773
S2,Mini-batch GD,79,0.0011074112518858683,2.0178126348887404,1.0,0.75,4,316,9.523202100011986
S2,Mini-batch GD,80,0.0010920243828315115,2.018784938950873,1.0,0.75,4,320,9.727704200020526
S2,Mini-batch GD,81,0.0010776161202617081,2.0188173456973644,1.0,0.75,4,324,9.885730900045019
S2,Mini-batch GD,82,0.0010632783031565038,2.019915139244261,1.0,0.75,4,328,9.939568700036034
S2,Mini-batch GD,83,0.001049273105881804,2.0203224448939268,1.0,0.75,4,332,10.070519400003832
S2,Mini-batch GD,84,0.0010354237922670748,2.021311365726121,1.0,0.75,4,336,10.140509799995925
S2,Mini-batch GD,85,0.001022290960152898,2.022104814924362,1.0,0.75,4,340,10.207162200007588
S2,Mini-batch GD,86,0.0010090549271332431,2.0230106328142172,1.0,0.75,4,344,10.286400999990292
S2,Mini-batch GD,87,0.0009966290585641671,2.023051172262172,1.0,0.75,4,348,10.407255600031931
S2,Mini-batch GD,88,0.0009846127291467735,2.0236744285958412,1.0,0.75,4,352,10.607223300030455
S2,Mini-batch GD,89,0.0009722391547758582,2.0245278708536967,1.0,0.75,4,356,10.713423100009095
S2,Mini-batch GD,90,0.0009604020746243616,2.024937952075885,1.0,0.75,4,360,10.786504700023215
S2,Mini-batch GD,91,0.0009490170438576828,2.0256728676109965,1.0,0.75,4,364,10.99265790003119
S2,Mini-batch GD,92,0.0009377927888736847,2.026459331582539,1.0,0.75,4,368,11.053993800014723
S2,Mini-batch GD,93,0.0009267069592992924,2.027191768841818,1.0,0.75,4,372,11.09009850001894
S2,Mini-batch GD,94,0.0009161969260904033,2.027055312598336,1.0,0.75,4,376,11.213658299995586
S2,Mini-batch GD,95,0.000905532463039298,2.0279555483561054,1.0,0.75,4,380,11.362486300000455
S2,Mini-batch GD,96,0.0008952193987537867,2.0286240649478184,1.0,0.75,4,384,11.501507200009655
S2,Mini-batch GD,97,0.000885271520196287,2.02935202765735,1.0,0.75,4,388,11.542586700001266
S2,Mini-batch GD,98,0.0008757320734050669,2.029537416981413,1.0,0.75,4,392,11.624211000045761
S2,Mini-batch GD,99,0.000865953691416504,2.0302171503684714,1.0,0.75,4,396,11.774627400038298
S2,Mini-batch GD,100,0.0008565402240739136,2.0308338711689804,1.0,0.75,4,400,11.844188300019596
S2,Stochastic GD,1,0.7802422600232641,0.619268796091616,0.875,0.625,32,32,0.07102720002876595
S2,Stochastic GD,2,0.4292915905203403,0.682943339453411,0.90625,0.75,32,64,0.15667820000089705
S2,Stochastic GD,3,0.00010317175420190476,0.5018679345877931,1.0,0.75,32,96,0.2527839000103995
S2,Stochastic GD,4,9.65141594165526e-05,0.508851402750525,1.0,0.75,32,128,0.30151499999919906
S2,Stochastic GD,5,9.068807948278825e-05,0.5154398365884423,1.0,0.75,32,160,0.3479626000043936
S2,Stochastic GD,6,8.554434038217341e-05,0.5216780659871981,1.0,0.75,32,192,0.3887976999976672
S2,Stochastic GD,7,8.096741816137564e-05,0.527598374699398,1.0,0.75,32,224,0.44067109999014065
S2,Stochastic GD,8,7.686285931039688e-05,0.5332364273461462,1.0,0.75,32,256,0.5147005000035278
S2,Stochastic GD,9,7.316161931873293e-05,0.5386230938705708,1.0,0.75,32,288,0.6072709999862127
S2,Stochastic GD,10,6.980929480726833e-05,0.543777950587757,1.0,0.75,32,320,0.8531928000156768
S2,Stochastic GD,11,6.676059409274291e-05,0.5487138292893428,1.0,0.75,32,352,1.0693483999930322
S2,Stochastic GD,12,6.397366693049135e-05,0.5534556060061311,1.0,0.75,32,384,1.1381465999875218
S2,Stochastic GD,13,6.141271856440377e-05,0.558025940602618,1.0,0.75,32,416,1.1840176000259817
S2,Stochastic GD,14,5.905492112873448e-05,0.5624334671969539,1.0,0.75,32,448,1.2418765000184067
S2,Stochastic GD,15,5.687694045758552e-05,0.5666860243943423,1.0,0.75,32,480,1.2881931000156328
S2,Stochastic GD,16,5.486021438209462e-05,0.5707915955170642,1.0,0.75,32,512,1.3328092999872752
S2,Stochastic GD,17,5.298372582146559e-05,0.5747650136245683,1.0,0.75,32,544,1.410745000001043
S2,Stochastic GD,18,5.1234792882222644e-05,0.5786162648810618,1.0,0.75,32,576,1.4863654000218958
S2,Stochastic GD,19,4.9602778185294934e-05,0.5823509592075481,1.0,0.75,32,608,1.5389766999869607
S2,Stochastic GD,20,4.807266369355454e-05,0.5859788232273994,1.0,0.75,32,640,1.5866312999860384
S2,Stochastic GD,21,4.663866856257063e-05,0.5895005024375355,1.0,0.75,32,672,1.6315125999972224
S2,Stochastic GD,22,4.529039636396573e-05,0.592926900464056,1.0,0.75,32,704,1.6794121999992058
S2,Stochastic GD,23,4.401939387896522e-05,0.5962602890489686,1.0,0.75,32,736,1.8785620999988168
S2,Stochastic GD,24,4.2820572848882614e-05,0.59950796209012,1.0,0.75,32,768,1.9239231999963522
S2,Stochastic GD,25,4.168771445890643e-05,0.6026741227070872,1.0,0.75,32,800,1.9676463000359945
S2,Stochastic GD,26,4.0615331386985585e-05,0.6057622791262034,1.0,0.75,32,832,2.021754499990493
S2,Stochastic GD,27,3.9597883680161e-05,0.6087776334278383,1.0,0.75,32,864,2.08474020002177
S2,Stochastic GD,28,3.8632589195185044e-05,0.6117229462381497,1.0,0.75,32,896,2.156179899990093
S2,Stochastic GD,29,3.7714403393716175e-05,0.6146002600205904,1.0,0.75,32,928,2.298431899980642
S2,Stochastic GD,30,3.684091287396135e-05,0.6174143705905806,1.0,0.75,32,960,2.3588597000343725
S2,Stochastic GD,31,3.6008426179780226e-05,0.6201666903784169,1.0,0.75,32,992,2.409506299998611
S2,Stochastic GD,32,3.5213783338613325e-05,0.6228616634892246,1.0,0.75,32,1024,2.4798751000198536
S2,Stochastic GD,33,3.445468180665691e-05,0.6254916519289582,1.0,0.75,32,1056,2.53579420002643
S2,Stochastic GD,34,3.3728733247137595e-05,0.6280402602290746,1.0,0.75,32,1088,2.5888534000259824
S2,Stochastic GD,35,3.303403630121337e-05,0.6305375856127945,1.0,0.75,32,1120,2.6500303000211716
S2,Stochastic GD,36,3.2368438176895415e-05,0.6329883001728083,1.0,0.75,32,1152,2.704968000005465
S2,Stochastic GD,37,3.1730128786946334e-05,0.635391078297163,1.0,0.75,32,1184,2.7735439999960363
S2,Stochastic GD,38,3.111756783020813e-05,0.6377495464201494,1.0,0.75,32,1216,2.828005600022152
S2,Stochastic GD,39,3.052922459939111e-05,0.6400642563253683,1.0,0.75,32,1248,2.881242999981623
S2,Stochastic GD,40,2.996393643510469e-05,0.6423367205225894,1.0,0.75,32,1280,2.9296712999930605
S2,Stochastic GD,41,2.94197080781727e-05,0.644570277622694,1.0,0.75,32,1312,2.980980099993758
S2,Stochastic GD,42,2.889595559929461e-05,0.6467643504171896,1.0,0.75,32,1344,3.032858300022781
S2,Stochastic GD,43,2.8391391760629667e-05,0.6489214950980207,1.0,0.75,32,1376,3.09911990002729
S2,Stochastic GD,44,2.7904923621758762e-05,0.6510427933151764,1.0,0.75,32,1408,3.1539492000010796
S2,Stochastic GD,45,2.7435263844866105e-05,0.6531298832034294,1.0,0.75,32,1440,3.2031716000055894
S2,Stochastic GD,46,2.6982102708004726e-05,0.6551826943201985,1.0,0.75,32,1472,3.2489825999946333
S2,Stochastic GD,47,2.654414286443574e-05,0.6572040655524622,1.0,0.75,32,1504,3.2991056999890134
S2,Stochastic GD,48,2.6121011162263255e-05,0.6591930216802689,1.0,0.75,32,1536,3.3481295999954455
S2,Stochastic GD,49,2.5711710150449342e-05,0.6611521554732953,1.0,0.75,32,1568,3.4045221999986097
S2,Stochastic GD,50,2.5315623117879856e-05,0.6630817445448172,1.0,0.75,32,1600,3.465087099990342
S2,Stochastic GD,51,2.4951897867305887e-05,0.6649822278113087,1.0,0.75,32,1632,3.5177867999882437
S2,Stochastic GD,52,2.4611719235062535e-05,0.6667917329538423,1.0,0.75,32,1664,3.5697847999981605
S2,Stochastic GD,53,2.428109289209513e-05,0.6685768422643508,1.0,0.75,32,1696,3.6390596000128426
S2,Stochastic GD,54,2.395950948474378e-05,0.6703395840614711,1.0,0.75,32,1728,3.6939935000264086
S2,Stochastic GD,55,2.364668936890494e-05,0.6720797191824539,1.0,0.75,32,1760,3.7830036000232212
S2,Stochastic GD,56,2.3342240577966827e-05,0.6737981666345138,1.0,0.75,32,1792,3.92052689997945
S2,Stochastic GD,57,2.3045836963385124e-05,0.6754953753112402,1.0,0.75,32,1824,3.969888899999205
S2,Stochastic GD,58,2.2757155738778528e-05,0.6771723174117895,1.0,0.75,32,1856,4.019863300025463
S2,Stochastic GD,59,2.2475917296068945e-05,0.6788288548513998,1.0,0.75,32,1888,4.0773501000367105
S2,Stochastic GD,60,2.220180094978599e-05,0.6804656460503307,1.0,0.75,32,1920,4.125008900009561
S2,Stochastic GD,61,2.1934574550946205e-05,0.6820830010653873,1.0,0.75,32,1952,4.184444700018503
S2,Stochastic GD,62,2.167394067912192e-05,0.6836821949999131,1.0,0.75,32,1984,4.277324000024237
S2,Stochastic GD,63,2.1419698923939763e-05,0.685262607408478,1.0,0.75,32,2016,4.405365800019354
S2,Stochastic GD,64,2.1171601022791466e-05,0.6868255174322018,1.0,0.75,32,2048,4.487515399989206
S2,Stochastic GD,65,2.092941661479479e-05,0.6883708543167659,1.0,0.75,32,2080,4.581199400010519
S2,Stochastic GD,66,2.0692933371804438e-05,0.6898991685853908,1.0,0.75,32,2112,4.629789800033905
S2,Stochastic GD,67,2.0461943433972468e-05,0.6914108910366281,1.0,0.75,32,2144,4.6813674999866635
S2,Stochastic GD,68,2.023628367786007e-05,0.6929058718301199,1.0,0.75,32,2176,4.775717600015923
S2,Stochastic GD,69,2.0015723139013077e-05,0.6943852633392542,1.0,0.75,32,2208,4.822800800029654
S2,Stochastic GD,70,1.980016418072186e-05,0.6958487527104131,1.0,0.75,32,2240,4.875517199980095
S2,Stochastic GD,71,1.9589391459704236e-05,0.6972969176199676,1.0,0.75,32,2272,4.930050300026778
S2,Stochastic GD,72,1.9383237174185182e-05,0.6987300366419626,1.0,0.75,32,2304,4.995696600002702
S2,Stochastic GD,73,1.9181566822056846e-05,0.7001488350273603,1.0,0.75,32,2336,5.048067499999888
S2,Stochastic GD,74,1.898421714707908e-05,0.7015530005261686,1.0,0.75,32,2368,5.112458000017796
S2,Stochastic GD,75,1.879107744831957e-05,0.7029431973008095,1.0,0.75,32,2400,5.164062800002284
S2,Stochastic GD,76,1.8602001551874723e-05,0.704319542857423,1.0,0.75,32,2432,5.222274300002027
S2,Stochastic GD,77,1.841684222339319e-05,0.7056823494939991,1.0,0.75,32,2464,5.32330320001347
S2,Stochastic GD,78,1.823550459825236e-05,0.7070317911259147,1.0,0.75,32,2496,5.404090200026985
S2,Stochastic GD,79,1.8057852828668572e-05,0.7083687281410979,1.0,0.75,32,2528,5.461848100007046
S2,Stochastic GD,80,1.788379606852381e-05,0.7096925998693931,1.0,0.75,32,2560,5.5248503999901
S2,Stochastic GD,81,1.7713213905526092e-05,0.7110036938391495,1.0,0.75,32,2592,5.5894441999844275
S2,Stochastic GD,82,1.754597133732543e-05,0.7123028653957777,1.0,0.75,32,2624,5.725412000028882
S2,Stochastic GD,83,1.738203310517331e-05,0.7135897859296929,1.0,0.75,32,2656,5.787399800028652
S2,Stochastic GD,84,1.7221258153469735e-05,0.7148648082468395,1.0,0.75,32,2688,5.8383224999997765
S2,Stochastic GD,85,1.7063561978217084e-05,0.7161282991230105,1.0,0.75,32,2720,5.88915459997952
S2,Stochastic GD,86,1.6908852187997382e-05,0.7173808744122622,1.0,0.75,32,2752,5.938984200009145
S2,Stochastic GD,87,1.6757065098947983e-05,0.7186217538724464,1.0,0.75,32,2784,5.99709860002622
S2,Stochastic GD,88,1.660808979599332e-05,0.7198521762440242,1.0,0.75,32,2816,6.32760950003285
S2,Stochastic GD,89,1.6461845352658294e-05,0.7210717579050536,1.0,0.75,32,2848,6.412238500022795
S2,Stochastic GD,90,1.6318276999966352e-05,0.7222808980925485,1.0,0.75,32,2880,6.7130629000021145
S2,Stochastic GD,91,1.6177309686207638e-05,0.7234793915570567,1.0,0.75,32,2912,6.787795800017193
S2,Stochastic GD,92,1.6038885325311256e-05,0.7246675680799888,1.0,0.75,32,2944,6.84515960002318
S2,Stochastic GD,93,1.590290973700377e-05,0.7258455821997696,1.0,0.75,32,2976,6.918302300036885
S2,Stochastic GD,94,1.576932401962661e-05,0.7270138744872117,1.0,0.75,32,3008,7.03376030002255
S2,Stochastic GD,95,1.5638074670276352e-05,0.7281726251950223,1.0,0.75,32,3040,7.156906299991533
S2,Stochastic GD,96,1.5509085487618798e-05,0.7293218946532123,1.0,0.75,32,3072,7.256012600031681
S2,Stochastic GD,97,1.538230427251799e-05,0.730461519681847,1.0,0.75,32,3104,7.348412899998948
S2,Stochastic GD,98,1.5257666012003004e-05,0.7315921846166182,1.0,0.75,32,3136,7.4744295999989845
S2,Stochastic GD,99,1.513513507695899e-05,0.7327138449662572,1.0,0.75,32,3168,7.52651870000409
S2,Stochastic GD,100,1.5014655117353302e-05,0.7338263525532935,1.0,0.75,32,3200,7.589167300029658
S2,SGD + Momentum,1,0.4592266863216532,1.6641704278825915,0.78125,0.75,4,4,0.11654570000246167
S2,SGD + Momentum,2,0.019442143662821883,1.3331125491724745,1.0,0.75,4,8,0.278556999983266
S2,SGD + Momentum,3,0.01227682672058547,1.2816095332133446,1.0,0.875,4,12,0.40325319999828935
S2,SGD + Momentum,4,1.0666527069823093,2.9783581828042687,0.90625,0.75,4,16,0.5111599999945611
S2,SGD + Momentum,5,3.833394350614291e-06,3.697902057649341,1.0,0.75,4,20,0.5768511000205763
S2,SGD + Momentum,6,0.0012426108651529147,6.907755279000144,1.0,0.75,4,24,0.6804395000217482
S2,SGD + Momentum,7,9.617332654467924e-09,6.9077552802992574,1.0,0.75,4,28,0.8748340000165626
S2,SGD + Momentum,8,4.684988088328928e-09,6.907755289507041,1.0,0.75,4,32,0.9840271000284702
S2,SGD + Momentum,9,7.864205660564914e-07,6.907755302637665,1.0,0.75,4,36,1.0476440000347793
S2,SGD + Momentum,10,2.63763887608103e-05,6.907755331348998,1.0,0.75,4,40,1.1174614999908954
S2,SGD + Momentum,11,0.00024567540093887465,6.907755395346179,1.0,0.75,4,44,1.173198600008618
S2,SGD + Momentum,12,0.0004775459152570048,6.907755466567828,1.0,0.75,4,48,1.3935893999878317
S2,SGD + Momentum,13,0.00031958219119562997,6.907755482151364,1.0,0.75,4,52,1.4472695000004023
S2,SGD + Momentum,14,8.51727517079156e-05,6.907755457702743,1.0,0.75,4,56,1.5388594000251032
S2,SGD + Momentum,15,3.113685943279978e-05,6.90775549787384,1.0,0.75,4,60,1.6363340999814682
S2,SGD + Momentum,16,1.482664408887379e-05,6.907755542685982,1.0,0.75,4,64,1.7748917000135407
S2,SGD + Momentum,17,8.745624427610123e-06,6.907755581504849,1.0,0.75,4,68,1.8383286999887787
S2,SGD + Momentum,18,5.981077213183592e-06,6.9077556119817185,1.0,0.75,4,72,1.9560572000336833
S2,SGD + Momentum,19,4.624438004882932e-06,6.907755634435922,1.0,0.75,4,76,2.118095399986487
S2,SGD + Momentum,20,3.8427257088647005e-06,6.907755650508191,1.0,0.75,4,80,2.1759727000026032
S2,SGD + Momentum,21,3.3622562029810926e-06,6.907755661798357,1.0,0.75,4,84,2.2481809000018984
S2,SGD + Momentum,22,3.0667692308011593e-06,6.90775566957545,1.0,0.75,4,88,2.306690700002946
S2,SGD + Momentum,23,2.8564741186151814e-06,6.9077556749605264,1.0,0.75,4,92,2.5071976000326686
S2,SGD + Momentum,24,2.702816502571131e-06,6.907755678744048,1.0,0.75,4,96,2.592174999997951
S2,SGD + Momentum,25,2.592568345046908e-06,6.907755681334301,1.0,0.75,4,100,2.6677563000121154
S2,SGD + Momentum,26,2.5099468870736676e-06,6.90775568311607,1.0,0.75,4,104,2.724012800026685
S2,SGD + Momentum,27,2.4411168366339964e-06,6.907755684499085,1.0,0.75,4,108,2.7777076000347733
S2,SGD + Momentum,28,2.380092667472978e-06,6.907755685494217,1.0,0.75,4,112,2.964754900021944
S2,SGD + Momentum,29,2.32923675489993e-06,6.90775568627473,1.0,0.75,4,116,3.02567539998563
S2,SGD + Momentum,30,2.2779499329112974e-06,6.907755686959934,1.0,0.75,4,120,3.0843310999916866
S2,SGD + Momentum,31,2.236656664394495e-06,6.907755687521088,1.0,0.75,4,124,3.1574672000133432
S2,SGD + Momentum,32,2.1963753933146167e-06,6.9077556879536415,1.0,0.75,4,128,3.205135299998801
S2,SGD + Momentum,33,2.154375075870428e-06,6.907755688448288,1.0,0.75,4,132,3.285091600031592
S2,SGD + Momentum,34,2.119537829403186e-06,6.907755688855883,1.0,0.75,4,136,3.3934509999817237
S2,SGD + Momentum,35,2.0869246695393325e-06,6.907755689191678,1.0,0.75,4,140,3.4582967000314966
S2,SGD + Momentum,36,2.0589459148251556e-06,6.907755689456581,1.0,0.75,4,144,3.5327112000086345
S2,SGD + Momentum,37,2.0290357913592295e-06,6.9077556897646355,1.0,0.75,4,148,3.618606699979864
S2,SGD + Momentum,38,1.999929238793255e-06,6.907755690062413,1.0,0.75,4,152,4.07172280002851
S2,SGD + Momentum,39,1.9716680334766226e-06,6.907755690381937,1.0,0.75,4,156,4.466963900020346
S2,SGD + Momentum,40,1.9407082582178116e-06,6.907755690740563,1.0,0.75,4,160,4.578209400002379
S2,SGD + Momentum,41,1.916063208447061e-06,6.907755690990667,1.0,0.75,4,164,4.652491500019096
S2,SGD + Momentum,42,1.8901258271604877e-06,6.907755691273267,1.0,0.75,4,168,4.70225869998103
S2,SGD + Momentum,43,1.8639454596013368e-06,6.907755691532808,1.0,0.75,4,172,4.844298099982552
S2,SGD + Momentum,44,1.8389561972483565e-06,6.907755691803329,1.0,0.75,4,176,5.1066945000202395
S2,SGD + Momentum,45,1.8160734275762146e-06,6.9077556920652485,1.0,0.75,4,180,5.217062400013674
S2,SGD + Momentum,46,1.7938130283037705e-06,6.907755692317407,1.0,0.75,4,184,6.522438500018325
S2,SGD + Momentum,47,1.7700518906019734e-06,6.907755692589641,1.0,0.75,4,188,9.80157260003034
S2,SGD + Momentum,48,1.7476027048037996e-06,6.907755692825135,1.0,0.75,4,192,11.623845099995378
S2,SGD + Momentum,49,1.7290091833547925e-06,6.907755693026281,1.0,0.75,4,196,12.506743000005372
S2,SGD + Momentum,50,1.7070723320881526e-06,6.907755693310126,1.0,0.75,4,200,13.976824500015937
S2,SGD + Momentum,51,1.686047589862876e-06,6.907755693570962,1.0,0.75,4,204,14.21860070002731
S2,SGD + Momentum,52,1.6681385014858263e-06,6.907755693797792,1.0,0.75,4,208,14.453229899983853
S2,SGD + Momentum,53,1.6520769212845822e-06,6.90775569394581,1.0,0.75,4,212,14.540946200024337
S2,SGD + Momentum,54,1.6334692238804598e-06,6.907755694206068,1.0,0.75,4,216,15.21083950001048
S2,SGD + Momentum,55,1.615829579653502e-06,6.907755694424079,1.0,0.75,4,220,15.603678899991792
S2,SGD + Momentum,56,1.5982291495924601e-06,6.907755694652136,1.0,0.75,4,224,15.707981800020207
S2,SGD + Momentum,57,1.5817625038867504e-06,6.907755694843281,1.0,0.75,4,228,16.378048399987165
S2,SGD + Momentum,58,1.566946793364448e-06,6.907755694980609,1.0,0.75,4,232,16.668740599998273
S2,SGD + Momentum,59,1.5487072828554764e-06,6.907755695205177,1.0,0.75,4,236,17.29240929998923
S2,SGD + Momentum,60,1.5321638890109262e-06,6.907755695407743,1.0,0.75,4,240,17.629118799988646
S2,SGD + Momentum,61,1.5153289483859066e-06,6.907755695626715,1.0,0.75,4,244,17.951760500029195
S2,SGD + Momentum,62,1.501091615579946e-06,6.90775569582853,1.0,0.75,4,248,18.372139399987645
S2,SGD + Momentum,63,1.48739037066897e-06,6.907755695985067,1.0,0.75,4,252,18.95329799997853
S2,SGD + Momentum,64,1.472693120422771e-06,6.907755696195742,1.0,0.75,4,256,19.09614690003218
S2,SGD + Momentum,65,1.4586014637853927e-06,6.907755696389475,1.0,0.75,4,260,19.30381860001944
S2,SGD + Momentum,66,1.4452861987025652e-06,6.907755696552983,1.0,0.75,4,264,19.40368300001137
S2,SGD + Momentum,67,1.4327852046706445e-06,6.9077556966936955,1.0,0.75,4,268,19.57655070000328
S2,SGD + Momentum,68,1.4186104818900108e-06,6.907755696895244,1.0,0.75,4,272,19.726543400029186
S2,SGD + Momentum,69,1.4052085135761927e-06,6.90775569707423,1.0,0.75,4,276,19.835869100003038
S2,SGD + Momentum,70,1.392264947571049e-06,6.907755697242803,1.0,0.75,4,280,20.039270900015254
S2,SGD + Momentum,71,1.3801074537327438e-06,6.9077556973804315,1.0,0.75,4,284,20.15998519997811
S2,SGD + Momentum,72,1.3690641629421767e-06,6.907755697495061,1.0,0.75,4,288,20.213570600026287
S2,SGD + Momentum,73,1.357015649672531e-06,6.907755697663196,1.0,0.75,4,292,20.281460400030483
S2,SGD + Momentum,74,1.3452897827779515e-06,6.907755697818481,1.0,0.75,4,296,20.36551099998178
S2,SGD + Momentum,75,1.3351983462035125e-06,6.907755697935173,1.0,0.75,4,300,20.43749680003384
S2,SGD + Momentum,76,1.3244438025901086e-06,6.90775569807242,1.0,0.75,4,304,20.510064200032502
S2,SGD + Momentum,77,1.3125560517162437e-06,6.907755698236276,1.0,0.75,4,308,20.587075899995398
S2,SGD + Momentum,78,1.3028615232629873e-06,6.907755698382528,1.0,0.75,4,312,20.63480639999034
S2,SGD + Momentum,79,1.292625224632691e-06,6.9077556985139905,1.0,0.75,4,316,20.695991399988998
S2,SGD + Momentum,80,1.2824216320131276e-06,6.907755698621726,1.0,0.75,4,320,20.77388350002002
S2,SGD + Momentum,81,1.272363574847953e-06,6.907755698766241,1.0,0.75,4,324,20.91021770000225
S2,SGD + Momentum,82,1.2624561371423924e-06,6.907755698882012,1.0,0.75,4,328,20.991838700021617
S2,SGD + Momentum,83,1.2515296153113913e-06,6.9077556990567714,1.0,0.75,4,332,21.13901949999854
S2,SGD + Momentum,84,1.2426955318407719e-06,6.907755699154418,1.0,0.75,4,336,21.353740599995945
S2,SGD + Momentum,85,1.2326055199180688e-06,6.90775569929007,1.0,0.75,4,340,21.446825099992566
S2,SGD + Momentum,86,1.223670252793634e-06,6.907755699425552,1.0,0.75,4,344,21.504993300011847
S2,SGD + Momentum,87,1.215097219676334e-06,6.907755699512836,1.0,0.75,4,348,21.8698145999806
S2,SGD + Momentum,88,1.2051209757625131e-06,6.907755699647895,1.0,0.75,4,352,21.96777819999261
S2,SGD + Momentum,89,1.1953220963772559e-06,6.9077556998120215,1.0,0.75,4,356,22.069955500017386
S2,SGD + Momentum,90,1.1880366685661032e-06,6.907755699873701,1.0,0.75,4,360,22.21819849999156
S2,SGD + Momentum,91,1.180061595195596e-06,6.90775569999213,1.0,0.75,4,364,22.322545900009573
S2,SGD + Momentum,92,1.1704191852945632e-06,6.907755700139473,1.0,0.75,4,368,22.38557809998747
S2,SGD + Momentum,93,1.162314476117544e-06,6.907755700236847,1.0,0.75,4,372,22.435840899997856
S2,SGD + Momentum,94,1.1548838501037986e-06,6.90775570031321,1.0,0.75,4,376,22.472485000034794
S2,SGD + Momentum,95,1.1460505384108231e-06,6.907755700440175,1.0,0.75,4,380,22.601934599981178
S2,SGD + Momentum,96,1.1383234181036629e-06,6.90775570051314,1.0,0.75,4,384,22.667027699993923
S2,SGD + Momentum,97,1.131200233245661e-06,6.9077557005886785,1.0,0.75,4,388,22.70832989999326
S2,SGD + Momentum,98,1.1236749738365351e-06,6.907755700708051,1.0,0.75,4,392,22.758482299977913
S2,SGD + Momentum,99,1.1165413427645386e-06,6.907755700794532,1.0,0.75,4,396,22.808116500033066
S2,SGD + Momentum,100,1.1084982089022658e-06,6.907755700904982,1.0,0.75,4,400,22.86949990002904
S2,Adagrad,1,0.35477498502822796,0.04283401241275311,0.9375,1.0,4,4,0.12121690000640228
S2,Adagrad,2,0.002221875865074536,0.8703382227552773,1.0,0.875,4,8,0.2023287999909371
S2,Adagrad,3,0.0013104999212031005,0.8783150009973357,1.0,0.875,4,12,0.29349439998622984
S2,Adagrad,4,0.0009960809236890895,0.8844681581312873,1.0,0.875,4,16,0.3614981999853626
S2,Adagrad,5,0.0007736350017574264,0.8889581290582516,1.0,0.875,4,20,0.44454890000633895
S2,Adagrad,6,0.0006486372836785827,0.8924538881156419,1.0,0.875,4,24,0.4987175000132993
S2,Adagrad,7,0.0005646010386477474,0.8951926181396149,1.0,0.875,4,28,0.664169600000605
S2,Adagrad,8,0.0005047978110332094,0.897347657730101,1.0,0.875,4,32,0.7371716999914497
S2,Adagrad,9,0.0004586419536592446,0.8992425964051546,1.0,0.875,4,36,0.819068500015419
S2,Adagrad,10,0.0004227584818120402,0.9008124564158072,1.0,0.875,4,40,0.8680412999819964
S2,Adagrad,11,0.00039319074887313155,0.902186804349783,1.0,0.875,4,44,0.9529374000267126
S2,Adagrad,12,0.0003684344751552286,0.9034231877637432,1.0,0.875,4,48,1.118377699982375
S2,Adagrad,13,0.0003475671217538318,0.904487009401907,1.0,0.875,4,52,1.1625641999999061
S2,Adagrad,14,0.0003294458402728415,0.9054445531396393,1.0,0.875,4,56,1.2190185000072233
S2,Adagrad,15,0.0003135395161474112,0.9063088957437655,1.0,0.875,4,60,1.278844200016465
S2,Adagrad,16,0.00029929419821166786,0.9070871913606781,1.0,0.875,4,64,1.3459884999901988
S2,Adagrad,17,0.0002866534990586645,0.9078059598138454,1.0,0.875,4,68,1.449724400008563
S2,Adagrad,18,0.00027521955308880685,0.9084627251112779,1.0,0.875,4,72,1.5603784000268206
S2,Adagrad,19,0.00026485580934097335,0.9090752331127562,1.0,0.875,4,76,1.8713469000067562
S2,Adagrad,20,0.00025531847866724363,0.9096436876817179,1.0,0.875,4,80,1.9703899000305682
S2,Adagrad,21,0.00024658773473444135,0.9101479144168231,1.0,0.875,4,84,2.031301099981647
S2,Adagrad,22,0.00023853360520989728,0.910629767886201,1.0,0.875,4,88,2.0930435999762267
S2,Adagrad,23,0.00023104876575704369,0.9110862693534411,1.0,0.875,4,92,2.1378569999942556
S2,Adagrad,24,0.00022409333003805987,0.9115041779351039,1.0,0.875,4,96,2.1957265000091866
S2,Adagrad,25,0.00021759278091745327,0.9118972544732092,1.0,0.875,4,100,2.301954200025648
S2,Adagrad,26,0.00021149476939126224,0.9122693704633259,1.0,0.875,4,104,2.394084399973508
S2,Adagrad,27,0.00020581239428073153,0.9126138220189465,1.0,0.875,4,108,2.4303681000019424
S2,Adagrad,28,0.00020048472005370233,0.9129411249973521,1.0,0.875,4,112,2.4706192000303417
S2,Adagrad,29,0.0001954468051112132,0.9132448005889928,1.0,0.875,4,116,2.525189300009515
S2,Adagrad,30,0.00019068460944992775,0.9135355190213517,1.0,0.875,4,120,2.5750058999983594
S2,Adagrad,31,0.00018619154044535486,0.9138062000258159,1.0,0.875,4,124,2.6652842999901623
S2,Adagrad,32,0.00018191965673099145,0.9140669939102772,1.0,0.875,4,128,2.797599799989257
S2,Adagrad,33,0.0001778600729940064,0.9143124675107707,1.0,0.875,4,132,2.872720399987884
S2,Adagrad,34,0.00017399209904557874,0.9145450382043837,1.0,0.875,4,136,2.9952687000040896
S2,Adagrad,35,0.000170302941879078,0.9147638946148346,1.0,0.875,4,140,3.081108000013046
S2,Adagrad,36,0.0001667784565723408,0.9149759580486541,1.0,0.875,4,144,3.171059200016316
S2,Adagrad,37,0.00016340313674933083,0.9151756412373023,1.0,0.875,4,148,3.222414200019557
S2,Adagrad,38,0.00016017062380635258,0.9153646887073214,1.0,0.875,4,152,3.3110010999953374
S2,Adagrad,39,0.00015707701082964712,0.9155454063723276,1.0,0.875,4,156,3.4619373999885283
S2,Adagrad,40,0.00015410825311894873,0.9157172770793089,1.0,0.875,4,160,3.5973154000239447
S2,Adagrad,41,0.0001512572411822791,0.9158825559024976,1.0,0.875,4,164,3.6535786999738775
S2,Adagrad,42,0.0001485100035003725,0.9160374849861987,1.0,0.875,4,168,3.7369819000014104
S2,Adagrad,43,0.0001458691510516578,0.9161877988433852,1.0,0.875,4,172,3.80306180001935
S2,Adagrad,44,0.00014332714983465405,0.9163323308959199,1.0,0.875,4,176,3.9093881000299007
S2,Adagrad,45,0.00014087850626905114,0.9164696933251928,1.0,0.875,4,180,4.028405599994585
S2,Adagrad,46,0.00013851349529890543,0.9165985835160171,1.0,0.875,4,184,4.08545710000908
S2,Adagrad,47,0.00013623200380528973,0.9167270345198849,1.0,0.875,4,188,4.395491299976129
S2,Adagrad,48,0.00013403052417376203,0.9168476323282208,1.0,0.875,4,192,4.624016700021457
S2,Adagrad,49,0.00013189726151285113,0.9169683880891869,1.0,0.875,4,196,4.6910638000117615
S2,Adagrad,50,0.00012983658645127663,0.9170806407171007,1.0,0.875,4,200,4.7422622999874875
S2,Adagrad,51,0.0001278468926653774,0.9171868220815925,1.0,0.875,4,204,4.865385700017214
S2,Adagrad,52,0.0001259260293004551,0.9172921863067656,1.0,0.875,4,208,4.935859700024594
S2,Adagrad,53,0.00012406355370772726,0.9173903232619287,1.0,0.875,4,212,4.995505099999718
S2,Adagrad,54,0.00012225599926331,0.9174855740729712,1.0,0.875,4,216,5.052311500010546
S2,Adagrad,55,0.00012050661509711356,0.9175765696194993,1.0,0.875,4,220,5.151232799980789
S2,Adagrad,56,0.00011880612219396484,0.9176652102041221,1.0,0.875,4,224,5.309699899982661
S2,Adagrad,57,0.00011715578413854744,0.9177513102123634,1.0,0.875,4,228,5.369946299993899
S2,Adagrad,58,0.00011555324892160865,0.9178344536245054,1.0,0.875,4,232,5.42766240000492
S2,Adagrad,59,0.0001139946696521111,0.9179152814957335,1.0,0.875,4,236,5.466996599978302
S2,Adagrad,60,0.00011247947110603719,0.9179903405443586,1.0,0.875,4,240,5.531598000030499
S2,Adagrad,61,0.00011100694027654307,0.9180634506229606,1.0,0.875,4,244,5.651215700025205
S2,Adagrad,62,0.00010957144082701192,0.9181360237544816,1.0,0.875,4,248,5.702069699997082
S2,Adagrad,63,0.0001081749362201277,0.918204588708622,1.0,0.875,4,252,5.777681200008374
S2,Adagrad,64,0.00010681657432971964,0.9182709374125917,1.0,0.875,4,256,5.84315939998487
S2,Adagrad,65,0.00010549459324713046,0.9183351311885135,1.0,0.875,4,260,5.937030699977186
S2,Adagrad,66,0.00010420741184681613,0.918488642356014,1.0,0.875,4,264,6.035086699994281
S2,Adagrad,67,0.00010295218899390551,0.9186380978805768,1.0,0.875,4,268,6.136149599973578
S2,Adagrad,68,0.00010172723040527922,0.9187838823045067,1.0,0.875,4,272,6.226689199975226
S2,Adagrad,69,0.0001005323887630607,0.9189275862364076,1.0,0.875,4,276,6.289530000009108
S2,Adagrad,70,9.936765141588755e-05,0.9190683614155223,1.0,0.875,4,280,6.362422299978789
S2,Adagrad,71,9.822763818630192e-05,0.9192080690564784,1.0,0.875,4,284,6.516086500021629
S2,Adagrad,72,9.711621441938616e-05,0.9193440660537467,1.0,0.875,4,288,6.570443800010253
S2,Adagrad,73,9.602820895510732e-05,0.9194781791594806,1.0,0.875,4,292,6.626559199998155
S2,Adagrad,74,9.496758390269757e-05,0.9196071121368157,1.0,0.875,4,296,6.668762999994215
S2,Adagrad,75,9.393176732785466e-05,0.9197254913991809,1.0,0.875,4,300,6.717862399993464
S2,Adagrad,76,9.291727315654762e-05,0.919830020813512,1.0,0.875,4,304,6.813905699993484
S2,Adagrad,77,9.192704265657334e-05,0.9199311472470906,1.0,0.875,4,308,6.929121799999848
S2,Adagrad,78,9.095848308807356e-05,0.92003091690015,1.0,0.875,4,312,6.9896025999914855
S2,Adagrad,79,9.000989377471916e-05,0.9201293362723366,1.0,0.875,4,316,7.031559899973217
S2,Adagrad,80,8.908177686329239e-05,0.9202250663452816,1.0,0.875,4,320,7.0798533000051975
S2,Adagrad,81,8.81730270956015e-05,0.9203195665259152,1.0,0.875,4,324,7.126743100001477
S2,Adagrad,82,8.728340959569919e-05,0.9204112285975264,1.0,0.875,4,328,7.232610200007912
S2,Adagrad,83,8.641219388526357e-05,0.9205021515393401,1.0,0.875,4,332,7.348537000012584
S2,Adagrad,84,8.555902328837913e-05,0.9205893672781597,1.0,0.875,4,336,7.399601900018752
S2,Adagrad,85,8.472323451565715e-05,0.9206756076104696,1.0,0.875,4,340,7.519867800001521
S2,Adagrad,86,8.390366495600175e-05,0.9207612800114102,1.0,0.875,4,344,7.76584060001187
S2,Adagrad,87,8.310064061682062e-05,0.920843942307835,1.0,0.875,4,348,7.828944600012619
S2,Adagrad,88,8.23138180875218e-05,0.9209249206602615,1.0,0.875,4,352,7.884019699995406
S2,Adagrad,89,8.154185542089145e-05,0.9209197986086196,1.0,0.875,4,356,7.952811900002416
S2,Adagrad,90,8.078498615811053e-05,0.9209984772475243,1.0,0.875,4,360,8.010637200030033
S2,Adagrad,91,8.004183830045248e-05,0.9210753316536039,1.0,0.875,4,364,8.150965399981942
S2,Adagrad,92,7.931311766658849e-05,0.9211514341134401,1.0,0.875,4,368,8.235309900017455
S2,Adagrad,93,7.859781763576968e-05,0.9212252738609472,1.0,0.875,4,372,8.330648300005123
S2,Adagrad,94,7.789532068770145e-05,0.9212991272990444,1.0,0.875,4,376,8.382037099974696
S2,Adagrad,95,7.72062367920653e-05,0.9213712049995306,1.0,0.875,4,380,8.546169199980795
S2,Adagrad,96,7.65294578201054e-05,0.9214424451618127,1.0,0.875,4,384,8.696685199975036
S2,Adagrad,97,7.586495537045728e-05,0.9215112280591534,1.0,0.875,4,388,8.807496600027662
S2,Adagrad,98,7.521141619556707e-05,0.9215795968448088,1.0,0.875,4,392,8.860438700008672
S2,Adagrad,99,7.457002819177614e-05,0.9216471159612721,1.0,0.875,4,396,8.975092499982566
S2,Adagrad,100,7.393935989927088e-05,0.9217139076330803,1.0,0.875,4,400,9.083800000022165
S2,RMSprop,1,7.771224689046051,10.361632918473205,0.71875,0.625,4,4,0.21956689999205992
S2,RMSprop,2,3.4538776394910684,5.216213521299711,0.875,0.625,4,8,0.3714007999515161
S2,RMSprop,3,0.0029777331904147926,3.453894338424272,1.0,0.875,4,12,0.5051604000036605
S2,RMSprop,4,0.8634694098732795,3.453894303396536,0.96875,0.875,4,16,0.935376399953384
S2,RMSprop,5,-0.0,3.4538776394912394,1.0,0.875,4,20,1.0295549999573268
S2,RMSprop,6,-0.0,3.4538776394912394,1.0,0.875,4,24,1.1253854999667965
S2,RMSprop,7,-0.0,3.4538776394912394,1.0,0.875,4,28,1.2935939999879338
S2,RMSprop,8,-0.0,3.4538776394912394,1.0,0.875,4,32,1.6226145999971777
S2,RMSprop,9,-0.0,3.4538776394912394,1.0,0.875,4,36,1.8531646999763325
S2,RMSprop,10,-0.0,3.4538776394912394,1.0,0.875,4,40,1.9423762999940664
S2,RMSprop,11,-0.0,3.4538776394912394,1.0,0.875,4,44,2.1062693999847397
S2,RMSprop,12,-0.0,3.4538776394912394,1.0,0.875,4,48,2.1838598999893293
S2,RMSprop,13,-0.0,3.4538776394912394,1.0,0.875,4,52,2.4585197999840602
S2,RMSprop,14,-0.0,3.4538776394912394,1.0,0.875,4,56,2.6059816000051796
S2,RMSprop,15,-0.0,3.4538776394912394,1.0,0.875,4,60,2.6825180999585427
S2,RMSprop,16,-0.0,3.4538776394912394,1.0,0.875,4,64,2.784908599976916
S2,RMSprop,17,-0.0,3.4538776394912394,1.0,0.875,4,68,2.992799300001934
S2,RMSprop,18,-0.0,3.4538776394912394,1.0,0.875,4,72,3.238312400004361
S2,RMSprop,19,-0.0,3.4538776394912394,1.0,0.875,4,76,3.5083692999905907
S2,RMSprop,20,-0.0,3.4538776394912394,1.0,0.875,4,80,3.569349500001408
S2,RMSprop,21,-0.0,3.4538776394912394,1.0,0.875,4,84,3.6456812999676913
S2,RMSprop,22,-0.0,3.4538776394912394,1.0,0.875,4,88,3.7577684999560006
S2,RMSprop,23,-0.0,3.4538776394912394,1.0,0.875,4,92,3.9474601999972947
S2,RMSprop,24,-0.0,3.4538776394912394,1.0,0.875,4,96,4.020141999993939
S2,RMSprop,25,-0.0,3.4538776394912394,1.0,0.875,4,100,4.108367100008763
S2,RMSprop,26,-0.0,3.4538776394912394,1.0,0.875,4,104,4.254814499989152
S2,RMSprop,27,-0.0,3.4538776394912394,1.0,0.875,4,108,4.534156000008807
S2,RMSprop,28,-0.0,3.4538776394912394,1.0,0.875,4,112,4.723519299994223
S2,RMSprop,29,-0.0,3.4538776394912394,1.0,0.875,4,116,4.900470900000073
S2,RMSprop,30,-0.0,3.4538776394912394,1.0,0.875,4,120,5.234030899999198
S2,RMSprop,31,-0.0,3.4538776394912394,1.0,0.875,4,124,5.306260099983774
S2,RMSprop,32,-0.0,3.4538776394912394,1.0,0.875,4,128,5.389746900007594
S2,RMSprop,33,-0.0,3.4538776394912394,1.0,0.875,4,132,5.54916349996347
S2,RMSprop,34,-0.0,3.4538776394912394,1.0,0.875,4,136,5.739898899977561
S2,RMSprop,35,-0.0,3.4538776394912394,1.0,0.875,4,140,5.805186399957165
S2,RMSprop,36,-0.0,3.4538776394912394,1.0,0.875,4,144,5.886915899987798
S2,RMSprop,37,-0.0,3.4538776394912394,1.0,0.875,4,148,6.231471499952022
S2,RMSprop,38,-0.0,3.4538776394912394,1.0,0.875,4,152,6.384960099996533
S2,RMSprop,39,-0.0,3.4538776394912394,1.0,0.875,4,156,6.556269699998666
S2,RMSprop,40,-0.0,3.4538776394912394,1.0,0.875,4,160,6.62967719999142
S2,RMSprop,41,-0.0,3.4538776394912394,1.0,0.875,4,164,6.703346299997065
S2,RMSprop,42,-0.0,3.4538776394912394,1.0,0.875,4,168,6.908009999955539
S2,RMSprop,43,-0.0,3.4538776394912394,1.0,0.875,4,172,7.023840599984396
S2,RMSprop,44,-0.0,3.4538776394912394,1.0,0.875,4,176,7.108243299997412
S2,RMSprop,45,-0.0,3.4538776394912394,1.0,0.875,4,180,7.228192499955185
S2,RMSprop,46,-0.0,3.4538776394912394,1.0,0.875,4,184,7.382059199968353
S2,RMSprop,47,-0.0,3.4538776394912394,1.0,0.875,4,188,7.464131299988367
S2,RMSprop,48,-0.0,3.4538776394912394,1.0,0.875,4,192,7.563337999978103
S2,RMSprop,49,-0.0,3.4538776394912394,1.0,0.875,4,196,7.773559900000691
S2,RMSprop,50,-0.0,3.4538776394912394,1.0,0.875,4,200,7.928611499955878
S2,RMSprop,51,-0.0,3.4538776394912394,1.0,0.875,4,204,8.135670299991034
S2,RMSprop,52,-0.0,3.4538776394912394,1.0,0.875,4,208,8.324478599999566
S2,RMSprop,53,-0.0,3.4538776394912394,1.0,0.875,4,212,8.451047199952882
S2,RMSprop,54,-0.0,3.4538776394912394,1.0,0.875,4,216,8.638503999973182
S2,RMSprop,55,-0.0,3.4538776394912394,1.0,0.875,4,220,8.80082509998465
S2,RMSprop,56,-0.0,3.4538776394912394,1.0,0.875,4,224,9.052206299966201
S2,RMSprop,57,-0.0,3.4538776394912394,1.0,0.875,4,228,9.183731800003443
S2,RMSprop,58,-0.0,3.4538776394912394,1.0,0.875,4,232,9.278938699979335
S2,RMSprop,59,-0.0,3.4538776394912394,1.0,0.875,4,236,9.474688299989793
S2,RMSprop,60,-0.0,3.4538776394912394,1.0,0.875,4,240,9.727696299960371
S2,RMSprop,61,-0.0,3.4538776394912394,1.0,0.875,4,244,9.911438899987843
S2,RMSprop,62,-0.0,3.4538776394912394,1.0,0.875,4,248,10.029765799990855
S2,RMSprop,63,-0.0,3.4538776394912394,1.0,0.875,4,252,10.118872199964244
S2,RMSprop,64,-0.0,3.4538776394912394,1.0,0.875,4,256,10.336735599965323
S2,RMSprop,65,-0.0,3.4538776394912394,1.0,0.875,4,260,10.42957449995447
S2,RMSprop,66,-0.0,3.4538776394912394,1.0,0.875,4,264,10.510910199955106
S2,RMSprop,67,-0.0,3.4538776394912394,1.0,0.875,4,268,10.666443499969319
S2,RMSprop,68,-0.0,3.4538776394912394,1.0,0.875,4,272,10.784311699972022
S2,RMSprop,69,-0.0,3.4538776394912394,1.0,0.875,4,276,10.941553899960127
S2,RMSprop,70,-0.0,3.4538776394912394,1.0,0.875,4,280,11.07239169999957
S2,RMSprop,71,-0.0,3.4538776394912394,1.0,0.875,4,284,11.186419199977536
S2,RMSprop,72,-0.0,3.4538776394912394,1.0,0.875,4,288,11.269048299989663
S2,RMSprop,73,-0.0,3.4538776394912394,1.0,0.875,4,292,11.344476900005247
S2,RMSprop,74,-0.0,3.4538776394912394,1.0,0.875,4,296,11.880950499966275
S2,RMSprop,75,-0.0,3.4538776394912394,1.0,0.875,4,300,12.007459599990398
S2,RMSprop,76,-0.0,3.4538776394912394,1.0,0.875,4,304,12.099246500001755
S2,RMSprop,77,-0.0,3.4538776394912394,1.0,0.875,4,308,12.269439700001385
S2,RMSprop,78,-0.0,3.4538776394912394,1.0,0.875,4,312,12.331640299991705
S2,RMSprop,79,-0.0,3.4538776394912394,1.0,0.875,4,316,12.404781299992464
S2,RMSprop,80,-0.0,3.4538776394912394,1.0,0.875,4,320,12.577150799974333
S2,RMSprop,81,-0.0,3.4538776394912394,1.0,0.875,4,324,12.73102949996246
S2,RMSprop,82,-0.0,3.4538776394912394,1.0,0.875,4,328,12.810013699985575
S2,RMSprop,83,-0.0,3.4538776394912394,1.0,0.875,4,332,12.905893999966793
S2,RMSprop,84,-0.0,3.4538776394912394,1.0,0.875,4,336,13.052254099980928
S2,RMSprop,85,-0.0,3.4538776394912394,1.0,0.875,4,340,13.165806600009091
S2,RMSprop,86,-0.0,3.4538776394912394,1.0,0.875,4,344,13.222229499951936
S2,RMSprop,87,-0.0,3.4538776394912394,1.0,0.875,4,348,13.41994369996246
S2,RMSprop,88,-0.0,3.4538776394912394,1.0,0.875,4,352,13.533928799966816
S2,RMSprop,89,-0.0,3.4538776394912394,1.0,0.875,4,356,13.631089699978475
S2,RMSprop,90,-0.0,3.4538776394912394,1.0,0.875,4,360,13.763102299999446
S2,RMSprop,91,-0.0,3.4538776394912394,1.0,0.875,4,364,13.86800650000805
S2,RMSprop,92,-0.0,3.4538776394912394,1.0,0.875,4,368,13.944554799993057
S2,RMSprop,93,-0.0,3.4538776394912394,1.0,0.875,4,372,13.987439099990297
S2,RMSprop,94,-0.0,3.4538776394912394,1.0,0.875,4,376,14.082410699978936
S2,RMSprop,95,-0.0,3.4538776394912394,1.0,0.875,4,380,14.267026799963787
S2,RMSprop,96,-0.0,3.4538776394912394,1.0,0.875,4,384,14.405799100000877
S2,RMSprop,97,-0.0,3.4538776394912394,1.0,0.875,4,388,14.473868299974129
S2,RMSprop,98,-0.0,3.4538776394912394,1.0,0.875,4,392,14.566102499957196
S2,RMSprop,99,-0.0,3.4538776394912394,1.0,0.875,4,396,14.656271699990612
S2,RMSprop,100,-0.0,3.4538776394912394,1.0,0.875,4,400,14.779905700008385
S2,Adam,1,0.08157994675346568,2.2418384683646972,0.96875,0.875,4,4,0.09878629999002442
S2,Adam,2,8.171755065396422e-05,3.476107663274614,1.0,0.875,4,8,0.2239181000040844
S2,Adam,3,0.34223909917441486,3.5063492061579042,0.96875,0.875,4,12,0.4149467999814078
S2,Adam,4,2.8174564124372824e-05,3.4547997081173722,1.0,0.875,4,16,0.7331006999593228
S2,Adam,5,5.616445205669324e-07,3.4571908712862047,1.0,0.875,4,20,0.8574922999832779
S2,Adam,6,0.013256471728716234,3.211338032172291,1.0,0.875,4,24,0.9052114000078291
S2,Adam,7,3.687668226554852e-12,3.453877783356077,1.0,0.875,4,28,0.9439795999787748
S2,Adam,8,3.760880495917879e-15,4.421251158279582,1.0,0.75,4,32,0.9956857999786735
S2,Adam,9,0.02098078631159582,5.679248861416207,1.0,0.75,4,36,1.0752700999728404
S2,Adam,10,4.649058915617861e-16,5.208181005179677,1.0,0.75,4,40,1.1387433999916539
S2,Adam,11,4.196504255233187e-13,4.882965395059344,1.0,0.75,4,44,1.1856788999866694
S2,Adam,12,0.536181035857691,4.645464921076536,0.96875,0.75,4,48,1.2286674999631941
S2,Adam,13,-0.0,3.842267708424505,1.0,0.75,4,52,1.2923672999604605
S2,Adam,14,-0.0,3.755221999074779,1.0,0.75,4,56,1.3727567999740131
S2,Adam,15,2.4355517602715322e-15,3.7122814164852405,1.0,0.75,4,60,1.4460962999728508
S2,Adam,16,1.8680458710158368e-06,3.6758809645498935,1.0,0.75,4,64,1.5029962999979034
S2,Adam,17,-0.0,3.6639241436795937,1.0,0.75,4,68,1.545946099970024
S2,Adam,18,-0.0,3.667534668336547,1.0,0.75,4,72,1.5909021999686956
S2,Adam,19,-0.0,3.6695412173023016,1.0,0.75,4,76,1.6493305999902077
S2,Adam,20,-0.0,3.6706897271954793,1.0,0.75,4,80,1.7041446999646723
S2,Adam,21,-0.0,3.6713679657626512,1.0,0.75,4,84,1.7827811999595724
S2,Adam,22,-0.0,3.671780363352634,1.0,0.75,4,88,1.8839115999871865
S2,Adam,23,-0.0,3.6720374537589073,1.0,0.75,4,92,1.928379799996037
S2,Adam,24,-0.0,3.6722009407363108,1.0,0.75,4,96,1.995883799972944
S2,Adam,25,-0.0,3.67230647219812,1.0,0.75,4,100,2.0917816999717616
S2,Adam,26,-0.0,3.672375333075387,1.0,0.75,4,104,2.31996649998473
S2,Adam,27,-0.0,3.672420605353116,1.0,0.75,4,108,2.3729209000011906
S2,Adam,28,-0.0,3.6724505212264114,1.0,0.75,4,112,2.462436700006947
S2,Adam,29,-0.0,3.6724703556816336,1.0,0.75,4,116,2.513880699989386
S2,Adam,30,-0.0,3.6724835339085793,1.0,0.75,4,120,2.5578554999665357
S2,Adam,31,-0.0,3.6724923008490182,1.0,0.75,4,124,2.6408440999803133
S2,Adam,32,-0.0,3.672498137293019,1.0,0.75,4,128,2.7024993000086397
S2,Adam,33,-0.0,3.6725020241169504,1.0,0.75,4,132,2.768831399967894
S2,Adam,34,-0.0,3.672504612812721,1.0,0.75,4,136,2.8218579999520443
S2,Adam,35,-0.0,3.672506336816119,1.0,0.75,4,140,2.8690290999948047
S2,Adam,36,-0.0,3.6725074847662693,1.0,0.75,4,144,2.9338512999820523
S2,Adam,37,-0.0,3.6725082489707215,1.0,0.75,4,148,3.04608850000659
S2,Adam,38,-0.0,3.6725087575781767,1.0,0.75,4,152,3.1044276999891736
S2,Adam,39,-0.0,3.672509095981669,1.0,0.75,4,156,3.1547935999697074
S2,Adam,40,-0.0,3.6725093210751725,1.0,0.75,4,160,3.2113138999557123
S2,Adam,41,-0.0,3.6725094707563364,1.0,0.75,4,164,3.2656083999900147
S2,Adam,42,-0.0,3.6725095702623665,1.0,0.75,4,168,3.3191133000073023
S2,Adam,43,-0.0,3.6725096363945227,1.0,0.75,4,172,3.4148604999645613
S2,Adam,44,-0.0,3.6725096803345987,1.0,0.75,4,176,3.480287899961695
S2,Adam,45,-0.0,3.6725097095221475,1.0,0.75,4,180,3.550332799961325
S2,Adam,46,-0.0,3.672509728905437,1.0,0.75,4,184,3.5923934999736957
S2,Adam,47,-0.0,3.67250974177472,1.0,0.75,4,188,3.6522543999599293
S2,Adam,48,-0.0,3.672509750317168,1.0,0.75,4,192,3.6974225000012666
S2,Adam,49,-0.0,3.672509755986282,1.0,0.75,4,196,3.7880165999522433
S2,Adam,50,-0.0,3.672509759747741,1.0,0.75,4,200,3.8645716999890283
S2,Adam,51,-0.0,3.6725097622429717,1.0,0.75,4,204,3.9139263999531977
S2,Adam,52,-0.0,3.6725097638978994,1.0,0.75,4,208,3.9490555999800563
S2,Adam,53,-0.0,3.6725097649953082,1.0,0.75,4,212,4.011923199985176
S2,Adam,54,-0.0,3.6725097657228827,1.0,0.75,4,216,4.058714399987366
S2,Adam,55,-0.0,3.6725097662051787,1.0,0.75,4,220,4.1257995999767445
S2,Adam,56,-0.0,3.6725097665248296,1.0,0.75,4,224,4.244637799973134
S2,Adam,57,-0.0,3.672509766736648,1.0,0.75,4,228,4.302046999975573
S2,Adam,58,-0.0,3.672509766876991,1.0,0.75,4,232,4.3408928999560885
S2,Adam,59,-0.0,3.6725097669699625,1.0,0.75,4,236,4.396217899979092
S2,Adam,60,-0.0,3.6725097670315425,1.0,0.75,4,240,4.437904299993534
S2,Adam,61,-0.0,3.6725097670723246,1.0,0.75,4,244,4.545247700007167
S2,Adam,62,-0.0,3.672509767099329,1.0,0.75,4,248,4.638753200008068
S2,Adam,63,-0.0,3.672509767117211,1.0,0.75,4,252,4.682645900000352
S2,Adam,64,-0.0,3.6725097671290503,1.0,0.75,4,256,4.742536599980667
S2,Adam,65,-0.0,3.672509767136885,1.0,0.75,4,260,4.802873099979479
S2,Adam,66,-0.0,3.672509767142069,1.0,0.75,4,264,4.852429899969138
S2,Adam,67,-0.0,3.6725097671455034,1.0,0.75,4,268,4.998916399956215
S2,Adam,68,-0.0,3.672509767147773,1.0,0.75,4,272,5.109855099988636
S2,Adam,69,-0.0,3.672509767149278,1.0,0.75,4,276,5.209848099970259
S2,Adam,70,-0.0,3.6725097671502716,1.0,0.75,4,280,5.314176799962297
S2,Adam,71,-0.0,3.6725097671509292,1.0,0.75,4,284,5.4165353999705985
S2,Adam,72,-0.0,3.672509767151362,1.0,0.75,4,288,5.5511540999868885
S2,Adam,73,-0.0,3.672509767151652,1.0,0.75,4,292,5.607247499981895
S2,Adam,74,-0.0,3.6725097671518405,1.0,0.75,4,296,5.715673699975014
S2,Adam,75,-0.0,3.6725097671519653,1.0,0.75,4,300,5.827869299973827
S2,Adam,76,-0.0,3.672509767152048,1.0,0.75,4,304,5.882833999989089
S2,Adam,77,-0.0,3.672509767152102,1.0,0.75,4,308,5.931990099954419
S2,Adam,78,-0.0,3.6725097671521367,1.0,0.75,4,312,5.978850199957378
S2,Adam,79,-0.0,3.6725097671521603,1.0,0.75,4,316,6.0271166999591514
S2,Adam,80,-0.0,3.6725097671521767,1.0,0.75,4,320,6.174604500003625
S2,Adam,81,-0.0,3.6725097671521865,1.0,0.75,4,324,6.244971699954476
S2,Adam,82,-0.0,3.6725097671521945,1.0,0.75,4,328,6.3589058999787085
S2,Adam,83,-0.0,3.6725097671522,1.0,0.75,4,332,6.452280899975449
S2,Adam,84,-0.0,3.6725097671521993,1.0,0.75,4,336,6.593120299978182
S2,Adam,85,-0.0,3.672509767152203,1.0,0.75,4,340,6.652919499960262
S2,Adam,86,-0.0,3.6725097671522056,1.0,0.75,4,344,6.705803199962247
S2,Adam,87,-0.0,3.6725097671522073,1.0,0.75,4,348,6.754366000008304
S2,Adam,88,-0.0,3.672509767152209,1.0,0.75,4,352,6.851923599955626
S2,Adam,89,-0.0,3.6725097671522082,1.0,0.75,4,356,6.983977600000799
S2,Adam,90,-0.0,3.6725097671522104,1.0,0.75,4,360,7.056161099986639
S2,Adam,91,-0.0,3.67250976715221,1.0,0.75,4,364,7.1155662999954075
S2,Adam,92,-0.0,3.672509767152213,1.0,0.75,4,368,7.1710049999528565
S2,Adam,93,-0.0,3.6725097671522158,1.0,0.75,4,372,7.213586299971212
S2,Adam,94,-0.0,3.6725097671522144,1.0,0.75,4,376,7.250850099953823
S2,Adam,95,-0.0,3.6725097671522158,1.0,0.75,4,380,7.288655399985146
S2,Adam,96,-0.0,3.6725097671522153,1.0,0.75,4,384,7.365019699966069
S2,Adam,97,-0.0,3.672509767152217,1.0,0.75,4,388,7.442385700007435
S2,Adam,98,-0.0,3.6725097671522167,1.0,0.75,4,392,7.554283899953589
S2,Adam,99,-0.0,3.6725097671522176,1.0,0.75,4,396,7.721681599970907
S2,Adam,100,-0.0,3.6725097671522176,1.0,0.75,4,400,7.859167999995407
S2,AdamW,1,0.08136538115181034,2.2396501455460385,0.96875,0.875,4,4,0.1254633999778889
S2,AdamW,2,8.286312199097594e-05,3.4759988268279955,1.0,0.875,4,8,0.244484199967701
S2,AdamW,3,0.3406812919852576,3.5051756231133813,0.96875,0.875,4,12,0.29931709996890277
S2,AdamW,4,2.908110717737458e-05,3.4547490522159845,1.0,0.875,4,16,0.34043179999571294
S2,AdamW,5,2.8767197433388413e-07,3.455976857312971,1.0,0.875,4,20,0.3888501999899745
S2,AdamW,6,0.014050021368600268,2.976771223221923,1.0,0.875,4,24,0.4306559999822639
S2,AdamW,7,2.5866878084992373e-12,3.453877799758497,1.0,0.875,4,28,0.4727362999692559
S2,AdamW,8,5.342948306008828e-15,4.430244020605729,1.0,0.75,4,32,0.5166026999941096
S2,AdamW,9,0.035285902884993774,5.68405796606383,0.96875,0.75,4,36,0.5852596999611706
S2,AdamW,10,2.1510571102112482e-16,4.77028991701939,1.0,0.75,4,40,0.6886931000044569
S2,AdamW,11,3.6272801215924663e-06,4.142519778386932,1.0,0.75,4,44,0.7385261000017636
S2,AdamW,12,-0.0,3.4704941233119007,1.0,0.875,4,48,0.7946924999705516
S2,AdamW,13,-0.0,3.461232599415426,1.0,0.875,4,52,0.8548017999855801
S2,AdamW,14,4.3715031594615844e-16,3.457325249615344,1.0,0.875,4,56,1.0792799000046216
S2,AdamW,15,9.277127881526354e-07,3.45574431635795,1.0,0.875,4,60,1.1872487000073306
S2,AdamW,16,1.4185382761766163e-10,3.4550961610087643,1.0,0.875,4,64,1.2337712000007741
S2,AdamW,17,-0.0,3.4543689848068606,1.0,0.875,4,68,1.2753258000011556
S2,AdamW,18,-0.0,3.4541142662409796,1.0,0.875,4,72,1.568109399988316
S2,AdamW,19,-0.0,3.4540214921300163,1.0,0.875,4,76,1.6284898999729194
S2,AdamW,20,-0.0,3.4539804658543862,1.0,0.875,4,80,1.6821933999890462
S2,AdamW,21,-0.0,3.4539597948922167,1.0,0.875,4,84,1.748864799970761
S2,AdamW,22,-0.0,3.453948458506826,1.0,0.875,4,88,1.8768069999641739
S2,AdamW,23,-0.0,3.4539419150592585,1.0,0.875,4,92,1.9718352999771014
S2,AdamW,24,-0.0,3.4539380444278325,1.0,0.875,4,96,2.0328514999710023
S2,AdamW,25,-0.0,3.453935755730978,1.0,0.875,4,100,2.0807226999895647
S2,AdamW,26,-0.0,3.4539344438029573,1.0,0.875,4,104,2.3202347999904305
S2,AdamW,27,-0.0,3.453933753237366,1.0,0.875,4,108,2.3922412999672815
S2,AdamW,28,-0.0,3.453933466340717,1.0,0.875,4,112,2.44185209996067
S2,AdamW,29,-0.0,3.4539334456794055,1.0,0.875,4,116,2.4926582999760285
S2,AdamW,30,-0.0,3.4539336026314786,1.0,0.875,4,120,2.5312392999767326
S2,AdamW,31,-0.0,3.453933879214774,1.0,0.875,4,124,2.5860111999791116
S2,AdamW,32,-0.0,3.4539342371226436,1.0,0.875,4,128,2.660538299998734
S2,AdamW,33,-0.0,3.453934650885731,1.0,0.875,4,132,2.7598498999723233
S2,AdamW,34,-0.0,3.4539351035017796,1.0,0.875,4,136,2.831883499980904
S2,AdamW,35,-0.0,3.453935583593797,1.0,0.875,4,140,2.9669744999846444
S2,AdamW,36,-0.0,3.453936083539752,1.0,0.875,4,144,3.0679476999794133
S2,AdamW,37,-0.0,3.4539365982316688,1.0,0.875,4,148,3.2058640999603085
S2,AdamW,38,-0.0,3.453937124247908,1.0,0.875,4,152,3.317452499992214
S2,AdamW,39,-0.0,3.4539376592991835,1.0,0.875,4,156,3.5039495999808423
S2,AdamW,40,-0.0,3.4539382018569964,1.0,0.875,4,160,3.6334145999862812
S2,AdamW,41,-0.0,3.453938750904118,1.0,0.875,4,164,3.771628399961628
S2,AdamW,42,-0.0,3.453939305766918,1.0,0.875,4,168,3.9638184999930672
S2,AdamW,43,-0.0,3.453939866002667,1.0,0.875,4,172,4.106515499996021
S2,AdamW,44,-0.0,3.453940431323779,1.0,0.875,4,176,4.2405370000051335
S2,AdamW,45,-0.0,3.4539410015468985,1.0,0.875,4,180,4.391920499969274
S2,AdamW,46,-0.0,3.453941576558688,1.0,0.875,4,184,4.528671099978965
S2,AdamW,47,-0.0,3.4539421562928463,1.0,0.875,4,188,4.64853339997353
S2,AdamW,48,-0.0,3.4539427407146763,1.0,0.875,4,192,4.716462199983653
S2,AdamW,49,-0.0,3.4539433298107216,1.0,0.875,4,196,4.84023430000525
S2,AdamW,50,-0.0,3.4539439235818152,1.0,0.875,4,200,5.11856789997546
S2,AdamW,51,-0.0,3.4539445220384124,1.0,0.875,4,204,5.240058499970473
S2,AdamW,52,-0.0,3.453945125197464,1.0,0.875,4,208,5.396720899967477
S2,AdamW,53,-0.0,3.453945733080318,1.0,0.875,4,212,5.473567400011234
S2,AdamW,54,-0.0,3.4539463457113135,1.0,0.875,4,216,5.521154099958949
S2,AdamW,55,-0.0,3.4539469631168394,1.0,0.875,4,220,5.574462099990342
S2,AdamW,56,-0.0,3.4539475853247015,1.0,0.875,4,224,5.679097999993246
S2,AdamW,57,-0.0,3.4539482123637026,1.0,0.875,4,228,5.797234400000889
S2,AdamW,58,-0.0,3.4539488442633584,1.0,0.875,4,232,5.874366500007454
S2,AdamW,59,-0.0,3.4539494810537077,1.0,0.875,4,236,5.9697117999894544
S2,AdamW,60,-0.0,3.453950122765187,1.0,0.875,4,240,6.077352199994493
S2,AdamW,61,-0.0,3.4539507694285465,1.0,0.875,4,244,6.182175399968401
S2,AdamW,62,-0.0,3.4539514210747906,1.0,0.875,4,248,6.270877100003418
S2,AdamW,63,-0.0,3.4539520777351433,1.0,0.875,4,252,6.328986699983943
S2,AdamW,64,-0.0,3.453952739441022,1.0,0.875,4,256,6.397931499988772
S2,AdamW,65,-0.0,3.45395340622402,1.0,0.875,4,260,6.479120299976785
S2,AdamW,66,-0.0,3.4539540781158977,1.0,0.875,4,264,6.575007400009781
S2,AdamW,67,-0.0,3.4539547551485725,1.0,0.875,4,268,6.656082800007425
S2,AdamW,68,-0.0,3.4539554373541153,1.0,0.875,4,272,6.748170599981677
S2,AdamW,69,-0.0,3.453956124764748,1.0,0.875,4,276,6.825391799968202
S2,AdamW,70,-0.0,3.4539568174128403,1.0,0.875,4,280,6.936578499968164
S2,AdamW,71,-0.0,3.4539575153309086,1.0,0.875,4,284,7.009373799955938
S2,AdamW,72,-0.0,3.453958218551617,1.0,0.875,4,288,7.076841800007969
S2,AdamW,73,-0.0,3.453958927107773,1.0,0.875,4,292,7.173512699955609
S2,AdamW,74,-0.0,3.4539596410323328,1.0,0.875,4,296,7.262118999962695
S2,AdamW,75,-0.0,3.4539603603583955,1.0,0.875,4,300,7.395222799968906
S2,AdamW,76,-0.0,3.453961085119207,1.0,0.875,4,304,7.483285499969497
S2,AdamW,77,-0.0,3.4539618153481593,1.0,0.875,4,308,7.554854999994859
S2,AdamW,78,-0.0,3.453962551078789,1.0,0.875,4,312,7.638087200000882
S2,AdamW,79,-0.0,3.4539632923447807,1.0,0.875,4,316,7.750967899977695
S2,AdamW,80,-0.0,3.453964039179963,1.0,0.875,4,320,7.803405699960422
S2,AdamW,81,-0.0,3.4539647916183123,1.0,0.875,4,324,7.863241299986839
S2,AdamW,82,-0.0,3.453965549693951,1.0,0.875,4,328,7.936899799969979
S2,AdamW,83,-0.0,3.453966313441149,1.0,0.875,4,332,8.028433399973437
S2,AdamW,84,-0.0,3.453967082894323,1.0,0.875,4,336,8.126405099988915
S2,AdamW,85,-0.0,3.453967858088036,1.0,0.875,4,340,8.185315499955323
S2,AdamW,86,-0.0,3.453968639057,1.0,0.875,4,344,8.223595099989325
S2,AdamW,87,-0.0,3.4539694258360734,1.0,0.875,4,348,8.262482199992519
S2,AdamW,88,-0.0,3.4539702184602636,1.0,0.875,4,352,8.305210599966813
S2,AdamW,89,-0.0,3.453971016964725,1.0,0.875,4,356,8.345511599967722
S2,AdamW,90,-0.0,3.4539718213847603,1.0,0.875,4,360,8.410498299985193
S2,AdamW,91,-0.0,3.4539726317558226,1.0,0.875,4,364,8.48930700001074
S2,AdamW,92,-0.0,3.453973448113511,1.0,0.875,4,368,8.527385999972466
S2,AdamW,93,-0.0,3.453974270493575,1.0,0.875,4,372,8.563780199969187
S2,AdamW,94,-0.0,3.453975098931913,1.0,0.875,4,376,8.609042799973395
S2,AdamW,95,-0.0,3.453975933464573,1.0,0.875,4,380,8.652798299968708
S2,AdamW,96,-0.0,3.4539767741277516,1.0,0.875,4,384,8.716440799995326
S2,AdamW,97,-0.0,3.453977620957795,1.0,0.875,4,388,8.749496800010093
S2,AdamW,98,-0.0,3.4539784739912007,1.0,0.875,4,392,8.819404699956067
S2,AdamW,99,-0.0,3.4539793332646145,1.0,0.875,4,396,8.908438199956436
S2,AdamW,100,-0.0,3.453980198814833,1.0,0.875,4,400,8.99526729999343
S5,Full-batch GD,1,0.500093378518606,1.7535526777501254,0.78125,0.5,1,1,0.11538480001036078
S5,Full-batch GD,2,0.26858973046899515,1.1857138563808207,0.9375,0.5,1,2,0.15680719999363646
S5,Full-batch GD,3,0.21468838697233505,1.1133090514061337,0.9375,0.5,1,3,0.24322130001382902
S5,Full-batch GD,4,0.18121723150392377,1.0612647844036132,0.96875,0.5,1,4,0.2889199000201188
S5,Full-batch GD,5,0.14658463497881274,1.0285991122344287,0.96875,0.5,1,5,0.319178199977614
S5,Full-batch GD,6,0.1260651408813349,1.0321094907554156,0.96875,0.625,1,6,0.3328746000188403
S5,Full-batch GD,7,0.1105829148376347,1.0127650560990584,0.96875,0.625,1,7,0.3398557999753393
S5,Full-batch GD,8,0.09994548292095551,1.007494265559966,0.96875,0.625,1,8,0.3480089000076987
S5,Full-batch GD,9,0.09045350280880986,0.997398810085187,0.96875,0.75,1,9,0.36744940001517534
S5,Full-batch GD,10,0.08268409101226329,0.9733820501087711,0.96875,0.75,1,10,0.37590639997506514
S5,Full-batch GD,11,0.07699200634017044,0.9437411723261275,0.96875,0.75,1,11,0.3882896999712102
S5,Full-batch GD,12,0.07233061995365968,0.9206079932775777,0.96875,0.75,1,12,0.3968307999894023
S5,Full-batch GD,13,0.06832713303779744,0.8965329227111167,0.96875,0.75,1,13,0.41128719999687746
S5,Full-batch GD,14,0.06517042270161283,0.8830219944447882,0.96875,0.75,1,14,0.42159619997255504
S5,Full-batch GD,15,0.06250371216627178,0.8632134492269978,0.96875,0.75,1,15,0.4405617999727838
S5,Full-batch GD,16,0.06027659477127153,0.8475124796296036,0.96875,0.75,1,16,0.45209109998540953
S5,Full-batch GD,17,0.05813025979661836,0.8365728238389004,0.96875,0.75,1,17,0.4626837999676354
S5,Full-batch GD,18,0.05636672689334693,0.8214094506327716,0.96875,0.75,1,18,0.47360379999736324
S5,Full-batch GD,19,0.05473617768429513,0.8111785177050553,0.96875,0.75,1,19,0.4863037000177428
S5,Full-batch GD,20,0.05341520892212518,0.8033953435832968,0.96875,0.75,1,20,0.5008396999910474
S5,Full-batch GD,21,0.05194595220283105,0.794311983719515,0.96875,0.75,1,21,0.5094930999912322
S5,Full-batch GD,22,0.050649976748027147,0.7873817982079094,0.96875,0.75,1,22,0.5508645999943838
S5,Full-batch GD,23,0.04957068973581551,0.7782552802123315,0.96875,0.75,1,23,0.6366829000180587
S5,Full-batch GD,24,0.048512495166998924,0.7721917474354554,0.96875,0.75,1,24,0.7026516000041738
S5,Full-batch GD,25,0.047515683541061365,0.7612141377307138,0.96875,0.75,1,25,0.7410783999948762
S5,Full-batch GD,26,0.04663378580612759,0.7546484401510238,0.96875,0.75,1,26,0.7560595999821089
S5,Full-batch GD,27,0.045809790443206974,0.7357461396139855,0.96875,0.75,1,27,0.7872917000204325
S5,Full-batch GD,28,0.044921676442467584,0.7322980173488582,0.96875,0.75,1,28,0.7990741999819875
S5,Full-batch GD,29,0.04415353176697123,0.7258778244269749,0.96875,0.75,1,29,0.810966799966991
S5,Full-batch GD,30,0.04343369051767475,0.7213446985155578,0.96875,0.75,1,30,0.8203616000246257
S5,Full-batch GD,31,0.04281048922760794,0.7166945292973949,0.96875,0.75,1,31,0.8372366999974474
S5,Full-batch GD,32,0.042206101962776056,0.7150379898555477,0.96875,0.75,1,32,0.858150799991563
S5,Full-batch GD,33,0.04153947783548747,0.70513508429183,0.96875,0.75,1,33,0.8700960999703966
S5,Full-batch GD,34,0.04083128952223478,0.700538702769943,0.96875,0.75,1,34,0.8928032999974675
S5,Full-batch GD,35,0.04027152460353701,0.6949496769635195,0.96875,0.75,1,35,0.9159332999843173
S5,Full-batch GD,36,0.039730365126797264,0.6912994633259066,0.96875,0.75,1,36,0.9329555999720469
S5,Full-batch GD,37,0.03910864941088385,0.6862347264064104,0.96875,0.75,1,37,0.957005999982357
S5,Full-batch GD,38,0.03858158772383352,0.682895328918619,0.96875,0.75,1,38,0.9672863999730907
S5,Full-batch GD,39,0.03813399434091837,0.6779314833163066,0.96875,0.75,1,39,1.029853500018362
S5,Full-batch GD,40,0.03760996399762674,0.6735564821453512,0.96875,0.75,1,40,1.044777899980545
S5,Full-batch GD,41,0.03708378559706986,0.6709062249737063,0.96875,0.75,1,41,1.078895399987232
S5,Full-batch GD,42,0.036704462015553926,0.6676560711284105,0.96875,0.75,1,42,1.1188894999795593
S5,Full-batch GD,43,0.036321547203782466,0.6646517335044037,0.96875,0.75,1,43,1.1695210000034422
S5,Full-batch GD,44,0.03582135849360874,0.6601785988137595,1.0,0.75,1,44,1.2085183999734
S5,Full-batch GD,45,0.035447547276953276,0.6570551855663846,1.0,0.75,1,45,1.2753192000091076
S5,Full-batch GD,46,0.03499308768471442,0.653738129515629,1.0,0.75,1,46,1.3540051999734715
S5,Full-batch GD,47,0.03456319516426621,0.6511502460328152,1.0,0.75,1,47,1.5138848000206053
S5,Full-batch GD,48,0.03434581541524283,0.6471181058910059,1.0,0.75,1,48,1.5628985000075772
S5,Full-batch GD,49,0.034859491557548035,0.6493776264381338,1.0,0.75,1,49,1.604926300002262
S5,Full-batch GD,50,0.0337871859121196,0.6502111990299907,1.0,0.75,1,50,1.627811499987729
S5,Full-batch GD,51,0.03330076158832616,0.6492750863481456,1.0,0.75,1,51,1.6590778999961913
S5,Full-batch GD,52,0.0328327988038325,0.6458336644900975,1.0,0.75,1,52,1.6915918000158854
S5,Full-batch GD,53,0.03238399888422766,0.6438408147634702,1.0,0.75,1,53,1.7048494999762625
S5,Full-batch GD,54,0.03201352768792295,0.6419370845329448,1.0,0.75,1,54,1.7226932999910787
S5,Full-batch GD,55,0.03166689648143501,0.6396924334120289,1.0,0.75,1,55,1.762875400017947
S5,Full-batch GD,56,0.03127211088309348,0.6383039201639146,1.0,0.75,1,56,1.7859229000168853
S5,Full-batch GD,57,0.030888008032889675,0.6367183735390732,1.0,0.75,1,57,1.813558199966792
S5,Full-batch GD,58,0.03059234299373746,0.6342641668782987,1.0,0.75,1,58,1.8386214000056498
S5,Full-batch GD,59,0.030204582150255985,0.6331819314884791,1.0,0.75,1,59,1.8657788999844342
S5,Full-batch GD,60,0.02981101285254001,0.6322750362654775,1.0,0.75,1,60,1.8970470000058413
S5,Full-batch GD,61,0.029518378033599607,0.6312178637356155,1.0,0.75,1,61,1.931189299968537
S5,Full-batch GD,62,0.029169693657199167,0.6303634789200157,1.0,0.75,1,62,1.9669497999711893
S5,Full-batch GD,63,0.028795165301505308,0.628992867059295,1.0,0.75,1,63,1.9890566999674775
S5,Full-batch GD,64,0.028490466744129177,0.6281692921195537,1.0,0.75,1,64,2.033076499996241
S5,Full-batch GD,65,0.02816996965785138,0.6262368920600496,1.0,0.75,1,65,2.0508027999894693
S5,Full-batch GD,66,0.027807715430024443,0.6252093460133805,1.0,0.75,1,66,2.094516900018789
S5,Full-batch GD,67,0.02750167995731754,0.6248867043088131,1.0,0.75,1,67,2.1114927000016905
S5,Full-batch GD,68,0.027224966404285116,0.6221495622271928,1.0,0.75,1,68,2.1187192000215873
S5,Full-batch GD,69,0.026876896702188107,0.6215396058792273,1.0,0.75,1,69,2.1356174999964423
S5,Full-batch GD,70,0.026572802813436516,0.6206993848010716,1.0,0.75,1,70,2.176496899977792
S5,Full-batch GD,71,0.02629485997132545,0.6184448864517098,1.0,0.75,1,71,2.2256866999669
S5,Full-batch GD,72,0.025959713468455273,0.6183230893310783,1.0,0.75,1,72,2.271267300006002
S5,Full-batch GD,73,0.025660202532186965,0.6193164007410331,1.0,0.75,1,73,2.2923084999783896
S5,Full-batch GD,74,0.025396517128834402,0.6183319422414343,1.0,0.75,1,74,2.3256270000129007
S5,Full-batch GD,75,0.02507798067546698,0.618563488609188,1.0,0.75,1,75,2.343079000012949
S5,Full-batch GD,76,0.024787961117976286,0.6193620659961216,1.0,0.75,1,76,2.3739778000162914
S5,Full-batch GD,77,0.024510341569191185,0.6179819576360586,1.0,0.75,1,77,2.3873606999986805
S5,Full-batch GD,78,0.02418232774917567,0.6189062929630065,1.0,0.75,1,78,2.408348399971146
S5,Full-batch GD,79,0.02391150458757714,0.6196471255463234,1.0,0.75,1,79,2.4324274999671616
S5,Full-batch GD,80,0.02363080684856268,0.6184832049649304,1.0,0.75,1,80,2.4702386999852024
S5,Full-batch GD,81,0.023313218718012514,0.6178631015247948,1.0,0.75,1,81,2.4791547000058927
S5,Full-batch GD,82,0.023059751158520825,0.6190831103562124,1.0,0.75,1,82,2.4887774999951944
S5,Full-batch GD,83,0.02275942695153292,0.617842323244246,1.0,0.75,1,83,2.4995237999828532
S5,Full-batch GD,84,0.022448330376018195,0.6189137395785385,1.0,0.75,1,84,2.5066796999890357
S5,Full-batch GD,85,0.022212978822406693,0.6176372298856343,1.0,0.75,1,85,2.515061300015077
S5,Full-batch GD,86,0.021902082226076827,0.6187004681806056,1.0,0.75,1,86,2.522643300006166
S5,Full-batch GD,87,0.021623456080476083,0.6190385611737668,1.0,0.75,1,87,2.5398588000098243
S5,Full-batch GD,88,0.021364933754391364,0.6185747078235451,1.0,0.75,1,88,2.5837505999952555
S5,Full-batch GD,89,0.021058037079863614,0.6194783345677513,1.0,0.75,1,89,2.6213896999834105
S5,Full-batch GD,90,0.02080837175119299,0.6199823621695397,1.0,0.75,1,90,2.6582304000039585
S5,Full-batch GD,91,0.020526027230782104,0.6195572495320993,1.0,0.75,1,91,2.6731703999685124
S5,Full-batch GD,92,0.020236018115970686,0.6204988589432349,1.0,0.75,1,92,2.6826922000036575
S5,Full-batch GD,93,0.020007144283295638,0.6194108619624685,1.0,0.75,1,93,2.7076364000095055
S5,Full-batch GD,94,0.019705767630525835,0.6204390684144973,1.0,0.75,1,94,2.7364546000026166
S5,Full-batch GD,95,0.019453573516920997,0.6213780731855826,1.0,0.75,1,95,2.7479687000159174
S5,Full-batch GD,96,0.019207953420235777,0.6205867568854377,1.0,0.75,1,96,2.7745799999684095
S5,Full-batch GD,97,0.01893237587313012,0.6201361539272194,1.0,0.75,1,97,2.797265700006392
S5,Full-batch GD,98,0.01867888055924728,0.619943263604302,1.0,0.75,1,98,2.813343600020744
S5,Full-batch GD,99,0.018396986483329388,0.6206663171516451,1.0,0.75,1,99,2.821784599975217
S5,Full-batch GD,100,0.018184006298813754,0.6205698248473369,1.0,0.75,1,100,2.8581030999775976
S5,Mini-batch GD,1,0.21740616547795005,0.6331087730668872,0.9375,0.5,4,4,0.1733309999690391
S5,Mini-batch GD,2,0.1011436146434311,0.46947481245223294,1.0,0.75,4,8,0.20280709996586666
S5,Mini-batch GD,3,0.0655325860498838,0.3630890650141356,1.0,0.75,4,12,0.24836189998313785
S5,Mini-batch GD,4,0.039590972776007316,0.33114875600549376,1.0,0.75,4,16,0.28112589998636395
S5,Mini-batch GD,5,0.027288286915918968,0.31274681102660834,1.0,0.875,4,20,0.3760245000012219
S5,Mini-batch GD,6,0.02066649903198865,0.302198278852822,1.0,0.875,4,24,0.520891499996651
S5,Mini-batch GD,7,0.016586093751331868,0.2876543094053875,1.0,0.875,4,28,0.5770694999955595
S5,Mini-batch GD,8,0.014147915998258782,0.27610898055191035,1.0,0.875,4,32,0.6401029999833554
S5,Mini-batch GD,9,0.012283267149518705,0.2662790392882581,1.0,0.875,4,36,0.6956343000056222
S5,Mini-batch GD,10,0.010834386559536339,0.257209956511475,1.0,0.875,4,40,0.7671777000068687
S5,Mini-batch GD,11,0.009783286631722694,0.25457782894460906,1.0,0.875,4,44,0.820285799971316
S5,Mini-batch GD,12,0.008855047579284367,0.24771900226493332,1.0,0.875,4,48,0.9293807999929413
S5,Mini-batch GD,13,0.00812902063850872,0.2412821072285245,1.0,0.875,4,52,0.9705266999662854
S5,Mini-batch GD,14,0.007526924650936801,0.23255024405761934,1.0,0.875,4,56,1.014162799983751
S5,Mini-batch GD,15,0.006984915181992306,0.2271498872818704,1.0,0.875,4,60,1.0550549000035971
S5,Mini-batch GD,16,0.006517376872529866,0.2219681695027325,1.0,0.875,4,64,1.0973738000029698
S5,Mini-batch GD,17,0.006130022813318717,0.2179067942354775,1.0,0.875,4,68,1.148071000003256
S5,Mini-batch GD,18,0.005786106723672911,0.2146401089331023,1.0,0.875,4,72,1.1782212000107393
S5,Mini-batch GD,19,0.005455429680441004,0.2111801923638959,1.0,0.875,4,76,1.2684140999917872
S5,Mini-batch GD,20,0.0051926644377167566,0.20736200466656154,1.0,0.875,4,80,1.3328778999857605
S5,Mini-batch GD,21,0.004946745226413254,0.20439101312363778,1.0,0.875,4,84,1.3790301000117324
S5,Mini-batch GD,22,0.004688720375956645,0.20298853977870518,1.0,0.875,4,88,1.4043277999735437
S5,Mini-batch GD,23,0.004487599327567651,0.2004226457172398,1.0,0.875,4,92,1.443517800013069
S5,Mini-batch GD,24,0.004279616516255217,0.19791800554726724,1.0,0.875,4,96,1.484054800006561
S5,Mini-batch GD,25,0.004088247746268164,0.19681974656691478,1.0,0.875,4,100,1.5349442000151612
S5,Mini-batch GD,26,0.003919140204391867,0.19442369300014276,1.0,0.875,4,104,1.5812950999825262
S5,Mini-batch GD,27,0.0037694574343890073,0.19324666957707787,1.0,0.875,4,108,1.695401499979198
S5,Mini-batch GD,28,0.0036322499889980485,0.18990414732779107,1.0,0.875,4,112,1.7390753999934532
S5,Mini-batch GD,29,0.003489509673155591,0.1889915189351609,1.0,0.875,4,116,1.7912942999973893
S5,Mini-batch GD,30,0.0033564022600822904,0.1883957989605466,1.0,0.875,4,120,1.818879799975548
S5,Mini-batch GD,31,0.003217784112751032,0.1880619669325993,1.0,0.875,4,124,1.8756580000044778
S5,Mini-batch GD,32,0.0030889824689763995,0.18757255780486912,1.0,0.875,4,128,1.9356441000127234
S5,Mini-batch GD,33,0.0029851382112251806,0.18691311212086217,1.0,0.875,4,132,2.0400413000024855
S5,Mini-batch GD,34,0.0028784352461171904,0.18673871406186507,1.0,0.875,4,136,2.137086500006262
S5,Mini-batch GD,35,0.0027857527913720316,0.18462054037777786,1.0,0.875,4,140,2.1700543999904767
S5,Mini-batch GD,36,0.0026911469608528575,0.184430697885565,1.0,0.875,4,144,2.2029613999766298
S5,Mini-batch GD,37,0.0026095900080245395,0.1844925140006809,1.0,0.875,4,148,2.234982099966146
S5,Mini-batch GD,38,0.0025297297774111906,0.18388396618716085,1.0,0.875,4,152,2.2758352999808267
S5,Mini-batch GD,39,0.0024512101339296795,0.1838507695131148,1.0,0.875,4,156,2.3688223999924958
S5,Mini-batch GD,40,0.002381556271041027,0.18363914108771937,1.0,0.875,4,160,2.4398707000073045
S5,Mini-batch GD,41,0.0023153867915271338,0.18344045075692295,1.0,0.875,4,164,2.4677678999723867
S5,Mini-batch GD,42,0.0022551353121904286,0.18195443970798209,1.0,0.875,4,168,2.490605900005903
S5,Mini-batch GD,43,0.002193363592735374,0.18237917827005998,1.0,0.875,4,172,2.5178902000188828
S5,Mini-batch GD,44,0.0021354683056068646,0.18219898246507393,1.0,0.875,4,176,2.552962200017646
S5,Mini-batch GD,45,0.002082097594257667,0.18167969596128436,1.0,0.875,4,180,2.5720448999782093
S5,Mini-batch GD,46,0.0020269180650419136,0.18162673325249556,1.0,0.875,4,184,2.659656999981962
S5,Mini-batch GD,47,0.0019816887136259375,0.18124988108382195,1.0,0.875,4,188,2.7932056999998167
S5,Mini-batch GD,48,0.0019340105910099841,0.18127574306724337,1.0,0.875,4,192,2.903104299970437
S5,Mini-batch GD,49,0.0018911043234057525,0.18005001358340966,1.0,0.875,4,196,2.9312008999986574
S5,Mini-batch GD,50,0.0018490331774368156,0.17988442456003845,1.0,0.875,4,200,2.9594887999701314
S5,Mini-batch GD,51,0.0018073425219084537,0.17983529040093038,1.0,0.875,4,204,3.0055936999851838
S5,Mini-batch GD,52,0.0017686378737020638,0.1798583327670952,1.0,0.875,4,208,3.0438832999789156
S5,Mini-batch GD,53,0.0017332154579932954,0.17977543996687712,1.0,0.875,4,212,3.1163069999893196
S5,Mini-batch GD,54,0.001695434380083617,0.17950773435234277,1.0,0.875,4,216,3.1762221999815665
S5,Mini-batch GD,55,0.0016660424309203785,0.1783238692353717,1.0,0.875,4,220,3.212717499991413
S5,Mini-batch GD,56,0.0016314510762965011,0.17847815452711657,1.0,0.875,4,224,3.238905699981842
S5,Mini-batch GD,57,0.00160225952882319,0.1784168941538366,1.0,0.875,4,228,3.2821232000133023
S5,Mini-batch GD,58,0.0015695622229369907,0.1785464726937298,1.0,0.875,4,232,3.3151676999987103
S5,Mini-batch GD,59,0.0015397593501923958,0.17862619972824245,1.0,0.875,4,236,3.351764299964998
S5,Mini-batch GD,60,0.001512839562921475,0.17827721840461785,1.0,0.875,4,240,3.4208526000147685
S5,Mini-batch GD,61,0.0014873057603940697,0.17847449375355676,1.0,0.875,4,244,3.4527241999749094
S5,Mini-batch GD,62,0.0014627732130731569,0.1774092761034916,1.0,0.875,4,248,3.568460199981928
S5,Mini-batch GD,63,0.0014362969107744841,0.1776322370986095,1.0,0.875,4,252,3.6224210999789648
S5,Mini-batch GD,64,0.0014122795989544596,0.1776648595932877,1.0,0.875,4,256,3.6755899999989197
S5,Mini-batch GD,65,0.001388217172630498,0.17774362537519323,1.0,0.875,4,260,3.768824599974323
S5,Mini-batch GD,66,0.0013652196846060155,0.177922486783529,1.0,0.875,4,264,4.021316499973182
S5,Mini-batch GD,67,0.001345400535518734,0.17779529180648143,1.0,0.875,4,268,4.093799499969464
S5,Mini-batch GD,68,0.0013247415452226608,0.17675789978084186,1.0,0.875,4,272,4.124341599992476
S5,Mini-batch GD,69,0.0013037772794364626,0.17689364719120307,1.0,0.875,4,276,4.148202600015793
S5,Mini-batch GD,70,0.0012837752032566108,0.1768985646701423,1.0,0.875,4,280,4.186462999961805
S5,Mini-batch GD,71,0.0012634216340014835,0.1770517102096687,1.0,0.875,4,284,4.221216399979312
S5,Mini-batch GD,72,0.0012442809541136648,0.17715085420209506,1.0,0.875,4,288,4.248249600001145
S5,Mini-batch GD,73,0.0012267164909023154,0.17734005035805814,1.0,0.875,4,292,4.278096999973059
S5,Mini-batch GD,74,0.0012109844056586501,0.17638586302990772,1.0,0.875,4,296,4.335480200010352
S5,Mini-batch GD,75,0.0011919555502209306,0.17661535303488024,1.0,0.875,4,300,4.406997899990529
S5,Mini-batch GD,76,0.0011749496086725976,0.17665189188873118,1.0,0.875,4,304,4.455370199983008
S5,Mini-batch GD,77,0.0011583861915089842,0.1768991918021665,1.0,0.875,4,308,4.479753199964762
S5,Mini-batch GD,78,0.0011410445268683078,0.17705624762696734,1.0,0.875,4,312,4.505801099992823
S5,Mini-batch GD,79,0.0011256755400726663,0.17725130492189758,1.0,0.875,4,316,4.534057500015479
S5,Mini-batch GD,80,0.001112247050082616,0.17651440410231808,1.0,0.875,4,320,4.554713000019547
S5,Mini-batch GD,81,0.001096618646326175,0.1767426622633022,1.0,0.875,4,324,4.58941740001319
S5,Mini-batch GD,82,0.0010814574842619726,0.1768952060557984,1.0,0.875,4,328,4.627176299982239
S5,Mini-batch GD,83,0.0010675695617627335,0.17685735593571117,1.0,0.875,4,332,4.641108200012241
S5,Mini-batch GD,84,0.0010533479810726537,0.17692754712988965,1.0,0.875,4,336,4.684614199970383
S5,Mini-batch GD,85,0.0010390581551597907,0.17715670337339126,1.0,0.875,4,340,4.771728699968662
S5,Mini-batch GD,86,0.0010283596444005732,0.17646782236497283,1.0,0.875,4,344,4.795666599995457
S5,Mini-batch GD,87,0.0010152080013956723,0.17664012083620576,1.0,0.875,4,348,4.817153799987864
S5,Mini-batch GD,88,0.0010029131405099143,0.1770253748076305,1.0,0.875,4,352,4.838956899999175
S5,Mini-batch GD,89,0.0009905822945431675,0.17683552613739104,1.0,0.875,4,356,4.857277899980545
S5,Mini-batch GD,90,0.0009779802817455696,0.17706681120712833,1.0,0.875,4,360,4.878762100008316
S5,Mini-batch GD,91,0.0009670734591674002,0.1771472668795574,1.0,0.875,4,364,4.903479999979027
S5,Mini-batch GD,92,0.0009564722506755504,0.17725933203523944,1.0,0.875,4,368,4.921964399982244
S5,Mini-batch GD,93,0.0009460486486123835,0.17664827954453033,1.0,0.875,4,372,4.952014299982693
S5,Mini-batch GD,94,0.0009344713658764278,0.1767217432232015,1.0,0.875,4,376,5.02488009998342
S5,Mini-batch GD,95,0.0009237782817980262,0.17692079634063312,1.0,0.875,4,380,5.108318899990991
S5,Mini-batch GD,96,0.0009136742638132982,0.17685105613704474,1.0,0.875,4,384,5.180147500010207
S5,Mini-batch GD,97,0.0009026718497293668,0.17706943723718674,1.0,0.875,4,388,5.22420230001444
S5,Mini-batch GD,98,0.0008948272099613217,0.17709624886465625,1.0,0.875,4,392,5.251746799971443
S5,Mini-batch GD,99,0.0008847822730383668,0.17668765266508663,1.0,0.875,4,396,5.276027099986095
S5,Mini-batch GD,100,0.000875525318462365,0.17686767701420852,1.0,0.875,4,400,5.301285599998664
S5,Stochastic GD,1,1.1433738432873837,0.8839001319910225,0.90625,0.625,32,32,0.08309990004636347
S5,Stochastic GD,2,1.4527836965567043,0.7610037974413456,0.8125,0.75,32,64,0.13714940001955256
S5,Stochastic GD,3,3.9957816806449813,6.907755278982137,0.8125,0.75,32,96,0.19141440000385046
S5,Stochastic GD,4,1.8788549982753167,2.7015952199039774,0.875,0.875,32,128,0.2396765000303276
S5,Stochastic GD,5,0.4938564572117392,1.134710114246067,0.875,0.875,32,160,0.29417710000416264
S5,Stochastic GD,6,0.031169200118063872,0.5705614067412055,1.0,0.875,32,192,0.3311381000094116
S5,Stochastic GD,7,0.010374498517504776,0.6372171913449654,1.0,0.875,32,224,0.48165470000822097
S5,Stochastic GD,8,0.005161845094265541,0.7231015166772842,1.0,0.875,32,256,0.5282693000044674
S5,Stochastic GD,9,0.0032865652853631393,0.8351471583203487,1.0,0.75,32,288,0.5711335000232793
S5,Stochastic GD,10,0.0023569947959219788,0.9665956256567865,1.0,0.75,32,320,0.6133249000413343
S5,Stochastic GD,11,0.00181660251481856,1.086837746140352,1.0,0.75,32,352,0.6617264000233263
S5,Stochastic GD,12,0.0014670857166967284,1.1887631977435542,1.0,0.75,32,384,0.7036813000449911
S5,Stochastic GD,13,0.0012250701252611719,1.2745636164244603,1.0,0.75,32,416,0.7473352000233717
S5,Stochastic GD,14,0.0010475152049599058,1.3483099258481315,1.0,0.75,32,448,0.7857849000138231
S5,Stochastic GD,15,0.0009126611776679846,1.411939869120541,1.0,0.75,32,480,0.8395007000071928
S5,Stochastic GD,16,0.0008070620337274881,1.4676281726312732,1.0,0.75,32,512,0.9032864000182599
S5,Stochastic GD,17,0.000722523106519036,1.5165444719974186,1.0,0.75,32,544,0.9439510000520386
S5,Stochastic GD,18,0.0006533345729228485,1.5597625937646542,1.0,0.75,32,576,0.9785174000426196
S5,Stochastic GD,19,0.0005957626729430213,1.5988506517084498,1.0,0.75,32,608,1.0193715000059456
S5,Stochastic GD,20,0.0005473624218677883,1.633216944568652,1.0,0.75,32,640,1.0652943000313826
S5,Stochastic GD,21,0.0005061360525507397,1.6642481499575656,1.0,0.75,32,672,1.1049806000082754
S5,Stochastic GD,22,0.00047075649569981,1.6915352700922477,1.0,0.75,32,704,1.1811614000471309
S5,Stochastic GD,23,0.0004402363556530511,1.7150329990570519,1.0,0.75,32,736,1.2534448000369594
S5,Stochastic GD,24,0.0004134712919320831,1.7362028130830598,1.0,0.75,32,768,1.3000067000393756
S5,Stochastic GD,25,0.00039016629455136166,1.7529148517760507,1.0,0.75,32,800,1.3741189000429586
S5,Stochastic GD,26,0.0003693396877898507,1.7684550883009367,1.0,0.75,32,832,1.4263649000204168
S5,Stochastic GD,27,0.0003509376650734407,1.7796694113515215,1.0,0.75,32,864,1.4720106000313535
S5,Stochastic GD,28,0.000334304743191929,1.7900001231992904,1.0,0.75,32,896,1.5574652000213973
S5,Stochastic GD,29,0.0003193200830656944,1.7972444696404128,1.0,0.75,32,928,1.725599700002931
S5,Stochastic GD,30,0.0003055881354716743,1.8045233183818412,1.0,0.75,32,960,1.7908723000437021
S5,Stochastic GD,31,0.0002930074256037665,1.8106098902208347,1.0,0.75,32,992,1.85994470003061
S5,Stochastic GD,32,0.00028152443848647246,1.8131005863881933,1.0,0.75,32,1024,1.9102799000102095
S5,Stochastic GD,33,0.0002708797118828692,1.8148624969360574,1.0,0.75,32,1056,1.9524824000545777
S5,Stochastic GD,34,0.00026098804218642214,1.8160962792280992,1.0,0.75,32,1088,2.024364000011701
S5,Stochastic GD,35,0.000251752624006913,1.8173420678127419,1.0,0.75,32,1120,2.078436000039801
S5,Stochastic GD,36,0.00024314463734480968,1.8171360852335618,1.0,0.75,32,1152,2.137991600029636
S5,Stochastic GD,37,0.00023507178499282622,1.8172350302578988,1.0,0.75,32,1184,2.26103970000986
S5,Stochastic GD,38,0.00022749320698433933,1.8161614683713552,1.0,0.75,32,1216,2.3041738000465557
S5,Stochastic GD,39,0.0002203633041457244,1.815541298670514,1.0,0.75,32,1248,2.3463944000541233
S5,Stochastic GD,40,0.00021362037492763744,1.8156893151385822,1.0,0.75,32,1280,2.3916109000565484
S5,Stochastic GD,41,0.00020727406962029393,1.81494177990835,1.0,0.75,32,1312,2.4357720000552945
S5,Stochastic GD,42,0.0002012578716008293,1.8146510228917836,1.0,0.75,32,1344,2.477930400054902
S5,Stochastic GD,43,0.00019557280124810706,1.814113326239997,1.0,0.75,32,1376,2.5217384000425227
S5,Stochastic GD,44,0.00019017952956702463,1.8121891709279667,1.0,0.75,32,1408,2.588353900006041
S5,Stochastic GD,45,0.0001850593956111574,1.811580360920566,1.0,0.75,32,1440,2.6558261000318453
S5,Stochastic GD,46,0.00018018605362084817,1.8102313693060634,1.0,0.75,32,1472,2.699844300048426
S5,Stochastic GD,47,0.00017554986609170557,1.8093495683842378,1.0,0.75,32,1504,2.7495448000263423
S5,Stochastic GD,48,0.000171135984573915,1.8069665023126957,1.0,0.75,32,1536,2.7892422000295483
S5,Stochastic GD,49,0.0001669256103282741,1.805372420479916,1.0,0.75,32,1568,2.836880500020925
S5,Stochastic GD,50,0.00016289677332364725,1.8040133153179048,1.0,0.75,32,1600,2.892933100054506
S5,Stochastic GD,51,0.00015905311299447986,1.8018384567886687,1.0,0.75,32,1632,2.9323320000548847
S5,Stochastic GD,52,0.00015536953865728342,1.800691210236401,1.0,0.75,32,1664,2.974639800027944
S5,Stochastic GD,53,0.00015184847043279992,1.798744913298405,1.0,0.75,32,1696,3.065483000013046
S5,Stochastic GD,54,0.00014846661028005805,1.7973354742019139,1.0,0.75,32,1728,3.1346481000073254
S5,Stochastic GD,55,0.00014523034157405492,1.7952295099575561,1.0,0.75,32,1760,3.1794325000373647
S5,Stochastic GD,56,0.0001421175887833547,1.7932000257479286,1.0,0.75,32,1792,3.228984900051728
S5,Stochastic GD,57,0.00013913020872938182,1.7916058597206486,1.0,0.75,32,1824,3.2820902000530623
S5,Stochastic GD,58,0.00013625429488369644,1.7902490183207518,1.0,0.75,32,1856,3.3210073000518605
S5,Stochastic GD,59,0.00013349206274048688,1.7886729016641314,1.0,0.75,32,1888,3.3643093000282533
S5,Stochastic GD,60,0.00013082775754267743,1.7872138196512184,1.0,0.75,32,1920,3.412324200035073
S5,Stochastic GD,61,0.00012826565074743973,1.7856399208075724,1.0,0.75,32,1952,3.4511234000092372
S5,Stochastic GD,62,0.00012579082752469192,1.7845783012534666,1.0,0.75,32,1984,3.557768300001044
S5,Stochastic GD,63,0.00012340772418019622,1.7834703449813407,1.0,0.75,32,2016,3.6050584000186063
S5,Stochastic GD,64,0.00012110453432176202,1.7822999560977384,1.0,0.75,32,2048,3.65000860003056
S5,Stochastic GD,65,0.00011888359464395354,1.7810418927883347,1.0,0.75,32,2080,3.7063354000565596
S5,Stochastic GD,66,0.00011673512529238012,1.7797433203187512,1.0,0.75,32,2112,3.7947181000490673
S5,Stochastic GD,67,0.00011466049128505409,1.7785022779621011,1.0,0.75,32,2144,3.892755400040187
S5,Stochastic GD,68,0.00011265176888700509,1.7769897053426975,1.0,0.75,32,2176,3.9856423000455834
S5,Stochastic GD,69,0.0001107096326247858,1.7756383900719985,1.0,0.75,32,2208,4.0703609000192955
S5,Stochastic GD,70,0.00010882994451987964,1.7742860831792215,1.0,0.75,32,2240,4.1702757000457495
S5,Stochastic GD,71,0.00010700610847115357,1.7727143937872252,1.0,0.75,32,2272,4.240957300004084
S5,Stochastic GD,72,0.00010524161557887523,1.771193467522429,1.0,0.75,32,2304,4.308559500030242
S5,Stochastic GD,73,0.00010352822214350951,1.7695095623779982,1.0,0.75,32,2336,4.3578052000375465
S5,Stochastic GD,74,0.00010186690199532933,1.768139662712436,1.0,0.75,32,2368,4.403076600050554
S5,Stochastic GD,75,0.00010025579390325025,1.7666096798985995,1.0,0.75,32,2400,4.451289300050121
S5,Stochastic GD,76,9.869128929783835e-05,1.7650318273602954,1.0,0.75,32,2432,4.497790900000837
S5,Stochastic GD,77,9.717209318595664e-05,1.7635618372731483,1.0,0.75,32,2464,4.540160800039303
S5,Stochastic GD,78,9.569680165917268e-05,1.7624703554186711,1.0,0.75,32,2496,4.66039150004508
S5,Stochastic GD,79,9.426054551010869e-05,1.761379288318012,1.0,0.75,32,2528,4.718066600034945
S5,Stochastic GD,80,9.286569847251705e-05,1.7599133272008816,1.0,0.75,32,2560,4.765292100026272
S5,Stochastic GD,81,9.150877101196745e-05,1.7584951090758645,1.0,0.75,32,2592,4.806498900055885
S5,Stochastic GD,82,9.01897957730493e-05,1.7571114848204663,1.0,0.75,32,2624,4.851761000056285
S5,Stochastic GD,83,8.89034531753859e-05,1.756064302120966,1.0,0.75,32,2656,4.890090000000782
S5,Stochastic GD,84,8.765259936286473e-05,1.7548121945014477,1.0,0.75,32,2688,4.9324926000554115
S5,Stochastic GD,85,8.643373860814894e-05,1.7534984953536703,1.0,0.75,32,2720,4.988208500028122
S5,Stochastic GD,86,8.524752618552348e-05,1.752290916277844,1.0,0.75,32,2752,5.110788300051354
S5,Stochastic GD,87,8.40896167341168e-05,1.7510061259091796,1.0,0.75,32,2784,5.158170800015796
S5,Stochastic GD,88,8.296259075165995e-05,1.7499427585831913,1.0,0.75,32,2816,5.201531900034752
S5,Stochastic GD,89,8.186156225878597e-05,1.748935343643421,1.0,0.75,32,2848,5.2535156000521965
S5,Stochastic GD,90,8.078916338946763e-05,1.747941043244617,1.0,0.75,32,2880,5.300888300000224
S5,Stochastic GD,91,7.97416846998916e-05,1.746913224188195,1.0,0.75,32,2912,5.338783700019121
S5,Stochastic GD,92,7.872096082668935e-05,1.7456999551062453,1.0,0.75,32,2944,5.375875000027008
S5,Stochastic GD,93,7.772263170508235e-05,1.7447359568865572,1.0,0.75,32,2976,5.509207800030708
S5,Stochastic GD,94,7.674945169902121e-05,1.7434883068524722,1.0,0.75,32,3008,5.5510019000503235
S5,Stochastic GD,95,7.579736050904675e-05,1.7424750271848726,1.0,0.75,32,3040,5.594186400005128
S5,Stochastic GD,96,7.486882192198104e-05,1.7412224260422693,1.0,0.75,32,3072,5.637669800024014
S5,Stochastic GD,97,7.39599385894729e-05,1.7399951528765354,1.0,0.75,32,3104,5.680198800051585
S5,Stochastic GD,98,7.307275704772622e-05,1.7389561042921777,1.0,0.75,32,3136,5.724642700050026
S5,Stochastic GD,99,7.220416627381109e-05,1.737783258995808,1.0,0.75,32,3168,5.769359100027941
S5,Stochastic GD,100,7.13558295852541e-05,1.73668624451768,1.0,0.75,32,3200,5.846730200049933
S5,SGD + Momentum,1,0.4864943312608015,0.33199755010536935,0.90625,0.75,4,4,0.030109599989373237
S5,SGD + Momentum,2,0.054654454743809575,0.3116433406637528,0.96875,0.875,4,8,0.07066309999208897
S5,SGD + Momentum,3,0.0002021007590344949,4.409796280811827e-05,1.0,1.0,4,12,0.11327499995240942
S5,SGD + Momentum,4,0.002712588692619052,0.00441452573584132,1.0,1.0,4,16,0.14465370000107214
S5,SGD + Momentum,5,3.727948556732348e-05,9.64493244750456e-09,1.0,1.0,4,20,0.16901379998307675
S5,SGD + Momentum,6,3.854290086081613e-07,3.109335561292463e-08,1.0,1.0,4,24,0.19884949998231605
S5,SGD + Momentum,7,0.832848388198483,4.24243480143297,0.875,0.75,4,28,0.22879689995897934
S5,SGD + Momentum,8,4.7155494911088565e-06,0.0026019669583266063,1.0,1.0,4,32,0.3244645999511704
S5,SGD + Momentum,9,1.3841230409500828e-08,1.4676979334564984e-08,1.0,1.0,4,36,0.3493585999822244
S5,SGD + Momentum,10,0.18483313709977003,4.1013664693329623e-11,0.96875,1.0,4,40,0.37738449999596924
S5,SGD + Momentum,11,4.959627966811275e-08,1.7379681039673168e-10,1.0,1.0,4,44,0.42240849998779595
S5,SGD + Momentum,12,3.683640971164526e-05,0.7491272262691566,1.0,0.875,4,48,0.4839863999513909
S5,SGD + Momentum,13,0.0002082172586772167,3.1138374649519416,1.0,0.875,4,52,0.5131921999854967
S5,SGD + Momentum,14,0.03561066824219589,3.4538776394910693,0.96875,0.875,4,56,0.5389646999537945
S5,SGD + Momentum,15,7.100994758866988e-05,3.453877639491069,1.0,0.875,4,60,0.5651906999992207
S5,SGD + Momentum,16,7.225854261667842e-05,3.4538776394910684,1.0,0.875,4,64,0.6652996999910101
S5,SGD + Momentum,17,0.00034274031887577877,3.4538776394910684,1.0,0.875,4,68,0.6921615999890491
S5,SGD + Momentum,18,8.922684259273505e-06,3.4538776394910684,1.0,0.875,4,72,0.7134180999710225
S5,SGD + Momentum,19,1.768132994554831e-06,3.4538776394910684,1.0,0.875,4,76,0.7377380999969319
S5,SGD + Momentum,20,1.636211827247991e-06,3.4538776394910684,1.0,0.875,4,80,0.7659269999712706
S5,SGD + Momentum,21,1.6560408595585488e-06,3.4538776394910684,1.0,0.875,4,84,0.8247021999559365
S5,SGD + Momentum,22,1.6232264977405711e-06,3.4538776394910684,1.0,0.875,4,88,0.8485324999783188
S5,SGD + Momentum,23,1.5470861497726468e-06,3.4538776394910684,1.0,0.875,4,92,0.8742190999910235
S5,SGD + Momentum,24,1.480628081868908e-06,3.4538776394910684,1.0,0.875,4,96,0.9165098999510519
S5,SGD + Momentum,25,1.4138981261380955e-06,3.4538776394910684,1.0,0.875,4,100,0.9403141999500804
S5,SGD + Momentum,26,1.3652770680001604e-06,3.4538776394910684,1.0,0.875,4,104,0.984939799993299
S5,SGD + Momentum,27,1.3028600345164804e-06,3.4538776394910684,1.0,0.875,4,108,1.0480553999659605
S5,SGD + Momentum,28,1.2453914041728658e-06,3.4538776394910684,1.0,0.875,4,112,1.0754937999881804
S5,SGD + Momentum,29,1.1983689469695809e-06,3.4538776394910684,1.0,0.875,4,116,1.101680999970995
S5,SGD + Momentum,30,1.1423603963305239e-06,3.4538776394910684,1.0,0.875,4,120,1.12351129995659
S5,SGD + Momentum,31,1.0915245918358832e-06,3.4538776394910684,1.0,0.875,4,124,1.1642504999763332
S5,SGD + Momentum,32,1.044447622342581e-06,3.4538776394910684,1.0,0.875,4,128,1.2278194999671541
S5,SGD + Momentum,33,9.951921397317854e-07,3.4538776394910684,1.0,0.875,4,132,1.283189699985087
S5,SGD + Momentum,34,9.513794118670027e-07,3.4538776394910684,1.0,0.875,4,136,1.3226987999514677
S5,SGD + Momentum,35,9.117410948273065e-07,3.4538776394910684,1.0,0.875,4,140,1.3434776999638416
S5,SGD + Momentum,36,8.76237285870002e-07,3.4538776394910684,1.0,0.875,4,144,1.3660311999847181
S5,SGD + Momentum,37,8.485878723003501e-07,3.4538776394910684,1.0,0.875,4,148,1.403529500006698
S5,SGD + Momentum,38,8.177193848550258e-07,3.4538776394910684,1.0,0.875,4,152,1.4306533999624662
S5,SGD + Momentum,39,7.919348565097388e-07,3.4538776394910684,1.0,0.875,4,156,1.4638142999610864
S5,SGD + Momentum,40,7.644078570228449e-07,3.4538776394910684,1.0,0.875,4,160,1.4878190999734215
S5,SGD + Momentum,41,7.401682275298711e-07,3.4538776394910684,1.0,0.875,4,164,1.514507699990645
S5,SGD + Momentum,42,7.186269142603951e-07,3.4538776394910684,1.0,0.875,4,168,1.5576691000023857
S5,SGD + Momentum,43,7.005936123576046e-07,3.4538776394910684,1.0,0.875,4,172,1.5905303999898024
S5,SGD + Momentum,44,6.797347347298737e-07,3.4538776394910684,1.0,0.875,4,176,1.625909700000193
S5,SGD + Momentum,45,6.634887307068093e-07,3.4538776394910684,1.0,0.875,4,180,1.6757649999926798
S5,SGD + Momentum,46,6.453549757663052e-07,3.4538776394910684,1.0,0.875,4,184,1.714621499995701
S5,SGD + Momentum,47,6.27178408224093e-07,3.4538776394910684,1.0,0.875,4,188,1.7385344000067562
S5,SGD + Momentum,48,6.114849164818659e-07,3.4538776394910684,1.0,0.875,4,192,1.7617736999527551
S5,SGD + Momentum,49,5.979354410485613e-07,3.4538776394910684,1.0,0.875,4,196,1.7890998999937437
S5,SGD + Momentum,50,5.847533064182411e-07,3.4538776394910684,1.0,0.875,4,200,1.817502699967008
S5,SGD + Momentum,51,5.713496617298828e-07,3.4538776394910684,1.0,0.875,4,204,1.8488736999570392
S5,SGD + Momentum,52,5.588839240685909e-07,3.4538776394910684,1.0,0.875,4,208,1.8774565999628976
S5,SGD + Momentum,53,5.47693209427373e-07,3.4538776394910684,1.0,0.875,4,212,1.9118427999783307
S5,SGD + Momentum,54,5.372807182962553e-07,3.4538776394910684,1.0,0.875,4,216,2.0137663999921642
S5,SGD + Momentum,55,5.266177941972076e-07,3.4538776394910684,1.0,0.875,4,220,2.054343900003005
S5,SGD + Momentum,56,5.163199437146396e-07,3.4538776394910684,1.0,0.875,4,224,2.075511100003496
S5,SGD + Momentum,57,5.057993396409805e-07,3.4538776394910684,1.0,0.875,4,228,2.115618899988476
S5,SGD + Momentum,58,4.959209336817281e-07,3.4538776394910684,1.0,0.875,4,232,2.1477924999780953
S5,SGD + Momentum,59,4.862589297989525e-07,3.4538776394910684,1.0,0.875,4,236,2.18120039999485
S5,SGD + Momentum,60,4.78127012158089e-07,3.4538776394910684,1.0,0.875,4,240,2.2036763000069186
S5,SGD + Momentum,61,4.701221622141569e-07,3.4538776394910684,1.0,0.875,4,244,2.2361113999504596
S5,SGD + Momentum,62,4.626744470822889e-07,3.4538776394910684,1.0,0.875,4,248,2.279480599972885
S5,SGD + Momentum,63,4.549125485218317e-07,3.4538776394910684,1.0,0.875,4,252,2.315450599999167
S5,SGD + Momentum,64,4.4744642765277167e-07,3.4538776394910684,1.0,0.875,4,256,2.4144307999522425
S5,SGD + Momentum,65,4.4017849023417014e-07,3.4538776394910684,1.0,0.875,4,260,2.452571399975568
S5,SGD + Momentum,66,4.3356196266963783e-07,3.4538776394910684,1.0,0.875,4,264,2.491182099969592
S5,SGD + Momentum,67,4.263201445282416e-07,3.4538776394910684,1.0,0.875,4,268,2.5200161999673583
S5,SGD + Momentum,68,4.1983900345233096e-07,3.4538776394910684,1.0,0.875,4,272,2.540332899952773
S5,SGD + Momentum,69,4.1382331314132854e-07,3.4538776394910684,1.0,0.875,4,276,2.575104499992449
S5,SGD + Momentum,70,4.0717566834978546e-07,3.4538776394910684,1.0,0.875,4,280,2.5977670999709517
S5,SGD + Momentum,71,4.014727568963319e-07,3.4538776394910684,1.0,0.875,4,284,2.6326950999791734
S5,SGD + Momentum,72,3.953513798554222e-07,3.4538776394910684,1.0,0.875,4,288,2.737740499956999
S5,SGD + Momentum,73,3.9007226099656623e-07,3.4538776394910684,1.0,0.875,4,292,2.8287015999667346
S5,SGD + Momentum,74,3.8509620216156435e-07,3.4538776394910684,1.0,0.875,4,296,2.8782077999785542
S5,SGD + Momentum,75,3.796995353847471e-07,3.4538776394910684,1.0,0.875,4,300,2.9148915999685414
S5,SGD + Momentum,76,3.746348380994037e-07,3.4538776394910684,1.0,0.875,4,304,2.936705800006166
S5,SGD + Momentum,77,3.696855370671374e-07,3.4538776394910684,1.0,0.875,4,308,2.966953700000886
S5,SGD + Momentum,78,3.650316415957503e-07,3.4538776394910684,1.0,0.875,4,312,2.9967826000065543
S5,SGD + Momentum,79,3.606501334255567e-07,3.4538776394910684,1.0,0.875,4,316,3.0252430999535136
S5,SGD + Momentum,80,3.557655351115199e-07,3.4538776394910684,1.0,0.875,4,320,3.0492249999661
S5,SGD + Momentum,81,3.509932375783804e-07,3.4538776394910684,1.0,0.875,4,324,3.1185568999499083
S5,SGD + Momentum,82,3.465341523918509e-07,3.4538776394910684,1.0,0.875,4,328,3.306218399957288
S5,SGD + Momentum,83,3.423170408310292e-07,3.4538776394910684,1.0,0.875,4,332,3.399303099955432
S5,SGD + Momentum,84,3.385023793514998e-07,3.4538776394910684,1.0,0.875,4,336,3.4504840999725275
S5,SGD + Momentum,85,3.345093769043011e-07,3.4538776394910684,1.0,0.875,4,340,3.6193326999782585
S5,SGD + Momentum,86,3.302816170899251e-07,3.4538776394910684,1.0,0.875,4,344,3.7370003999676555
S5,SGD + Momentum,87,3.2677355224132077e-07,3.4538776394910684,1.0,0.875,4,348,3.88509359996533
S5,SGD + Momentum,88,3.2293218475515664e-07,3.4538776394910684,1.0,0.875,4,352,4.037271499983035
S5,SGD + Momentum,89,3.1925916633236e-07,3.4538776394910684,1.0,0.875,4,356,4.104628000000957
S5,SGD + Momentum,90,3.1577322915670055e-07,3.4538776394910684,1.0,0.875,4,360,4.156452999974135
S5,SGD + Momentum,91,3.1216363740165696e-07,3.4538776394910684,1.0,0.875,4,364,4.22890579997329
S5,SGD + Momentum,92,3.0912000753024567e-07,3.4538776394910684,1.0,0.875,4,368,4.366543799987994
S5,SGD + Momentum,93,3.058488213097331e-07,3.4538776394910684,1.0,0.875,4,372,4.440533699991647
S5,SGD + Momentum,94,3.025312923888212e-07,3.4538776394910684,1.0,0.875,4,376,4.481520699977409
S5,SGD + Momentum,95,2.991214357511185e-07,3.4538776394910684,1.0,0.875,4,380,4.5045491000055335
S5,SGD + Momentum,96,2.961754410268616e-07,3.4538776394910684,1.0,0.875,4,384,4.551747199962847
S5,SGD + Momentum,97,2.9308282189526294e-07,3.4538776394910684,1.0,0.875,4,388,4.577740699984133
S5,SGD + Momentum,98,2.9011846508290695e-07,3.4538776394910684,1.0,0.875,4,392,4.624820099968929
S5,SGD + Momentum,99,2.8712850197210024e-07,3.4538776394910684,1.0,0.875,4,396,4.704249000002164
S5,SGD + Momentum,100,2.8422194404745137e-07,3.4538776394910684,1.0,0.875,4,400,4.740016900002956
S5,Adagrad,1,0.3973010795159131,1.828833363439798,0.9375,0.625,4,4,0.2165359000209719
S5,Adagrad,2,0.03268333974761484,0.9802525193869466,1.0,0.75,4,8,0.2929798000259325
S5,Adagrad,3,0.007000555685579991,0.6247089940597927,1.0,0.75,4,12,0.32569720002356917
S5,Adagrad,4,0.0047607275038467995,0.5398760288578666,1.0,0.75,4,16,0.3537773999851197
S5,Adagrad,5,0.003830783067697646,0.47554483198217423,1.0,0.75,4,20,0.38360599998850375
S5,Adagrad,6,0.003222320966835294,0.4321448378929316,1.0,0.75,4,24,0.4146309000207111
S5,Adagrad,7,0.0027974416919150685,0.39555194399285754,1.0,0.75,4,28,0.4488091000239365
S5,Adagrad,8,0.0024758123149250626,0.36778713653766265,1.0,0.75,4,32,0.48162999999476597
S5,Adagrad,9,0.002221405178349245,0.34201433436982226,1.0,0.75,4,36,0.5092455000267364
S5,Adagrad,10,0.0020186639295231446,0.32004232883628997,1.0,0.875,4,40,0.542071699979715
S5,Adagrad,11,0.0018510888374849185,0.30233320679746145,1.0,0.875,4,44,0.5800278999959119
S5,Adagrad,12,0.0017079810217697413,0.28536117205817846,1.0,0.875,4,48,0.6498296000063419
S5,Adagrad,13,0.0015857029093941384,0.270370312455783,1.0,0.875,4,52,0.7025682000094093
S5,Adagrad,14,0.0014805196211455044,0.2568947940253944,1.0,0.875,4,56,0.7398588000214659
S5,Adagrad,15,0.001387707627228809,0.24570336298434325,1.0,0.875,4,60,0.7709842000040226
S5,Adagrad,16,0.001303329197537765,0.2348182800850316,1.0,0.875,4,64,0.8239371000090614
S5,Adagrad,17,0.0011977609278898795,0.22454529201795936,1.0,0.875,4,68,0.8607788999797776
S5,Adagrad,18,0.0011084747043648882,0.21540854322070305,1.0,0.875,4,72,0.8921677999896929
S5,Adagrad,19,0.0010319237410457006,0.20670714471098767,1.0,0.875,4,76,0.9643910999875516
S5,Adagrad,20,0.0009659749615027322,0.198797712647395,1.0,0.875,4,80,1.0239854999817908
S5,Adagrad,21,0.0009083878075942656,0.19159144358895056,1.0,0.875,4,84,1.049180099973455
S5,Adagrad,22,0.0008595875158065425,0.1853641991133028,1.0,0.875,4,88,1.0789031999884173
S5,Adagrad,23,0.0008189786491619738,0.17917451879646215,1.0,0.875,4,92,1.1060061000171117
S5,Adagrad,24,0.0007820477599100209,0.17337208613340255,1.0,0.875,4,96,1.1367019999888726
S5,Adagrad,25,0.0007483236811897275,0.1679615352577936,1.0,0.875,4,100,1.1700334000051953
S5,Adagrad,26,0.0007173964368557668,0.16291715314995756,1.0,0.875,4,104,1.2006072999793105
S5,Adagrad,27,0.0006889454872398826,0.15814533865612518,1.0,0.875,4,108,1.2480694000259973
S5,Adagrad,28,0.000662483363385171,0.15394257246611526,1.0,0.875,4,112,1.3024659000220709
S5,Adagrad,29,0.0006380231474191417,0.14969608728759984,1.0,0.875,4,116,1.3716481000301428
S5,Adagrad,30,0.0006152438561244063,0.14567859791931778,1.0,0.875,4,120,1.4123723999946378
S5,Adagrad,31,0.0005940632022696502,0.14191274703650741,1.0,0.875,4,124,1.4387841999996454
S5,Adagrad,32,0.0005742668558332189,0.1385597497197528,1.0,0.875,4,128,1.480269199993927
S5,Adagrad,33,0.0005556651739338721,0.13515843955504606,1.0,0.875,4,132,1.5557901000138372
S5,Adagrad,34,0.0005382085868909756,0.13191600348746985,1.0,0.875,4,136,1.6139465000014752
S5,Adagrad,35,0.0005218048668352078,0.1288356546302303,1.0,0.875,4,140,1.665394000010565
S5,Adagrad,36,0.0005063888438534671,0.1258954570582264,1.0,1.0,4,144,1.6973686999990605
S5,Adagrad,37,0.0004918430298408499,0.12311982138070059,1.0,1.0,4,148,1.7250811000121757
S5,Adagrad,38,0.0004780395214101556,0.12064267425666846,1.0,1.0,4,152,1.760680700012017
S5,Adagrad,39,0.00046497754668176354,0.11808837231430631,1.0,1.0,4,156,1.7906289999955334
S5,Adagrad,40,0.0004526242591714785,0.11564563775439315,1.0,1.0,4,160,1.8250719999778084
S5,Adagrad,41,0.00044090554653475816,0.11331200376443583,1.0,1.0,4,164,1.8600375999812968
S5,Adagrad,42,0.00042977791256558267,0.11109135173353518,1.0,1.0,4,168,1.946554800029844
S5,Adagrad,43,0.0004191996955693126,0.10896065040718891,1.0,1.0,4,172,1.99543559999438
S5,Adagrad,44,0.0004090308416478569,0.10702284730703378,1.0,1.0,4,176,2.04224839998642
S5,Adagrad,45,0.0003993940729975671,0.10505408567137332,1.0,1.0,4,180,2.073287100007292
S5,Adagrad,46,0.00039017474940670983,0.10314377356818553,1.0,1.0,4,184,2.11042580002686
S5,Adagrad,47,0.0003813946782954717,0.10130496560855855,1.0,1.0,4,188,2.143541599973105
S5,Adagrad,48,0.00037299580902976786,0.09954946828520811,1.0,1.0,4,192,2.1904459000215866
S5,Adagrad,49,0.0003649098080755755,0.09794835887143437,1.0,1.0,4,196,2.2373928999877535
S5,Adagrad,50,0.0003571727741716582,0.09631825179420744,1.0,1.0,4,200,2.337561500025913
S5,Adagrad,51,0.000349755608435187,0.0947288387738321,1.0,1.0,4,204,2.4181323000229895
S5,Adagrad,52,0.0003426357454110583,0.09321212904744777,1.0,1.0,4,208,2.464916799974162
S5,Adagrad,53,0.0003358081351999425,0.09173227049214837,1.0,1.0,4,212,2.4955493999877945
S5,Adagrad,54,0.00032923919183823605,0.09040495648989681,1.0,1.0,4,216,2.5225208000047132
S5,Adagrad,55,0.00032290766442450136,0.08901829097397258,1.0,1.0,4,220,2.5761449999990873
S5,Adagrad,56,0.00031672472492196127,0.08767910527619899,1.0,1.0,4,224,2.601297600020189
S5,Adagrad,57,0.0003107572077339405,0.08639738264279267,1.0,1.0,4,228,2.6549427999998443
S5,Adagrad,58,0.00030503303757897695,0.08515349612781671,1.0,1.0,4,232,2.7288056000252254
S5,Adagrad,59,0.0002995696560968956,0.0837987317056898,1.0,1.0,4,236,2.7683479000115767
S5,Adagrad,60,0.00029423324593085,0.08270684725563432,1.0,1.0,4,240,2.7976287999772467
S5,Adagrad,61,0.00028906650605398706,0.08157627896137981,1.0,1.0,4,244,2.8293826000299305
S5,Adagrad,62,0.00028407243135897703,0.08047857126550877,1.0,1.0,4,248,2.863488500006497
S5,Adagrad,63,0.00027924549176754846,0.07941387394554236,1.0,1.0,4,252,2.8953206000151113
S5,Adagrad,64,0.0002745829102474667,0.07837929285217328,1.0,1.0,4,256,2.9505110000027344
S5,Adagrad,65,0.00027007620565918847,0.07736246978405979,1.0,1.0,4,260,2.9828132999828085
S5,Adagrad,66,0.00026572045201388037,0.07637544737487842,1.0,1.0,4,264,3.0510789999971166
S5,Adagrad,67,0.000261500703363782,0.07542884769785244,1.0,1.0,4,268,3.1374090000172146
S5,Adagrad,68,0.0002574000509826446,0.07455092998317778,1.0,1.0,4,272,3.1720936999772675
S5,Adagrad,69,0.0002534252312086337,0.07365463355515453,1.0,1.0,4,276,3.2059790000203066
S5,Adagrad,70,0.00024956946497652386,0.07278110412766112,1.0,1.0,4,280,3.2425007999991067
S5,Adagrad,71,0.0002458354426761664,0.07193113325130135,1.0,1.0,4,284,3.2876938999979757
S5,Adagrad,72,0.00024220219800809035,0.07109012125282903,1.0,1.0,4,288,3.3323711000266485
S5,Adagrad,73,0.00023868484489810522,0.07028378105457522,1.0,1.0,4,292,3.3607951999874786
S5,Adagrad,74,0.00023526893063807014,0.06953559313626341,1.0,1.0,4,296,3.387617699976545
S5,Adagrad,75,0.00023194660478274978,0.06876762412825495,1.0,1.0,4,300,3.45818810001947
S5,Adagrad,76,0.00022871585322211746,0.06800863714413977,1.0,1.0,4,304,3.511812300013844
S5,Adagrad,77,0.00022557350451130038,0.06727919122277572,1.0,1.0,4,308,3.5594417999964207
S5,Adagrad,78,0.0002225158925128836,0.06655752638417389,1.0,1.0,4,312,3.584107699978631
S5,Adagrad,79,0.0002195394078010434,0.06586337045572994,1.0,1.0,4,316,3.638149500009604
S5,Adagrad,80,0.00021664131927399987,0.065174299981567,1.0,1.0,4,320,3.6646723999874666
S5,Adagrad,81,0.00021382282552404155,0.06455259281684164,1.0,1.0,4,324,3.6931916999747045
S5,Adagrad,82,0.0002110713740912277,0.0638948117097455,1.0,1.0,4,328,3.7603888000012375
S5,Adagrad,83,0.0002083924082183445,0.06325174777589829,1.0,1.0,4,332,3.932988899992779
S5,Adagrad,84,0.00020577510234240007,0.06263351982917488,1.0,1.0,4,336,3.981357200013008
S5,Adagrad,85,0.00020322498138450505,0.062029715887474204,1.0,1.0,4,340,4.0609390999889
S5,Adagrad,86,0.00020073742086578643,0.06142819354595425,1.0,1.0,4,344,4.119437600020319
S5,Adagrad,87,0.00019830913059127114,0.060850179805486695,1.0,1.0,4,348,4.148551799997222
S5,Adagrad,88,0.00019594314465347503,0.060275682174211205,1.0,1.0,4,352,4.235714800015558
S5,Adagrad,89,0.00019363846662955346,0.05971371669027838,1.0,1.0,4,356,4.308673600025941
S5,Adagrad,90,0.00019137430928268316,0.059205478375924145,1.0,1.0,4,360,4.3459975000005215
S5,Adagrad,91,0.0001891644845315551,0.058675161777316215,1.0,1.0,4,364,4.375891699979547
S5,Adagrad,92,0.0001870098946739344,0.05814661734368855,1.0,1.0,4,368,4.410955999977887
S5,Adagrad,93,0.00018489877836286485,0.05763844744691934,1.0,1.0,4,372,4.438599599990994
S5,Adagrad,94,0.00018284101787632108,0.05714024300843653,1.0,1.0,4,376,4.47964979999233
S5,Adagrad,95,0.0001808229863140796,0.056642836632487883,1.0,1.0,4,380,4.5069301999756135
S5,Adagrad,96,0.0001788550185203104,0.0561647810930811,1.0,1.0,4,384,4.538402199978009
S5,Adagrad,97,0.00017692858161639515,0.055687641949560496,1.0,1.0,4,388,4.655975800007582
S5,Adagrad,98,0.00017507577500336122,0.05517788791529722,1.0,1.0,4,392,4.737442800018471
S5,Adagrad,99,0.0001732242595059494,0.05472893286351242,1.0,1.0,4,396,4.766962599998806
S5,Adagrad,100,0.00017141116162674232,0.05428787834540652,1.0,1.0,4,400,4.793078500020783
S5,RMSprop,1,6.152645693961953,6.907755278982137,0.6875,0.75,4,4,0.0851812000037171
S5,RMSprop,2,0.8634848079344314,4.2112255166271163e-07,0.96875,1.0,4,8,0.16819009999744594
S5,RMSprop,3,1.0532652053306548,1.1745742747102694,0.9375,0.75,4,12,0.23495710000861436
S5,RMSprop,4,2.090688733247687e-14,3.7167834090653335e-05,1.0,1.0,4,16,0.26523610000731423
S5,RMSprop,5,2.090688733247687e-14,3.716783409123638e-05,1.0,1.0,4,20,0.3210727999685332
S5,RMSprop,6,2.090688733247687e-14,3.7167834091819415e-05,1.0,1.0,4,24,0.36929499998223037
S5,RMSprop,7,2.090688733247687e-14,3.716783409243022e-05,1.0,1.0,4,28,0.4004755999776535
S5,RMSprop,8,2.090688733247687e-14,3.7167834093041026e-05,1.0,1.0,4,32,0.4356295000179671
S5,RMSprop,9,2.090688733247687e-14,3.716783409363795e-05,1.0,1.0,4,36,0.50085750001017
S5,RMSprop,10,2.090688733247687e-14,3.716783409430428e-05,1.0,1.0,4,40,0.5618644999922253
S5,RMSprop,11,2.090688733247687e-14,3.7167834094942845e-05,1.0,1.0,4,44,0.5920927000115626
S5,RMSprop,12,2.090688733247687e-14,3.7167834095609176e-05,1.0,1.0,4,48,0.6325808999827132
S5,RMSprop,13,2.090688733247687e-14,3.7167834096303275e-05,1.0,1.0,4,52,0.6672780999797396
S5,RMSprop,14,2.090688733247687e-14,3.716783409699737e-05,1.0,1.0,4,56,0.7227369999745861
S5,RMSprop,15,2.090688733247687e-14,3.716783409769147e-05,1.0,1.0,4,60,0.7703431000118144
S5,RMSprop,16,2.090688733247687e-14,3.716783409844109e-05,1.0,1.0,4,64,0.8121667000232264
S5,RMSprop,17,2.090688733247687e-14,3.7167834099162947e-05,1.0,1.0,4,68,0.8755034999921918
S5,RMSprop,18,2.090688733247687e-14,3.716783409991257e-05,1.0,1.0,4,72,0.9536816999898292
S5,RMSprop,19,2.090688733247687e-14,3.716783410068996e-05,1.0,1.0,4,76,0.9935810000170022
S5,RMSprop,20,2.090688733247687e-14,3.7167834101467344e-05,1.0,1.0,4,80,1.028208200004883
S5,RMSprop,21,2.090688733247687e-14,3.71678341022725e-05,1.0,1.0,4,84,1.0681581000098959
S5,RMSprop,22,2.090688733247687e-14,3.716783410307765e-05,1.0,1.0,4,88,1.1077033000183292
S5,RMSprop,23,2.090688733247687e-14,3.7167834103910566e-05,1.0,1.0,4,92,1.1434579999768175
S5,RMSprop,24,2.090688733247687e-14,3.716783410477124e-05,1.0,1.0,4,96,1.1771162999793887
S5,RMSprop,25,2.090688733247687e-14,3.716783410563192e-05,1.0,1.0,4,100,1.2084402000182308
S5,RMSprop,26,2.090688733247687e-14,3.716783410652036e-05,1.0,1.0,4,104,1.300317700020969
S5,RMSprop,27,2.090688733247687e-14,3.7167834107408806e-05,1.0,1.0,4,108,1.3432863000198267
S5,RMSprop,28,2.090688733247687e-14,3.716783410832501e-05,1.0,1.0,4,112,1.3776766000082716
S5,RMSprop,29,2.090688733247687e-14,3.7167834109268985e-05,1.0,1.0,4,116,1.4195524000097066
S5,RMSprop,30,2.090688733247687e-14,3.7167834110240714e-05,1.0,1.0,4,120,1.457231900014449
S5,RMSprop,31,2.090688733247687e-14,3.716783411121245e-05,1.0,1.0,4,124,1.4890641000238247
S5,RMSprop,32,2.090688733247687e-14,3.716783411221195e-05,1.0,1.0,4,128,1.5182053999742493
S5,RMSprop,33,2.090688733247687e-14,3.716783411323921e-05,1.0,1.0,4,132,1.5582867999910377
S5,RMSprop,34,2.090688733247687e-14,3.716783411426647e-05,1.0,1.0,4,136,1.6261525999871083
S5,RMSprop,35,2.090688733247687e-14,3.7167834115321496e-05,1.0,1.0,4,140,1.66570650000358
S5,RMSprop,36,2.090688733247687e-14,3.716783411640429e-05,1.0,1.0,4,144,1.7070205999771133
S5,RMSprop,37,2.090688733247687e-14,3.716783411750096e-05,1.0,1.0,4,148,1.7475846000015736
S5,RMSprop,38,2.090688733247687e-14,3.7167834118639277e-05,1.0,1.0,4,152,1.8108366000233218
S5,RMSprop,39,2.090688733247687e-14,3.7167834119777594e-05,1.0,1.0,4,156,1.8630988000077195
S5,RMSprop,40,2.090688733247687e-14,3.7167834120971436e-05,1.0,1.0,4,160,1.9019078999990597
S5,RMSprop,41,2.090688733247687e-14,3.7167834122165285e-05,1.0,1.0,4,164,1.9420304999803193
S5,RMSprop,42,2.090688733247687e-14,3.716783412338689e-05,1.0,1.0,4,168,1.9875831999816
S5,RMSprop,43,2.090688733247687e-14,3.716783412463626e-05,1.0,1.0,4,172,2.0722137999837287
S5,RMSprop,44,2.090688733247687e-14,3.71678341259134e-05,1.0,1.0,4,176,2.138749399979133
S5,RMSprop,45,2.090688733247687e-14,3.7167834127190535e-05,1.0,1.0,4,180,2.2305001000058837
S5,RMSprop,46,2.090688733247687e-14,3.71678341285232e-05,1.0,1.0,4,184,2.273640899977181
S5,RMSprop,47,2.090688733247687e-14,3.716783412985586e-05,1.0,1.0,4,188,2.3075955000240356
S5,RMSprop,48,2.090688733247687e-14,3.7167834131244055e-05,1.0,1.0,4,192,2.340406899980735
S5,RMSprop,49,2.090688733247687e-14,3.716783413263225e-05,1.0,1.0,4,196,2.371835400001146
S5,RMSprop,50,2.090688733247687e-14,3.7167834134075964e-05,1.0,1.0,4,200,2.415821800008416
S5,RMSprop,51,2.090688733247687e-14,3.716783413554745e-05,1.0,1.0,4,204,2.4538843000191264
S5,RMSprop,52,2.090688733247687e-14,3.716783413701893e-05,1.0,1.0,4,208,2.4922624999890104
S5,RMSprop,53,2.090688733247687e-14,3.716783413854594e-05,1.0,1.0,4,212,2.5346819999977015
S5,RMSprop,54,2.090688733247687e-14,3.716783414010071e-05,1.0,1.0,4,216,2.6599245999823324
S5,RMSprop,55,2.090688733247687e-14,3.716783414166937e-05,1.0,1.0,4,220,2.69234010000946
S5,RMSprop,56,2.090688733247687e-14,3.716783414330744e-05,1.0,1.0,4,224,2.7270663999952376
S5,RMSprop,57,2.090688733247687e-14,3.7167834144945504e-05,1.0,1.0,4,228,2.7563233000109904
S5,RMSprop,58,2.090688733247687e-14,3.7167834146611333e-05,1.0,1.0,4,232,2.788966799969785
S5,RMSprop,59,2.090688733247687e-14,3.7167834148304925e-05,1.0,1.0,4,236,2.826078000012785
S5,RMSprop,60,2.090688733247687e-14,3.716783415008181e-05,1.0,1.0,4,240,2.8607467000256293
S5,RMSprop,61,2.090688733247687e-14,3.7167834151858696e-05,1.0,1.0,4,244,2.8988220000173897
S5,RMSprop,62,2.090688733247687e-14,3.716783415369111e-05,1.0,1.0,4,248,2.956740499997977
S5,RMSprop,63,2.090688733247687e-14,3.7167834155551285e-05,1.0,1.0,4,252,3.0172845000051893
S5,RMSprop,64,2.090688733247687e-14,3.716783415743923e-05,1.0,1.0,4,256,3.06296020001173
S5,RMSprop,65,2.090688733247687e-14,3.716783415938269e-05,1.0,1.0,4,260,3.1019066000008024
S5,RMSprop,66,2.090688733247687e-14,3.716783416135393e-05,1.0,1.0,4,264,3.1479257000028156
S5,RMSprop,67,2.090688733247687e-14,3.7167834163352926e-05,1.0,1.0,4,268,3.1931754000252113
S5,RMSprop,68,2.090688733247687e-14,3.7167834165421326e-05,1.0,1.0,4,272,3.238801400002558
S5,RMSprop,69,2.090688733247687e-14,3.716783416750362e-05,1.0,1.0,4,276,3.2734314000117593
S5,RMSprop,70,2.090688733247687e-14,3.7167834169669197e-05,1.0,1.0,4,280,3.3382280999794602
S5,RMSprop,71,2.090688733247687e-14,3.716783417186254e-05,1.0,1.0,4,284,3.486916499969084
S5,RMSprop,72,2.090688733247687e-14,3.716783417411141e-05,1.0,1.0,4,288,3.590687900024932
S5,RMSprop,73,2.090688733247687e-14,3.7167834176388045e-05,1.0,1.0,4,292,3.6930293000186794
S5,RMSprop,74,2.090688733247687e-14,3.716783417869244e-05,1.0,1.0,4,296,3.849600100016687
S5,RMSprop,75,2.090688733247687e-14,3.7167834181052364e-05,1.0,1.0,4,300,3.9209651999990456
S5,RMSprop,76,2.090688733247687e-14,3.716783418346782e-05,1.0,1.0,4,304,4.003112500009593
S5,RMSprop,77,2.090688733247687e-14,3.71678341859388e-05,1.0,1.0,4,308,4.0753410999896005
S5,RMSprop,78,2.090688733247687e-14,3.7167834188423665e-05,1.0,1.0,4,312,4.243200599972624
S5,RMSprop,79,2.090688733247687e-14,3.71678341910057e-05,1.0,1.0,4,316,4.638547300011851
S5,RMSprop,80,2.090688733247687e-14,3.716783419358773e-05,1.0,1.0,4,320,4.829592199996114
S5,RMSprop,81,2.090688733247687e-14,3.7167834196280824e-05,1.0,1.0,4,324,4.967878499999642
S5,RMSprop,82,2.090688733247687e-14,3.716783419900168e-05,1.0,1.0,4,328,5.147816899989266
S5,RMSprop,83,2.090688733247687e-14,3.716783420177806e-05,1.0,1.0,4,332,5.655858099984471
S5,RMSprop,84,2.090688733247687e-14,3.7167834204609976e-05,1.0,1.0,4,336,5.789723599969875
S5,RMSprop,85,2.090688733247687e-14,3.716783420752518e-05,1.0,1.0,4,340,6.031997099984437
S5,RMSprop,86,2.090688733247687e-14,3.71678342104265e-05,1.0,1.0,4,344,6.177520999975968
S5,RMSprop,87,2.090688733247687e-14,3.716783421348052e-05,1.0,1.0,4,348,6.240740199980792
S5,RMSprop,88,2.090688733247687e-14,3.71678342165623e-05,1.0,1.0,4,352,6.34505539998645
S5,RMSprop,89,2.090688733247687e-14,3.716783421969962e-05,1.0,1.0,4,356,6.4958488999982364
S5,RMSprop,90,2.090688733247687e-14,3.7167834222864695e-05,1.0,1.0,4,360,6.636803000001237
S5,RMSprop,91,2.090688733247687e-14,3.716783422614082e-05,1.0,1.0,4,364,6.828370000002906
S5,RMSprop,92,2.090688733247687e-14,3.716783422950025e-05,1.0,1.0,4,368,6.9009872999740764
S5,RMSprop,93,2.090688733247687e-14,3.716783423288743e-05,1.0,1.0,4,372,7.08595029998105
S5,RMSprop,94,2.090688733247687e-14,3.716783423631627e-05,1.0,1.0,4,376,7.143898400012404
S5,RMSprop,95,2.090688733247687e-14,3.716783423987004e-05,1.0,1.0,4,380,7.209357700019609
S5,RMSprop,96,2.090688733247687e-14,3.7167834243479336e-05,1.0,1.0,4,384,7.265308599977288
S5,RMSprop,97,2.090688733247687e-14,3.716783424714416e-05,1.0,1.0,4,388,7.411052500014193
S5,RMSprop,98,2.090688733247687e-14,3.716783425089228e-05,1.0,1.0,4,392,7.5169033000129275
S5,RMSprop,99,2.090688733247687e-14,3.716783425469592e-05,1.0,1.0,4,396,7.608944299980067
S5,RMSprop,100,2.090688733247687e-14,3.716783425859674e-05,1.0,1.0,4,400,7.678937299991958
S5,Adam,1,1.1744136131569105,0.3590343602420474,0.875,0.875,4,4,0.12026150000747293
S5,Adam,2,0.4873460301314048,4.625395255775205,0.9375,0.75,4,8,0.20041430002311245
S5,Adam,3,0.3503684859359005,5.698233100036124,0.9375,0.75,4,12,0.2572319000028074
S5,Adam,4,0.16539537118630696,0.006041691715394648,0.9375,1.0,4,16,0.31257420004112646
S5,Adam,5,1.8831317828586675e-09,0.06328285043185299,1.0,1.0,4,20,0.3997261000331491
S5,Adam,6,8.544920055732484e-09,1.053878375907614,1.0,0.875,4,24,0.580178500036709
S5,Adam,7,4.384577372200721e-08,1.8752161065353885,1.0,0.875,4,28,0.6432963000261225
S5,Adam,8,1.663492215196564e-07,2.4684195771278477,1.0,0.875,4,32,0.7156777000054717
S5,Adam,9,4.505811711095011e-07,2.889576828869767,1.0,0.875,4,36,0.8427215000265278
S5,Adam,10,9.225509996285295e-07,3.184957175363846,1.0,0.875,4,40,0.941284500004258
S5,Adam,11,1.5343402548280016e-06,3.3901987277521397,1.0,0.875,4,44,0.9943184000439942
S5,Adam,12,2.18299044483628e-06,3.4549051914601803,1.0,0.875,4,48,1.0605116999940947
S5,Adam,13,2.7734023286229423e-06,3.45495292088522,1.0,0.875,4,52,1.1252104000304826
S5,Adam,14,3.255464064709395e-06,3.4549842158901054,1.0,0.875,4,56,1.32564250001451
S5,Adam,15,3.6042893020995186e-06,3.4549994921253036,1.0,0.875,4,60,1.4369281000108458
S5,Adam,16,3.8350472912889156e-06,3.4550035595269253,1.0,0.875,4,64,1.5115084000281058
S5,Adam,17,3.974962873338346e-06,3.455000635777969,1.0,0.875,4,68,1.589533600024879
S5,Adam,18,4.0314114923575206e-06,3.454989501137797,1.0,0.875,4,72,1.6952564000384882
S5,Adam,19,4.035555111152362e-06,3.454974483213771,1.0,0.875,4,76,1.7860563000431284
S5,Adam,20,4.008606967522518e-06,3.454957899351698,1.0,0.875,4,80,1.847545100026764
S5,Adam,21,3.960923308555411e-06,3.454940329335537,1.0,0.875,4,84,1.926953800022602
S5,Adam,22,3.877838665900866e-06,3.4549175830932497,1.0,0.875,4,88,2.0010770999942906
S5,Adam,23,3.7947157045065406e-06,3.4548963661011913,1.0,0.875,4,92,2.4619040000252426
S5,Adam,24,3.711526647483607e-06,3.4548760724709866,1.0,0.875,4,96,2.567755300027784
S5,Adam,25,3.6156235871088427e-06,3.454853712019977,1.0,0.875,4,100,2.697132400004193
S5,Adam,26,3.511569037310556e-06,3.4548299079323184,1.0,0.875,4,104,2.776295499992557
S5,Adam,27,3.41161125998602e-06,3.4548071952450967,1.0,0.875,4,108,2.846977800014429
S5,Adam,28,3.308931327586432e-06,3.4547839518914336,1.0,0.875,4,112,2.918785000045318
S5,Adam,29,3.2177705611453095e-06,3.4547632610168417,1.0,0.875,4,116,2.9923225000384264
S5,Adam,30,3.13161124523173e-06,3.4547437442609223,1.0,0.875,4,120,3.206557099998463
S5,Adam,31,3.060352613832624e-06,3.454727511867518,1.0,0.875,4,124,3.2632720000110567
S5,Adam,32,2.985341224512245e-06,3.454710343955902,1.0,0.875,4,128,3.3217870999942534
S5,Adam,33,2.9121468328307844e-06,3.4546936092924785,1.0,0.875,4,132,3.4325299999909475
S5,Adam,34,2.8383158597512158e-06,3.4546766264252917,1.0,0.875,4,136,3.620346800016705
S5,Adam,35,2.7609317818969796e-06,3.454658794503312,1.0,0.875,4,140,3.741228000028059
S5,Adam,36,2.682053216555594e-06,3.4546405224302545,1.0,0.875,4,144,3.8405714000109583
S5,Adam,37,2.618679765184141e-06,3.45462573775419,1.0,0.875,4,148,3.9401191000360996
S5,Adam,38,2.550450632760341e-06,3.4546097626799614,1.0,0.875,4,152,4.07659589999821
S5,Adam,39,2.4814528696416862e-06,3.4545935601201325,1.0,0.875,4,156,4.160540300013963
S5,Adam,40,2.4177459526039713e-06,3.4545785492577794,1.0,0.875,4,160,4.225142000010237
S5,Adam,41,2.3613713472176166e-06,3.454565181149752,1.0,0.875,4,164,4.292739199998323
S5,Adam,42,2.310150944186923e-06,3.4545529516093483,1.0,0.875,4,168,4.405685400008224
S5,Adam,43,2.2501447817855222e-06,3.4545385733914875,1.0,0.875,4,172,4.50249939999776
S5,Adam,44,2.1907274286663706e-06,3.4545242805545304,1.0,0.875,4,176,4.592284600017592
S5,Adam,45,2.146338725594131e-06,3.4545135197393777,1.0,0.875,4,180,4.677035900007468
S5,Adam,46,2.101369747332983e-06,3.454502588362439,1.0,0.875,4,184,4.80574640003033
S5,Adam,47,2.0498713723335903e-06,3.45449006075882,1.0,0.875,4,188,4.92457380000269
S5,Adam,48,1.9983192263160255e-06,3.4544774536804153,1.0,0.875,4,192,5.009831200004555
S5,Adam,49,1.9573084458183887e-06,3.4544673907164114,1.0,0.875,4,196,5.079721100046299
S5,Adam,50,1.9136754661075987e-06,3.4544566426171355,1.0,0.875,4,200,5.179539200034924
S5,Adam,51,1.8741023055066275e-06,3.4544468177066188,1.0,0.875,4,204,5.311777400027495
S5,Adam,52,1.8330857753194892e-06,3.4544366301227476,1.0,0.875,4,208,5.376837700023316
S5,Adam,53,1.7991612073108995e-06,3.454428137789382,1.0,0.875,4,212,5.461047100019641
S5,Adam,54,1.7615757850982026e-06,3.4544187033545923,1.0,0.875,4,216,5.516999600047711
S5,Adam,55,1.720385435161357e-06,3.4544083429229917,1.0,0.875,4,220,5.68177150003612
S5,Adam,56,1.6849463881131707e-06,3.4543994001973912,1.0,0.875,4,224,5.767089200031478
S5,Adam,57,1.6550385027587253e-06,3.4543917788928367,1.0,0.875,4,228,5.865563600033056
S5,Adam,58,1.6251519918874817e-06,3.454384165025436,1.0,0.875,4,232,6.035140899999533
S5,Adam,59,1.594684266557355e-06,3.454376362758179,1.0,0.875,4,236,6.115717200038489
S5,Adam,60,1.5623906314091604e-06,3.454368086650978,1.0,0.875,4,240,6.174919900018722
S5,Adam,61,1.5340189767774291e-06,3.4543607877565305,1.0,0.875,4,244,6.231408499996178
S5,Adam,62,1.5017881402393814e-06,3.454352488964864,1.0,0.875,4,248,6.288360100006685
S5,Adam,63,1.469716833168231e-06,3.4543441957900747,1.0,0.875,4,252,6.422332300047856
S5,Adam,64,1.4433178060186254e-06,3.454337318292757,1.0,0.875,4,256,6.548944400041364
S5,Adam,65,1.4137795079460314e-06,3.454329611660962,1.0,0.875,4,260,6.600597100041341
S5,Adam,66,1.3877370690304614e-06,3.4543227839274513,1.0,0.875,4,264,6.700177700025961
S5,Adam,67,1.36393625142539e-06,3.454316503859182,1.0,0.875,4,268,6.7617847000365146
S5,Adam,68,1.3388308775581211e-06,3.4543098780698394,1.0,0.875,4,272,6.860808200028259
S5,Adam,69,1.3181804274560404e-06,3.454304397471323,1.0,0.875,4,276,6.9914228999987245
S5,Adam,70,1.292528965716741e-06,3.45429760741719,1.0,0.875,4,280,7.0681902000214905
S5,Adam,71,1.2698852571357606e-06,3.45429158161626,1.0,0.875,4,284,7.130285500024911
S5,Adam,72,1.2511646112408403e-06,3.454286570492828,1.0,0.875,4,288,7.285123100038618
S5,Adam,73,1.2273765780408298e-06,3.4542802043366234,1.0,0.875,4,292,7.430297999992035
S5,Adam,74,1.2091344855907661e-06,3.4542752761466406,1.0,0.875,4,296,7.610012400022242
S5,Adam,75,1.1904021140576672e-06,3.4542702040374187,1.0,0.875,4,300,7.968282499990892
S5,Adam,76,1.16792104144147e-06,3.454264140595012,1.0,0.875,4,304,8.094267400039826
S5,Adam,77,1.1508755436282833e-06,3.4542595043768007,1.0,0.875,4,308,8.274314100039192
S5,Adam,78,1.1318297193890946e-06,3.454254308844142,1.0,0.875,4,312,8.375914800039027
S5,Adam,79,1.1113583693419715e-06,3.454248735728583,1.0,0.875,4,316,8.474122500047088
S5,Adam,80,1.0942795380968893e-06,3.4542440479120597,1.0,0.875,4,320,8.54205600003479
S5,Adam,81,1.0790379464200682e-06,3.4542398598411825,1.0,0.875,4,324,8.619724899996072
S5,Adam,82,1.0630913748192997e-06,3.4542354518572354,1.0,0.875,4,328,8.764339000044856
S5,Adam,83,1.046161076111034e-06,3.4542307789780913,1.0,0.875,4,332,8.834649300028104
S5,Adam,84,1.0285303968131448e-06,3.4542258959682925,1.0,0.875,4,336,8.905787000025157
S5,Adam,85,1.0132113931796204e-06,3.4542216449718124,1.0,0.875,4,340,8.9827013000031
S5,Adam,86,9.957331879807422e-07,3.4542167717694863,1.0,0.875,4,344,9.117986500030383
S5,Adam,87,9.805916878656575e-07,3.4542125417477454,1.0,0.875,4,348,9.215993700025138
S5,Adam,88,9.667111709364124e-07,3.454208639941248,1.0,0.875,4,352,9.282332000031602
S5,Adam,89,9.529342029654385e-07,3.4542047604171766,1.0,0.875,4,356,9.395255600044038
S5,Adam,90,9.383505153533008e-07,3.4542006491685595,1.0,0.875,4,360,9.532497900014278
S5,Adam,91,9.254974474297536e-07,3.4541970196503957,1.0,0.875,4,364,9.608868900046218
S5,Adam,92,9.128096201987511e-07,3.4541934307383237,1.0,0.875,4,368,9.687718700035475
S5,Adam,93,8.999088968263273e-07,3.454189757985747,1.0,0.875,4,372,9.790816800028551
S5,Adam,94,8.872702130492431e-07,3.454186152886428,1.0,0.875,4,376,9.943365500017535
S5,Adam,95,8.74201109250421e-07,3.454182427721092,1.0,0.875,4,380,10.045351700042374
S5,Adam,96,8.609774996050277e-07,3.4541786525110094,1.0,0.875,4,384,10.133935699996073
S5,Adam,97,8.508395014056715e-07,3.4541757347077207,1.0,0.875,4,388,10.233686199993826
S5,Adam,98,8.394315413881715e-07,3.454172450840513,1.0,0.875,4,392,10.362120700010564
S5,Adam,99,8.265780837909994e-07,3.4541687443349214,1.0,0.875,4,396,10.451413100003265
S5,Adam,100,8.161870986113188e-07,3.4541657403600863,1.0,0.875,4,400,10.637815200025216
S5,AdamW,1,1.1737254974345732,0.3592149071141802,0.875,0.875,4,4,0.07339350000256673
S5,AdamW,2,0.4865695216539589,4.6164507293663375,0.9375,0.75,4,8,0.1449181999778375
S5,AdamW,3,0.3498546666010673,5.684985343374152,0.9375,0.75,4,12,0.23679120000451803
S5,AdamW,4,0.16383394933016307,0.006183680928055596,0.9375,1.0,4,16,0.35174000001279637
S5,AdamW,5,1.9838655816459656e-09,0.058710898946344375,1.0,1.0,4,20,0.4901485000154935
S5,AdamW,6,8.585107767075015e-09,1.0225210718379245,1.0,0.875,4,24,0.5618130000075325
S5,AdamW,7,4.2040608586388746e-08,1.827238227024575,1.0,0.875,4,28,0.6317441000137478
S5,AdamW,8,1.5453066986427903e-07,2.4064942266219975,1.0,0.875,4,32,0.7018723000073805
S5,AdamW,9,4.1528691429528335e-07,2.816002445844754,1.0,0.875,4,36,0.8648667000234127
S5,AdamW,10,8.496091579815694e-07,3.1016226670879523,1.0,0.875,4,40,0.9602093999856152
S5,AdamW,11,1.4108660780894303e-06,3.2985192811205546,1.0,0.875,4,44,1.041836999997031
S5,AdamW,12,2.0095498034513092e-06,3.4325464324365114,1.0,0.875,4,48,1.121259099978488
S5,AdamW,13,2.5642765600698386e-06,3.454854748677205,1.0,0.875,4,52,1.2856820999877527
S5,AdamW,14,3.030254672832641e-06,3.4548864471784,1.0,0.875,4,56,1.338703399989754
S5,AdamW,15,3.3842247242169608e-06,3.4549050378761232,1.0,0.875,4,60,1.4354703999706544
S5,AdamW,16,3.637035668672221e-06,3.4549143315091224,1.0,0.875,4,64,1.503111900005024
S5,AdamW,17,3.8104948990789867e-06,3.454917706757875,1.0,0.875,4,68,1.6505594999762252
S5,AdamW,18,3.909491396301008e-06,3.4549139789853576,1.0,0.875,4,72,1.737261199974455
S5,AdamW,19,3.960378159898164e-06,3.4549067288298123,1.0,0.875,4,76,1.8255748000228778
S5,AdamW,20,3.98132905634185e-06,3.4548978568584827,1.0,0.875,4,80,1.891627500008326
S5,AdamW,21,3.9813302430284874e-06,3.4548878347333027,1.0,0.875,4,84,2.1316564999870025
S5,AdamW,22,3.945467690698474e-06,3.454872803826871,1.0,0.875,4,88,2.7107680999906734
S5,AdamW,23,3.9073496325283515e-06,3.454858826989895,1.0,0.875,4,92,2.831597000011243
S5,AdamW,24,3.866861804500029e-06,3.454845340131136,1.0,0.875,4,96,2.9429192999959923
S5,AdamW,25,3.810934621402732e-06,3.4548295139676,1.0,0.875,4,100,3.0395627999678254
S5,AdamW,26,3.7436346936886526e-06,3.4548118591799715,1.0,0.875,4,104,3.1042869000229985
S5,AdamW,27,3.6779156111347053e-06,3.454794870153376,1.0,0.875,4,108,3.1539426000090316
S5,AdamW,28,3.6063305401724567e-06,3.454776929456964,1.0,0.875,4,112,3.234483900014311
S5,AdamW,29,3.5447613206432697e-06,3.454761168157942,1.0,0.875,4,116,3.2853466999949887
S5,AdamW,30,3.4864681191847553e-06,3.4547462819125285,1.0,0.875,4,120,3.411405300023034
S5,AdamW,31,3.443117940070421e-06,3.4547344825539326,1.0,0.875,4,124,3.5110509999794886
S5,AdamW,32,3.3928728845004974e-06,3.4547213121685654,1.0,0.875,4,128,3.570902900013607
S5,AdamW,33,3.3428182255576835e-06,3.4547083374533085,1.0,0.875,4,132,3.638521299988497
S5,AdamW,34,3.289618039651734e-06,3.454694742469258,1.0,0.875,4,136,3.6981037000077777
S5,AdamW,35,3.229797697905621e-06,3.4546799142053852,1.0,0.875,4,140,3.890180899994448
S5,AdamW,36,3.1657427162922564e-06,3.4546642726560943,1.0,0.875,4,144,4.068864999979269
S5,AdamW,37,3.119676915033234e-06,3.45465229082455,1.0,0.875,4,148,4.153046599996742
S5,AdamW,38,3.0651730713731127e-06,3.454638658812836,1.0,0.875,4,152,4.230899700021837
S5,AdamW,39,3.0077116198229153e-06,3.454624512384149,1.0,0.875,4,156,4.335514399979729
S5,AdamW,40,2.955605596326302e-06,3.454611526275649,1.0,0.875,4,160,4.495975299971178
S5,AdamW,41,2.911729901935645e-06,3.454600219187992,1.0,0.875,4,164,4.591400999983307
S5,AdamW,42,2.873317124331901e-06,3.454590019281252,1.0,0.875,4,168,4.638648200023454
S5,AdamW,43,2.8206299945898855e-06,3.45457697745431,1.0,0.875,4,172,4.7729313999880105
S5,AdamW,44,2.767134630975299e-06,3.454563832124912,1.0,0.875,4,176,4.915157800016459
S5,AdamW,45,2.7340198222889303e-06,3.4545548125187473,1.0,0.875,4,180,4.9765807000221685
S5,AdamW,46,2.698675829668782e-06,3.4467328914311874,1.0,0.875,4,184,5.067937400017399
S5,AdamW,47,2.6521436463208287e-06,3.4378314749134953,1.0,0.875,4,188,5.169816399982665
S5,AdamW,48,2.603986513709241e-06,3.428782579085738,1.0,0.875,4,192,5.268408800009638
S5,AdamW,49,2.5708709658671786e-06,3.420649932602095,1.0,0.875,4,196,5.365603699989151
S5,AdamW,50,2.5323155482768785e-06,3.4121440584793588,1.0,0.875,4,200,5.431525000021793
S5,AdamW,51,2.498724896710768e-06,3.403928648326658,1.0,0.875,4,204,5.505768799979705
S5,AdamW,52,2.4617792453437504e-06,3.39547072135328,1.0,0.875,4,208,5.6531792000168934
S5,AdamW,53,2.4350764034761357e-06,3.387670647761765,1.0,0.875,4,212,5.742456100007985
S5,AdamW,54,2.4011730061818733e-06,3.3793656925129483,1.0,0.875,4,216,5.831215100013651
S5,AdamW,55,2.3601600809381647e-06,3.3705422822483837,1.0,0.875,4,220,5.887109500006773
S5,AdamW,56,2.3278376244776123e-06,3.3622920730649364,1.0,0.875,4,224,6.008981599996332
S5,AdamW,57,2.3036707905191115e-06,3.354592886422104,1.0,0.875,4,228,6.120939099986572
S5,AdamW,58,2.278774506934668e-06,3.3468335313986692,1.0,0.875,4,232,6.192716899968218
S5,AdamW,59,2.251770658925135e-06,3.338904781678749,1.0,0.875,4,236,6.304489600006491
S5,AdamW,60,2.2206709007609957e-06,3.330658911978452,1.0,0.875,4,240,6.361601000011433
S5,AdamW,61,2.1957273537694257e-06,3.322848946948632,1.0,0.875,4,244,6.519190999970306
S5,AdamW,62,2.1629363543304166e-06,3.314431650980389,1.0,0.875,4,248,6.587883499974851
S5,AdamW,63,2.129456248975506e-06,3.3059290553966347,1.0,0.875,4,252,6.65674940001918
S5,AdamW,64,2.1054185445652714e-06,3.298127221600735,1.0,0.875,4,256,6.764049299992621
S5,AdamW,65,2.07469979634486e-06,3.2897833109371444,1.0,0.875,4,260,6.951414100010879
S5,AdamW,66,2.0497117314650697e-06,3.2818690082839037,1.0,0.875,4,264,7.01746160001494
S5,AdamW,67,2.0280737414057915e-06,3.2742053173745087,1.0,0.875,4,268,7.089738300011959
S5,AdamW,68,2.0032742496402655e-06,3.266272773584783,1.0,0.875,4,272,7.264426900015678
S5,AdamW,69,1.9864225210147303e-06,3.258979369273858,1.0,0.875,4,276,7.398959100013599
S5,AdamW,70,1.9591681604554817e-06,3.2508145541130125,1.0,0.875,4,280,7.448305899975821
S5,AdamW,71,1.937079785249639e-06,3.2430614459516063,1.0,0.875,4,284,7.541112800012343
S5,AdamW,72,1.92216525294952e-06,3.2359064434096685,1.0,0.875,4,288,7.6246066999738105
S5,AdamW,73,1.8962628664189556e-06,3.227798894217,1.0,0.875,4,292,7.754555099993013
S5,AdamW,74,1.8808857403476452e-06,3.2205851199192477,1.0,0.875,4,296,7.8190155000193045
S5,AdamW,75,1.863860475743013e-06,3.2132210864550297,1.0,0.875,4,300,8.151747600000817
S5,AdamW,76,1.838605695018243e-06,3.205120948992358,1.0,0.875,4,304,8.287327800004277
S5,AdamW,77,1.8240789880706909e-06,3.1979626126460086,1.0,0.875,4,308,8.369921499979682
S5,AdamW,78,1.8045399618845576e-06,3.19034174581977,1.0,0.875,4,312,8.44416439998895
S5,AdamW,79,1.7815834550047938e-06,3.1823975959591464,1.0,0.875,4,316,8.594836400006898
S5,AdamW,80,1.7651980856776859e-06,3.1750415101099745,1.0,0.875,4,320,8.664225100015756
S5,AdamW,81,1.7524957182448794e-06,3.1680264168973964,1.0,0.875,4,324,8.724127200024668
S5,AdamW,82,1.7374347160216745e-06,3.1607811426326884,1.0,0.875,4,328,8.842171799973585
S5,AdamW,83,1.7198025562031793e-06,3.153287299855879,1.0,0.875,4,332,8.991668000002392
S5,AdamW,84,1.6999349734160835e-06,3.1455643492908796,1.0,0.875,4,336,9.220912599994335
S5,AdamW,85,1.6849857583192846e-06,3.1383087256522084,1.0,0.875,4,340,9.306738400016911
S5,AdamW,86,1.6642611000147456e-06,3.1304713189405193,1.0,0.875,4,344,9.37233980000019
S5,AdamW,87,1.6486297426360219e-06,3.123126710341774,1.0,0.875,4,348,9.451239000016358
S5,AdamW,88,1.6353153401161886e-06,3.1160038485030097,1.0,0.875,4,352,9.627226900018286
S5,AdamW,89,1.621812839822175e-06,3.1088575809434404,1.0,0.875,4,356,9.690521500015166
S5,AdamW,90,1.6059256552000202e-06,3.1014618291655145,1.0,0.875,4,360,9.782468800025526
S5,AdamW,91,1.5939060940920127e-06,3.0944586674313417,1.0,0.875,4,364,9.847018699976616
S5,AdamW,92,1.5818877161974626e-06,3.0874529037634493,1.0,0.875,4,368,10.01513850002084
S5,AdamW,93,1.5686195337107914e-06,3.0803074430191772,1.0,0.875,4,372,10.109338000009302
S5,AdamW,94,1.5556030809137403e-06,3.0731833467597016,1.0,0.875,4,376,10.167949000024237
S5,AdamW,95,1.541233539394224e-06,3.065911611376602,1.0,0.875,4,380,10.240050699969288
S5,AdamW,96,1.5260848262723439e-06,3.0585478845662473,1.0,0.875,4,384,10.41509640001459
S5,AdamW,97,1.518268366636738e-06,3.0519699587167404,1.0,0.875,4,388,10.48510210000677
S5,AdamW,98,1.5067736696392723e-06,3.0449911614892526,1.0,0.875,4,392,10.584677400009241
S5,AdamW,99,1.4910238451229614e-06,3.037536708610023,1.0,0.875,4,396,10.648530300008133
S5,AdamW,100,1.481511867349221e-06,3.030768864357113,1.0,0.875,4,400,10.850444299983792
S7,Full-batch GD,1,0.4202433989009097,0.9771460543468661,0.8333333333333334,0.625,1,1,0.03095939999911934
S7,Full-batch GD,2,0.20983465494904852,0.702976965608474,0.9666666666666667,0.625,1,2,0.06865820003440604
S7,Full-batch GD,3,0.13642220011422604,0.6093399101347335,0.9666666666666667,0.625,1,3,0.11229259998071939
S7,Full-batch GD,4,0.10630334876166532,0.5539977068833648,0.9666666666666667,0.75,1,4,0.13633790001040325
S7,Full-batch GD,5,0.08822219444095737,0.495518219660817,0.9666666666666667,0.875,1,5,0.14963990001706406
S7,Full-batch GD,6,0.07749350844882885,0.4551466346218391,0.9666666666666667,0.875,1,6,0.16138310002861544
S7,Full-batch GD,7,0.0695244891899863,0.4277090795340051,0.9666666666666667,0.875,1,7,0.22734089998994023
S7,Full-batch GD,8,0.06271045933603185,0.40374070907146326,1.0,0.875,1,8,0.32815800001844764
S7,Full-batch GD,9,0.058051712255654905,0.3847512976919186,1.0,0.875,1,9,0.3558593000052497
S7,Full-batch GD,10,0.05417450649569108,0.3701709211912133,1.0,0.875,1,10,0.38162940001348034
S7,Full-batch GD,11,0.05110675229042929,0.35661259503076637,1.0,0.875,1,11,0.41942709998693317
S7,Full-batch GD,12,0.04877456635730037,0.34588128347031294,1.0,0.875,1,12,0.44552910001948476
S7,Full-batch GD,13,0.04606738639796344,0.3341709804668853,1.0,0.875,1,13,0.5317645000177436
S7,Full-batch GD,14,0.043541165861409235,0.3240375389695941,1.0,0.875,1,14,0.6358968000276946
S7,Full-batch GD,15,0.041522820373156084,0.3155272298017257,1.0,0.875,1,15,0.7281283999909647
S7,Full-batch GD,16,0.03967159894075847,0.3070902426263393,1.0,0.875,1,16,0.7408707999857143
S7,Full-batch GD,17,0.0380195680029265,0.2995143980053158,1.0,0.875,1,17,0.7576526000048034
S7,Full-batch GD,18,0.036538165191348865,0.2930504655836028,1.0,0.875,1,18,0.7761109999846667
S7,Full-batch GD,19,0.03518775511128896,0.28635236354800864,1.0,0.875,1,19,0.7945703000295907
S7,Full-batch GD,20,0.033932897458830956,0.2800045902108505,1.0,0.875,1,20,0.8145867999992333
S7,Full-batch GD,21,0.03277377466355524,0.27545923026894475,1.0,0.875,1,21,0.8474802999990061
S7,Full-batch GD,22,0.03166206601014739,0.2697493308640937,1.0,0.875,1,22,0.8764721000334248
S7,Full-batch GD,23,0.03067310859150457,0.2645326385930982,1.0,0.875,1,23,0.8904362000175752
S7,Full-batch GD,24,0.029763419402927614,0.2607635840142064,1.0,0.875,1,24,0.9214020000072196
S7,Full-batch GD,25,0.02887225943991173,0.2559786872911685,1.0,0.875,1,25,0.9364517999929376
S7,Full-batch GD,26,0.028048223131115595,0.2516727049416909,1.0,0.875,1,26,0.9838621999952011
S7,Full-batch GD,27,0.02729004199451366,0.24832469819915517,1.0,0.875,1,27,1.1055361999897286
S7,Full-batch GD,28,0.026540301771128746,0.2448276080641823,1.0,0.875,1,28,1.1219932999811135
S7,Full-batch GD,29,0.025842349672340937,0.2415604612634055,1.0,0.875,1,29,1.1455737000214867
S7,Full-batch GD,30,0.02518974440916333,0.2387625009226952,1.0,0.875,1,30,1.165463900018949
S7,Full-batch GD,31,0.024544617977968683,0.23570532042530912,1.0,0.875,1,31,1.1921343000140041
S7,Full-batch GD,32,0.023935293888588123,0.23275280805708742,1.0,0.875,1,32,1.2371698000351898
S7,Full-batch GD,33,0.02334980990025077,0.23038905002725468,1.0,0.875,1,33,1.250860600033775
S7,Full-batch GD,34,0.022782678501276944,0.22753746883069675,1.0,0.875,1,34,1.2731776000000536
S7,Full-batch GD,35,0.0222466357422832,0.22518032709742195,1.0,0.875,1,35,1.3003278999822214
S7,Full-batch GD,36,0.021727363947368447,0.22297562741375865,1.0,0.875,1,36,1.3355628999997862
S7,Full-batch GD,37,0.021216043510292947,0.220431478142072,1.0,0.875,1,37,1.3615418000263162
S7,Full-batch GD,38,0.020732387761599018,0.21806461798343527,1.0,0.875,1,38,1.488216600031592
S7,Full-batch GD,39,0.020259750438879762,0.2161626561078151,1.0,0.875,1,39,1.5453652000287548
S7,Full-batch GD,40,0.019801179049605475,0.21389004968044675,1.0,0.875,1,40,1.5568939999793656
S7,Full-batch GD,41,0.019367481534547794,0.21177527184854597,1.0,0.875,1,41,1.586153700016439
S7,Full-batch GD,42,0.018933970009920965,0.20999163594033587,1.0,0.875,1,42,1.6113715000101365
S7,Full-batch GD,43,0.01851770378620525,0.20786810056458477,1.0,0.875,1,43,1.6411685000057332
S7,Full-batch GD,44,0.018118233645933454,0.20623819615670094,1.0,0.875,1,44,1.6844898000126705
S7,Full-batch GD,45,0.017725085240152545,0.20431298852292307,1.0,0.875,1,45,1.6952333999797702
S7,Full-batch GD,46,0.017341392235072646,0.20241283932365453,1.0,0.875,1,46,1.7222090000286698
S7,Full-batch GD,47,0.016972821999423817,0.20094208057388369,1.0,0.875,1,47,1.7659970999811776
S7,Full-batch GD,48,0.01660553083260783,0.19900042906468535,1.0,0.875,1,48,1.775037900020834
S7,Full-batch GD,49,0.0162508879954122,0.1972034475579129,1.0,0.875,1,49,1.824470299994573
S7,Full-batch GD,50,0.015911819207982056,0.19560129529138798,1.0,0.875,1,50,1.869324500032235
S7,Full-batch GD,51,0.01557361792417056,0.19379039421608807,1.0,0.875,1,51,1.8965980000211857
S7,Full-batch GD,52,0.015248840198991665,0.19205086759848627,1.0,0.875,1,52,1.9365459000109695
S7,Full-batch GD,53,0.014936542923715584,0.19052773666064812,1.0,0.875,1,53,1.9693443999858573
S7,Full-batch GD,54,0.014628469839493261,0.18895649134777096,1.0,0.875,1,54,2.0025572000304237
S7,Full-batch GD,55,0.0143300847523572,0.18732699718939363,1.0,0.875,1,55,2.0252678000251763
S7,Full-batch GD,56,0.01403356090018802,0.18580195381448358,1.0,0.875,1,56,2.06054660002701
S7,Full-batch GD,57,0.01374739220231567,0.18421734221756628,1.0,0.875,1,57,2.0794680999824777
S7,Full-batch GD,58,0.013467959080049243,0.18266313434549294,1.0,0.875,1,58,2.0925896000117064
S7,Full-batch GD,59,0.013198644256025493,0.18116782050231137,1.0,0.875,1,59,2.110316200007219
S7,Full-batch GD,60,0.012936273654195902,0.17971127282010121,1.0,0.875,1,60,2.128420200024266
S7,Full-batch GD,61,0.012679578083317159,0.17825218159833128,1.0,0.875,1,61,2.1560102000366896
S7,Full-batch GD,62,0.012431031403741926,0.17688133403134204,1.0,0.875,1,62,2.1779092000215314
S7,Full-batch GD,63,0.012190250662232168,0.1754979959320886,1.0,0.875,1,63,2.2042274000123143
S7,Full-batch GD,64,0.011954696049444512,0.17419580314959535,1.0,0.875,1,64,2.293441599991638
S7,Full-batch GD,65,0.011725182246473845,0.1728706052903035,1.0,0.875,1,65,2.3611220000311732
S7,Full-batch GD,66,0.011503585535146762,0.17164146697255697,1.0,0.875,1,66,2.4060908000101335
S7,Full-batch GD,67,0.011288700416269217,0.17037172076056278,1.0,0.875,1,67,2.6181805999949574
S7,Full-batch GD,68,0.011080085388697841,0.16922163726959902,1.0,0.875,1,68,2.6565709999995306
S7,Full-batch GD,69,0.010876725027627375,0.16800122004229937,1.0,0.875,1,69,2.827386300021317
S7,Full-batch GD,70,0.010678859466099758,0.16683825812852193,1.0,0.875,1,70,2.910740400024224
S7,Full-batch GD,71,0.01048545795582503,0.16567641807126235,1.0,0.875,1,71,2.926669300009962
S7,Full-batch GD,72,0.010298411348133757,0.1645737791375641,1.0,0.875,1,72,2.971922500000801
S7,Full-batch GD,73,0.010115104509911384,0.16336576011315823,1.0,0.875,1,73,3.012029200035613
S7,Full-batch GD,74,0.009936150394325218,0.16220415516401368,1.0,0.875,1,74,3.0349289000150748
S7,Full-batch GD,75,0.00976230425192263,0.16107748906095246,1.0,0.875,1,75,3.054906200035475
S7,Full-batch GD,76,0.009593327053560446,0.15998827933036902,1.0,0.875,1,76,3.07869540003594
S7,Full-batch GD,77,0.009427599189000322,0.1589005012247794,1.0,0.875,1,77,3.124461900035385
S7,Full-batch GD,78,0.009265953899507655,0.15780925393982445,1.0,0.875,1,78,3.1985894999816082
S7,Full-batch GD,79,0.009109576620160922,0.1567853367649789,1.0,0.875,1,79,3.2385233999812044
S7,Full-batch GD,80,0.008956635267988261,0.1558184545199112,1.0,0.875,1,80,3.2847108999849297
S7,Full-batch GD,81,0.008806550429614394,0.15478270259567498,1.0,0.875,1,81,3.294521600008011
S7,Full-batch GD,82,0.008661013983536602,0.1537956940097316,1.0,0.875,1,82,3.3273814999847673
S7,Full-batch GD,83,0.008518504431648272,0.15282144684322593,1.0,0.875,1,83,3.3412506000022404
S7,Full-batch GD,84,0.008377671382213098,0.15187276115525825,1.0,0.875,1,84,3.3619179999805056
S7,Full-batch GD,85,0.008227947736685304,0.15090729063835798,1.0,0.875,1,85,3.394509600009769
S7,Full-batch GD,86,0.008082518774326228,0.14998025665824688,1.0,0.875,1,86,3.416938600013964
S7,Full-batch GD,87,0.007941507228118696,0.1490353146119609,1.0,0.875,1,87,3.48706980003044
S7,Full-batch GD,88,0.007805302912471495,0.14814908720589778,1.0,0.875,1,88,3.5527284999843687
S7,Full-batch GD,89,0.007673473769345127,0.14723903478167552,1.0,0.875,1,89,3.6909941000049002
S7,Full-batch GD,90,0.007545094726413368,0.14637640252469658,1.0,0.875,1,90,3.712839799991343
S7,Full-batch GD,91,0.007420334316510352,0.14551246358687836,1.0,0.875,1,91,3.749724499997683
S7,Full-batch GD,92,0.007299396682555163,0.14466624873638634,1.0,0.875,1,92,3.772060599992983
S7,Full-batch GD,93,0.007181311877780778,0.1438061643870448,1.0,0.875,1,93,3.796109899994917
S7,Full-batch GD,94,0.007066813196030543,0.14299412415374133,1.0,0.875,1,94,3.829355099995155
S7,Full-batch GD,95,0.006955675759958547,0.14213646547965292,1.0,0.875,1,95,3.8571782000362873
S7,Full-batch GD,96,0.0068468118356805364,0.14135322602390943,1.0,0.875,1,96,3.8945161000010557
S7,Full-batch GD,97,0.006740849304551797,0.14055735853742818,1.0,0.875,1,97,3.9423924000002444
S7,Full-batch GD,98,0.006637949103803818,0.13974521456250188,1.0,0.875,1,98,4.007177799998317
S7,Full-batch GD,99,0.006537137133251345,0.13897713635439843,1.0,0.875,1,99,4.0629641999839805
S7,Full-batch GD,100,0.006439416135435256,0.13822288075315495,1.0,0.875,1,100,4.100005300017074
S7,Mini-batch GD,1,0.13468446786898988,0.4756297035977358,0.9333333333333333,0.75,4,4,0.06261079997057095
S7,Mini-batch GD,2,0.06243820719769698,0.4039039815405052,0.9666666666666667,0.75,4,8,0.12501509999856353
S7,Mini-batch GD,3,0.04456974537332722,0.3410160104290765,1.0,0.75,4,12,0.19497660000342876
S7,Mini-batch GD,4,0.03532457098523031,0.28285489899565386,1.0,0.875,4,16,0.35240649996558204
S7,Mini-batch GD,5,0.027752785497978057,0.24526357718891545,1.0,0.875,4,20,0.41384509997442365
S7,Mini-batch GD,6,0.023383699424552554,0.22128153290234154,1.0,0.875,4,24,0.4672194999875501
S7,Mini-batch GD,7,0.02020445109716803,0.20669965541707852,1.0,0.875,4,28,0.5171811999753118
S7,Mini-batch GD,8,0.01753699467564288,0.19543097765878448,1.0,0.875,4,32,0.6202984999981709
S7,Mini-batch GD,9,0.015405646593197828,0.1855559893607697,1.0,0.875,4,36,0.7731490999576636
S7,Mini-batch GD,10,0.013925317179287916,0.17818115103395848,1.0,0.875,4,40,0.8965649000019766
S7,Mini-batch GD,11,0.01271706921443936,0.17129702695598933,1.0,0.875,4,44,0.9389212999958545
S7,Mini-batch GD,12,0.011672258458502232,0.16534026232885346,1.0,0.875,4,48,1.078794899978675
S7,Mini-batch GD,13,0.010750038446984855,0.16020176885227327,1.0,0.875,4,52,1.2040086999768391
S7,Mini-batch GD,14,0.009939524598288578,0.15459155891258736,1.0,0.875,4,56,1.278250899980776
S7,Mini-batch GD,15,0.009214095815862666,0.15030325588221902,1.0,0.875,4,60,1.3423116999911144
S7,Mini-batch GD,16,0.008594236768375224,0.14639417311981254,1.0,0.875,4,64,1.3806552999885753
S7,Mini-batch GD,17,0.00800741155024357,0.1424000394174885,1.0,0.875,4,68,1.4271009999793023
S7,Mini-batch GD,18,0.007510906796459824,0.13908340224719082,1.0,0.875,4,72,1.677445399982389
S7,Mini-batch GD,19,0.00705074235556123,0.13600083485677142,1.0,0.875,4,76,1.7695278999744914
S7,Mini-batch GD,20,0.0066512229638603405,0.13321748275798215,1.0,1.0,4,80,2.1232606999692507
S7,Mini-batch GD,21,0.006276391847887441,0.13042462162911475,1.0,1.0,4,84,2.199599199986551
S7,Mini-batch GD,22,0.005948252568270436,0.1278764391863497,1.0,1.0,4,88,2.2300199999590404
S7,Mini-batch GD,23,0.005630449583201444,0.12522542684616922,1.0,1.0,4,92,2.3502960999612696
S7,Mini-batch GD,24,0.005350932266663362,0.12283752722559624,1.0,1.0,4,96,2.519109799992293
S7,Mini-batch GD,25,0.005031968763315325,0.12056968893565181,1.0,1.0,4,100,2.6651695999898948
S7,Mini-batch GD,26,0.004799943162047455,0.11852687248347314,1.0,1.0,4,104,2.7077026999904774
S7,Mini-batch GD,27,0.004588651830822732,0.11662285244490099,1.0,1.0,4,108,2.7479340999852866
S7,Mini-batch GD,28,0.004389046079887196,0.11481021855286296,1.0,1.0,4,112,2.8467991999932565
S7,Mini-batch GD,29,0.004210196828442707,0.11301230884984882,1.0,1.0,4,116,2.946706799964886
S7,Mini-batch GD,30,0.004034327280696379,0.11113910379254462,1.0,1.0,4,120,3.0179995999787934
S7,Mini-batch GD,31,0.0038767558290587383,0.10953446777091305,1.0,1.0,4,124,3.0580874999868684
S7,Mini-batch GD,32,0.0037235041296417807,0.10768500608147373,1.0,1.0,4,128,3.08652189996792
S7,Mini-batch GD,33,0.003585271105070448,0.10593612419818424,1.0,1.0,4,132,3.1176893999800086
S7,Mini-batch GD,34,0.003456127058785957,0.1043003222647769,1.0,1.0,4,136,3.1610149999614805
S7,Mini-batch GD,35,0.0033349581282372054,0.10263642675584203,1.0,1.0,4,140,3.20202289998997
S7,Mini-batch GD,36,0.0032180712277503996,0.10092484382276115,1.0,1.0,4,144,3.3175646999734454
S7,Mini-batch GD,37,0.0031104361395937748,0.09943684075794063,1.0,1.0,4,148,3.431821799953468
S7,Mini-batch GD,38,0.0030080360190024007,0.09785529663159251,1.0,1.0,4,152,3.464387599960901
S7,Mini-batch GD,39,0.0029126060935977306,0.09658005438740887,1.0,1.0,4,156,3.511518999992404
S7,Mini-batch GD,40,0.002821920664037641,0.09515216151967983,1.0,1.0,4,160,3.534022999985609
S7,Mini-batch GD,41,0.0027377065548774243,0.09392949280681125,1.0,1.0,4,164,3.6296003999887034
S7,Mini-batch GD,42,0.0026394218509098242,0.09261961888848749,1.0,1.0,4,168,4.273549399978947
S7,Mini-batch GD,43,0.002564664941067359,0.09144504979224433,1.0,1.0,4,172,4.8408105999697
S7,Mini-batch GD,44,0.0024911835812165464,0.09019875240917527,1.0,1.0,4,176,5.028697499947157
S7,Mini-batch GD,45,0.0024114459046943528,0.08914074604680401,1.0,1.0,4,180,5.138159999973141
S7,Mini-batch GD,46,0.0023473256973423023,0.08814948302669284,1.0,1.0,4,184,5.255644699966069
S7,Mini-batch GD,47,0.002287685075134725,0.08719447073903375,1.0,1.0,4,188,5.390621399972588
S7,Mini-batch GD,48,0.002218303560683961,0.08626149365069871,1.0,1.0,4,192,5.58629889995791
S7,Mini-batch GD,49,0.002162813822428359,0.08530978891272945,1.0,1.0,4,196,5.792051299999002
S7,Mini-batch GD,50,0.0021101341948328704,0.08433703136618814,1.0,1.0,4,200,5.890254999976605
S7,Mini-batch GD,51,0.0020600949363829466,0.08346102581672754,1.0,1.0,4,204,5.963562099961564
S7,Mini-batch GD,52,0.002011970645662587,0.08260505332037102,1.0,1.0,4,208,6.0306767000001855
S7,Mini-batch GD,53,0.001966915382174485,0.08175633197031577,1.0,1.0,4,212,6.058581099961884
S7,Mini-batch GD,54,0.0019141783324355193,0.08096420796589511,1.0,1.0,4,216,6.2974186999490485
S7,Mini-batch GD,55,0.001873545785091966,0.08017205737040962,1.0,1.0,4,220,6.416549999965355
S7,Mini-batch GD,56,0.0018331733013931188,0.07939616448881678,1.0,1.0,4,224,6.719841799989808
S7,Mini-batch GD,57,0.001787671353790905,0.07865725066984705,1.0,1.0,4,228,6.930693199974485
S7,Mini-batch GD,58,0.0017514801748246217,0.07792932320485123,1.0,1.0,4,232,7.0967023999546655
S7,Mini-batch GD,59,0.001714793409402986,0.07712800373691073,1.0,1.0,4,236,7.1609135999460705
S7,Mini-batch GD,60,0.0016747626370588705,0.07641119438659824,1.0,1.0,4,240,7.285384899994824
S7,Mini-batch GD,61,0.0016420800621924257,0.0757523763937935,1.0,1.0,4,244,7.366532099957112
S7,Mini-batch GD,62,0.0016106939866931858,0.07508369263144418,1.0,1.0,4,248,7.546669999952428
S7,Mini-batch GD,63,0.001579926268576988,0.07444262190425442,1.0,1.0,4,252,7.632925499987323
S7,Mini-batch GD,64,0.0015461429295761506,0.07378117390555047,1.0,1.0,4,256,7.789834099996369
S7,Mini-batch GD,65,0.0015138022994946954,0.07301605856881933,1.0,1.0,4,260,8.146723399986513
S7,Mini-batch GD,66,0.0014769926601875647,0.0724086203045188,1.0,1.0,4,264,8.307542399968952
S7,Mini-batch GD,67,0.0014481908399817296,0.07179978295411137,1.0,1.0,4,268,8.547896099975333
S7,Mini-batch GD,68,0.001416173720393904,0.07117777904680991,1.0,1.0,4,272,8.601789799984545
S7,Mini-batch GD,69,0.0013889270384594258,0.07053645216715282,1.0,1.0,4,276,8.68282399995951
S7,Mini-batch GD,70,0.0013634761520618206,0.06994433277615764,1.0,1.0,4,280,8.90265179995913
S7,Mini-batch GD,71,0.0013392264492694237,0.06938604073596145,1.0,1.0,4,284,9.005880699958652
S7,Mini-batch GD,72,0.001315091318148251,0.068786261696775,1.0,1.0,4,288,9.115144999988843
S7,Mini-batch GD,73,0.0012924916585327635,0.06824999449795942,1.0,1.0,4,292,9.263550199975725
S7,Mini-batch GD,74,0.001269782482564664,0.06770838862205766,1.0,1.0,4,296,9.48330259998329
S7,Mini-batch GD,75,0.0012484517249051635,0.067187986375818,1.0,1.0,4,300,9.999127399991266
S7,Mini-batch GD,76,0.0012274209133577303,0.06660992743666216,1.0,1.0,4,304,11.109338299953379
S7,Mini-batch GD,77,0.0012075326162298383,0.06609431950863863,1.0,1.0,4,308,11.527392499963753
S7,Mini-batch GD,78,0.0011875046395621166,0.06555018372983623,1.0,1.0,4,312,11.711495399998967
S7,Mini-batch GD,79,0.0011655639700910222,0.06507864657838547,1.0,1.0,4,316,11.759941799973603
S7,Mini-batch GD,80,0.001147515900658963,0.06462369537937819,1.0,1.0,4,320,11.86006409995025
S7,Mini-batch GD,81,0.0011299487461143784,0.06414562357784351,1.0,1.0,4,324,11.894728899991605
S7,Mini-batch GD,82,0.0011130669301929977,0.06368677139560454,1.0,1.0,4,328,12.066887499997392
S7,Mini-batch GD,83,0.0010965626742626133,0.06324804547559545,1.0,1.0,4,332,12.312917699979153
S7,Mini-batch GD,84,0.0010807762190656552,0.06282189358854219,1.0,1.0,4,336,12.395012799999677
S7,Mini-batch GD,85,0.0010653157523420602,0.06242024375205247,1.0,1.0,4,340,12.7952105999575
S7,Mini-batch GD,86,0.001050204237254866,0.06200264210649771,1.0,1.0,4,344,13.195774299965706
S7,Mini-batch GD,87,0.001035458444869621,0.06158718243847875,1.0,1.0,4,348,13.397644299955573
S7,Mini-batch GD,88,0.001021190305383478,0.06118910120375351,1.0,1.0,4,352,13.798709900001995
S7,Mini-batch GD,89,0.0010070136454274944,0.06075482928916793,1.0,1.0,4,356,13.92623389995424
S7,Mini-batch GD,90,0.0009935736075850619,0.06036375090377083,1.0,1.0,4,360,14.105317499954253
S7,Mini-batch GD,91,0.0009802296114646883,0.05998927216889849,1.0,1.0,4,364,14.21022389997961
S7,Mini-batch GD,92,0.0009673318902527113,0.05959547555789834,1.0,1.0,4,368,14.295630099950358
S7,Mini-batch GD,93,0.0009547220357929384,0.05924658377033347,1.0,1.0,4,372,14.428314699965995
S7,Mini-batch GD,94,0.0009425901876296812,0.058880389047010026,1.0,1.0,4,376,14.491582899994683
S7,Mini-batch GD,95,0.0009306577025887864,0.05851933393175692,1.0,1.0,4,380,14.549784199974965
S7,Mini-batch GD,96,0.0009191231501359848,0.05817490797303499,1.0,1.0,4,384,14.592612999957055
S7,Mini-batch GD,97,0.0009075873476986525,0.05781837851927514,1.0,1.0,4,388,14.628688899974804
S7,Mini-batch GD,98,0.0008966568291226667,0.05748034593168414,1.0,1.0,4,392,14.831103799981065
S7,Mini-batch GD,99,0.0008855780615018638,0.05710641869241491,1.0,1.0,4,396,14.973833700001705
S7,Mini-batch GD,100,0.0008746780756634966,0.0567817218236484,1.0,1.0,4,400,15.018265899969265
S7,Stochastic GD,1,0.3127194409519697,0.010710108355492513,0.9666666666666667,1.0,30,30,0.06815399997867644
S7,Stochastic GD,2,0.1956698270830296,0.0011806654708864809,0.9666666666666667,1.0,30,60,0.14876160002313554
S7,Stochastic GD,3,0.0017065709270338524,0.0004522673978148396,1.0,1.0,30,90,0.2123258999781683
S7,Stochastic GD,4,0.00020942738067136873,0.0002152655388877298,1.0,1.0,30,120,0.29205930000171065
S7,Stochastic GD,5,0.00018240575467548794,0.00018738390645593189,1.0,1.0,30,150,0.34558690001722425
S7,Stochastic GD,6,0.00016260291719055785,0.00016691721176452656,1.0,1.0,30,180,0.4147984000155702
S7,Stochastic GD,7,0.0001472606219261472,0.0001507268428755706,1.0,1.0,30,210,0.6255920000257902
S7,Stochastic GD,8,0.00013477855003136987,0.00013764738440331245,1.0,1.0,30,240,0.710435300017707
S7,Stochastic GD,9,0.0001243825658958186,0.00012670889644760048,1.0,1.0,30,270,0.9162035000044852
S7,Stochastic GD,10,0.00011559582986132586,0.00011752764630601424,1.0,1.0,30,300,0.9891721999738365
S7,Stochastic GD,11,0.00010806364778584623,0.00010966263925126144,1.0,1.0,30,330,1.042934500030242
S7,Stochastic GD,12,0.0001015315221249237,0.00010282407138039568,1.0,1.0,30,360,1.0944015000131913
S7,Stochastic GD,13,9.578472130908541e-05,9.681619460100622e-05,1.0,1.0,30,390,1.1578991999849677
S7,Stochastic GD,14,9.070887168381179e-05,9.151001660957538e-05,1.0,1.0,30,420,1.2079895000206307
S7,Stochastic GD,15,8.618860672106313e-05,8.680639412044895e-05,1.0,1.0,30,450,1.2744938000105321
S7,Stochastic GD,16,8.213016641121192e-05,8.258663835873931e-05,1.0,1.0,30,480,1.344370800012257
S7,Stochastic GD,17,7.846047796153849e-05,7.876405556992333e-05,1.0,1.0,30,510,1.3970317000057548
S7,Stochastic GD,18,7.513355559790255e-05,7.530915693957668e-05,1.0,1.0,30,540,1.446159399987664
S7,Stochastic GD,19,7.20948084796778e-05,7.215517298023687e-05,1.0,1.0,30,570,1.5048632000107318
S7,Stochastic GD,20,6.930807798739807e-05,6.926493985612461e-05,1.0,1.0,30,600,1.5580536000197753
S7,Stochastic GD,21,6.675133150772676e-05,6.663433469012678e-05,1.0,1.0,30,630,1.6142878999817185
S7,Stochastic GD,22,6.438520158915408e-05,6.4197969931409e-05,1.0,1.0,30,660,1.7120284999837168
S7,Stochastic GD,23,6.219740610394332e-05,6.195065480172838e-05,1.0,1.0,30,690,1.7743344000191428
S7,Stochastic GD,24,6.016437790421501e-05,5.986364758009852e-05,1.0,1.0,30,720,1.8283383999951184
S7,Stochastic GD,25,5.837862661346928e-05,5.800583453313976e-05,1.0,1.0,30,750,1.8874597999965772
S7,Stochastic GD,26,5.6704966278909607e-05,5.626642615344457e-05,1.0,1.0,30,780,1.9425497999764048
S7,Stochastic GD,27,5.5130163955888934e-05,5.455498940343701e-05,1.0,1.0,30,810,2.0115712999831885
S7,Stochastic GD,28,5.3649137597831696e-05,5.301671303873045e-05,1.0,1.0,30,840,2.090572400018573
S7,Stochastic GD,29,5.225053037148902e-05,5.1567444577056744e-05,1.0,1.0,30,870,2.156976099999156
S7,Stochastic GD,30,5.092676401807509e-05,5.019758720427883e-05,1.0,1.0,30,900,2.207183899998199
S7,Stochastic GD,31,4.9673097200835336e-05,4.8902626842322495e-05,1.0,1.0,30,930,2.264240799995605
S7,Stochastic GD,32,4.8483658608681084e-05,4.76751102702405e-05,1.0,1.0,30,960,2.3269049000227824
S7,Stochastic GD,33,4.735130340124073e-05,4.650805149973813e-05,1.0,1.0,30,990,2.410703699977603
S7,Stochastic GD,34,4.6274565468510745e-05,4.539872051974121e-05,1.0,1.0,30,1020,2.478691100026481
S7,Stochastic GD,35,4.524762260185739e-05,4.434172318120339e-05,1.0,1.0,30,1050,2.5331580999772996
S7,Stochastic GD,36,4.4268750543566015e-05,4.3336521133843286e-05,1.0,1.0,30,1080,2.617160999972839
S7,Stochastic GD,37,4.333266897544084e-05,4.237669259635901e-05,1.0,1.0,30,1110,2.677424499997869
S7,Stochastic GD,38,4.2437664280899554e-05,4.14599532841075e-05,1.0,1.0,30,1140,2.7309770000283606
S7,Stochastic GD,39,4.158135776272616e-05,4.0584229189950204e-05,1.0,1.0,30,1170,2.8583015999756753
S7,Stochastic GD,40,4.0761051406598276e-05,3.9746144289804824e-05,1.0,1.0,30,1200,2.9355796999880113
S7,Stochastic GD,41,3.99760017438473e-05,3.8942279858135046e-05,1.0,1.0,30,1230,2.9947083999868482
S7,Stochastic GD,42,3.922720016976085e-05,3.817097360087376e-05,1.0,1.0,30,1260,3.063454899995122
S7,Stochastic GD,43,3.850767050939728e-05,3.743067337419963e-05,1.0,1.0,30,1290,3.160643099981826
S7,Stochastic GD,44,3.781540655869696e-05,3.671996337019863e-05,1.0,1.0,30,1320,3.2402708000154234
S7,Stochastic GD,45,3.7148512930702406e-05,3.603541455588397e-05,1.0,1.0,30,1350,3.311751200002618
S7,Stochastic GD,46,3.6505858987742336e-05,3.537718121102911e-05,1.0,1.0,30,1380,3.3628473000135273
S7,Stochastic GD,47,3.5886315772600825e-05,3.474337078629332e-05,1.0,1.0,30,1410,3.421826699981466
S7,Stochastic GD,48,3.528853450949117e-05,3.4132538228093304e-05,1.0,1.0,30,1440,3.4821574999950826
S7,Stochastic GD,49,3.4711414979115375e-05,3.3543543760685696e-05,1.0,1.0,30,1470,3.54354709998006
S7,Stochastic GD,50,3.415415067309596e-05,3.2975699008821625e-05,1.0,1.0,30,1500,3.6227817999897525
S7,Stochastic GD,51,3.361556757873206e-05,3.242700372818696e-05,1.0,1.0,30,1530,3.678503900009673
S7,Stochastic GD,52,3.3094464052211403e-05,3.189651906357866e-05,1.0,1.0,30,1560,3.7292845000047237
S7,Stochastic GD,53,3.259003542510019e-05,3.138368558395644e-05,1.0,1.0,30,1590,3.780245499976445
S7,Stochastic GD,54,3.2101760205053194e-05,3.088824155989984e-05,1.0,1.0,30,1620,3.8344892999739386
S7,Stochastic GD,55,3.162417750455027e-05,3.0407954316416952e-05,1.0,1.0,30,1650,3.9074616000289097
S7,Stochastic GD,56,3.116075882597848e-05,2.9943410025910903e-05,1.0,1.0,30,1680,3.9641189000103623
S7,Stochastic GD,57,3.071146927728618e-05,2.949341996977817e-05,1.0,1.0,30,1710,4.014075200015213
S7,Stochastic GD,58,3.027561519618974e-05,2.905722983500281e-05,1.0,1.0,30,1740,4.0749355999869294
S7,Stochastic GD,59,2.9852680553594874e-05,2.863431375687826e-05,1.0,1.0,30,1770,4.128704299975652
S7,Stochastic GD,60,2.9441844851240357e-05,2.822407314015846e-05,1.0,1.0,30,1800,4.183292399975471
S7,Stochastic GD,61,2.904306161086274e-05,2.782617026627168e-05,1.0,1.0,30,1830,4.239847299992107
S7,Stochastic GD,62,2.8655284924652864e-05,2.7439547019684845e-05,1.0,1.0,30,1860,4.444281300005969
S7,Stochastic GD,63,2.8278435565172518e-05,2.7064207348616708e-05,1.0,1.0,30,1890,4.55870260001393
S7,Stochastic GD,64,2.7911849815095197e-05,2.6699122323543702e-05,1.0,1.0,30,1920,4.612889699987136
S7,Stochastic GD,65,2.755538317165207e-05,2.6344395034790463e-05,1.0,1.0,30,1950,4.66327670001192
S7,Stochastic GD,66,2.7208402971265705e-05,2.599952075084151e-05,1.0,1.0,30,1980,4.713801199977752
S7,Stochastic GD,67,2.6870505023265515e-05,2.5663822259808942e-05,1.0,1.0,30,2010,4.774433200014755
S7,Stochastic GD,68,2.6541399733172492e-05,2.533722084017833e-05,1.0,1.0,30,2040,4.842052799998783
S7,Stochastic GD,69,2.6220450651099723e-05,2.5018835677979483e-05,1.0,1.0,30,2070,4.895055599976331
S7,Stochastic GD,70,2.5907832687083457e-05,2.4708926242433848e-05,1.0,1.0,30,2100,4.956613500020467
S7,Stochastic GD,71,2.560278740960047e-05,2.440678926537169e-05,1.0,1.0,30,2130,5.005113599996548
S7,Stochastic GD,72,2.5305477820232294e-05,2.4112490745299668e-05,1.0,1.0,30,2160,5.05381050001597
S7,Stochastic GD,73,2.5015341593987055e-05,2.3825516145610433e-05,1.0,1.0,30,2190,5.106206799973734
S7,Stochastic GD,74,2.4732054289151736e-05,2.354547674045729e-05,1.0,1.0,30,2220,5.1707607000134885
S7,Stochastic GD,75,2.445547349971646e-05,2.3272394802195486e-05,1.0,1.0,30,2250,5.228932600002736
S7,Stochastic GD,76,2.4185341240115144e-05,2.30058743455492e-05,1.0,1.0,30,2280,5.315673600009177
S7,Stochastic GD,77,2.3921406604142324e-05,2.2745662857910193e-05,1.0,1.0,30,2310,5.405717800022103
S7,Stochastic GD,78,2.36635966529782e-05,2.249158949540186e-05,1.0,1.0,30,2340,5.477877099998295
S7,Stochastic GD,79,2.3411605658905993e-05,2.2243414798387597e-05,1.0,1.0,30,2370,5.5364521000301465
S7,Stochastic GD,80,2.3165038445909246e-05,2.2000774649710734e-05,1.0,1.0,30,2400,5.635071799973957
S7,Stochastic GD,81,2.2924013479400833e-05,2.176385292611454e-05,1.0,1.0,30,2430,5.709826199978124
S7,Stochastic GD,82,2.268822299176821e-05,2.1532263248747995e-05,1.0,1.0,30,2460,5.7735823999973945
S7,Stochastic GD,83,2.245741608603955e-05,2.1305591190012e-05,1.0,1.0,30,2490,5.82587970001623
S7,Stochastic GD,84,2.223153226569746e-05,2.108398808848485e-05,1.0,1.0,30,2520,5.8887430999893695
S7,Stochastic GD,85,2.201039353822606e-05,2.0867110334594104e-05,1.0,1.0,30,2550,5.979354700015392
S7,Stochastic GD,86,2.1793840702955442e-05,2.0654937314698346e-05,1.0,1.0,30,2580,6.146348099980969
S7,Stochastic GD,87,2.15817039115176e-05,2.0447176721342003e-05,1.0,1.0,30,2610,6.23066950001521
S7,Stochastic GD,88,2.13740018693015e-05,2.024396365191612e-05,1.0,1.0,30,2640,6.29435999999987
S7,Stochastic GD,89,2.117039892812477e-05,2.0044810785948172e-05,1.0,1.0,30,2670,6.35843110003043
S7,Stochastic GD,90,2.097080704058036e-05,1.984978697035865e-05,1.0,1.0,30,2700,6.429804700019304
S7,Stochastic GD,91,2.0775227774134484e-05,1.9658751302115773e-05,1.0,1.0,30,2730,6.523703399987426
S7,Stochastic GD,92,2.05834077303911e-05,1.9471479496190614e-05,1.0,1.0,30,2760,6.587238600011915
S7,Stochastic GD,93,2.039529670790718e-05,1.928794135764904e-05,1.0,1.0,30,2790,6.64231840003049
S7,Stochastic GD,94,2.0210835462430318e-05,1.910809772876385e-05,1.0,1.0,30,2820,6.70798200002173
S7,Stochastic GD,95,2.0029821527772707e-05,1.893181816837525e-05,1.0,1.0,30,2850,6.766280199983157
S7,Stochastic GD,96,1.9852163262291008e-05,1.875881211302213e-05,1.0,1.0,30,2880,6.826169500011019
S7,Stochastic GD,97,1.967782682345969e-05,1.8589226861895536e-05,1.0,1.0,30,2910,6.911103799997363
S7,Stochastic GD,98,1.9506703681800444e-05,1.842285872505836e-05,1.0,1.0,30,2940,6.970168299973011
S7,Stochastic GD,99,1.9338611522821483e-05,1.825955367840081e-05,1.0,1.0,30,2970,7.024194400000852
S7,Stochastic GD,100,1.9176351009168387e-05,1.8100730911892296e-05,1.0,1.0,30,3000,7.077754500031006
S7,SGD + Momentum,1,0.16338168779646675,0.06342336032133448,0.9666666666666667,1.0,4,4,0.11021840001922101
S7,SGD + Momentum,2,0.029678666349573127,0.07992367377734468,0.9666666666666667,1.0,4,8,0.1538132000132464
S7,SGD + Momentum,3,0.001839321505942473,0.28473327220726785,1.0,0.875,4,12,0.2170559000223875
S7,SGD + Momentum,4,3.70628186844113e-05,0.3388990711907506,1.0,0.875,4,16,0.27230960002634674
S7,SGD + Momentum,5,3.700053874901088e-06,0.3398497997984745,1.0,0.875,4,20,0.3047558999969624
S7,SGD + Momentum,6,1.2152505476941555e-06,0.340484935845392,1.0,0.875,4,24,0.3488519000238739
S7,SGD + Momentum,7,6.42053973785834e-07,0.36304922065209744,1.0,0.875,4,28,0.39854490000288934
S7,SGD + Momentum,8,4.274953594731405e-07,0.3991640861272124,1.0,0.875,4,32,0.5594870000495575
S7,SGD + Momentum,9,3.271769633858415e-07,0.43376902722414523,1.0,0.875,4,36,0.6060665000113659
S7,SGD + Momentum,10,2.739802316879467e-07,0.460832767550525,1.0,0.875,4,40,0.646039400016889
S7,SGD + Momentum,11,2.4328734147762445e-07,0.48024351735523557,1.0,0.875,4,44,0.6943572000018321
S7,SGD + Momentum,12,2.2471898652868037e-07,0.4936172638787318,1.0,0.875,4,48,0.7539920000126585
S7,SGD + Momentum,13,2.1315364970950042e-07,0.5026461668142119,1.0,0.875,4,52,0.8002871000207961
S7,SGD + Momentum,14,2.0575325009093921e-07,0.5086744344559452,1.0,0.875,4,56,0.9028838000376709
S7,SGD + Momentum,15,2.008566570692833e-07,0.512674436461295,1.0,0.875,4,60,0.9631312999990769
S7,SGD + Momentum,16,1.9761352380621676e-07,0.5153179181762072,1.0,0.875,4,64,0.9969920000294223
S7,SGD + Momentum,17,1.9537451232757063e-07,0.5170616983818243,1.0,0.875,4,68,1.0488156000501476
S7,SGD + Momentum,18,1.9383061998155714e-07,0.5182101861153788,1.0,0.875,4,72,1.0965502000181004
S7,SGD + Momentum,19,1.9268975520722497e-07,0.5189668741663006,1.0,0.875,4,76,1.1415740000084043
S7,SGD + Momentum,20,1.9185846789170213e-07,0.5194650818529306,1.0,0.875,4,80,1.182114500028547
S7,SGD + Momentum,21,1.9120613315815146e-07,0.5197936680313857,1.0,0.875,4,84,1.266736400022637
S7,SGD + Momentum,22,1.9064817597966682e-07,0.5200111243219231,1.0,0.875,4,88,1.3421053000492975
S7,SGD + Momentum,23,1.902235871771611e-07,0.5201546435375013,1.0,0.875,4,92,1.3856592000229284
S7,SGD + Momentum,24,1.8979039135310998e-07,0.5202509188195829,1.0,0.875,4,96,1.4196987000177614
S7,SGD + Momentum,25,1.8946538840822746e-07,0.5203146523805622,1.0,0.875,4,100,1.4758804000448436
S7,SGD + Momentum,26,1.8909317920786093e-07,0.5203586273208087,1.0,0.875,4,104,1.5138160000205971
S7,SGD + Momentum,27,1.8869604975283058e-07,0.5203895605020012,1.0,0.875,4,108,1.554640200047288
S7,SGD + Momentum,28,1.883528812765942e-07,0.5204109854780613,1.0,0.875,4,112,1.5845420000259764
S7,SGD + Momentum,29,1.8804774240910662e-07,0.5204261360260182,1.0,0.875,4,116,1.655577400000766
S7,SGD + Momentum,30,1.8769615479712684e-07,0.520438145517904,1.0,0.875,4,120,1.7316543000051752
S7,SGD + Momentum,31,1.8738363590128052e-07,0.5204471471522482,1.0,0.875,4,124,1.7895706000272185
S7,SGD + Momentum,32,1.8705279584240026e-07,0.5204547789757346,1.0,0.875,4,128,1.8322321000159718
S7,SGD + Momentum,33,1.867788221653096e-07,0.5204605704155566,1.0,0.875,4,132,1.8650256000109948
S7,SGD + Momentum,34,1.8644966377665597e-07,0.5204664255860774,1.0,0.875,4,136,1.9166721000219695
S7,SGD + Momentum,35,1.8615290225003682e-07,0.5204713822725193,1.0,0.875,4,140,1.95579820004059
S7,SGD + Momentum,36,1.8583402471959615e-07,0.5204763494545325,1.0,0.875,4,144,2.033281000040006
S7,SGD + Momentum,37,1.855228171107262e-07,0.5204810203220354,1.0,0.875,4,148,2.1164796000230126
S7,SGD + Momentum,38,1.8521696894744524e-07,0.5204854950217254,1.0,0.875,4,152,2.1627056000288576
S7,SGD + Momentum,39,1.84936523389468e-07,0.5204895395242156,1.0,0.875,4,156,2.189875500043854
S7,SGD + Momentum,40,1.846753065516386e-07,0.5204932670506377,1.0,0.875,4,160,2.2227878000121564
S7,SGD + Momentum,41,1.84403088551283e-07,0.5204971161083048,1.0,0.875,4,164,2.264615699998103
S7,SGD + Momentum,42,1.8414056735380807e-07,0.5205008122313842,1.0,0.875,4,168,2.3051315000047907
S7,SGD + Momentum,43,1.8381806925585072e-07,0.5205053342732034,1.0,0.875,4,172,2.3532127999933437
S7,SGD + Momentum,44,1.834619025521443e-07,0.5205103247127677,1.0,0.875,4,176,2.4147755000158213
S7,SGD + Momentum,45,1.83189986181345e-07,0.5205141379330723,1.0,0.875,4,180,2.5025292000500485
S7,SGD + Momentum,46,1.828183970401025e-07,0.520519351084824,1.0,0.875,4,184,2.56478400004562
S7,SGD + Momentum,47,1.8247604029441445e-07,0.5205241615960131,1.0,0.875,4,188,2.6038338000071235
S7,SGD + Momentum,48,1.822135699643096e-07,0.5205278540914836,1.0,0.875,4,192,2.6482823000405915
S7,SGD + Momentum,49,1.8185022120583116e-07,0.5205329738063277,1.0,0.875,4,196,2.7168385999975726
S7,SGD + Momentum,50,1.8151430119334514e-07,0.5205377155150596,1.0,0.875,4,200,2.854771700047422
S7,SGD + Momentum,51,1.8119667346992627e-07,0.5205422074051674,1.0,0.875,4,204,2.902525700046681
S7,SGD + Momentum,52,1.8089134837154395e-07,0.5205465317839426,1.0,0.875,4,208,2.969048800005112
S7,SGD + Momentum,53,1.805943964013137e-07,0.520550744485507,1.0,0.875,4,212,3.013312000024598
S7,SGD + Momentum,54,1.803624078237114e-07,0.5205540395403291,1.0,0.875,4,216,3.0459440000122413
S7,SGD + Momentum,55,1.800228769432639e-07,0.520558872106584,1.0,0.875,4,220,3.075739699997939
S7,SGD + Momentum,56,1.797044938675464e-07,0.5205634118565357,1.0,0.875,4,224,3.155674200039357
S7,SGD + Momentum,57,1.7945885979716448e-07,0.520566919559159,1.0,0.875,4,228,3.2506434000097215
S7,SGD + Momentum,58,1.7915498841523233e-07,0.5205712660182147,1.0,0.875,4,232,3.282462100032717
S7,SGD + Momentum,59,1.7886084704954246e-07,0.5205754805351959,1.0,0.875,4,236,3.350082300021313
S7,SGD + Momentum,60,1.7858899003581025e-07,0.5205793815908556,1.0,0.875,4,240,3.3872537999995984
S7,SGD + Momentum,61,1.7824710867068875e-07,0.5205842974390175,1.0,0.875,4,244,3.427616200002376
S7,SGD + Momentum,62,1.779091175365052e-07,0.5205891673228739,1.0,0.875,4,248,3.4594891000306234
S7,SGD + Momentum,63,1.7759399290668952e-07,0.5205937155554438,1.0,0.875,4,252,3.4907354000024498
S7,SGD + Momentum,64,1.7729415040710448e-07,0.5205980514880243,1.0,0.875,4,256,3.61372260004282
S7,SGD + Momentum,65,1.770462989608772e-07,0.5206016398051957,1.0,0.875,4,260,3.6704892000416294
S7,SGD + Momentum,66,1.7680632758453637e-07,0.5206051190776312,1.0,0.875,4,264,3.7007998000481166
S7,SGD + Momentum,67,1.7646892023441999e-07,0.5206100216761652,1.0,0.875,4,268,3.75201230001403
S7,SGD + Momentum,68,1.762121804387486e-07,0.5206137573583081,1.0,0.875,4,272,3.7941090000094846
S7,SGD + Momentum,69,1.7588453050029673e-07,0.520618534220109,1.0,0.875,4,276,3.8229523000190966
S7,SGD + Momentum,70,1.7555885975156816e-07,0.5206232918314107,1.0,0.875,4,280,3.883131200040225
S7,SGD + Momentum,71,1.7525426151615e-07,0.5206277492339393,1.0,0.875,4,284,3.968916900048498
S7,SGD + Momentum,72,1.750044831348881e-07,0.5206314102023318,1.0,0.875,4,288,4.046761900011916
S7,SGD + Momentum,73,1.7475009461164344e-07,0.5206351444615553,1.0,0.875,4,292,4.080808600003365
S7,SGD + Momentum,74,1.7445246627440342e-07,0.5206395201972256,1.0,0.875,4,296,4.149976900022011
S7,SGD + Momentum,75,1.7420770719925771e-07,0.520643124088075,1.0,0.875,4,300,4.264216900046449
S7,SGD + Momentum,76,1.739574301147543e-07,0.5206468145403517,1.0,0.875,4,304,4.500358000048436
S7,SGD + Momentum,77,1.7370380210623413e-07,0.520650560852524,1.0,0.875,4,308,4.568047000037041
S7,SGD + Momentum,78,1.7344824471442948e-07,0.5206543409676345,1.0,0.875,4,312,4.647859800024889
S7,SGD + Momentum,79,1.7320636554313528e-07,0.5206579236173128,1.0,0.875,4,316,4.698467900045216
S7,SGD + Momentum,80,1.7287499725229637e-07,0.5206628418711695,1.0,0.875,4,320,4.734332000021823
S7,SGD + Momentum,81,1.726090794524961e-07,0.5206667956337286,1.0,0.875,4,324,4.8209599000401795
S7,SGD + Momentum,82,1.7230711087636619e-07,0.5206712928407546,1.0,0.875,4,328,4.882964599994011
S7,SGD + Momentum,83,1.7202137511298516e-07,0.5206755561144791,1.0,0.875,4,332,4.9473152999999
S7,SGD + Momentum,84,1.7178577985043793e-07,0.5206790759360689,1.0,0.875,4,336,5.0124829999986105
S7,SGD + Momentum,85,1.7152340602047356e-07,0.5206830027825062,1.0,0.875,4,340,5.085292700037826
S7,SGD + Momentum,86,1.7128488853951401e-07,0.5206865772794248,1.0,0.875,4,344,5.167927900038194
S7,SGD + Momentum,87,1.710212346308818e-07,0.5206905346341822,1.0,0.875,4,348,5.2699782000272535
S7,SGD + Momentum,88,1.707434946605714e-07,0.5206947106330253,1.0,0.875,4,352,5.330914899997879
S7,SGD + Momentum,89,1.7049351385920581e-07,0.5206984750326834,1.0,0.875,4,356,5.37554330000421
S7,SGD + Momentum,90,1.7024362858009083e-07,0.5207022439385354,1.0,0.875,4,360,5.415282500034664
S7,SGD + Momentum,91,1.699940595847969e-07,0.5207060132333076,1.0,0.875,4,364,5.451746300037485
S7,SGD + Momentum,92,1.6976510692727127e-07,0.520709476030125,1.0,0.875,4,368,5.50162240001373
S7,SGD + Momentum,93,1.6952971652896272e-07,0.5207130418539043,1.0,0.875,4,372,5.594337699993048
S7,SGD + Momentum,94,1.6925225081606274e-07,0.5207172526119516,1.0,0.875,4,376,5.662837700045202
S7,SGD + Momentum,95,1.689856436264777e-07,0.5207213041748954,1.0,0.875,4,380,5.701468000013847
S7,SGD + Momentum,96,1.6872640569266115e-07,0.5207252501284019,1.0,0.875,4,384,5.7361250999965705
S7,SGD + Momentum,97,1.6847224865558974e-07,0.5207291247289693,1.0,0.875,4,388,5.779037900036201
S7,SGD + Momentum,98,1.6825929713418843e-07,0.5207323749287613,1.0,0.875,4,392,5.817693000019062
S7,SGD + Momentum,99,1.6801614409092312e-07,0.5207360923180652,1.0,0.875,4,396,5.853715600038413
S7,SGD + Momentum,100,1.6777322038935575e-07,0.520739811839486,1.0,0.875,4,400,5.985709900036454
S7,Adagrad,1,3.0225903453981886e-06,1.0379723084824845e-05,1.0,1.0,4,4,0.04866729996865615
S7,Adagrad,2,3.010745533698084e-06,1.0367104740980572e-05,1.0,1.0,4,8,0.09088499995414168
S7,Adagrad,3,3.0007434939512426e-06,1.0355726867174189e-05,1.0,1.0,4,12,0.12619399995310232
S7,Adagrad,4,2.9906380253168843e-06,1.0344108322833025e-05,1.0,1.0,4,16,0.16490029997657984
S7,Adagrad,5,2.979189331506844e-06,1.0331794106964735e-05,1.0,1.0,4,20,0.21786879998398945
S7,Adagrad,6,2.96913132271363e-06,1.0319886553327023e-05,1.0,1.0,4,24,0.33962859999155626
S7,Adagrad,7,2.9578907268453627e-06,1.030771876762238e-05,1.0,1.0,4,28,0.37756279995664954
S7,Adagrad,8,2.947461909505886e-06,1.02950862501459e-05,1.0,1.0,4,32,0.4101503999554552
S7,Adagrad,9,2.937986783161463e-06,1.0284136107011973e-05,1.0,1.0,4,36,0.46492269996088
S7,Adagrad,10,2.9268679752249206e-06,1.0271987693878384e-05,1.0,1.0,4,40,0.5119163999916054
S7,Adagrad,11,2.9174383656831693e-06,1.026098441916677e-05,1.0,1.0,4,44,0.5512339999550022
S7,Adagrad,12,2.9081927887781984e-06,1.025023803370489e-05,1.0,1.0,4,48,0.5971057999995537
S7,Adagrad,13,2.8988054730239117e-06,1.0239203830449489e-05,1.0,1.0,4,52,0.6611475999816321
S7,Adagrad,14,2.8895345854974167e-06,1.0228060811393413e-05,1.0,1.0,4,56,0.7953357999795116
S7,Adagrad,15,2.88052898834564e-06,1.0217512594132482e-05,1.0,1.0,4,60,0.8589414999587461
S7,Adagrad,16,2.871360971250823e-06,1.0206713175093906e-05,1.0,1.0,4,64,0.9181431999895722
S7,Adagrad,17,2.8620304003892777e-06,1.0195454622586567e-05,1.0,1.0,4,68,0.9629241999937221
S7,Adagrad,18,2.851569946768398e-06,1.018388400959978e-05,1.0,1.0,4,72,1.0070282999658957
S7,Adagrad,19,2.8422006371940016e-06,1.0172322601695959e-05,1.0,1.0,4,76,1.0744535999838263
S7,Adagrad,20,2.8335515910804238e-06,1.0162078187371683e-05,1.0,1.0,4,80,1.1748994999798015
S7,Adagrad,21,2.824799297754712e-06,1.0151678712142493e-05,1.0,1.0,4,84,1.23306820000289
S7,Adagrad,22,2.816244878317928e-06,1.014151964706197e-05,1.0,1.0,4,88,1.3492918999982066
S7,Adagrad,23,2.8075148898716515e-06,1.0130843709547695e-05,1.0,1.0,4,92,1.3995187999680638
S7,Adagrad,24,2.798342774736201e-06,1.0119408623790785e-05,1.0,1.0,4,96,1.4855920999543741
S7,Adagrad,25,2.789873751094402e-06,1.010904432684167e-05,1.0,1.0,4,100,1.5954940999508835
S7,Adagrad,26,2.781512080830177e-06,1.0099083919571216e-05,1.0,1.0,4,104,1.6467409000033513
S7,Adagrad,27,2.773110041439615e-06,1.0089007845867046e-05,1.0,1.0,4,108,1.697419899981469
S7,Adagrad,28,2.76459898396702e-06,1.007878669571723e-05,1.0,1.0,4,112,1.746424799959641
S7,Adagrad,29,2.7564594845540415e-06,1.0069003340951721e-05,1.0,1.0,4,116,1.7846155999577604
S7,Adagrad,30,2.7481583300037588e-06,1.0058759046740461e-05,1.0,1.0,4,120,1.8984004999510944
S7,Adagrad,31,2.7393028055050397e-06,1.0047604324793963e-05,1.0,1.0,4,124,1.9733355999924242
S7,Adagrad,32,2.731081017658659e-06,1.0037413242247281e-05,1.0,1.0,4,128,2.0141785999876447
S7,Adagrad,33,2.7231545262187857e-06,1.0027850461770029e-05,1.0,1.0,4,132,2.0764477999764495
S7,Adagrad,34,2.713789254200556e-06,1.0017237006704485e-05,1.0,1.0,4,136,2.1282143999706022
S7,Adagrad,35,2.7059710572743022e-06,1.0007752555419053e-05,1.0,1.0,4,140,2.1755843999562785
S7,Adagrad,36,2.6975251780499937e-06,9.996804574777322e-06,1.0,1.0,4,144,2.2655465999851003
S7,Adagrad,37,2.6895455540548184e-06,9.987064948453512e-06,1.0,1.0,4,148,2.356246099981945
S7,Adagrad,38,2.6812110678768437e-06,9.976231586148588e-06,1.0,1.0,4,152,2.3942532999790274
S7,Adagrad,39,2.6732059682724474e-06,9.96643824033144e-06,1.0,1.0,4,156,2.459945299953688
S7,Adagrad,40,2.6654027587203464e-06,9.95665554763904e-06,1.0,1.0,4,160,2.510879599954933
S7,Adagrad,41,2.6565736921170273e-06,9.946583560903965e-06,1.0,1.0,4,164,2.5489597999840043
S7,Adagrad,42,2.649000049038957e-06,9.937073802166172e-06,1.0,1.0,4,168,2.5824689999572
S7,Adagrad,43,2.6415278412357374e-06,9.927945458986083e-06,1.0,1.0,4,172,2.683289499953389
S7,Adagrad,44,2.633924357159118e-06,9.918355260114042e-06,1.0,1.0,4,176,2.7503797999816015
S7,Adagrad,45,2.6265933650734923e-06,9.90934385107214e-06,1.0,1.0,4,180,2.793857799959369
S7,Adagrad,46,2.618773075139174e-06,9.899307825299413e-06,1.0,1.0,4,184,2.8309804999735206
S7,Adagrad,47,2.6112963128148936e-06,9.890055847881109e-06,1.0,1.0,4,188,2.878328299964778
S7,Adagrad,48,2.60333723695028e-06,9.8797875273752e-06,1.0,1.0,4,192,2.9374151999945752
S7,Adagrad,49,2.5954201029107227e-06,9.869544450036965e-06,1.0,1.0,4,196,3.0279893999686465
S7,Adagrad,50,2.587994102930889e-06,9.86010245259439e-06,1.0,1.0,4,200,3.154498899995815
S7,Adagrad,51,2.5809364520963816e-06,9.85135625650921e-06,1.0,1.0,4,204,3.2004853999824263
S7,Adagrad,52,2.5738718106271195e-06,9.842638486345803e-06,1.0,1.0,4,208,3.2568446999648586
S7,Adagrad,53,2.5668960479486363e-06,9.833974263712876e-06,1.0,1.0,4,212,3.2955741999903694
S7,Adagrad,54,2.5587622656475827e-06,9.824534045870582e-06,1.0,1.0,4,216,3.3504910999909043
S7,Adagrad,55,2.551875555390635e-06,9.815949317868215e-06,1.0,1.0,4,220,3.409209299948998
S7,Adagrad,56,2.5449814928103187e-06,9.807372626774662e-06,1.0,1.0,4,224,3.459664999973029
S7,Adagrad,57,2.5381645915215776e-06,9.798856377148882e-06,1.0,1.0,4,228,3.6450085999676958
S7,Adagrad,58,2.5313980336963072e-06,9.790408958293595e-06,1.0,1.0,4,232,4.084775600000285
S7,Adagrad,59,2.5245149796669863e-06,9.781604393158244e-06,1.0,1.0,4,236,4.1299366999883205
S7,Adagrad,60,2.5178215312739234e-06,9.773223004505083e-06,1.0,1.0,4,240,4.181284099991899
S7,Adagrad,61,2.5098999066241517e-06,9.763904752820262e-06,1.0,1.0,4,244,4.233453399967402
S7,Adagrad,62,2.5025851156935407e-06,9.754274197605193e-06,1.0,1.0,4,248,4.288489900005516
S7,Adagrad,63,2.4960212804399036e-06,9.746008253210191e-06,1.0,1.0,4,252,4.339098299969919
S7,Adagrad,64,2.4881481105357972e-06,9.736677737670575e-06,1.0,1.0,4,256,4.429837999981828
S7,Adagrad,65,2.4815685450582384e-06,9.728144085634705e-06,1.0,1.0,4,260,4.52726049994817
S7,Adagrad,66,2.4749664572133115e-06,9.71980553755585e-06,1.0,1.0,4,264,4.568674899986945
S7,Adagrad,67,2.468473714952213e-06,9.711580277789502e-06,1.0,1.0,4,268,4.616725399973802
S7,Adagrad,68,2.461989086421243e-06,9.703360932105779e-06,1.0,1.0,4,272,4.667110899987165
S7,Adagrad,69,2.4553318489937174e-06,9.694660409812949e-06,1.0,1.0,4,276,4.730244099977426
S7,Adagrad,70,2.448559707039705e-06,9.6856701386803e-06,1.0,1.0,4,280,4.7745931999525055
S7,Adagrad,71,2.442291364220301e-06,9.677692340807271e-06,1.0,1.0,4,284,4.859354699961841
S7,Adagrad,72,2.4359679535813824e-06,9.669415162233544e-06,1.0,1.0,4,288,5.007746999966912
S7,Adagrad,73,2.4297720777582248e-06,9.66151360593703e-06,1.0,1.0,4,292,5.058592999994289
S7,Adagrad,74,2.423117129773755e-06,9.652657736391614e-06,1.0,1.0,4,296,5.097595500003081
S7,Adagrad,75,2.4164627202139274e-06,9.643768141114413e-06,1.0,1.0,4,300,5.1437221999512985
S7,Adagrad,76,2.41028725470101e-06,9.635638164319347e-06,1.0,1.0,4,304,5.215803399973083
S7,Adagrad,77,2.4038074141740057e-06,9.626912186453484e-06,1.0,1.0,4,308,5.339728299994022
S7,Adagrad,78,2.3972753982891036e-06,9.61791743227442e-06,1.0,1.0,4,312,5.379110499983653
S7,Adagrad,79,2.3902316742413247e-06,9.609455215427684e-06,1.0,1.0,4,316,5.448781099985354
S7,Adagrad,80,2.384088319321973e-06,9.601494482792835e-06,1.0,1.0,4,320,5.495761299971491
S7,Adagrad,81,2.3781851620418054e-06,9.593857063659846e-06,1.0,1.0,4,324,5.545835299999453
S7,Adagrad,82,2.3717782816398904e-06,9.585172410337364e-06,1.0,1.0,4,328,5.586190799949691
S7,Adagrad,83,2.3658567609979174e-06,9.577507612196858e-06,1.0,1.0,4,332,5.6938731999835
S7,Adagrad,84,2.35984712194545e-06,9.569679113904776e-06,1.0,1.0,4,336,5.816012999974191
S7,Adagrad,85,2.3537941621396876e-06,9.561788105165548e-06,1.0,1.0,4,340,5.982971199962776
S7,Adagrad,86,2.3468599764573355e-06,9.553322385396739e-06,1.0,1.0,4,344,6.27910519996658
S7,Adagrad,87,2.3405392905353116e-06,9.544711723190554e-06,1.0,1.0,4,348,6.431073999963701
S7,Adagrad,88,2.3344548879470703e-06,9.536405777251765e-06,1.0,1.0,4,352,6.644740699965041
S7,Adagrad,89,2.327442109958276e-06,9.527460105734717e-06,1.0,1.0,4,356,6.725834499986377
S7,Adagrad,90,2.321835812524767e-06,9.520130031193536e-06,1.0,1.0,4,360,6.775268799974583
S7,Adagrad,91,2.3161491783487387e-06,9.512704259305354e-06,1.0,1.0,4,364,6.829200999985915
S7,Adagrad,92,2.309656296656228e-06,9.504762516067624e-06,1.0,1.0,4,368,6.893654699961189
S7,Adagrad,93,2.3030953855516036e-06,9.496749278471992e-06,1.0,1.0,4,372,6.948247699998319
S7,Adagrad,94,2.297614695207973e-06,9.489544628552272e-06,1.0,1.0,4,376,7.0227182999951765
S7,Adagrad,95,2.292058682006859e-06,9.48222320719992e-06,1.0,1.0,4,380,7.1010413999902084
S7,Adagrad,96,2.286521213184236e-06,9.474960973804534e-06,1.0,1.0,4,384,7.198156700003892
S7,Adagrad,97,2.280112514186628e-06,9.467069959771082e-06,1.0,1.0,4,388,7.262962099979632
S7,Adagrad,98,2.2746524076359306e-06,9.45984790770839e-06,1.0,1.0,4,392,7.31458309997106
S7,Adagrad,99,2.269040537951276e-06,9.452198710523164e-06,1.0,1.0,4,396,7.351017799985129
S7,Adagrad,100,2.26311582645075e-06,9.444003820963218e-06,1.0,1.0,4,400,7.4113133999635465
S7,RMSprop,1,-0.0,-0.0,1.0,1.0,4,4,0.3512203000136651
S7,RMSprop,2,-0.0,-0.0,1.0,1.0,4,8,0.7703570000012405
S7,RMSprop,3,-0.0,-0.0,1.0,1.0,4,12,1.0164993000216782
S7,RMSprop,4,-0.0,-0.0,1.0,1.0,4,16,1.3012719000107609
S7,RMSprop,5,-0.0,-0.0,1.0,1.0,4,20,1.4184123000013642
S7,RMSprop,6,-0.0,-0.0,1.0,1.0,4,24,2.1177752000512555
S7,RMSprop,7,-0.0,-0.0,1.0,1.0,4,28,2.445760800037533
S7,RMSprop,8,-0.0,-0.0,1.0,1.0,4,32,2.5371385000180453
S7,RMSprop,9,-0.0,-0.0,1.0,1.0,4,36,2.6519767999998294
S7,RMSprop,10,-0.0,-0.0,1.0,1.0,4,40,2.768026700010523
S7,RMSprop,11,-0.0,-0.0,1.0,1.0,4,44,2.852545900037512
S7,RMSprop,12,-0.0,-0.0,1.0,1.0,4,48,2.9701237000408582
S7,RMSprop,13,-0.0,-0.0,1.0,1.0,4,52,3.2432030000491068
S7,RMSprop,14,-0.0,-0.0,1.0,1.0,4,56,3.380006300052628
S7,RMSprop,15,-0.0,-0.0,1.0,1.0,4,60,3.4504892000113614
S7,RMSprop,16,-0.0,-0.0,1.0,1.0,4,64,3.5295790000236593
S7,RMSprop,17,-0.0,-0.0,1.0,1.0,4,68,3.6669437999953516
S7,RMSprop,18,-0.0,-0.0,1.0,1.0,4,72,3.7862584000104107
S7,RMSprop,19,-0.0,-0.0,1.0,1.0,4,76,3.94452410005033
S7,RMSprop,20,-0.0,-0.0,1.0,1.0,4,80,4.208154299994931
S7,RMSprop,21,-0.0,-0.0,1.0,1.0,4,84,4.319113900011871
S7,RMSprop,22,-0.0,-0.0,1.0,1.0,4,88,4.397847700049169
S7,RMSprop,23,-0.0,-0.0,1.0,1.0,4,92,4.536140600044746
S7,RMSprop,24,-0.0,-0.0,1.0,1.0,4,96,4.692944800015539
S7,RMSprop,25,-0.0,-0.0,1.0,1.0,4,100,4.777150900044944
S7,RMSprop,26,-0.0,-0.0,1.0,1.0,4,104,4.82817300001625
S7,RMSprop,27,-0.0,-0.0,1.0,1.0,4,108,4.8854797999956645
S7,RMSprop,28,-0.0,-0.0,1.0,1.0,4,112,4.944066299998667
S7,RMSprop,29,-0.0,-0.0,1.0,1.0,4,116,4.997403100016527
S7,RMSprop,30,-0.0,-0.0,1.0,1.0,4,120,5.050565300043672
S7,RMSprop,31,-0.0,-0.0,1.0,1.0,4,124,5.1953287000069395
S7,RMSprop,32,-0.0,-0.0,1.0,1.0,4,128,5.252885800029617
S7,RMSprop,33,-0.0,-0.0,1.0,1.0,4,132,5.31824490003055
S7,RMSprop,34,-0.0,-0.0,1.0,1.0,4,136,5.384868499997538
S7,RMSprop,35,-0.0,-0.0,1.0,1.0,4,140,5.508605600043666
S7,RMSprop,36,-0.0,-0.0,1.0,1.0,4,144,5.628600199997891
S7,RMSprop,37,-0.0,-0.0,1.0,1.0,4,148,5.68279720004648
S7,RMSprop,38,-0.0,-0.0,1.0,1.0,4,152,5.736300899996422
S7,RMSprop,39,-0.0,-0.0,1.0,1.0,4,156,5.79956840001978
S7,RMSprop,40,-0.0,-0.0,1.0,1.0,4,160,5.914096000022255
S7,RMSprop,41,-0.0,-0.0,1.0,1.0,4,164,5.999191300012171
S7,RMSprop,42,-0.0,-0.0,1.0,1.0,4,168,6.048173200048041
S7,RMSprop,43,-0.0,-0.0,1.0,1.0,4,172,6.115419700043276
S7,RMSprop,44,-0.0,-0.0,1.0,1.0,4,176,6.194804000027943
S7,RMSprop,45,-0.0,-0.0,1.0,1.0,4,180,6.3208356000250205
S7,RMSprop,46,-0.0,-0.0,1.0,1.0,4,184,6.42447860003449
S7,RMSprop,47,-0.0,-0.0,1.0,1.0,4,188,6.473722200025804
S7,RMSprop,48,-0.0,-0.0,1.0,1.0,4,192,6.542784799996298
S7,RMSprop,49,-0.0,-0.0,1.0,1.0,4,196,6.5973491000477225
S7,RMSprop,50,-0.0,-0.0,1.0,1.0,4,200,6.7172672000015154
S7,RMSprop,51,-0.0,-0.0,1.0,1.0,4,204,6.772236300050281
S7,RMSprop,52,-0.0,-0.0,1.0,1.0,4,208,6.8302882999996655
S7,RMSprop,53,-0.0,-0.0,1.0,1.0,4,212,6.898462200013455
S7,RMSprop,54,-0.0,-0.0,1.0,1.0,4,216,6.961850900028367
S7,RMSprop,55,-0.0,-0.0,1.0,1.0,4,220,7.263589600042906
S7,RMSprop,56,-0.0,-0.0,1.0,1.0,4,224,7.379231400031131
S7,RMSprop,57,-0.0,-0.0,1.0,1.0,4,228,7.440110500028823
S7,RMSprop,58,-0.0,-0.0,1.0,1.0,4,232,7.636439400026575
S7,RMSprop,59,-0.0,-0.0,1.0,1.0,4,236,7.953774000052363
S7,RMSprop,60,-0.0,-0.0,1.0,1.0,4,240,8.129865400027484
S7,RMSprop,61,-0.0,-0.0,1.0,1.0,4,244,8.217989500029944
S7,RMSprop,62,-0.0,-0.0,1.0,1.0,4,248,8.276283000013791
S7,RMSprop,63,-0.0,-0.0,1.0,1.0,4,252,8.319517500000075
S7,RMSprop,64,-0.0,-0.0,1.0,1.0,4,256,8.380129800003488
S7,RMSprop,65,-0.0,-0.0,1.0,1.0,4,260,8.466109800036065
S7,RMSprop,66,-0.0,-0.0,1.0,1.0,4,264,8.551501900015865
S7,RMSprop,67,-0.0,-0.0,1.0,1.0,4,268,8.61872210004367
S7,RMSprop,68,-0.0,-0.0,1.0,1.0,4,272,8.682603400025982
S7,RMSprop,69,-0.0,-0.0,1.0,1.0,4,276,8.741224299999885
S7,RMSprop,70,-0.0,-0.0,1.0,1.0,4,280,8.80140290001873
S7,RMSprop,71,-0.0,-0.0,1.0,1.0,4,284,8.968361200008076
S7,RMSprop,72,-0.0,-0.0,1.0,1.0,4,288,9.098619399999734
S7,RMSprop,73,-0.0,-0.0,1.0,1.0,4,292,9.164361700008158
S7,RMSprop,74,-0.0,-0.0,1.0,1.0,4,296,9.270563800004311
S7,RMSprop,75,-0.0,-0.0,1.0,1.0,4,300,9.347728900029324
S7,RMSprop,76,-0.0,-0.0,1.0,1.0,4,304,9.418501600041054
S7,RMSprop,77,-0.0,-0.0,1.0,1.0,4,308,9.469379000016488
S7,RMSprop,78,-0.0,-0.0,1.0,1.0,4,312,9.526669400045648
S7,RMSprop,79,-0.0,-0.0,1.0,1.0,4,316,9.575081400049385
S7,RMSprop,80,-0.0,-0.0,1.0,1.0,4,320,9.666850500041619
S7,RMSprop,81,-0.0,-0.0,1.0,1.0,4,324,9.732762500003446
S7,RMSprop,82,-0.0,-0.0,1.0,1.0,4,328,9.815599800029304
S7,RMSprop,83,-0.0,-0.0,1.0,1.0,4,332,9.886538100021426
S7,RMSprop,84,-0.0,-0.0,1.0,1.0,4,336,10.07384850003291
S7,RMSprop,85,-0.0,-0.0,1.0,1.0,4,340,10.135058200045023
S7,RMSprop,86,-0.0,-0.0,1.0,1.0,4,344,10.2325101000024
S7,RMSprop,87,-0.0,-0.0,1.0,1.0,4,348,10.41466589999618
S7,RMSprop,88,-0.0,-0.0,1.0,1.0,4,352,10.489623000030406
S7,RMSprop,89,-0.0,-0.0,1.0,1.0,4,356,10.549797600018792
S7,RMSprop,90,-0.0,-0.0,1.0,1.0,4,360,10.59677850001026
S7,RMSprop,91,-0.0,-0.0,1.0,1.0,4,364,10.746798000007402
S7,RMSprop,92,-0.0,-0.0,1.0,1.0,4,368,10.797240200045053
S7,RMSprop,93,-0.0,-0.0,1.0,1.0,4,372,10.862114100018516
S7,RMSprop,94,-0.0,-0.0,1.0,1.0,4,376,10.919035200029612
S7,RMSprop,95,-0.0,-0.0,1.0,1.0,4,380,10.965320100018289
S7,RMSprop,96,-0.0,-0.0,1.0,1.0,4,384,11.030751900048926
S7,RMSprop,97,-0.0,-0.0,1.0,1.0,4,388,11.135657400009222
S7,RMSprop,98,-0.0,-0.0,1.0,1.0,4,392,11.202157100022305
S7,RMSprop,99,-0.0,-0.0,1.0,1.0,4,396,11.253902700031176
S7,RMSprop,100,-0.0,-0.0,1.0,1.0,4,400,11.30394760001218
S7,Adam,1,4.5788391540591733e-07,3.493099700214274e-10,1.0,1.0,4,4,0.10219909995794296
S7,Adam,2,0.49045433319902376,0.004368669838851608,0.9666666666666667,1.0,4,8,0.1902919999556616
S7,Adam,3,-0.0,1.0633702256594966e-10,1.0,1.0,4,12,0.2412932000006549
S7,Adam,4,-0.0,1.5575283243587433e-09,1.0,1.0,4,16,0.29554879997158423
S7,Adam,5,-0.0,8.370990129860612e-08,1.0,1.0,4,20,0.3341315999859944
S7,Adam,6,-0.0,5.330546277563502e-06,1.0,1.0,4,24,0.3986151999561116
S7,Adam,7,-0.0,0.00013330527075479097,1.0,1.0,4,28,0.49232839996693656
S7,Adam,8,-0.0,0.001230709187055049,1.0,1.0,4,32,0.5486389999859966
S7,Adam,9,-0.0,0.005855161649293012,1.0,1.0,4,36,0.6155318999662995
S7,Adam,10,-0.0,0.016921746625277536,1.0,1.0,4,40,0.6820461999741383
S7,Adam,11,-0.0,0.03401267850557494,1.0,1.0,4,44,0.7681685999850743
S7,Adam,12,-0.0,0.053299896051056374,1.0,1.0,4,48,0.830805399978999
S7,Adam,13,-0.0,0.07106616645402906,1.0,1.0,4,52,0.9318990999599919
S7,Adam,14,-0.0,0.0855470832696221,1.0,1.0,4,56,1.0315469999914058
S7,Adam,15,-0.0,0.0965290724614347,1.0,0.875,4,60,1.079028899956029
S7,Adam,16,-0.0,0.10450605774117577,1.0,0.875,4,64,1.1453593999613076
S7,Adam,17,-0.0,0.11014818147826733,1.0,0.875,4,68,1.2499127999763004
S7,Adam,18,-0.0,0.11407159472824957,1.0,0.875,4,72,1.3294745999737643
S7,Adam,19,-0.0,0.11676938948053442,1.0,0.875,4,76,1.46454299998004
S7,Adam,20,-0.0,0.11861030246633772,1.0,0.875,4,80,1.5341953999595717
S7,Adam,21,-0.0,0.11985979149025443,1.0,0.875,4,84,1.6826046999776736
S7,Adam,22,-0.0,0.12070460140343667,1.0,0.875,4,88,1.94941999996081
S7,Adam,23,-0.0,0.12127417464276162,1.0,0.875,4,92,2.0817179000005126
S7,Adam,24,-0.0,0.12165735347554103,1.0,0.875,4,96,2.1476089999778196
S7,Adam,25,-0.0,0.12191470132433903,1.0,0.875,4,100,2.2029780999873765
S7,Adam,26,-0.0,0.12208730549779345,1.0,0.875,4,104,2.3142998999683186
S7,Adam,27,-0.0,0.12220294257769791,1.0,0.875,4,108,2.385314099956304
S7,Adam,28,-0.0,0.12228034119954594,1.0,0.875,4,112,2.4638030999922194
S7,Adam,29,-0.0,0.12233210372602854,1.0,0.875,4,116,2.511760899971705
S7,Adam,30,-0.0,0.12236669656438667,1.0,0.875,4,120,2.5815930999815464
S7,Adam,31,-0.0,0.12238980009337401,1.0,0.875,4,124,2.6963546999613754
S7,Adam,32,-0.0,0.12240522128736087,1.0,0.875,4,128,2.7740204999572597
S7,Adam,33,-0.0,0.12241550918246408,1.0,0.875,4,132,2.8313943999819458
S7,Adam,34,-0.0,0.12242236914317733,1.0,0.875,4,136,2.8890623999759555
S7,Adam,35,-0.0,0.12242694127092699,1.0,0.875,4,140,2.95637309999438
S7,Adam,36,-0.0,0.12242998726971638,1.0,0.875,4,144,3.045839399972465
S7,Adam,37,-0.0,0.12243201573306381,1.0,0.875,4,148,3.1297104999539442
S7,Adam,38,-0.0,0.12243336606589161,1.0,0.875,4,152,3.185346899961587
S7,Adam,39,-0.0,0.12243426465229036,1.0,0.875,4,156,3.2563798999763094
S7,Adam,40,-0.0,0.12243486242004356,1.0,0.875,4,160,3.315763299993705
S7,Adam,41,-0.0,0.1224352599467297,1.0,0.875,4,164,3.4173397999838926
S7,Adam,42,-0.0,0.12243552422910363,1.0,0.875,4,168,3.615230399998836
S7,Adam,43,-0.0,0.12243569987765932,1.0,0.875,4,172,3.733948999957647
S7,Adam,44,-0.0,0.12243581658585552,1.0,0.875,4,176,3.804829399974551
S7,Adam,45,-0.0,0.12243589411125619,1.0,0.875,4,180,3.866977199970279
S7,Adam,46,-0.0,0.12243594559589054,1.0,0.875,4,184,3.935034599970095
S7,Adam,47,-0.0,0.12243597977864472,1.0,0.875,4,188,4.013282599975355
S7,Adam,48,-0.0,0.12243600246875286,1.0,0.875,4,192,4.155776100000367
S7,Adam,49,-0.0,0.1224360175268688,1.0,0.875,4,196,4.2151281999540515
S7,Adam,50,-0.0,0.12243602751795582,1.0,0.875,4,200,4.2670140999834985
S7,Adam,51,-0.0,0.12243603414572787,1.0,0.875,4,204,4.316501999972388
S7,Adam,52,-0.0,0.12243603854151348,1.0,0.875,4,208,4.365529699949548
S7,Adam,53,-0.0,0.12243604145642348,1.0,0.875,4,212,4.466642299958039
S7,Adam,54,-0.0,0.12243604338899362,1.0,0.875,4,216,4.547567099973094
S7,Adam,55,-0.0,0.1224360446700592,1.0,0.875,4,220,4.596081600000616
S7,Adam,56,-0.0,0.12243604551910371,1.0,0.875,4,224,4.649055699992459
S7,Adam,57,-0.0,0.12243604608173693,1.0,0.875,4,228,4.694052599952556
S7,Adam,58,-0.0,0.12243604645451757,1.0,0.875,4,232,4.747348799952306
S7,Adam,59,-0.0,0.1224360467014623,1.0,0.875,4,236,4.879597599967383
S7,Adam,60,-0.0,0.12243604686503595,1.0,0.875,4,240,4.9926527999923564
S7,Adam,61,-0.0,0.12243604697336695,1.0,0.875,4,244,5.0437062999699265
S7,Adam,62,-0.0,0.12243604704510143,1.0,0.875,4,248,5.098908599989954
S7,Adam,63,-0.0,0.12243604709259488,1.0,0.875,4,252,5.150752699992154
S7,Adam,64,-0.0,0.12243604712403161,1.0,0.875,4,256,5.2446008999831975
S7,Adam,65,-0.0,0.12243604714484592,1.0,0.875,4,260,5.33247569995001
S7,Adam,66,-0.0,0.1224360471586227,1.0,0.875,4,264,5.385037100000773
S7,Adam,67,-0.0,0.1224360471677325,1.0,0.875,4,268,5.444823999947403
S7,Adam,68,-0.0,0.12243604717377142,1.0,0.875,4,272,5.49659299995983
S7,Adam,69,-0.0,0.12243604717776169,1.0,0.875,4,276,5.545914799964521
S7,Adam,70,-0.0,0.12243604718040021,1.0,0.875,4,280,5.648472199973185
S7,Adam,71,-0.0,0.12243604718214769,1.0,0.875,4,284,5.718445699953008
S7,Adam,72,-0.0,0.12243604718330499,1.0,0.875,4,288,5.774038699979428
S7,Adam,73,-0.0,0.12243604718406738,1.0,0.875,4,292,5.87110859999666
S7,Adam,74,-0.0,0.12243604718457102,1.0,0.875,4,296,5.931919399998151
S7,Adam,75,-0.0,0.12243604718490937,1.0,0.875,4,300,6.051212799968198
S7,Adam,76,-0.0,0.12243604718512399,1.0,0.875,4,304,6.136217699968256
S7,Adam,77,-0.0,0.12243604718527407,1.0,0.875,4,308,6.183959899994079
S7,Adam,78,-0.0,0.12243604718537196,1.0,0.875,4,312,6.2312100999988616
S7,Adam,79,-0.0,0.12243604718543936,1.0,0.875,4,316,6.288426899991464
S7,Adam,80,-0.0,0.12243604718548398,1.0,0.875,4,320,6.397340199968312
S7,Adam,81,-0.0,0.12243604718550341,1.0,0.875,4,324,6.499835999973584
S7,Adam,82,-0.0,0.1224360471855217,1.0,0.875,4,328,6.556910799990874
S7,Adam,83,-0.0,0.12243604718552893,1.0,0.875,4,332,6.631400099955499
S7,Adam,84,-0.0,0.12243604718553447,1.0,0.875,4,336,6.698720899992622
S7,Adam,85,-0.0,0.12243604718553726,1.0,0.875,4,340,6.868351699959021
S7,Adam,86,-0.0,0.12243604718553726,1.0,0.875,4,344,6.947225899959449
S7,Adam,87,-0.0,0.12243604718553697,1.0,0.875,4,348,7.014337799977511
S7,Adam,88,-0.0,0.12243604718553974,1.0,0.875,4,352,7.080337499966845
S7,Adam,89,-0.0,0.12243604718553919,1.0,0.875,4,356,7.345775699999649
S7,Adam,90,-0.0,0.12243604718553919,1.0,0.875,4,360,7.589622400002554
S7,Adam,91,-0.0,0.12243604718553919,1.0,0.875,4,364,7.691160199989099
S7,Adam,92,-0.0,0.12243604718553919,1.0,0.875,4,368,7.749415899976157
S7,Adam,93,-0.0,0.12243604718553919,1.0,0.875,4,372,7.811174399976153
S7,Adam,94,-0.0,0.12243604718553919,1.0,0.875,4,376,7.855334399966523
S7,Adam,95,-0.0,0.12243604718553919,1.0,0.875,4,380,7.902268199948594
S7,Adam,96,-0.0,0.12243604718553919,1.0,0.875,4,384,7.963984299974982
S7,Adam,97,-0.0,0.12243604718553919,1.0,0.875,4,388,8.05393469997216
S7,Adam,98,-0.0,0.12243604718553919,1.0,0.875,4,392,8.248979299969506
S7,Adam,99,-0.0,0.12243604718553919,1.0,0.875,4,396,8.302419499959797
S7,Adam,100,-0.0,0.12243604718553919,1.0,0.875,4,400,8.359910899947863
S7,AdamW,1,4.6058464675253576e-07,3.542654782523479e-10,1.0,1.0,4,4,0.08139180002035573
S7,AdamW,2,0.49094283435579456,0.004614296586891896,0.9666666666666667,1.0,4,8,0.22515929996734485
S7,AdamW,3,-0.0,1.3087564372428383e-10,1.0,1.0,4,12,0.29494719998911023
S7,AdamW,4,-0.0,1.7857320749759024e-09,1.0,1.0,4,16,0.4504076999728568
S7,AdamW,5,-0.0,9.571295172357141e-08,1.0,1.0,4,20,0.508347800001502
S7,AdamW,6,-0.0,5.222973012208643e-06,1.0,1.0,4,24,0.5823590999934822
S7,AdamW,7,-0.0,0.00013258385551537819,1.0,1.0,4,28,0.6507793000200763
S7,AdamW,8,-0.0,0.0012043695272715054,1.0,1.0,4,32,0.7021307999966666
S7,AdamW,9,-0.0,0.005659340206884615,1.0,1.0,4,36,0.8276268999907188
S7,AdamW,10,-0.0,0.016222752683609468,1.0,1.0,4,40,0.8919463999918662
S7,AdamW,11,-0.0,0.032467520033412876,1.0,1.0,4,44,0.9502089999732561
S7,AdamW,12,-0.0,0.05078880278497093,1.0,1.0,4,48,1.0228483999962918
S7,AdamW,13,-0.0,0.06768003869225299,1.0,1.0,4,52,1.0629301000153646
S7,AdamW,14,-0.0,0.0814587240772928,1.0,1.0,4,56,1.1174966999678873
S7,AdamW,15,-0.0,0.09190854552288015,1.0,0.875,4,60,1.244331499969121
S7,AdamW,16,-0.0,0.09949163819749934,1.0,0.875,4,64,1.311851000005845
S7,AdamW,17,-0.0,0.10484378255323842,1.0,0.875,4,68,1.3737425999715924
S7,AdamW,18,-0.0,0.10855247446440273,1.0,0.875,4,72,1.4308884000056423
S7,AdamW,19,-0.0,0.11108901874183683,1.0,0.875,4,76,1.4730365999857895
S7,AdamW,20,-0.0,0.11280625804273642,1.0,0.875,4,80,1.5181493000127375
S7,AdamW,21,-0.0,0.11395829914544106,1.0,0.875,4,84,1.6396996999974363
S7,AdamW,22,-0.0,0.11472387944699708,1.0,0.875,4,88,1.6850193999707699
S7,AdamW,23,-0.0,0.11522683708055911,1.0,0.875,4,92,1.728184700012207
S7,AdamW,24,-0.0,0.11555211363272931,1.0,0.875,4,96,1.7658972999779508
S7,AdamW,25,-0.0,0.11575756887341654,1.0,0.875,4,100,1.8233083999948576
S7,AdamW,26,-0.0,0.11588242229075403,1.0,0.875,4,104,1.8894244999974035
S7,AdamW,27,-0.0,0.11595316354110764,1.0,0.875,4,108,1.9920997999724932
S7,AdamW,28,-0.0,0.11598763656707757,1.0,0.875,4,112,2.126207399996929
S7,AdamW,29,-0.0,0.11599783672589838,1.0,0.875,4,116,2.1788182000163943
S7,AdamW,30,-0.0,0.11599181464647254,1.0,0.875,4,120,2.247021599963773
S7,AdamW,31,-0.0,0.11597496633541442,1.0,0.875,4,124,2.3116680000093766
S7,AdamW,32,-0.0,0.11595090452639892,1.0,0.875,4,128,2.4317082000197843
S7,AdamW,33,-0.0,0.1159220457348324,1.0,0.875,4,132,2.476211000001058
S7,AdamW,34,-0.0,0.1158900050070233,1.0,0.875,4,136,2.540856099978555
S7,AdamW,35,-0.0,0.11585586094494749,1.0,0.875,4,140,2.5956273999763653
S7,AdamW,36,-0.0,0.11582033340870229,1.0,0.875,4,144,2.633854200015776
S7,AdamW,37,-0.0,0.1157839025387635,1.0,0.875,4,148,2.74417129997164
S7,AdamW,38,-0.0,0.11574688840052084,1.0,0.875,4,152,2.811610299977474
S7,AdamW,39,-0.0,0.1157095042349495,1.0,0.875,4,156,2.884750399971381
S7,AdamW,40,-0.0,0.11567189203593893,1.0,0.875,4,160,2.9413942999672145
S7,AdamW,41,-0.0,0.11563414630411632,1.0,0.875,4,164,2.9804723999695852
S7,AdamW,42,-0.0,0.11559632989678456,1.0,0.875,4,168,3.0605270999949425
S7,AdamW,43,-0.0,0.11555848459800085,1.0,0.875,4,172,3.1300765000050887
S7,AdamW,44,-0.0,0.11552063816397534,1.0,0.875,4,176,3.2032912999857217
S7,AdamW,45,-0.0,0.11548280901672435,1.0,0.875,4,180,3.251248700020369
S7,AdamW,46,-0.0,0.11544500936972821,1.0,0.875,4,184,3.309371099981945
S7,AdamW,47,-0.0,0.11540724730840046,1.0,0.875,4,188,3.3598503000102937
S7,AdamW,48,-0.0,0.11536952817436079,1.0,0.875,4,192,3.5109087000018917
S7,AdamW,49,-0.0,0.11533185548614137,1.0,0.875,4,196,3.6077694999985397
S7,AdamW,50,-0.0,0.11529423155129732,1.0,0.875,4,200,3.6520927000092342
S7,AdamW,51,-0.0,0.11525665787329946,1.0,0.875,4,204,3.6954426000011154
S7,AdamW,52,-0.0,0.11521913542184084,1.0,0.875,4,208,3.7632608999847434
S7,AdamW,53,-0.0,0.1151816648123929,1.0,0.875,4,212,3.817600400012452
S7,AdamW,54,-0.0,0.11514424642544531,1.0,0.875,4,216,3.9429873999906704
S7,AdamW,55,-0.0,0.11510688048565157,1.0,0.875,4,220,4.0236722999834456
S7,AdamW,56,-0.0,0.11506956711435798,1.0,0.875,4,224,4.094605899997987
S7,AdamW,57,-0.0,0.11503230636447169,1.0,0.875,4,228,4.159457099973224
S7,AdamW,58,-0.0,0.11499509824355253,1.0,0.875,4,232,4.413470299972687
S7,AdamW,59,-0.0,0.11495794272917301,1.0,0.875,4,236,4.562426699965727
S7,AdamW,60,-0.0,0.11492083977907298,1.0,0.875,4,240,4.648436899995431
S7,AdamW,61,-0.0,0.1148837893378997,1.0,0.875,4,244,4.73521349998191
S7,AdamW,62,-0.0,0.11484679134167262,1.0,0.875,4,248,4.813514199981
S7,AdamW,63,-0.0,0.11480984572074066,1.0,0.875,4,252,4.884358800016344
S7,AdamW,64,-0.0,0.11477295240175595,1.0,0.875,4,256,4.932011299999431
S7,AdamW,65,-0.0,0.11473611130895414,1.0,0.875,4,260,4.978936599974986
S7,AdamW,66,-0.0,0.11469932236502803,1.0,0.875,4,264,5.027654699981213
S7,AdamW,67,-0.0,0.11466258549167871,1.0,0.875,4,268,5.127043300017249
S7,AdamW,68,-0.0,0.11462590061002517,1.0,0.875,4,272,5.1938655999838375
S7,AdamW,69,-0.0,0.1145892676408223,1.0,0.875,4,276,5.254750399966724
S7,AdamW,70,-0.0,0.11455268650463149,1.0,0.875,4,280,5.312832999974489
S7,AdamW,71,-0.0,0.11451615712194949,1.0,0.875,4,284,5.380401799979154
S7,AdamW,72,-0.0,0.11447967941326187,1.0,0.875,4,288,5.451563599985093
S7,AdamW,73,-0.0,0.11444325329908443,1.0,0.875,4,292,5.605375399987679
S7,AdamW,74,-0.0,0.11440687870001766,1.0,0.875,4,296,5.747686899965629
S7,AdamW,75,-0.0,0.11437055553674844,1.0,0.875,4,300,5.7994124999968335
S7,AdamW,76,-0.0,0.11433428373007702,1.0,0.875,4,304,5.857889599981718
S7,AdamW,77,-0.0,0.11429806320091453,1.0,0.875,4,308,5.9326436999836005
S7,AdamW,78,-0.0,0.11426189387028789,1.0,0.875,4,312,6.001462500018533
S7,AdamW,79,-0.0,0.1142257756593672,1.0,0.875,4,316,6.112267899967264
S7,AdamW,80,-0.0,0.11418970848942647,1.0,0.875,4,320,6.194825500017032
S7,AdamW,81,-0.0,0.11415369228188633,1.0,0.875,4,324,6.258863299968652
S7,AdamW,82,-0.0,0.11411772695829271,1.0,0.875,4,328,6.325844799983315
S7,AdamW,83,-0.0,0.11408181244032087,1.0,0.875,4,332,6.377807300013956
S7,AdamW,84,-0.0,0.11404594864977909,1.0,0.875,4,336,6.460785600007512
S7,AdamW,85,-0.0,0.11401013550860038,1.0,0.875,4,340,6.548211199988145
S7,AdamW,86,-0.0,0.11397437293886299,1.0,0.875,4,344,6.600231299991719
S7,AdamW,87,-0.0,0.11393866086276054,1.0,0.875,4,348,6.665752100001555
S7,AdamW,88,-0.0,0.11390299920262086,1.0,0.875,4,352,6.783017200010363
S7,AdamW,89,-0.0,0.11386738788090739,1.0,0.875,4,356,6.923784099984914
S7,AdamW,90,-0.0,0.11383182682021346,1.0,0.875,4,360,6.997950999997556
S7,AdamW,91,-0.0,0.11379631594326489,1.0,0.875,4,364,7.063137399964035
S7,AdamW,92,-0.0,0.11376085517289829,1.0,0.875,4,368,7.10886209999444
S7,AdamW,93,-0.0,0.11372544443210565,1.0,0.875,4,372,7.164157299965154
S7,AdamW,94,-0.0,0.11369008364399057,1.0,0.875,4,376,7.259432499995455
S7,AdamW,95,-0.0,0.11365477273179835,1.0,0.875,4,380,7.341843299975153
S7,AdamW,96,-0.0,0.11361951161889552,1.0,0.875,4,384,7.398968099965714
S7,AdamW,97,-0.0,0.11358430022877872,1.0,0.875,4,388,7.4442948999931104
S7,AdamW,98,-0.0,0.1135491384850728,1.0,0.875,4,392,7.504566699964926
S7,AdamW,99,-0.0,0.11351402631153555,1.0,0.875,4,396,7.561163600010332
S7,AdamW,100,-0.0,0.11347896363204817,1.0,0.875,4,400,7.663489600003231
