subject,optimizer,epoch,train_loss,validation_loss,train_accuracy,validation_accuracy,updates_this_epoch,cumulative_updates,elapsed_seconds
S1,Full-batch GD,1,0.5308279799165159,1.6758317768012454,0.75,0.5,1,1,0.012657999992370605
S1,Full-batch GD,2,0.26371097514522845,1.2719922275088886,0.90625,0.5,1,2,0.019021499960217625
S1,Full-batch GD,3,0.20145061004541936,1.2421255987329827,1.0,0.625,1,3,0.026587100001052022
S1,Full-batch GD,4,0.1593293091427327,1.2168762608476282,1.0,0.75,1,4,0.03533439995953813
S1,Full-batch GD,5,0.1347116186982598,1.2025406505737257,1.0,0.75,1,5,0.04107129998737946
S1,Full-batch GD,6,0.11621418790609267,1.1855039400508238,1.0,0.75,1,6,0.05255999998189509
S1,Full-batch GD,7,0.10313050201665813,1.1761634443816957,1.0,0.75,1,7,0.05874429998220876
S1,Full-batch GD,8,0.09197448839152808,1.1652792434819745,1.0,0.75,1,8,0.06397580000339076
S1,Full-batch GD,9,0.08292882753617031,1.1581367806917435,1.0,0.75,1,9,0.07075760001316667
S1,Full-batch GD,10,0.07530616162323264,1.1524734407563164,1.0,0.75,1,10,0.07679510000161827
S1,Full-batch GD,11,0.06901267600193683,1.1482047636040509,1.0,0.75,1,11,0.08304950001183897
S1,Full-batch GD,12,0.0635578159300735,1.1436822293662812,1.0,0.75,1,12,0.09055959997931495
S1,Full-batch GD,13,0.05829655794663377,1.1386792663053114,1.0,0.75,1,13,0.10269959998549893
S1,Full-batch GD,14,0.053883486475722255,1.1352308342554096,1.0,0.75,1,14,0.11990200000582263
S1,Full-batch GD,15,0.050214090861154526,1.1323951598216693,1.0,0.75,1,15,0.12541799998143688
S1,Full-batch GD,16,0.04672598191921454,1.1305848052572927,1.0,0.75,1,16,0.13578099996084347
S1,Full-batch GD,17,0.04377821875560339,1.126136645518005,1.0,0.75,1,17,0.14556949998950586
S1,Full-batch GD,18,0.04114840976763357,1.1202702608902835,1.0,0.75,1,18,0.15653789998032153
S1,Full-batch GD,19,0.03881074602880223,1.1149612393632702,1.0,0.75,1,19,0.1661115000024438
S1,Full-batch GD,20,0.03672775009300342,1.1094373146556755,1.0,0.75,1,20,0.1762639000080526
S1,Full-batch GD,21,0.034866205749860324,1.1049664849802359,1.0,0.75,1,21,0.18487870000535622
S1,Full-batch GD,22,0.033188552260489196,1.1008139905352077,1.0,0.75,1,22,0.19127589999698102
S1,Full-batch GD,23,0.03159690397492076,1.0952837541365619,1.0,0.75,1,23,0.30767650000052527
S1,Full-batch GD,24,0.03015666817239918,1.090387724393406,1.0,0.75,1,24,0.3226513999979943
S1,Full-batch GD,25,0.028817435042754032,1.085671839273611,1.0,0.75,1,25,0.3379202999640256
S1,Full-batch GD,26,0.027632882939863844,1.080791887347516,1.0,0.75,1,26,0.3442170000053011
S1,Full-batch GD,27,0.026520245842105526,1.0761533468154847,1.0,0.75,1,27,0.35436170001048595
S1,Full-batch GD,28,0.025495099291271237,1.0719705470541816,1.0,0.75,1,28,0.3608054000069387
S1,Full-batch GD,29,0.024546681863494863,1.068048783025247,1.0,0.75,1,29,0.3722647000104189
S1,Full-batch GD,30,0.02363692375909917,1.0642768500359931,1.0,0.75,1,30,0.3797721999580972
S1,Full-batch GD,31,0.022774162419838383,1.060582115718045,1.0,0.75,1,31,0.3876019999734126
S1,Full-batch GD,32,0.021979333106290612,1.0575256995852838,1.0,0.75,1,32,0.3945242000045255
S1,Full-batch GD,33,0.02121747563957161,1.0542681506282283,1.0,0.75,1,33,0.4117259999620728
S1,Full-batch GD,34,0.020528880651982773,1.051150455175035,1.0,0.75,1,34,0.4224241999909282
S1,Full-batch GD,35,0.01986177002032563,1.048429818075863,1.0,0.75,1,35,0.4288452999899164
S1,Full-batch GD,36,0.019241386842911174,1.0457258669784606,1.0,0.75,1,36,0.4374038999667391
S1,Full-batch GD,37,0.018660662572705867,1.043256620113223,1.0,0.75,1,37,0.44392900000093505
S1,Full-batch GD,38,0.018108336917375928,1.040865804256602,1.0,0.75,1,38,0.45211579999886453
S1,Full-batch GD,39,0.017587024175862116,1.0383490469652643,1.0,0.75,1,39,0.458333499962464
S1,Full-batch GD,40,0.017089943620181902,1.0363654946129248,1.0,0.75,1,40,0.4632805999717675
S1,Full-batch GD,41,0.016626420919535798,1.0343729597248852,1.0,0.75,1,41,0.4704321000026539
S1,Full-batch GD,42,0.016184846517464015,1.032287780494502,1.0,0.75,1,42,0.47619369998574257
S1,Full-batch GD,43,0.015753692307027056,1.0304626480678838,1.0,0.75,1,43,0.4811992999748327
S1,Full-batch GD,44,0.015350977110326364,1.0288758736468708,1.0,0.75,1,44,0.490129399986472
S1,Full-batch GD,45,0.01496524921924343,1.027185571435262,1.0,0.75,1,45,0.49548859999049455
S1,Full-batch GD,46,0.01460206911642256,1.0254272455436582,1.0,0.75,1,46,0.5035248000058345
S1,Full-batch GD,47,0.014247053107634407,1.0238849115434343,1.0,0.75,1,47,0.509911099972669
S1,Full-batch GD,48,0.013906679167598954,1.0224805167435789,1.0,0.75,1,48,0.5151649999897927
S1,Full-batch GD,49,0.013590859351031145,1.0209866205865383,1.0,0.75,1,49,0.5231752999825403
S1,Full-batch GD,50,0.01328077646352734,1.0198273689056794,1.0,0.75,1,50,0.5281698000035249
S1,Full-batch GD,51,0.012985042365518428,1.0186868659225032,1.0,0.75,1,51,0.5362538999761455
S1,Full-batch GD,52,0.012706258909463062,1.0174449426253565,1.0,0.75,1,52,0.5428692999994382
S1,Full-batch GD,53,0.012435586244012121,1.016196218598147,1.0,0.75,1,53,0.5505835000076331
S1,Full-batch GD,54,0.012175072018361724,1.0151426707253948,1.0,0.75,1,54,0.55691330000991
S1,Full-batch GD,55,0.01192183240661487,1.0142126521640487,1.0,0.75,1,55,0.564577899989672
S1,Full-batch GD,56,0.011684405406793136,1.0131097083240612,1.0,0.75,1,56,0.5725688000093214
S1,Full-batch GD,57,0.011453935917188664,1.0124162004312913,1.0,0.75,1,57,0.5779061999637634
S1,Full-batch GD,58,0.011228657804598793,1.0120283498605724,1.0,0.75,1,58,0.5845493999659084
S1,Full-batch GD,59,0.011018971767542317,1.01096117482407,1.0,0.75,1,59,0.591210599988699
S1,Full-batch GD,60,0.010807227298315476,1.010266102279857,1.0,0.75,1,60,0.5964897999656387
S1,Full-batch GD,61,0.010608455812103231,1.0094835637174244,1.0,0.75,1,61,0.6049211999634281
S1,Full-batch GD,62,0.010415332081936837,1.0092452517464963,1.0,0.75,1,62,0.6112303999834694
S1,Full-batch GD,63,0.010228479588866525,1.0084468179009045,1.0,0.75,1,63,0.618955299956724
S1,Full-batch GD,64,0.010048870001340967,1.0077435272257533,1.0,0.75,1,64,0.62833049998153
S1,Full-batch GD,65,0.009873113797483467,1.007162853075838,1.0,0.75,1,65,0.6362105999724008
S1,Full-batch GD,66,0.00970397807884912,1.006933111045194,1.0,0.75,1,66,0.6442521999706514
S1,Full-batch GD,67,0.00954044291640142,1.0063145590227853,1.0,0.75,1,67,0.6539389999816194
S1,Full-batch GD,68,0.009381607146675009,1.0057374377728336,1.0,0.75,1,68,0.6614903999725357
S1,Full-batch GD,69,0.009224981958920101,1.0052326896917112,1.0,0.75,1,69,0.6684047000017017
S1,Full-batch GD,70,0.009079127925723619,1.004927358973668,1.0,0.75,1,70,0.6748598999693058
S1,Full-batch GD,71,0.008934517057144197,1.0046023118619727,1.0,0.75,1,71,0.6813339999644086
S1,Full-batch GD,72,0.008793792488079545,1.0043391686404126,1.0,0.75,1,72,0.6881911999662407
S1,Full-batch GD,73,0.008659767365026086,1.0040530820054119,1.0,0.75,1,73,0.6936138999881223
S1,Full-batch GD,74,0.00852584562623993,1.0035977590609657,1.0,0.75,1,74,0.7067553999950178
S1,Full-batch GD,75,0.008399447528892755,1.0037035098218006,1.0,0.75,1,75,0.7137666000053287
S1,Full-batch GD,76,0.008274196812395314,1.003476829058101,1.0,0.75,1,76,0.7282396999653429
S1,Full-batch GD,77,0.00815427996480779,1.0031570429952945,1.0,0.75,1,77,0.7364648999646306
S1,Full-batch GD,78,0.008034763141308108,1.0028581604225204,1.0,0.75,1,78,0.7438615999999456
S1,Full-batch GD,79,0.007919897743711407,1.002904921456879,1.0,0.75,1,79,0.7513074000016786
S1,Full-batch GD,80,0.007809230559214697,1.0026895298269571,1.0,0.75,1,80,0.7578852999722585
S1,Full-batch GD,81,0.007699200757295358,1.0023184787700048,1.0,0.75,1,81,0.7649470999604091
S1,Full-batch GD,82,0.0075941453491553765,1.0021588221054427,1.0,0.75,1,82,0.772256699972786
S1,Full-batch GD,83,0.007490290328787348,1.0020265794351186,1.0,0.75,1,83,0.8018649999867193
S1,Full-batch GD,84,0.007391528858356051,1.0020956143175457,1.0,0.75,1,84,0.8111985999858007
S1,Full-batch GD,85,0.007292827470046354,1.0020679072524443,1.0,0.75,1,85,0.8196816999698058
S1,Full-batch GD,86,0.007195777234302932,1.0019675779124149,1.0,0.75,1,86,0.8271519999834709
S1,Full-batch GD,87,0.007105408833315208,1.001720456800077,1.0,0.75,1,87,0.8356007999973372
S1,Full-batch GD,88,0.007012643435555698,1.0016017557462922,1.0,0.75,1,88,0.8425888000056148
S1,Full-batch GD,89,0.0069239981568527224,1.0018570651180738,1.0,0.75,1,89,0.8500401999917813
S1,Full-batch GD,90,0.006838507220082355,1.0017146627657165,1.0,0.75,1,90,0.8579692000057548
S1,Full-batch GD,91,0.006752971896606058,1.0015929039185922,1.0,0.75,1,91,0.8647587999585085
S1,Full-batch GD,92,0.00666965609082374,1.0014996577784578,1.0,0.75,1,92,0.8751097999629565
S1,Full-batch GD,93,0.006588035148034018,1.0015855771523732,1.0,0.75,1,93,0.880396299995482
S1,Full-batch GD,94,0.0065087992521546765,1.0013527603396601,1.0,0.75,1,94,0.8886915000039153
S1,Full-batch GD,95,0.006429441536349328,1.001284821206841,1.0,0.75,1,95,0.9189695999957621
S1,Full-batch GD,96,0.006353946043053874,1.001223895572626,1.0,0.75,1,96,0.9263038999633864
S1,Full-batch GD,97,0.00627919296045055,1.0014164402502053,1.0,0.75,1,97,0.9356340999947861
S1,Full-batch GD,98,0.006207058979501714,1.0013108751861175,1.0,0.75,1,98,0.9411226999945939
S1,Full-batch GD,99,0.006135443105846804,1.001254091494834,1.0,0.75,1,99,0.9452561999787576
S1,Full-batch GD,100,0.006065588416366152,1.0012015879056266,1.0,0.75,1,100,0.952737299958244
S1,Mini-batch GD,1,0.19333154364939154,1.1541844544481308,0.9375,0.75,4,4,0.011151699989568442
S1,Mini-batch GD,2,0.07188028848568506,1.1245430318694298,1.0,0.75,4,8,0.022573299997020513
S1,Mini-batch GD,3,0.045141723887505945,1.1796977557297983,1.0,0.75,4,12,0.03334359999280423
S1,Mini-batch GD,4,0.027200254363475514,1.2121960501004116,1.0,0.75,4,16,0.044288599980063736
S1,Mini-batch GD,5,0.0209413264057594,1.2370677648799442,1.0,0.75,4,20,0.05618959997082129
S1,Mini-batch GD,6,0.017407939541333732,1.2526601257343224,1.0,0.75,4,24,0.06526669999584556
S1,Mini-batch GD,7,0.014928114780549385,1.2526896278032027,1.0,0.75,4,28,0.07936709997011349
S1,Mini-batch GD,8,0.01290530169436838,1.2651834585044568,1.0,0.75,4,32,0.09226969996234402
S1,Mini-batch GD,9,0.01137671301453051,1.2760966309264326,1.0,0.75,4,36,0.10196409997297451
S1,Mini-batch GD,10,0.010177071632696526,1.2857876004297997,1.0,0.75,4,40,0.11174769996432588
S1,Mini-batch GD,11,0.009214882566038782,1.294628652902269,1.0,0.75,4,44,0.12286730000050738
S1,Mini-batch GD,12,0.008418578221834717,1.3020131952374172,1.0,0.75,4,48,0.1335638999589719
S1,Mini-batch GD,13,0.007748925947544292,1.3089293944099356,1.0,0.75,4,52,0.14494219998596236
S1,Mini-batch GD,14,0.007178040676285649,1.3148153183932234,1.0,0.75,4,56,0.1583699999609962
S1,Mini-batch GD,15,0.006690917575844017,1.3206326245332842,1.0,0.75,4,60,0.17129479994764552
S1,Mini-batch GD,16,0.006266279353176544,1.3255439544809804,1.0,0.75,4,64,0.18043119995854795
S1,Mini-batch GD,17,0.005896201829473046,1.3302073999816142,1.0,0.75,4,68,0.1916998999658972
S1,Mini-batch GD,18,0.005566861612669692,1.3346499526212847,1.0,0.75,4,72,0.20348029996966943
S1,Mini-batch GD,19,0.005273797703574113,1.3392102231269032,1.0,0.75,4,76,0.2156268999679014
S1,Mini-batch GD,20,0.005007350789713118,1.3429228910378868,1.0,0.75,4,80,0.23056659998837858
S1,Mini-batch GD,21,0.004767998363999656,1.3468894228219361,1.0,0.75,4,84,0.2445393999805674
S1,Mini-batch GD,22,0.0045480513844989206,1.3509608864739455,1.0,0.75,4,88,0.25553989998297766
S1,Mini-batch GD,23,0.004341609517768054,1.3549014518635343,1.0,0.75,4,92,0.26654629997210577
S1,Mini-batch GD,24,0.004155511320032499,1.3581480399228956,1.0,0.75,4,96,0.2763628999819048
S1,Mini-batch GD,25,0.003983858542292338,1.3618785004333631,1.0,0.75,4,100,0.29018579999683425
S1,Mini-batch GD,26,0.003827332295854265,1.3636508959349367,1.0,0.75,4,104,0.3050378999905661
S1,Mini-batch GD,27,0.003680239375920871,1.3668724288505454,1.0,0.75,4,108,0.32193449995247647
S1,Mini-batch GD,28,0.0035441848797913887,1.370054775300752,1.0,0.75,4,112,0.3337500999914482
S1,Mini-batch GD,29,0.003420238744140924,1.3729648061959352,1.0,0.75,4,116,0.34748859994579107
S1,Mini-batch GD,30,0.003302641258610851,1.3753417439150244,1.0,0.75,4,120,0.3588711999473162
S1,Mini-batch GD,31,0.0031909677547072492,1.3781377360249318,1.0,0.75,4,124,0.37080029997741804
S1,Mini-batch GD,32,0.003087609770260908,1.380993580965693,1.0,0.75,4,128,0.38253049994818866
S1,Mini-batch GD,33,0.0029929642127627626,1.3823763755900889,1.0,0.75,4,132,0.3930165999918245
S1,Mini-batch GD,34,0.0029008033374374165,1.3850230769232612,1.0,0.75,4,136,0.40564219997031614
S1,Mini-batch GD,35,0.002814444451332697,1.3876902345566962,1.0,0.75,4,140,0.4207868999801576
S1,Mini-batch GD,36,0.002734400604949904,1.3902172686104206,1.0,0.75,4,144,0.43490559997735545
S1,Mini-batch GD,37,0.0026584449463523977,1.3920568141905476,1.0,0.75,4,148,0.44731469999533147
S1,Mini-batch GD,38,0.0025853329542395295,1.3946226836384457,1.0,0.75,4,152,0.4617382999858819
S1,Mini-batch GD,39,0.0025163191624263696,1.3969100461410577,1.0,0.75,4,156,0.4757262999773957
S1,Mini-batch GD,40,0.002452197821854936,1.3981319686384617,1.0,0.75,4,160,0.4947798999492079
S1,Mini-batch GD,41,0.002390219146777599,1.4004089216799835,1.0,0.75,4,164,0.5135008999495767
S1,Mini-batch GD,42,0.0023306527233157037,1.4027399413501043,1.0,0.75,4,168,0.5275442999554798
S1,Mini-batch GD,43,0.002275255842649436,1.4050197894211498,1.0,0.75,4,172,0.5707461999845691
S1,Mini-batch GD,44,0.0022212000831890854,1.406523684373532,1.0,0.75,4,176,0.583986499987077
S1,Mini-batch GD,45,0.0021699618490657532,1.4086953597947631,1.0,0.75,4,180,0.6063822999713011
S1,Mini-batch GD,46,0.002121319327199635,1.4108470436613854,1.0,0.75,4,184,0.6199913999880664
S1,Mini-batch GD,47,0.0020746628728958477,1.412324349015729,1.0,0.75,4,188,0.6293491999967955
S1,Mini-batch GD,48,0.002029538933246794,1.414243233396786,1.0,0.75,4,192,0.641779699944891
S1,Mini-batch GD,49,0.0019859479769806414,1.41627525685841,1.0,0.75,4,196,0.6515673999674618
S1,Mini-batch GD,50,0.0019459796635055075,1.4181567704521305,1.0,0.75,4,200,0.6604687999933958
S1,Mini-batch GD,51,0.0019060000974759996,1.4193166629154916,1.0,0.75,4,204,0.6715868999599479
S1,Mini-batch GD,52,0.0018673966042646632,1.421159644294436,1.0,0.75,4,208,0.6808044999488629
S1,Mini-batch GD,53,0.00183086203901973,1.4229964323205608,1.0,0.75,4,212,0.6933357999660075
S1,Mini-batch GD,54,0.001796344830830307,1.4242952595937461,1.0,0.75,4,216,0.7048419999773614
S1,Mini-batch GD,55,0.001761702039651504,1.4260898371642068,1.0,0.75,4,220,0.7179409999516793
S1,Mini-batch GD,56,0.0017286859822648656,1.4280543686209937,1.0,0.75,4,224,0.7282939999713562
S1,Mini-batch GD,57,0.0016974860578855624,1.429302569452347,1.0,0.75,4,228,0.7394361999467947
S1,Mini-batch GD,58,0.0016671125241062067,1.4309213538790788,1.0,0.75,4,232,0.7515402999706566
S1,Mini-batch GD,59,0.0016372243179789644,1.4326987262060658,1.0,0.75,4,236,0.7611637999652885
S1,Mini-batch GD,60,0.0016091268414162542,1.4342973158566306,1.0,0.75,4,240,0.7724974999437109
S1,Mini-batch GD,61,0.001581704012061086,1.4355318325886393,1.0,0.75,4,244,0.7807089999550954
S1,Mini-batch GD,62,0.0015548052131259928,1.43718067665096,1.0,0.75,4,248,0.7915324999485165
S1,Mini-batch GD,63,0.0015290263928622594,1.4386953006371195,1.0,0.75,4,252,0.806208299996797
S1,Mini-batch GD,64,0.0015044491811379798,1.4399042710116297,1.0,0.75,4,256,0.8203260999871418
S1,Mini-batch GD,65,0.0014800625199534578,1.4413755157042787,1.0,0.75,4,260,0.8309475999558344
S1,Mini-batch GD,66,0.0014564664696093883,1.4414480097790436,1.0,0.75,4,264,0.8489581999601796
S1,Mini-batch GD,67,0.0014342498299599372,1.4429867465809951,1.0,0.75,4,268,0.8595786999794655
S1,Mini-batch GD,68,0.0014118366634920333,1.4440662554551014,1.0,0.75,4,272,0.8711030999547802
S1,Mini-batch GD,69,0.0013902418007049667,1.4456333508107164,1.0,0.75,4,276,0.8839218999492005
S1,Mini-batch GD,70,0.0013692986758849245,1.4469901401862308,1.0,0.75,4,280,0.8941702999873087
S1,Mini-batch GD,71,0.0013493789484862562,1.4480339619231295,1.0,0.75,4,284,0.9084070999524556
S1,Mini-batch GD,72,0.0013294486815437411,1.4493009285354097,1.0,0.75,4,288,0.9213538999902084
S1,Mini-batch GD,73,0.001310183996011627,1.450862759280437,1.0,0.75,4,292,0.9310502999578603
S1,Mini-batch GD,74,0.0012918735241653993,1.4518147000493649,1.0,0.75,4,296,0.9424780999543145
S1,Mini-batch GD,75,0.0012736425341403758,1.4531837498158433,1.0,0.75,4,300,0.9533164999447763
S1,Mini-batch GD,76,0.0012558685822177033,1.4544687514242471,1.0,0.75,4,304,0.9671124999877065
S1,Mini-batch GD,77,0.001239289278176946,1.4555454701297084,1.0,0.75,4,308,0.9782953999820165
S1,Mini-batch GD,78,0.0012222224056368978,1.4568712824295371,1.0,0.75,4,312,0.9912073999876156
S1,Mini-batch GD,79,0.0012056912973146213,1.458083245537916,1.0,0.75,4,316,1.008300599991344
S1,Mini-batch GD,80,0.0011899005768694708,1.4594774328217135,1.0,0.75,4,320,1.0208124999771826
S1,Mini-batch GD,81,0.001174983136568697,1.458669157139336,1.0,0.75,4,324,1.0347836999571882
S1,Mini-batch GD,82,0.0011596928872784776,1.45987654354878,1.0,0.75,4,328,1.0468400999670848
S1,Mini-batch GD,83,0.001144840769472081,1.4611251265156227,1.0,0.75,4,332,1.062838199955877
S1,Mini-batch GD,84,0.001130679558935102,1.4621039290428497,1.0,0.75,4,336,1.076899699983187
S1,Mini-batch GD,85,0.001116664996015092,1.4632820915971028,1.0,0.75,4,340,1.0910415999824181
S1,Mini-batch GD,86,0.0011028907514907089,1.4645870874198086,1.0,0.75,4,344,1.1023737999494188
S1,Mini-batch GD,87,0.0010896794677861554,1.4657318047620838,1.0,0.75,4,348,1.113182099943515
S1,Mini-batch GD,88,0.001076564795315726,1.4666713783276135,1.0,0.75,4,352,1.1289640999748372
S1,Mini-batch GD,89,0.0010637262762553204,1.4678048740617107,1.0,0.75,4,356,1.1428632999886759
S1,Mini-batch GD,90,0.0010512965820521972,1.4689984042949913,1.0,0.75,4,360,1.1554914999869652
S1,Mini-batch GD,91,0.001039250912270327,1.4698682391538973,1.0,0.75,4,364,1.1677050999714993
S1,Mini-batch GD,92,0.0010271944809349214,1.4709756793792295,1.0,0.75,4,368,1.182716699957382
S1,Mini-batch GD,93,0.001015387224845921,1.4720997580100705,1.0,0.75,4,372,1.194604399963282
S1,Mini-batch GD,94,0.0010042540255141398,1.4732644956857621,1.0,0.75,4,376,1.2056409999495372
S1,Mini-batch GD,95,0.0009930855023732432,1.4741579017065765,1.0,0.75,4,380,1.2179210999747738
S1,Mini-batch GD,96,0.0009820357794816726,1.4751735223976479,1.0,0.75,4,384,1.227695599955041
S1,Mini-batch GD,97,0.0009714579106532452,1.4762886230641545,1.0,0.75,4,388,1.2378999999491498
S1,Mini-batch GD,98,0.0009610813202254796,1.4769649548071655,1.0,0.75,4,392,1.2516729999915697
S1,Mini-batch GD,99,0.0009507579817233346,1.4779453266352547,1.0,0.75,4,396,1.2667621999862604
S1,Mini-batch GD,100,0.0009406431882458914,1.4789891659239331,1.0,0.75,4,400,1.2779832999804057
S1,Stochastic GD,1,0.17411556115123672,0.0018134720419808804,0.96875,1.0,32,32,0.08503370004473254
S1,Stochastic GD,2,0.0003966857448313748,1.1154610243615768,1.0,0.875,32,64,0.17353120003826916
S1,Stochastic GD,3,0.0003564808378038145,1.1236954371240857,1.0,0.875,32,96,0.25810130004538223
S1,Stochastic GD,4,0.00032349999630550743,1.13112672983893,1.0,0.875,32,128,0.33022510004229844
S1,Stochastic GD,5,0.00029613491863579616,1.1379107260349723,1.0,0.875,32,160,0.41542580001987517
S1,Stochastic GD,6,0.0002730058262503896,1.1441551592191956,1.0,0.875,32,192,0.5103788000415079
S1,Stochastic GD,7,0.0002531514212205857,1.1499301557493231,1.0,0.875,32,224,0.5891920000431128
S1,Stochastic GD,8,0.00023663298793394016,1.155299087837797,1.0,0.875,32,256,0.6684881999972276
S1,Stochastic GD,9,0.00022212420407058885,1.1603392273545023,1.0,0.875,32,288,0.7396937000448816
S1,Stochastic GD,10,0.00020923769703352373,1.1650826535281849,1.0,0.875,32,320,0.7982924000243656
S1,Stochastic GD,11,0.0001977321269711936,1.1695640561350817,1.0,0.875,32,352,0.8826328000286594
S1,Stochastic GD,12,0.00018739925420624732,1.1738081450665883,1.0,0.875,32,384,0.9622464000131004
S1,Stochastic GD,13,0.00017808184927484367,1.1781685217119067,1.0,0.875,32,416,1.0483804999967106
S1,Stochastic GD,14,0.00016962647762857697,1.182397233681018,1.0,0.875,32,448,1.1322457999922335
S1,Stochastic GD,15,0.00016192141380317557,1.1864317261875463,1.0,0.875,32,480,1.2031492000096478
S1,Stochastic GD,16,0.00015486345860749487,1.1902879957621362,1.0,0.875,32,512,1.2701758000184782
S1,Stochastic GD,17,0.00014838408368308582,1.1939845256315367,1.0,0.875,32,544,1.3298507000436075
S1,Stochastic GD,18,0.00014241706321491075,1.1975342339695572,1.0,0.875,32,576,1.4283422000007704
S1,Stochastic GD,19,0.0001368988309068752,1.200943755586622,1.0,0.875,32,608,1.5290737000177614
S1,Stochastic GD,20,0.00013178671765454145,1.20422629919211,1.0,0.875,32,640,1.6061676000244915
S1,Stochastic GD,21,0.0001270341319486574,1.207390307531775,1.0,0.875,32,672,1.6726108000148088
S1,Stochastic GD,22,0.0001226066542936873,1.2104433169877233,1.0,0.875,32,704,1.7380475000245497
S1,Stochastic GD,23,0.00011846815591039804,1.2133930256491174,1.0,0.875,32,736,1.8145446000271477
S1,Stochastic GD,24,0.00011459478684270635,1.2162447720363279,1.0,0.875,32,768,1.8943935999996029
S1,Stochastic GD,25,0.00011095843458442066,1.2190071664484994,1.0,0.875,32,800,1.9691563000087626
S1,Stochastic GD,26,0.00010754368675910475,1.2216850869621942,1.0,0.875,32,832,2.0308039000374265
S1,Stochastic GD,27,0.00010432945344791416,1.2242822902878658,1.0,0.875,32,864,2.0895124000380747
S1,Stochastic GD,28,0.00010129667646299138,1.2268036075379545,1.0,0.875,32,896,2.152248500031419
S1,Stochastic GD,29,9.843316757012096e-05,1.2292535686389625,1.0,0.875,32,928,2.224743800004944
S1,Stochastic GD,30,9.572489391434995e-05,1.231634009058764,1.0,0.875,32,960,2.2845220000017434
S1,Stochastic GD,31,9.315772798143679e-05,1.233948958535157,1.0,0.875,32,992,2.3501355000189506
S1,Stochastic GD,32,9.072378824844901e-05,1.2362047018730145,1.0,0.875,32,1024,2.417161000019405
S1,Stochastic GD,33,8.841053119374454e-05,1.2384013516138748,1.0,0.875,32,1056,2.499154000019189
S1,Stochastic GD,34,8.621040190283115e-05,1.240542645720024,1.0,0.875,32,1088,2.580269700032659
S1,Stochastic GD,35,8.411654746952871e-05,1.2426307173169948,1.0,0.875,32,1120,2.6599264999968
S1,Stochastic GD,36,8.21206348055611e-05,1.2446691404755328,1.0,0.875,32,1152,2.7521317999926396
S1,Stochastic GD,37,8.021528607476985e-05,1.2466594207550985,1.0,0.875,32,1184,2.8359398000175133
S1,Stochastic GD,38,7.83947877240771e-05,1.248603502651478,1.0,0.875,32,1216,2.9111253000446595
S1,Stochastic GD,39,7.665447090689891e-05,1.2505028578953776,1.0,0.875,32,1248,2.9808027000399306
S1,Stochastic GD,40,7.498791697060835e-05,1.2523605105671758,1.0,0.875,32,1280,3.058790000039153
S1,Stochastic GD,41,7.339223284845862e-05,1.2541783630909036,1.0,0.875,32,1312,3.1178922000108287
S1,Stochastic GD,42,7.186123060876445e-05,1.2559573334274248,1.0,0.875,32,1344,3.179381199995987
S1,Stochastic GD,43,7.039209654449808e-05,1.2576986241036046,1.0,0.875,32,1376,3.2519322000443935
S1,Stochastic GD,44,6.898135173153558e-05,1.2594044199420582,1.0,0.875,32,1408,3.344088700017892
S1,Stochastic GD,45,6.76251255424597e-05,1.2610760783881343,1.0,0.875,32,1440,3.4358249999932013
S1,Stochastic GD,46,6.632039092312924e-05,1.26271431724176,1.0,0.875,32,1472,3.5344076000037603
S1,Stochastic GD,47,6.506480959673721e-05,1.2643213636721071,1.0,0.875,32,1504,3.6370187000138685
S1,Stochastic GD,48,6.385507024046063e-05,1.2658978651324884,1.0,0.875,32,1536,3.742590600042604
S1,Stochastic GD,49,6.268896021247669e-05,1.2674448137276917,1.0,0.875,32,1568,3.828484900004696
S1,Stochastic GD,50,6.156419565651465e-05,1.2689631511431925,1.0,0.875,32,1600,3.899268400040455
S1,Stochastic GD,51,6.047891374680676e-05,1.2704535381553346,1.0,0.875,32,1632,3.9785011000349186
S1,Stochastic GD,52,5.943067834955258e-05,1.2719178393742259,1.0,0.875,32,1664,4.054091600002721
S1,Stochastic GD,53,5.841793789310714e-05,1.2733554535805933,1.0,0.875,32,1696,4.13149500003783
S1,Stochastic GD,54,5.743856418160623e-05,1.2747682859501996,1.0,0.875,32,1728,4.200601699994877
S1,Stochastic GD,55,5.6490909028977346e-05,1.2761573662273773,1.0,0.875,32,1760,4.270077200024389
S1,Stochastic GD,56,5.557378961479292e-05,1.2775222830276294,1.0,0.875,32,1792,4.344083600037266
S1,Stochastic GD,57,5.4685940765572115e-05,1.2788652794022308,1.0,0.875,32,1824,4.419280500034802
S1,Stochastic GD,58,5.3825798767632624e-05,1.2801864030312866,1.0,0.875,32,1856,4.499572500004433
S1,Stochastic GD,59,5.299192118175671e-05,1.2814865328999765,1.0,0.875,32,1888,4.572733600041829
S1,Stochastic GD,60,5.218318258162141e-05,1.2827655325455676,1.0,0.875,32,1920,4.648231800005306
S1,Stochastic GD,61,5.139873137503875e-05,1.2840241097520018,1.0,0.875,32,1952,4.735370700014755
S1,Stochastic GD,62,5.063718813377451e-05,1.2852632540390267,1.0,0.875,32,1984,4.814482100016903
S1,Stochastic GD,63,4.989766666828581e-05,1.2864836581138246,1.0,0.875,32,2016,4.897492600022815
S1,Stochastic GD,64,4.917929274947503e-05,1.2876864532644319,1.0,0.875,32,2048,4.959785800019745
S1,Stochastic GD,65,4.848100517793699e-05,1.2888707967858102,1.0,0.875,32,2080,5.036615699995309
S1,Stochastic GD,66,4.7802298218918155e-05,1.2900380774125522,1.0,0.875,32,2112,5.1144550000317395
S1,Stochastic GD,67,4.714212895878048e-05,1.2911886995187023,1.0,0.875,32,2144,5.19004210003186
S1,Stochastic GD,68,4.649981313503931e-05,1.2923221586705733,1.0,0.875,32,2176,5.264200400037225
S1,Stochastic GD,69,4.587461316359549e-05,1.2934403502144884,1.0,0.875,32,2208,5.325792999996338
S1,Stochastic GD,70,4.526572100024233e-05,1.294542816651367,1.0,0.875,32,2240,5.379724600003101
S1,Stochastic GD,71,4.467282143041059e-05,1.295629852492679,1.0,0.875,32,2272,5.4387989999959245
S1,Stochastic GD,72,4.409513088704219e-05,1.2967024957250073,1.0,0.875,32,2304,5.501382200047374
S1,Stochastic GD,73,4.353210916156304e-05,1.2977604309552788,1.0,0.875,32,2336,5.566946600039955
S1,Stochastic GD,74,4.298311832429781e-05,1.2988037819533098,1.0,0.875,32,2368,5.618380700005218
S1,Stochastic GD,75,4.24478685555112e-05,1.2998342060979557,1.0,0.875,32,2400,5.6743215000024065
S1,Stochastic GD,76,4.192561414204493e-05,1.300850940906935,1.0,0.875,32,2432,5.728264900040813
S1,Stochastic GD,77,4.141591413691923e-05,1.3018542549692407,1.0,0.875,32,2464,5.787976699997671
S1,Stochastic GD,78,4.091839836868901e-05,1.3028451805227543,1.0,0.875,32,2496,5.860817000037059
S1,Stochastic GD,79,4.043265875665494e-05,1.303823525074025,1.0,0.875,32,2528,5.930421099998057
S1,Stochastic GD,80,3.9958245709507536e-05,1.3047897796642887,1.0,0.875,32,2560,5.992777000006754
S1,Stochastic GD,81,3.9494750545507524e-05,1.3057438281816864,1.0,0.875,32,2592,6.043360800016671
S1,Stochastic GD,82,3.9042401308052514e-05,1.3066868964386973,1.0,0.875,32,2624,6.100218300009146
S1,Stochastic GD,83,3.859965132540048e-05,1.3076182381677273,1.0,0.875,32,2656,6.153130199993029
S1,Stochastic GD,84,3.8166790486902525e-05,1.3085384492868535,1.0,0.875,32,2688,6.209378800005652
S1,Stochastic GD,85,3.774341684987168e-05,1.3094478216882584,1.0,0.875,32,2720,6.260364799993113
S1,Stochastic GD,86,3.732934677292441e-05,1.3103469480774708,1.0,0.875,32,2752,6.3136474000057206
S1,Stochastic GD,87,3.692415495769251e-05,1.3112352838756778,1.0,0.875,32,2784,6.367199900036212
S1,Stochastic GD,88,3.652771180839306e-05,1.312113438211685,1.0,0.875,32,2816,6.426653400005307
S1,Stochastic GD,89,3.6139619718644186e-05,1.31298142458137,1.0,0.875,32,2848,6.47941880003782
S1,Stochastic GD,90,3.5759695621148466e-05,1.3138397155538446,1.0,0.875,32,2880,6.531492600042839
S1,Stochastic GD,91,3.538758246596608e-05,1.3146883706726007,1.0,0.875,32,2912,6.589878200029489
S1,Stochastic GD,92,3.5023114798516816e-05,1.3155278762978688,1.0,0.875,32,2944,6.648007000039797
S1,Stochastic GD,93,3.4665991880400264e-05,1.3163580577114473,1.0,0.875,32,2976,6.703060000028927
S1,Stochastic GD,94,3.4316127516893286e-05,1.31717957445986,1.0,0.875,32,3008,6.7627956999931484
S1,Stochastic GD,95,3.3973232396408014e-05,1.3179923228995352,1.0,0.875,32,3040,6.823604700039141
S1,Stochastic GD,96,3.363705486994163e-05,1.318796145679227,1.0,0.875,32,3072,6.877457200025674
S1,Stochastic GD,97,3.330745908341881e-05,1.319591248761733,1.0,0.875,32,3104,6.93056190002244
S1,Stochastic GD,98,3.298433341716311e-05,1.3203780226692639,1.0,0.875,32,3136,6.986390400037635
S1,Stochastic GD,99,3.26673145158492e-05,1.3211569377431993,1.0,0.875,32,3168,7.045159000030253
S1,Stochastic GD,100,3.235626527983937e-05,1.3219280722233724,1.0,0.875,32,3200,7.099970800045412
S1,SGD + Momentum,1,0.05058273540567904,1.5445676474389958,1.0,0.75,4,4,0.017534000042360276
S1,SGD + Momentum,2,0.002403606679118565,2.233915882694792,1.0,0.75,4,8,0.03134600003249943
S1,SGD + Momentum,3,0.004072550176251018,2.318066137761701,1.0,0.75,4,12,0.047972400032449514
S1,SGD + Momentum,4,0.0010852329495654603,2.3820875897821128,1.0,0.75,4,16,0.06508040003245696
S1,SGD + Momentum,5,0.00042002398403712755,2.4685674796546633,1.0,0.75,4,20,0.07989630004158244
S1,SGD + Momentum,6,0.00016696471364142083,2.56164438513405,1.0,0.75,4,24,0.09473150002304465
S1,SGD + Momentum,7,8.234121011493639e-05,2.648090499654706,1.0,0.75,4,28,0.10799690004205331
S1,SGD + Momentum,8,5.006692209971196e-05,2.721861417626637,1.0,0.75,4,32,0.12117890000808984
S1,SGD + Momentum,9,3.5760210998161566e-05,2.7745587936836493,1.0,0.75,4,36,0.13658410002244636
S1,SGD + Momentum,10,2.792319723908837e-05,2.81901550165592,1.0,0.75,4,40,0.15120439999736845
S1,SGD + Momentum,11,2.3357458599208406e-05,2.8520882525567917,1.0,0.75,4,44,0.16662329999962822
S1,SGD + Momentum,12,2.0415307738964144e-05,2.8772160590913174,1.0,0.75,4,48,0.18245560000650585
S1,SGD + Momentum,13,1.835335702310823e-05,2.8969702571085882,1.0,0.75,4,52,0.19736590003594756
S1,SGD + Momentum,14,1.6883102726003265e-05,2.9125283551412444,1.0,0.75,4,56,0.21694320003734902
S1,SGD + Momentum,15,1.5783339791759858e-05,2.926047264248607,1.0,0.75,4,60,0.2323647000011988
S1,SGD + Momentum,16,1.4848275648244174e-05,2.9381841888314866,1.0,0.75,4,64,0.2524210000410676
S1,SGD + Momentum,17,1.415306800141108e-05,2.947535354572765,1.0,0.75,4,68,0.26732410001568496
S1,SGD + Momentum,18,1.3543594717240007e-05,2.9567258800664042,1.0,0.75,4,72,0.2827695000451058
S1,SGD + Momentum,19,1.3031557053593617e-05,2.963885001339875,1.0,0.75,4,76,0.29874360002577305
S1,SGD + Momentum,20,1.2563973509828572e-05,2.9710187980834193,1.0,0.75,4,80,0.31460909999441355
S1,SGD + Momentum,21,1.2146578056128123e-05,2.978650777796609,1.0,0.75,4,84,0.3291833000257611
S1,SGD + Momentum,22,1.1787973205255215e-05,2.9849540081792933,1.0,0.75,4,88,0.34582159999990836
S1,SGD + Momentum,23,1.145832747765523e-05,2.9907542495020847,1.0,0.75,4,92,0.36349140002857894
S1,SGD + Momentum,24,1.1111065064660544e-05,2.9972169592785347,1.0,0.75,4,96,0.381557899992913
S1,SGD + Momentum,25,1.0802972809424068e-05,3.0028965723492314,1.0,0.75,4,100,0.4016314000473358
S1,SGD + Momentum,26,1.0538550938615773e-05,3.007865398246608,1.0,0.75,4,104,0.43426150002051145
S1,SGD + Momentum,27,1.0269198495514248e-05,3.0127129007078794,1.0,0.75,4,108,0.4540053000091575
S1,SGD + Momentum,28,1.0022689026561391e-05,3.0178324576554303,1.0,0.75,4,112,0.4774565999978222
S1,SGD + Momentum,29,9.778948320328972e-06,3.022529229111155,1.0,0.75,4,116,0.5161403000238352
S1,SGD + Momentum,30,9.570221108549357e-06,3.026879085087066,1.0,0.75,4,120,0.5364348000148311
S1,SGD + Momentum,31,9.343148141879952e-06,3.031405625479223,1.0,0.75,4,124,0.5598574000177905
S1,SGD + Momentum,32,9.131101123406237e-06,3.0358781575103744,1.0,0.75,4,128,0.578172400011681
S1,SGD + Momentum,33,8.949544235979632e-06,3.040185784074726,1.0,0.75,4,132,0.5993968000402674
S1,SGD + Momentum,34,8.757123004957749e-06,3.0447767649959463,1.0,0.75,4,136,0.615948999999091
S1,SGD + Momentum,35,8.579681574833428e-06,3.048750020854347,1.0,0.75,4,140,0.6320921000442468
S1,SGD + Momentum,36,8.413783287407746e-06,3.0529616980119916,1.0,0.75,4,144,0.6489471000386402
S1,SGD + Momentum,37,8.238982001395442e-06,3.057069695261637,1.0,0.75,4,148,0.6677386999945156
S1,SGD + Momentum,38,8.08062614234626e-06,3.0608060486950492,1.0,0.75,4,152,0.6843984000151977
S1,SGD + Momentum,39,7.93491790437255e-06,3.0648349106055757,1.0,0.75,4,156,0.7000127999926917
S1,SGD + Momentum,40,7.782910688685132e-06,3.068623611520631,1.0,0.75,4,160,0.7204717000131495
S1,SGD + Momentum,41,7.641886673466657e-06,3.072186437473434,1.0,0.75,4,164,0.7476198000367731
S1,SGD + Momentum,42,7.5035901259938976e-06,3.075876245462649,1.0,0.75,4,168,0.7630186000023969
S1,SGD + Momentum,43,7.380833177086809e-06,3.0796228441710713,1.0,0.75,4,172,0.7796800000360236
S1,SGD + Momentum,44,7.262305356156698e-06,3.082776186856518,1.0,0.75,4,176,0.7956851000199094
S1,SGD + Momentum,45,7.139755417957809e-06,3.0860732300268405,1.0,0.75,4,180,0.8118101000436582
S1,SGD + Momentum,46,7.017265951763047e-06,3.0896545341921584,1.0,0.75,4,184,0.8285001000040211
S1,SGD + Momentum,47,6.9205653687589144e-06,3.092557213090803,1.0,0.75,4,188,0.8440639000036754
S1,SGD + Momentum,48,6.811016865400311e-06,3.0959759480271183,1.0,0.75,4,192,0.8593203000491485
S1,SGD + Momentum,49,6.7129150974994375e-06,3.099045998190946,1.0,0.75,4,196,0.8841608000220731
S1,SGD + Momentum,50,6.615735808808066e-06,3.102081759198097,1.0,0.75,4,200,0.9116366000380367
S1,SGD + Momentum,51,6.520313377779893e-06,3.104924581042731,1.0,0.75,4,204,0.9369518000166863
S1,SGD + Momentum,52,6.420473796014939e-06,3.107850105642642,1.0,0.75,4,208,0.9621625000145286
S1,SGD + Momentum,53,6.329369078095344e-06,3.1108322261665937,1.0,0.75,4,212,0.9863442000350915
S1,SGD + Momentum,54,6.237619874790343e-06,3.113893582954004,1.0,0.75,4,216,1.0179810000117868
S1,SGD + Momentum,55,6.145614622336976e-06,3.1167995507544237,1.0,0.75,4,220,1.051658300042618
S1,SGD + Momentum,56,6.058288739161719e-06,3.1196436961098706,1.0,0.75,4,224,1.0833549000089988
S1,SGD + Momentum,57,5.980675100627579e-06,3.122054543936128,1.0,0.75,4,228,1.108552800025791
S1,SGD + Momentum,58,5.903496133560846e-06,3.124676954080072,1.0,0.75,4,232,1.1365830000140704
S1,SGD + Momentum,59,5.8316677618382745e-06,3.127068479355329,1.0,0.75,4,236,1.183087700046599
S1,SGD + Momentum,60,5.755469475395045e-06,3.1299856818579,1.0,0.75,4,240,1.2185503999935463
S1,SGD + Momentum,61,5.680657800786662e-06,3.1327080602550286,1.0,0.75,4,244,1.2357107000425458
S1,SGD + Momentum,62,5.612200851218098e-06,3.1351664129451184,1.0,0.75,4,248,1.2595597000326961
S1,SGD + Momentum,63,5.545867735928505e-06,3.137598601540976,1.0,0.75,4,252,1.2797753000049852
S1,SGD + Momentum,64,5.484547582391138e-06,3.139825602202751,1.0,0.75,4,256,1.298691800038796
S1,SGD + Momentum,65,5.41658240811234e-06,3.142448477583606,1.0,0.75,4,260,1.3161411000182852
S1,SGD + Momentum,66,5.35509566968108e-06,3.144822783567872,1.0,0.75,4,264,1.3374305000179447
S1,SGD + Momentum,67,5.290350206065902e-06,3.1471995935829686,1.0,0.75,4,268,1.6132148000178859
S1,SGD + Momentum,68,5.227554384428317e-06,3.1498216067039198,1.0,0.75,4,272,1.6493427000241354
S1,SGD + Momentum,69,5.168546312822538e-06,3.151944530702011,1.0,0.75,4,276,1.7172203999944031
S1,SGD + Momentum,70,5.107484600808459e-06,3.1542733828291705,1.0,0.75,4,280,1.7546395999961533
S1,SGD + Momentum,71,5.052329214517834e-06,3.15623072877572,1.0,0.75,4,284,1.7774006000254303
S1,SGD + Momentum,72,4.996984086613464e-06,3.158355311409392,1.0,0.75,4,288,1.7994754000101238
S1,SGD + Momentum,73,4.945557909743063e-06,3.160530390414138,1.0,0.75,4,292,1.8212354000424966
S1,SGD + Momentum,74,4.889537118601157e-06,3.1629739996763817,1.0,0.75,4,296,1.8436292000114918
S1,SGD + Momentum,75,4.837911740480246e-06,3.165103911327765,1.0,0.75,4,300,1.8649286000290886
S1,SGD + Momentum,76,4.788212079355774e-06,3.167400700885386,1.0,0.75,4,304,1.883792500011623
S1,SGD + Momentum,77,4.737803956977386e-06,3.1695686662281326,1.0,0.75,4,308,1.9037687000236474
S1,SGD + Momentum,78,4.688988028597197e-06,3.1716757262627198,1.0,0.75,4,312,1.9203595000435598
S1,SGD + Momentum,79,4.639717718372964e-06,3.1736872682927513,1.0,0.75,4,316,1.9399186000227928
S1,SGD + Momentum,80,4.595200060255914e-06,3.175551317462419,1.0,0.75,4,320,1.958753600018099
S1,SGD + Momentum,81,4.54809562374851e-06,3.177787386660577,1.0,0.75,4,324,1.974848500045482
S1,SGD + Momentum,82,4.500286291922014e-06,3.1799055339749085,1.0,0.75,4,328,1.99070570000913
S1,SGD + Momentum,83,4.457802435152882e-06,3.1816967482406224,1.0,0.75,4,332,2.0034737000241876
S1,SGD + Momentum,84,4.41655815091022e-06,3.1837492978514548,1.0,0.75,4,336,2.019601900014095
S1,SGD + Momentum,85,4.3752562948132e-06,3.1856715171191476,1.0,0.75,4,340,2.0341083999956027
S1,SGD + Momentum,86,4.333741130589479e-06,3.187488957358849,1.0,0.75,4,344,2.0482666000025347
S1,SGD + Momentum,87,4.292418844747389e-06,3.189346261680179,1.0,0.75,4,348,2.0625456999987364
S1,SGD + Momentum,88,4.254597108782725e-06,3.1913478323237436,1.0,0.75,4,352,2.0782691000495106
S1,SGD + Momentum,89,4.2163832374315125e-06,3.1933064886640556,1.0,0.75,4,356,2.0921283999923617
S1,SGD + Momentum,90,4.1775070340625095e-06,3.1951963128305896,1.0,0.75,4,360,2.1065314000006765
S1,SGD + Momentum,91,4.1373387536555675e-06,3.1971689579158102,1.0,0.75,4,364,2.1194593000109307
S1,SGD + Momentum,92,4.10084740545225e-06,3.19886147698776,1.0,0.75,4,368,2.1332197000156157
S1,SGD + Momentum,93,4.065951196970586e-06,3.200598354918158,1.0,0.75,4,372,2.1468752000364475
S1,SGD + Momentum,94,4.03089145991523e-06,3.202257328480312,1.0,0.75,4,376,2.1627655000193045
S1,SGD + Momentum,95,3.9969957124487815e-06,3.2040145772158306,1.0,0.75,4,380,2.179743500018958
S1,SGD + Momentum,96,3.96462457480682e-06,3.205756834676732,1.0,0.75,4,384,2.1960619000019506
S1,SGD + Momentum,97,3.9296116679248e-06,3.2075367942282647,1.0,0.75,4,388,2.2135533000109717
S1,SGD + Momentum,98,3.898589211661206e-06,3.209189166077772,1.0,0.75,4,392,2.2304419000283815
S1,SGD + Momentum,99,3.866871914725525e-06,3.2107074548497265,1.0,0.75,4,396,2.247035100008361
S1,SGD + Momentum,100,3.834441426041741e-06,3.2123527070946443,1.0,0.75,4,400,2.262920800014399
S1,Adagrad,1,1.0014162260663353,1.692004788235646,0.90625,0.75,4,4,0.021623499982524663
S1,Adagrad,2,0.06856377261695594,0.6148091902753193,0.96875,0.875,4,8,0.041486899950541556
S1,Adagrad,3,0.00022099116761667398,0.7171306015721051,1.0,0.875,4,12,0.06012929999269545
S1,Adagrad,4,0.00017771442749961995,0.7186893088391612,1.0,0.875,4,16,0.07880550000118092
S1,Adagrad,5,0.0001605484511100174,0.7193874491665753,1.0,0.875,4,20,0.09736999997403473
S1,Adagrad,6,0.00014708441635111942,0.7200974000633009,1.0,0.875,4,24,0.11590969999087974
S1,Adagrad,7,0.00013599912213739195,0.7207613549241703,1.0,0.875,4,28,0.13544519996503368
S1,Adagrad,8,0.00012711823527400648,0.7213381203348344,1.0,0.875,4,32,0.155704099975992
S1,Adagrad,9,0.00011939515803025273,0.721884074908424,1.0,0.875,4,36,0.17354729998623952
S1,Adagrad,10,0.00011264946493882912,0.7223700893378917,1.0,0.875,4,40,0.1921961999614723
S1,Adagrad,11,0.00010667608747315073,0.7228641672688796,1.0,0.875,4,44,0.211433999997098
S1,Adagrad,12,0.00010134741594573179,0.7233439898765075,1.0,0.875,4,48,0.23522759997285903
S1,Adagrad,13,9.655099629712552e-05,0.723809031047974,1.0,0.875,4,52,0.25847519998205826
S1,Adagrad,14,9.221341843614249e-05,0.7242622789260811,1.0,0.875,4,56,0.27993539994349703
S1,Adagrad,15,8.827355363817763e-05,0.7246969603106592,1.0,0.875,4,60,0.3012341999565251
S1,Adagrad,16,8.46691486967397e-05,0.7251149979904652,1.0,0.875,4,64,0.32250939996447414
S1,Adagrad,17,8.136992008180773e-05,0.7255260264672903,1.0,0.875,4,68,0.346469399984926
S1,Adagrad,18,7.833842228963617e-05,0.7259274585707067,1.0,0.875,4,72,0.3751992999459617
S1,Adagrad,19,7.571306050394814e-05,0.7263184763280364,1.0,0.875,4,76,0.3965790999936871
S1,Adagrad,20,7.317675319643712e-05,0.7267001054966934,1.0,0.875,4,80,0.41953649994684383
S1,Adagrad,21,7.098902629672247e-05,0.7270717279250347,1.0,0.875,4,84,0.43890969996573403
S1,Adagrad,22,6.871473602917242e-05,0.7274383893972813,1.0,0.875,4,88,0.45689689996652305
S1,Adagrad,23,6.677922302252762e-05,0.7278000281767489,1.0,0.875,4,92,0.47601089999079704
S1,Adagrad,24,6.481781120581884e-05,0.7281545737164818,1.0,0.875,4,96,0.49402289994759485
S1,Adagrad,25,6.306365563694719e-05,0.728499054071812,1.0,0.875,4,100,0.5135063999914564
S1,Adagrad,26,6.135305106243092e-05,0.7288413248574925,1.0,0.875,4,104,0.5341022999491543
S1,Adagrad,27,5.975224292634176e-05,0.7291794194675766,1.0,0.875,4,108,0.5548526999773458
S1,Adagrad,28,5.825648795889637e-05,0.7295037163817025,1.0,0.875,4,112,0.5728864999837242
S1,Adagrad,29,5.678631500608774e-05,0.7298315644320538,1.0,0.875,4,116,0.5924562999862246
S1,Adagrad,30,5.5472411545209505e-05,0.730151232088514,1.0,0.875,4,120,0.6112837999826297
S1,Adagrad,31,5.41273144967747e-05,0.7304663815068454,1.0,0.875,4,124,0.6345578999607824
S1,Adagrad,32,5.294070010373221e-05,0.7307755331851011,1.0,0.875,4,128,0.6543009999440983
S1,Adagrad,33,5.1731037485780264e-05,0.731081050410341,1.0,0.875,4,132,0.6782399999792688
S1,Adagrad,34,5.063067859390751e-05,0.7313813146033566,1.0,0.875,4,136,0.7052919999696314
S1,Adagrad,35,4.955060635932786e-05,0.7316768899282184,1.0,0.875,4,140,0.7297927999752574
S1,Adagrad,36,4.852255168688328e-05,0.7319684960663616,1.0,0.875,4,144,0.7576842999551445
S1,Adagrad,37,4.755384867514622e-05,0.7322542043908243,1.0,0.875,4,148,0.7803954999544658
S1,Adagrad,38,4.6590693967654574e-05,0.7325378323232559,1.0,0.875,4,152,0.8017748999991454
S1,Adagrad,39,4.5721905387756376e-05,0.7328169299590115,1.0,0.875,4,156,0.8215008999686688
S1,Adagrad,40,4.4824463678671376e-05,0.7330954533777483,1.0,0.875,4,160,0.8419954999699257
S1,Adagrad,41,4.402447465275666e-05,0.7333688533370266,1.0,0.875,4,164,0.8616092999582179
S1,Adagrad,42,4.3202301945298514e-05,0.7336388609333263,1.0,0.875,4,168,0.8815110999858007
S1,Adagrad,43,4.244663693736686e-05,0.7339038870249955,1.0,0.875,4,172,0.9017975999740884
S1,Adagrad,44,4.169870683468873e-05,0.7341685442086827,1.0,0.875,4,176,0.9207890999969095
S1,Adagrad,45,4.0983509567104085e-05,0.7344287112922372,1.0,0.875,4,180,0.9408300999784842
S1,Adagrad,46,4.0304487758199416e-05,0.7346852837851753,1.0,0.875,4,184,0.9590955999447033
S1,Adagrad,47,3.962500640813041e-05,0.7349410694123364,1.0,0.875,4,188,0.9775831999722868
S1,Adagrad,48,3.90055635655068e-05,0.735191487000877,1.0,0.875,4,192,0.9969025999889709
S1,Adagrad,49,3.836375104628331e-05,0.7354409157868212,1.0,0.875,4,196,1.0172859999584034
S1,Adagrad,50,3.778826159189109e-05,0.7356861858342936,1.0,0.875,4,200,1.0357935999636538
S1,Adagrad,51,3.7192002967886576e-05,0.7359304706167286,1.0,0.875,4,204,1.0537103999522515
S1,Adagrad,52,3.664292113639471e-05,0.7361712845980098,1.0,0.875,4,208,1.0738782999687828
S1,Adagrad,53,3.609380918173054e-05,0.7364090294236165,1.0,0.875,4,212,1.0938000999740325
S1,Adagrad,54,3.556864460047113e-05,0.736645138261836,1.0,0.875,4,216,1.1166484999703243
S1,Adagrad,55,3.5063066025175574e-05,0.7368786808949749,1.0,0.875,4,220,1.136551299947314
S1,Adagrad,56,3.4559041698428475e-05,0.7371099554605091,1.0,0.875,4,224,1.1586043999996036
S1,Adagrad,57,3.409231895206045e-05,0.7373409702351934,1.0,0.875,4,228,1.1800801999634132
S1,Adagrad,58,3.3609448577258e-05,0.73756822835709,1.0,0.875,4,232,1.2045744999777526
S1,Adagrad,59,3.317734012079697e-05,0.7377948110078146,1.0,0.875,4,236,1.2357949999859557
S1,Adagrad,60,3.272180420148925e-05,0.7380169689195007,1.0,0.875,4,240,1.2639773999690078
S1,Adagrad,61,3.2306022071888044e-05,0.7382376483284061,1.0,0.875,4,244,1.2865835999837145
S1,Adagrad,62,3.188262426694127e-05,0.7384575559375418,1.0,0.875,4,248,1.3075539999990724
S1,Adagrad,63,3.1482189612310175e-05,0.7386760334473472,1.0,0.875,4,252,1.3288427999941632
S1,Adagrad,64,3.108838563607532e-05,0.7388920199428172,1.0,0.875,4,256,1.3507881999830715
S1,Adagrad,65,3.070192072003391e-05,0.7391056199253807,1.0,0.875,4,260,1.372698599996511
S1,Adagrad,66,3.033539868412513e-05,0.739317235653081,1.0,0.875,4,264,1.394763799966313
S1,Adagrad,67,2.9962603626461385e-05,0.739527981528408,1.0,0.875,4,268,1.4159153999644332
S1,Adagrad,68,2.9620695622017702e-05,0.739736047573732,1.0,0.875,4,272,1.4361699000000954
S1,Adagrad,69,2.9262322820539515e-05,0.739943193693973,1.0,0.875,4,276,1.4556185999535955
S1,Adagrad,70,2.893776361237362e-05,0.7401489183910397,1.0,0.875,4,280,1.4748658999451436
S1,Adagrad,71,2.8599763936557732e-05,0.7403535376705848,1.0,0.875,4,284,1.4940107999718748
S1,Adagrad,72,2.8285535373024777e-05,0.740555565569297,1.0,0.875,4,288,1.5170041999663226
S1,Adagrad,73,2.796883283143534e-05,0.7407563220878313,1.0,0.875,4,292,1.5375053999596275
S1,Adagrad,74,2.7664207316317774e-05,0.7409553106792556,1.0,0.875,4,296,1.5583009999827482
S1,Adagrad,75,2.7367299391503065e-05,0.7411531342467705,1.0,0.875,4,300,1.5849240999668837
S1,Adagrad,76,2.707150574307053e-05,0.7413491455760588,1.0,0.875,4,304,1.6069885999895632
S1,Adagrad,77,2.679291133476621e-05,0.7415436280808652,1.0,0.875,4,308,1.6294858999899589
S1,Adagrad,78,2.6505583137980067e-05,0.74173717261996,1.0,0.875,4,312,1.6549891999457031
S1,Adagrad,79,2.624397807716624e-05,0.7419288472616262,1.0,0.875,4,316,1.6771949999965727
S1,Adagrad,80,2.5967654619043895e-05,0.7421195499095693,1.0,0.875,4,320,1.696617099980358
S1,Adagrad,81,2.5714948249446166e-05,0.7423085192459508,1.0,0.875,4,324,1.7181820999830961
S1,Adagrad,82,2.5453661032975565e-05,0.742495919143513,1.0,0.875,4,328,1.7380080999573693
S1,Adagrad,83,2.520766033521058e-05,0.742682875439083,1.0,0.875,4,332,1.7570870999479666
S1,Adagrad,84,2.4961324070603462e-05,0.7428682931137545,1.0,0.875,4,336,1.7762396999751218
S1,Adagrad,85,2.4721580311600357e-05,0.7430525301613585,1.0,0.875,4,340,1.7954523999942467
S1,Adagrad,86,2.4489127847594462e-05,0.7432358498470558,1.0,0.875,4,344,1.8134798999526538
S1,Adagrad,87,2.4255372275636293e-05,0.743417611401694,1.0,0.875,4,348,1.8331063999794424
S1,Adagrad,88,2.4035754036372078e-05,0.7435974907122278,1.0,0.875,4,352,1.8517010999494232
S1,Adagrad,89,2.3807681252882974e-05,0.743776873013637,1.0,0.875,4,356,1.869669799983967
S1,Adagrad,90,2.360062973612857e-05,0.7439549682140055,1.0,0.875,4,360,1.888106099970173
S1,Adagrad,91,2.338033912329776e-05,0.7441316954317747,1.0,0.875,4,364,1.9089736999594606
S1,Adagrad,92,2.317851178787097e-05,0.7443072502382925,1.0,0.875,4,368,1.927470899943728
S1,Adagrad,93,2.2969690747690657e-05,0.7444820081368215,1.0,0.875,4,372,1.9492868999950588
S1,Adagrad,94,2.2774340423685886e-05,0.744655742557951,1.0,0.875,4,376,1.9687381999683566
S1,Adagrad,95,2.2582534340033752e-05,0.7448446314617474,1.0,0.875,4,380,1.99036229995545
S1,Adagrad,96,2.239560255180313e-05,0.7450323753504069,1.0,0.875,4,384,2.0107450999785215
S1,Adagrad,97,2.2213621134312823e-05,0.7452187611140078,1.0,0.875,4,388,2.0324707999825478
S1,Adagrad,98,2.203028640008664e-05,0.7454039352688933,1.0,0.875,4,392,2.0539587999810465
S1,Adagrad,99,2.185734593264097e-05,0.7455881855551045,1.0,0.875,4,396,2.0726016999688
S1,Adagrad,100,2.1677485011194322e-05,0.7457710964992602,1.0,0.875,4,400,2.0924841999658383
S1,RMSprop,1,0.11340175827932054,4.4768746455082855,0.96875,0.625,4,4,0.034851100004743785
S1,RMSprop,2,2.6872073116312755e-08,6.907892961025058,1.0,0.75,4,8,0.07157309999456629
S1,RMSprop,3,9.951292540919276e-09,6.907892950614176,1.0,0.75,4,12,0.1032374000060372
S1,RMSprop,4,7.3331682578225686e-09,6.907892939605656,1.0,0.75,4,16,0.13803639996331185
S1,RMSprop,5,5.9663644476315534e-09,6.907892928392326,1.0,0.75,4,20,0.1790960999787785
S1,RMSprop,6,5.117103156467229e-09,6.9078929169887155,1.0,0.75,4,24,0.2063021999783814
S1,RMSprop,7,4.518139686451254e-09,6.907892905243462,1.0,0.75,4,28,0.23638749995734543
S1,RMSprop,8,4.079892467622127e-09,6.907892893397009,1.0,0.75,4,32,0.26424409996252507
S1,RMSprop,9,3.737921482399591e-09,6.907892881580073,1.0,0.75,4,36,0.2901393999927677
S1,RMSprop,10,3.4654061104508814e-09,6.907892870643052,1.0,0.75,4,40,0.3165902000037022
S1,RMSprop,11,3.244676184826299e-09,6.9078928627323695,1.0,0.75,4,44,0.34474309999495745
S1,RMSprop,12,3.0586925242874036e-09,6.907892863616068,1.0,0.75,4,48,0.3744745999574661
S1,RMSprop,13,2.901853660692603e-09,6.907892886871244,1.0,0.75,4,52,0.4060717999818735
S1,RMSprop,14,2.768287335757135e-09,6.90789296141909,1.0,0.75,4,56,0.4343176999827847
S1,RMSprop,15,2.6515298755246283e-09,6.907893152097351,1.0,0.75,4,60,0.46356579998973757
S1,RMSprop,16,2.5490271595824008e-09,6.9078935893406594,1.0,0.75,4,64,0.49114499997813255
S1,RMSprop,17,2.4582900225618353e-09,6.907894531074136,1.0,0.75,4,68,0.5177510000066832
S1,RMSprop,18,2.37774382457439e-09,6.907896456904456,1.0,0.75,4,72,0.5470081999665126
S1,RMSprop,19,2.3054177530661255e-09,6.907900269522611,1.0,0.75,4,76,0.5766197000048123
S1,RMSprop,20,2.240107483103616e-09,6.907907592389922,1.0,0.75,4,80,0.6029905999894254
S1,RMSprop,21,2.1800337815731832e-09,6.907921549991227,1.0,0.75,4,84,0.6306301999720745
S1,RMSprop,22,2.126074952845853e-09,6.907946767439991,1.0,0.75,4,88,0.6627455999841914
S1,RMSprop,23,2.076227974082732e-09,6.907992388392427,1.0,0.75,4,92,0.6936011000070721
S1,RMSprop,24,2.0308701059975343e-09,6.9080717518008,1.0,0.75,4,96,0.723164499970153
S1,RMSprop,25,1.988851556472622e-09,6.908209134698344,1.0,0.75,4,100,0.753357799956575
S1,RMSprop,26,1.9496498267701853e-09,6.908444901233118,1.0,0.75,4,104,0.7802317999885418
S1,RMSprop,27,1.913324900149472e-09,6.908840032559207,1.0,0.75,4,108,0.8068045999971218
S1,RMSprop,28,1.880019485365321e-09,6.909480414037358,1.0,0.75,4,112,0.8345561999594793
S1,RMSprop,29,1.8488170204222761e-09,6.910519620276147,1.0,0.75,4,116,0.8612696999916807
S1,RMSprop,30,1.8197841637997394e-09,6.9121635745885595,1.0,0.75,4,120,0.8856606999761425
S1,RMSprop,31,1.7923413513052923e-09,6.914758388547155,1.0,0.75,4,124,0.9148569999961182
S1,RMSprop,32,1.766826510544094e-09,6.918698952560577,1.0,0.75,4,128,0.9394301999709569
S1,RMSprop,33,1.742824837895294e-09,6.9245906435730005,1.0,0.75,4,132,0.9672667999984697
S1,RMSprop,34,1.7201115340055586e-09,6.933205232003604,1.0,0.75,4,136,0.994612899958156
S1,RMSprop,35,1.6986810928596331e-09,6.945337391630573,1.0,0.75,4,140,1.019441399956122
S1,RMSprop,36,1.6784307841289265e-09,6.96175984910885,1.0,0.75,4,144,1.0495845999685116
S1,RMSprop,37,1.6591823580321533e-09,6.983130757047558,1.0,0.75,4,148,1.1124890999635682
S1,RMSprop,38,1.6408676815671685e-09,7.009680280436146,1.0,0.625,4,152,1.1547602000064217
S1,RMSprop,39,1.6234972012372326e-09,7.041026596655162,1.0,0.625,4,156,1.2151655000052415
S1,RMSprop,40,1.6070705909127368e-09,7.076329747332709,1.0,0.625,4,160,1.254921399988234
S1,RMSprop,41,1.591379260499612e-09,7.115042419882162,1.0,0.625,4,164,1.2950974999694154
S1,RMSprop,42,1.576507170614184e-09,7.155934953331723,1.0,0.625,4,168,1.3318179000052623
S1,RMSprop,43,1.5622708915925107e-09,7.198596773959837,1.0,0.625,4,172,1.3818103999947198
S1,RMSprop,44,1.5488621867080987e-09,7.241636134042715,1.0,0.625,4,176,1.431840999983251
S1,RMSprop,45,1.5358805881015293e-09,7.285757065605145,1.0,0.625,4,180,1.5207354999729432
S1,RMSprop,46,1.523576069428208e-09,7.3296495448062,1.0,0.625,4,184,1.8678556999657303
S1,RMSprop,47,1.511844529930288e-09,7.373291293243038,1.0,0.625,4,188,2.144163499993738
S1,RMSprop,48,1.5006011277504532e-09,7.416730853416926,1.0,0.625,4,192,2.2160498999874108
S1,RMSprop,49,1.4897661558128932e-09,7.460060316100632,1.0,0.625,4,196,2.2872495999909006
S1,RMSprop,50,1.4793664398814e-09,7.503021886677766,1.0,0.625,4,200,2.4054738999693654
S1,RMSprop,51,1.4692957663055085e-09,7.5459503049532834,1.0,0.625,4,204,2.493479099997785
S1,RMSprop,52,1.4596971109951138e-09,7.588072333350792,1.0,0.625,4,208,2.5329870999557897
S1,RMSprop,53,1.4505022576832442e-09,7.629581573329147,1.0,0.625,4,212,2.593864800001029
S1,RMSprop,54,1.4415761546761958e-09,7.671019909627538,1.0,0.625,4,216,2.6882979999645613
S1,RMSprop,55,1.433049301752576e-09,7.711669573679066,1.0,0.625,4,220,2.7548105999594554
S1,RMSprop,56,1.4247568724246865e-09,7.7522492399237075,1.0,0.625,4,224,2.814457600004971
S1,RMSprop,57,1.416731444799704e-09,7.792578673738582,1.0,0.625,4,228,2.8741600000066683
S1,RMSprop,58,1.4090787398656572e-09,7.831982725291393,1.0,0.625,4,232,2.9473955999710597
S1,RMSprop,59,1.4016884083917592e-09,7.870999346681336,1.0,0.625,4,236,3.037813599978108
S1,RMSprop,60,1.3944567416685616e-09,7.910132459531097,1.0,0.625,4,240,3.0796872999635525
S1,RMSprop,61,1.3874929717646545e-09,7.9487162288268625,1.0,0.625,4,244,3.1162506999680772
S1,RMSprop,62,1.3807281607683862e-09,7.987091953840753,1.0,0.625,4,248,3.1537796999909915
S1,RMSprop,63,1.3742329258034672e-09,8.024785761248088,1.0,0.625,4,252,3.1908902999712154
S1,RMSprop,64,1.3679671635321648e-09,8.06198157177159,1.0,0.625,4,256,3.2349173999973573
S1,RMSprop,65,1.3618693537205004e-09,8.099004500790926,1.0,0.625,4,260,3.2714173999847844
S1,RMSprop,66,1.3559333311610953e-09,8.135856220434084,1.0,0.625,4,264,3.307316999998875
S1,RMSprop,67,1.3501789341517696e-09,8.172387153853384,1.0,0.625,4,268,3.34249379998073
S1,RMSprop,68,1.34457126699459e-09,8.208755255563329,1.0,0.625,4,272,3.3815755999530666
S1,RMSprop,69,1.33916828333179e-09,8.24451907161049,1.0,0.625,4,276,3.4125476999906823
S1,RMSprop,70,1.3339142777225352e-09,8.27999218940552,1.0,0.625,4,280,3.4442229999694973
S1,RMSprop,71,1.3287681094646464e-09,8.315469706538385,1.0,0.625,4,284,3.4762215999653563
S1,RMSprop,72,1.323782951302376e-09,8.350517869665607,1.0,0.625,4,288,3.5072798999608494
S1,RMSprop,73,1.3189147481979885e-09,8.38543206059835,1.0,0.625,4,292,3.54197339998791
S1,RMSprop,74,1.3141809792253974e-09,8.42007299508888,1.0,0.625,4,296,3.571915499982424
S1,RMSprop,75,1.3096233957093363e-09,8.454035735454548,1.0,0.625,4,300,3.6012022999930196
S1,RMSprop,76,1.3051586268387535e-09,8.487887304360308,1.0,0.625,4,304,3.632410699967295
S1,RMSprop,77,1.3007921335233957e-09,8.521627202139985,1.0,0.625,4,308,3.6638511999626644
S1,RMSprop,78,1.2965231455460625e-09,8.555254907932909,1.0,0.625,4,312,3.696276799950283
S1,RMSprop,79,1.2923518294398197e-09,8.58863807660863,1.0,0.625,4,316,3.727560099971015
S1,RMSprop,80,1.2883130739637e-09,8.62152247597792,1.0,0.625,4,320,3.7612342999782413
S1,RMSprop,81,1.284349723447995e-09,8.654309280347729,1.0,0.625,4,324,3.7925188000081107
S1,RMSprop,82,1.2805103085172367e-09,8.686617583592922,1.0,0.625,4,328,3.830684399988968
S1,RMSprop,83,1.2767257732985477e-09,8.718963168680794,1.0,0.625,4,332,3.8617575999815017
S1,RMSprop,84,1.2730270583201912e-09,8.751091448582672,1.0,0.625,4,336,3.8930509999627247
S1,RMSprop,85,1.2694265148131e-09,8.78276183102735,1.0,0.625,4,340,3.922842199972365
S1,RMSprop,86,1.2658970325190356e-09,8.814351521517942,1.0,0.625,4,344,3.9510634999605827
S1,RMSprop,87,1.2624236650600311e-09,8.845858837688596,1.0,0.625,4,348,3.981079999997746
S1,RMSprop,88,1.259047254766086e-09,8.876927018021421,1.0,0.625,4,352,4.010891799989622
S1,RMSprop,89,1.2557055493500826e-09,8.908154821700716,1.0,0.625,4,356,4.040671499969903
S1,RMSprop,90,1.252459173928288e-09,8.938835217346574,1.0,0.625,4,360,4.07190919999266
S1,RMSprop,91,1.2492673312736175e-09,8.969329960213392,1.0,0.625,4,364,4.1027646999573335
S1,RMSprop,92,1.246101953560181e-09,8.99998130431527,1.0,0.625,4,368,4.131971299997531
S1,RMSprop,93,1.2430119322349754e-09,9.030329125550306,1.0,0.625,4,372,4.1618034999701194
S1,RMSprop,94,1.2399761175489956e-09,9.060492022852854,1.0,0.625,4,376,4.201705099956598
S1,RMSprop,95,1.236994440113083e-09,9.090363180639843,1.0,0.625,4,380,4.233558699954301
S1,RMSprop,96,1.2340418990924844e-09,9.120274499999594,1.0,0.625,4,384,4.26855819998309
S1,RMSprop,97,1.231156547381691e-09,9.149790748144316,1.0,0.625,4,388,4.320045100001153
S1,RMSprop,98,1.2283158196975234e-09,9.179135184725098,1.0,0.625,4,392,4.364432999980636
S1,RMSprop,99,1.2255210205521285e-09,9.208309885415602,1.0,0.625,4,396,4.399202300002798
S1,RMSprop,100,1.2227673829250362e-09,9.237213772592662,1.0,0.625,4,400,4.43942089995835
S1,Adam,1,0.8102566472770252,6.577736219473369,0.90625,0.75,4,4,0.03237440000521019
S1,Adam,2,7.096587904033685e-11,4.496829545154231,1.0,0.75,4,8,0.06712459999835119
S1,Adam,3,0.016697662310681555,1.1896689188478158,1.0,0.875,4,12,0.09813200001372024
S1,Adam,4,1.1416915759178987e-05,0.764421127258531,1.0,0.875,4,16,0.13053570000920445
S1,Adam,5,0.30098303818797184,3.2143199141097845,0.96875,0.75,4,20,0.16529470001114532
S1,Adam,6,1.0470790900997754e-14,4.074722664452139,1.0,0.75,4,24,0.19762350001838058
S1,Adam,7,-0.0,3.814352336965249,1.0,0.75,4,28,0.23923820001073182
S1,Adam,8,-0.0,3.6669847444276207,1.0,0.75,4,32,0.28034050000132993
S1,Adam,9,-0.0,3.5886344731109565,1.0,0.75,4,36,0.31464380002580583
S1,Adam,10,6.93889390390723e-18,3.5479122648936423,1.0,0.75,4,40,0.3482854000176303
S1,Adam,11,1.387778780781446e-17,3.52610722169646,1.0,0.875,4,44,0.38049840001622215
S1,Adam,12,2.7755575615628926e-17,3.5138184714233835,1.0,0.875,4,48,0.41450420004548505
S1,Adam,13,4.16333634234434e-17,3.5065439441960944,1.0,0.875,4,52,0.4471549000008963
S1,Adam,14,5.551115123125788e-17,3.502065976967543,1.0,0.875,4,56,0.4845169000327587
S1,Adam,15,6.938893903907236e-17,3.4992295340034683,1.0,0.875,4,60,0.5233206000411883
S1,Adam,16,8.326672684688685e-17,3.4973966018132203,1.0,0.875,4,64,0.5638875000295229
S1,Adam,17,9.02056207507941e-17,3.4961959797188262,1.0,0.875,4,68,0.6057877000421286
S1,Adam,18,9.714451465470135e-17,3.495402454554287,1.0,0.875,4,72,0.648757699993439
S1,Adam,19,9.714451465470135e-17,3.494874954241279,1.0,0.875,4,76,0.6880337999900803
S1,Adam,20,1.040834085586086e-16,3.4945230341811135,1.0,0.875,4,80,0.741516700014472
S1,Adam,21,1.040834085586086e-16,3.494287754270205,1.0,0.875,4,84,0.7828546999953687
S1,Adam,22,1.040834085586086e-16,3.49413027657896,1.0,0.875,4,88,0.8306391999940388
S1,Adam,23,1.1102230246251585e-16,3.494024821723648,1.0,0.875,4,92,0.9017069000401534
S1,Adam,24,1.1102230246251585e-16,3.4939541986664775,1.0,0.875,4,96,0.9823126000119373
S1,Adam,25,1.1102230246251585e-16,3.493906911369053,1.0,0.875,4,100,1.0520279000047594
S1,Adam,26,1.1102230246251585e-16,3.493875260137822,1.0,0.875,4,104,1.1015304999891669
S1,Adam,27,1.1102230246251585e-16,3.493854084118402,1.0,0.875,4,108,1.1399969999911264
S1,Adam,28,1.1102230246251585e-16,3.4938399234308832,1.0,0.875,4,112,1.177447399997618
S1,Adam,29,1.1102230246251585e-16,3.493830458842128,1.0,0.875,4,116,1.2140802000067197
S1,Adam,30,1.1102230246251585e-16,3.4938241362448967,1.0,0.875,4,120,1.255605900019873
S1,Adam,31,1.1102230246251585e-16,3.4938199147189923,1.0,0.875,4,124,1.287989100033883
S1,Adam,32,1.1102230246251585e-16,3.4938170974374207,1.0,0.875,4,128,1.3214580999920145
S1,Adam,33,1.1102230246251585e-16,3.493815218180489,1.0,0.875,4,132,1.3535199000034481
S1,Adam,34,1.1102230246251585e-16,3.493813965194598,1.0,0.875,4,136,1.386064600024838
S1,Adam,35,1.1102230246251585e-16,3.493813130131034,1.0,0.875,4,140,1.418663699994795
S1,Adam,36,1.1102230246251585e-16,3.493812573822987,1.0,0.875,4,144,1.4525956000434235
S1,Adam,37,1.1102230246251585e-16,3.4938122033620465,1.0,0.875,4,148,1.4891187000321224
S1,Adam,38,1.1102230246251585e-16,3.493811956752884,1.0,0.875,4,152,1.53034120000666
S1,Adam,39,1.1102230246251585e-16,3.4938117926471888,1.0,0.875,4,156,1.5664044000441208
S1,Adam,40,1.1102230246251585e-16,3.4938116834797146,1.0,0.875,4,160,1.6020884000463411
S1,Adam,41,1.1102230246251585e-16,3.493811610881645,1.0,0.875,4,164,1.6401746000046842
S1,Adam,42,1.1102230246251585e-16,3.4938115626173833,1.0,0.875,4,168,1.6749246999970637
S1,Adam,43,1.1102230246251585e-16,3.4938115305398343,1.0,0.875,4,172,1.708765499992296
S1,Adam,44,1.1102230246251585e-16,3.4938115092262065,1.0,0.875,4,176,1.7421779000433162
S1,Adam,45,1.1102230246251585e-16,3.49381149506828,1.0,0.875,4,180,1.7768728000228293
S1,Adam,46,1.1102230246251585e-16,3.4938114856660016,1.0,0.875,4,184,1.8131681000231765
S1,Adam,47,1.1102230246251585e-16,3.4938114794234494,1.0,0.875,4,188,1.8441171000013128
S1,Adam,48,1.1102230246251585e-16,3.4938114752797182,1.0,0.875,4,192,1.8750154000008479
S1,Adam,49,1.1102230246251585e-16,3.4938114725297624,1.0,0.875,4,196,1.90539319999516
S1,Adam,50,1.1102230246251585e-16,3.4938114707051624,1.0,0.875,4,200,1.9359016999951564
S1,Adam,51,1.1102230246251585e-16,3.4938114694947826,1.0,0.875,4,204,1.9672826000023633
S1,Adam,52,1.1102230246251585e-16,3.4938114686920128,1.0,0.875,4,208,1.9993437000084668
S1,Adam,53,1.1102230246251585e-16,3.4938114681596857,1.0,0.875,4,212,2.033390099997632
S1,Adam,54,1.1102230246251585e-16,3.4938114678067556,1.0,0.875,4,216,2.065887800010387
S1,Adam,55,1.1102230246251585e-16,3.4938114675728054,1.0,0.875,4,220,2.096041100041475
S1,Adam,56,1.1102230246251585e-16,3.493811467417751,1.0,0.875,4,224,2.1268036999972537
S1,Adam,57,1.1102230246251585e-16,3.493811467315003,1.0,0.875,4,228,2.157453100022394
S1,Adam,58,1.1102230246251585e-16,3.4938114672469274,1.0,0.875,4,232,2.1888061999925412
S1,Adam,59,1.1102230246251585e-16,3.4938114672018297,1.0,0.875,4,236,2.219164300011471
S1,Adam,60,1.1102230246251585e-16,3.4938114671719607,1.0,0.875,4,240,2.2576507999910973
S1,Adam,61,1.1102230246251585e-16,3.493811467152178,1.0,0.875,4,244,2.3027007000055164
S1,Adam,62,1.1102230246251585e-16,3.49381146713908,1.0,0.875,4,248,2.341402299993206
S1,Adam,63,1.1102230246251585e-16,3.4938114671304077,1.0,0.875,4,252,2.3837862000218593
S1,Adam,64,1.1102230246251585e-16,3.4938114671246674,1.0,0.875,4,256,2.4226375000434928
S1,Adam,65,1.1102230246251585e-16,3.4938114671208687,1.0,0.875,4,260,2.4647296000039205
S1,Adam,66,1.1102230246251585e-16,3.4938114671183564,1.0,0.875,4,264,2.502419500029646
S1,Adam,67,1.1102230246251585e-16,3.493811467116693,1.0,0.875,4,268,2.5411166000412777
S1,Adam,68,1.1102230246251585e-16,3.493811467115593,1.0,0.875,4,272,2.584519400028512
S1,Adam,69,1.1102230246251585e-16,3.4938114671148663,1.0,0.875,4,276,2.62305610004114
S1,Adam,70,1.1102230246251585e-16,3.4938114671143854,1.0,0.875,4,280,2.6618992000003345
S1,Adam,71,1.1102230246251585e-16,3.4938114671140688,1.0,0.875,4,284,2.7015110999927856
S1,Adam,72,1.1102230246251585e-16,3.493811467113861,1.0,0.875,4,288,2.73447710002074
S1,Adam,73,1.1102230246251585e-16,3.493811467113722,1.0,0.875,4,292,2.7669387999922037
S1,Adam,74,1.1102230246251585e-16,3.4938114671136318,1.0,0.875,4,296,2.800380500033498
S1,Adam,75,1.1102230246251585e-16,3.4938114671135745,1.0,0.875,4,300,2.8315169000416063
S1,Adam,76,1.1102230246251585e-16,3.4938114671135354,1.0,0.875,4,304,2.8629882000386715
S1,Adam,77,1.1102230246251585e-16,3.4938114671135097,1.0,0.875,4,308,2.895724500005599
S1,Adam,78,1.1102230246251585e-16,3.4938114671134946,1.0,0.875,4,312,2.930609600036405
S1,Adam,79,1.1102230246251585e-16,3.493811467113484,1.0,0.875,4,316,2.964392099995166
S1,Adam,80,1.1102230246251585e-16,3.493811467113479,1.0,0.875,4,320,2.998888300033286
S1,Adam,81,1.1102230246251585e-16,3.4938114671134755,1.0,0.875,4,324,3.034079800010659
S1,Adam,82,1.1102230246251585e-16,3.4938114671134746,1.0,0.875,4,328,3.067060900037177
S1,Adam,83,1.1102230246251585e-16,3.493811467113475,1.0,0.875,4,332,3.100426100019831
S1,Adam,84,1.1102230246251585e-16,3.4938114671134755,1.0,0.875,4,336,3.1355757000274025
S1,Adam,85,1.1102230246251585e-16,3.493811467113476,1.0,0.875,4,340,3.16689170000609
S1,Adam,86,1.1102230246251585e-16,3.493811467113477,1.0,0.875,4,344,3.199973500042688
S1,Adam,87,1.1102230246251585e-16,3.493811467113478,1.0,0.875,4,348,3.2351436000317335
S1,Adam,88,1.1102230246251585e-16,3.4938114671134795,1.0,0.875,4,352,3.2691393000422977
S1,Adam,89,1.1102230246251585e-16,3.493811467113481,1.0,0.875,4,356,3.3059778999886476
S1,Adam,90,1.1102230246251585e-16,3.4938114671134812,1.0,0.875,4,360,3.3417760000447743
S1,Adam,91,1.1102230246251585e-16,3.493811467113485,1.0,0.875,4,364,3.377395300019998
S1,Adam,92,1.1102230246251585e-16,3.493811467113487,1.0,0.875,4,368,3.411243000009563
S1,Adam,93,1.1102230246251585e-16,3.4938114671134897,1.0,0.875,4,372,3.4473965000361204
S1,Adam,94,1.1102230246251585e-16,3.4938114671134928,1.0,0.875,4,376,3.492336300027091
S1,Adam,95,1.1102230246251585e-16,3.493811467113494,1.0,0.875,4,380,3.5431783000240102
S1,Adam,96,1.1102230246251585e-16,3.4938114671134954,1.0,0.875,4,384,3.5993885000352748
S1,Adam,97,1.1102230246251585e-16,3.493811467113498,1.0,0.875,4,388,3.66522680001799
S1,Adam,98,1.1102230246251585e-16,3.4938114671135,1.0,0.875,4,392,3.7067139000282623
S1,Adam,99,1.1102230246251585e-16,3.4938114671135025,1.0,0.875,4,396,3.7407759000197984
S1,Adam,100,1.1102230246251585e-16,3.493811467113506,1.0,0.875,4,400,3.7723935000249185
S1,AdamW,1,0.8090791606634787,6.574811373120261,0.90625,0.75,4,4,0.04394320002757013
S1,AdamW,2,7.365796171066015e-11,4.485642110849325,1.0,0.75,4,8,0.09121590002905577
S1,AdamW,3,0.0172868922375791,1.18283209687172,1.0,0.875,4,12,0.13671759999124333
S1,AdamW,4,1.2604131566450917e-05,0.7564102625319284,1.0,0.875,4,16,0.17650360002880916
S1,AdamW,5,0.2954799021451805,3.1898972911950882,0.96875,0.75,4,20,0.2143892000312917
S1,AdamW,6,1.1518563880488115e-14,4.065274393369942,1.0,0.75,4,24,0.25148620002437383
S1,AdamW,7,-0.0,3.805428596626093,1.0,0.75,4,28,0.28721480001695454
S1,AdamW,8,-0.0,3.6594279311700846,1.0,0.75,4,32,0.323370199999772
S1,AdamW,9,-0.0,3.5827249602348954,1.0,0.75,4,36,0.3572604000219144
S1,AdamW,10,6.93889390390723e-18,3.543325618593351,1.0,0.75,4,40,0.3890292000141926
S1,AdamW,11,2.7755575615628926e-17,3.522415837608837,1.0,0.875,4,44,0.4213328000041656
S1,AdamW,12,4.8572257327350636e-17,3.5107072166623916,1.0,0.875,4,48,0.4525397000252269
S1,AdamW,13,7.632783294297961e-17,3.503812366807981,1.0,0.875,4,52,0.4861691999831237
S1,AdamW,14,1.1102230246251585e-16,3.499590293342471,1.0,0.875,4,56,0.5266232999856584
S1,AdamW,15,1.387778780781449e-16,3.4969327479499333,1.0,0.875,4,60,0.5706952000036836
S1,AdamW,16,1.6653345369377392e-16,3.4952300213666523,1.0,0.875,4,64,0.6064562000101432
S1,AdamW,17,1.8735013540549573e-16,3.494128305936124,1.0,0.875,4,68,0.6422049000393599
S1,AdamW,18,2.0816681711721754e-16,3.4934132996294514,1.0,0.875,4,72,0.6785806000116281
S1,AdamW,19,2.2898349882893937e-16,3.4929509054220427,1.0,0.875,4,76,0.7178984000347555
S1,AdamW,20,2.4286128663675393e-16,3.4926552051299216,1.0,0.875,4,80,0.7546010999940336
S1,AdamW,21,2.567390744445685e-16,3.4924702289473077,1.0,0.875,4,84,0.7945766000193544
S1,AdamW,22,2.706168622523831e-16,3.4923591034386217,1.0,0.875,4,88,0.8333503000321798
S1,AdamW,23,2.8449465006019765e-16,3.492297355369862,1.0,0.875,4,92,0.8708419000031427
S1,AdamW,24,2.9837243786801225e-16,3.4922686650792447,1.0,0.875,4,96,0.9089017999940552
S1,AdamW,25,3.1225022567582685e-16,3.492262119038642,1.0,0.875,4,100,0.9437091000145301
S1,AdamW,26,3.2612801348364146e-16,3.492270407389249,1.0,0.875,4,104,0.977296800003387
S1,AdamW,27,3.4000580129145606e-16,3.4922886302882956,1.0,0.875,4,108,1.0112567000323907
S1,AdamW,28,3.5388358909927067e-16,3.492313502621555,1.0,0.875,4,112,1.044539500027895
S1,AdamW,29,3.6776137690708527e-16,3.4923428221454063,1.0,0.875,4,116,1.0783406000118703
S1,AdamW,30,3.816391647148999e-16,3.4923751130326295,1.0,0.875,4,120,1.1179942000308074
S1,AdamW,31,3.9551695252271453e-16,3.4924093867125254,1.0,0.875,4,124,1.1513369000167586
S1,AdamW,32,4.1633363423443646e-16,3.4924449813437297,1.0,0.875,4,128,1.1844750000163913
S1,AdamW,33,4.302114220422511e-16,3.49248145407036,1.0,0.875,4,132,1.2190717000048608
S1,AdamW,34,4.440892098500658e-16,3.4925185087282395,1.0,0.875,4,136,1.263292299991008
S1,AdamW,35,4.649058915617878e-16,3.492555947360351,1.0,0.875,4,140,1.3012439000303857
S1,AdamW,36,4.857225732735097e-16,3.4925936377185516,1.0,0.875,4,144,1.3386074000154622
S1,AdamW,37,4.996003610813245e-16,3.492631491493778,1.0,0.875,4,148,1.3754564999835566
S1,AdamW,38,5.204170427930465e-16,3.4926694497420585,1.0,0.875,4,152,1.4113792999996804
S1,AdamW,39,5.412337245047685e-16,3.4927074731337937,1.0,0.875,4,156,1.4437986999982968
S1,AdamW,40,5.620504062164905e-16,3.492745535433951,1.0,0.875,4,160,1.4783918000175618
S1,AdamW,41,5.828670879282126e-16,3.4927836191451216,1.0,0.875,4,164,1.511928000021726
S1,AdamW,42,6.106226635438421e-16,3.4928217125975,1.0,0.875,4,168,1.5450087999925017
S1,AdamW,43,6.314393452555642e-16,3.4928598080063304,1.0,0.875,4,172,1.5825798999867402
S1,AdamW,44,6.522560269672863e-16,3.49289790017578,1.0,0.875,4,176,1.620257800037507
S1,AdamW,45,6.800116025829158e-16,3.492935985634552,1.0,0.875,4,180,1.6580346000264399
S1,AdamW,46,7.077671781985453e-16,3.492974062059664,1.0,0.875,4,184,1.7006773999892175
S1,AdamW,47,7.355227538141749e-16,3.493012127892519,1.0,0.875,4,188,1.7452337000286207
S1,AdamW,48,7.632783294298045e-16,3.493050182083155,1.0,0.875,4,192,1.7889073999831453
S1,AdamW,49,7.910339050454341e-16,3.4930882239199827,1.0,0.875,4,196,1.8252396000316367
S1,AdamW,50,8.187894806610637e-16,3.4931262529164604,1.0,0.875,4,200,1.8619718999834731
S1,AdamW,51,8.534839501806007e-16,3.493164268735687,1.0,0.875,4,204,1.8979197000153363
S1,AdamW,52,8.881784197001379e-16,3.4932022711402446,1.0,0.875,4,208,1.9328877000370994
S1,AdamW,53,9.22872889219675e-16,3.4932402599588595,1.0,0.875,4,212,1.9744091000175104
S1,AdamW,54,9.575673587392121e-16,3.493278235064228,1.0,0.875,4,216,2.0217250999994576
S1,AdamW,55,9.922618282587494e-16,3.4933161963582955,1.0,0.875,4,220,2.083508300012909
S1,AdamW,56,1.0269562977782868e-15,3.493354143762456,1.0,0.875,4,224,2.133696500037331
S1,AdamW,57,1.0685896612017315e-15,3.4933920772110594,1.0,0.875,4,228,2.1746585000073537
S1,AdamW,58,1.1102230246251763e-15,3.493429996647091,1.0,0.875,4,232,2.2162800999940373
S1,AdamW,59,1.1518563880486212e-15,3.493467902019312,1.0,0.875,4,236,2.2661513999919407
S1,AdamW,60,1.1934897514720662e-15,3.493505793280348,1.0,0.875,4,240,2.366975100012496
S1,AdamW,61,1.2420620087994185e-15,3.493543670385437,1.0,0.875,4,244,2.4663475999841467
S1,AdamW,62,1.2836953722228637e-15,3.493581533291581,1.0,0.875,4,248,2.6371142999851145
S1,AdamW,63,1.3322676295502162e-15,3.4936193819570023,1.0,0.875,4,252,3.2423736000200734
S1,AdamW,64,1.3877787807814764e-15,3.4936572163407655,1.0,0.875,4,256,3.349756499985233
S1,AdamW,65,1.4363510381088292e-15,3.4936950364025403,1.0,0.875,4,260,3.4173976000165567
S1,AdamW,66,1.4918621893400898e-15,3.493732842102429,1.0,0.875,4,264,3.487680000020191
S1,AdamW,67,1.5473733405713502e-15,3.493770633400868,1.0,0.875,4,268,3.635176000010688
S1,AdamW,68,1.6098233857065184e-15,3.493808410258562,1.0,0.875,4,272,3.716853399993852
S1,AdamW,69,1.6653345369377792e-15,3.493846172636413,1.0,0.875,4,276,3.7657269000192173
S1,AdamW,70,1.7277845820729476e-15,3.4938839204955277,1.0,0.875,4,280,3.9245978000108153
S1,AdamW,71,1.797173521112024e-15,3.4939216537971576,1.0,0.875,4,284,4.046394200006034
S1,AdamW,72,1.8596235662471924e-15,3.4939593725027014,1.0,0.875,4,288,4.128382600028999
S1,AdamW,73,1.929012505286269e-15,3.4939970765737045,1.0,0.875,4,292,4.216170300031081
S1,AdamW,74,2.0053403382292533e-15,3.494034765971835,1.0,0.875,4,296,4.29770350002218
S1,AdamW,75,2.0747292772683303e-15,3.4940724406589045,1.0,0.875,4,300,4.373674500035122
S1,AdamW,76,2.151057110211315e-15,3.4941101005968362,1.0,0.875,4,304,4.487249700003304
S1,AdamW,77,2.2343238370582076e-15,3.4941477457476706,1.0,0.875,4,308,4.555450399988331
S1,AdamW,78,2.3175905639051003e-15,3.494185376073601,1.0,0.875,4,312,4.636157800036017
S1,AdamW,79,2.4008572907519933e-15,3.4942229915369025,1.0,0.875,4,316,4.687424000003375
S1,AdamW,80,2.4910629115027944e-15,3.4942605921000114,1.0,0.875,4,320,4.756464700039942
S1,AdamW,81,2.5812685322535955e-15,3.4942981777254496,1.0,0.875,4,324,4.884597600030247
S1,AdamW,82,2.678413046908305e-15,3.4943357483758666,1.0,0.875,4,328,4.932693400012795
S1,AdamW,83,2.782496455466922e-15,3.494373304014056,1.0,0.875,4,332,4.983700499986298
S1,AdamW,84,2.8865798640255395e-15,3.494410844602905,1.0,0.875,4,336,5.034176799992565
S1,AdamW,85,2.990663272584158e-15,3.4944483701054287,1.0,0.875,4,340,5.079973199986853
S1,AdamW,86,3.1016855750466845e-15,3.494485880484758,1.0,0.875,4,344,5.11891389999073
S1,AdamW,87,3.2196467714131192e-15,3.4945233757041607,1.0,0.875,4,348,5.154200299992226
S1,AdamW,88,3.3306690738756463e-15,3.494560855726987,1.0,0.875,4,352,5.1921087999944575
S1,AdamW,89,3.45556916414599e-15,3.494598320516737,1.0,0.875,4,356,5.226374900026713
S1,AdamW,90,3.580469254416334e-15,3.4946357700370263,1.0,0.875,4,360,5.266715899982955
S1,AdamW,91,3.7123082385905865e-15,3.4946732042515913,1.0,0.875,4,364,5.303256199986208
S1,AdamW,92,3.84414722276484e-15,3.4947106231242726,1.0,0.875,4,368,5.342484800028615
S1,AdamW,93,3.98986399474691e-15,3.494748026619032,1.0,0.875,4,372,5.396667000022717
S1,AdamW,94,4.128641872825073e-15,3.4947854146999586,1.0,0.875,4,376,5.4508450999855995
S1,AdamW,95,4.2812975387110526e-15,3.4948227873312363,1.0,0.875,4,380,5.50202509999508
S1,AdamW,96,4.433953204597033e-15,3.4948601444772036,1.0,0.875,4,384,5.544455500028562
S1,AdamW,97,4.60048665829083e-15,3.4948974861023046,1.0,0.875,4,388,5.583759600005578
S1,AdamW,98,4.767020111984629e-15,3.4949348121710697,1.0,0.875,4,392,5.6183662000112236
S1,AdamW,99,4.9335535656784275e-15,3.494972122648203,1.0,0.875,4,396,5.651551100017969
S1,AdamW,100,5.113964807180045e-15,3.4950094174984967,1.0,0.875,4,400,5.686628099996597
S2,Full-batch GD,1,0.6182720113131575,2.186260829926303,0.75,0.625,1,1,0.006850400008261204
S2,Full-batch GD,2,0.3889266701523114,2.1279705753493325,0.8125,0.625,1,2,0.012430000002495944
S2,Full-batch GD,3,0.3026804796565401,2.1061188420022754,0.9375,0.75,1,3,0.018779000034555793
S2,Full-batch GD,4,0.24654043250018137,2.1153743590452843,0.9375,0.75,1,4,0.023359400045592338
S2,Full-batch GD,5,0.214089845915376,2.125675482884842,0.9375,0.75,1,5,0.02819480001926422
S2,Full-batch GD,6,0.18678121559039995,2.1404008522923617,0.9375,0.75,1,6,0.03292560001136735
S2,Full-batch GD,7,0.1682501737517802,2.1451525793152513,0.9375,0.75,1,7,0.03893800004152581
S2,Full-batch GD,8,0.15424613618459299,2.1513989929652078,0.96875,0.75,1,8,0.04347750003216788
S2,Full-batch GD,9,0.1431260756804502,2.1615921618655007,0.96875,0.75,1,9,0.04798960004700348
S2,Full-batch GD,10,0.13173012074162083,2.188736136805627,0.96875,0.75,1,10,0.053852800047025084
S2,Full-batch GD,11,0.12105591309486584,2.1910327493616286,0.96875,0.75,1,11,0.05915260000620037
S2,Full-batch GD,12,0.11265880931884681,2.2080110351907307,0.96875,0.75,1,12,0.06403260002844036
S2,Full-batch GD,13,0.1047192035146263,2.210900900692214,1.0,0.75,1,13,0.0698919000569731
S2,Full-batch GD,14,0.09927637339901045,2.214280396952663,1.0,0.75,1,14,0.07543340005213395
S2,Full-batch GD,15,0.09323068425991089,2.2221361134989714,1.0,0.75,1,15,0.08002680004574358
S2,Full-batch GD,16,0.08914443886968404,2.2329292188197614,1.0,0.75,1,16,0.08512050000717863
S2,Full-batch GD,17,0.08663210484936637,2.243938744982634,1.0,0.75,1,17,0.08998630003770813
S2,Full-batch GD,18,0.08255675081329544,2.2506348061737897,1.0,0.75,1,18,0.09494860004633665
S2,Full-batch GD,19,0.07804335116263067,2.2619126204858357,1.0,0.75,1,19,0.1002293000346981
S2,Full-batch GD,20,0.07512394170665374,2.2645138256906088,1.0,0.75,1,20,0.1048822000157088
S2,Full-batch GD,21,0.07150865506182974,2.2750881528701816,1.0,0.75,1,21,0.10935470002004877
S2,Full-batch GD,22,0.0688824348878882,2.2854647825542247,1.0,0.75,1,22,0.113892900000792
S2,Full-batch GD,23,0.06614895919637531,2.283129311580746,1.0,0.75,1,23,0.11992590001318604
S2,Full-batch GD,24,0.0642415594468039,2.2936368979901003,1.0,0.75,1,24,0.12482510000700131
S2,Full-batch GD,25,0.06219302501052567,2.3068159834903104,1.0,0.75,1,25,0.12990660005016252
S2,Full-batch GD,26,0.05982624430594299,2.2997794325372523,1.0,0.75,1,26,0.13595340005122125
S2,Full-batch GD,27,0.05712400277857186,2.3078521871940567,1.0,0.75,1,27,0.14131000003544614
S2,Full-batch GD,28,0.054784416403974086,2.3144325146551235,1.0,0.75,1,28,0.14604690001579002
S2,Full-batch GD,29,0.05298461731208193,2.312677654058377,1.0,0.75,1,29,0.15209840005263686
S2,Full-batch GD,30,0.05084581890615627,2.318804419310804,1.0,0.75,1,30,0.15761920000659302
S2,Full-batch GD,31,0.048943256466888824,2.324182066074497,1.0,0.75,1,31,0.16309870005352423
S2,Full-batch GD,32,0.04744494643357329,2.330296251424788,1.0,0.75,1,32,0.16939090000232682
S2,Full-batch GD,33,0.0458891383378301,2.327475489887394,1.0,0.75,1,33,0.17482100002234802
S2,Full-batch GD,34,0.04491464320406545,2.3364702628565475,1.0,0.75,1,34,0.17978450004011393
S2,Full-batch GD,35,0.04338976477599324,2.3418234492117493,1.0,0.75,1,35,0.18683670001337305
S2,Full-batch GD,36,0.04211138317281938,2.341138595634539,1.0,0.75,1,36,0.19165930000599474
S2,Full-batch GD,37,0.04068577034151139,2.3454691269985233,1.0,0.75,1,37,0.19805370003450662
S2,Full-batch GD,38,0.03941235120530406,2.3507680887377935,1.0,0.75,1,38,0.20704630005639046
S2,Full-batch GD,39,0.038368765897328384,2.3485295336946117,1.0,0.75,1,39,0.21185700001660734
S2,Full-batch GD,40,0.037063502387055115,2.3548768435187357,1.0,0.75,1,40,0.21792260004440323
S2,Full-batch GD,41,0.03597741839425233,2.3586681049860583,1.0,0.75,1,41,0.22578270005760714
S2,Full-batch GD,42,0.03500002268081548,2.3565176738209748,1.0,0.75,1,42,0.2307219000067562
S2,Full-batch GD,43,0.03385645774876445,2.3625128202069425,1.0,0.75,1,43,0.23843180004041642
S2,Full-batch GD,44,0.033407132118638626,2.3671032370771696,1.0,0.75,1,44,0.24325120000867173
S2,Full-batch GD,45,0.03246047876026217,2.369660291813608,1.0,0.75,1,45,0.24730460002319887
S2,Full-batch GD,46,0.031425586531981395,2.374170145943669,1.0,0.75,1,46,0.25264800002332777
S2,Full-batch GD,47,0.03064772813627417,2.3789277450715143,1.0,0.75,1,47,0.2573678000480868
S2,Full-batch GD,48,0.029739453850835748,2.3765983151315315,1.0,0.75,1,48,0.26176970003871247
S2,Full-batch GD,49,0.02892343235134123,2.381602810959473,1.0,0.75,1,49,0.26634390000253916
S2,Full-batch GD,50,0.02819302403258896,2.380342018269322,1.0,0.75,1,50,0.27174510003533214
S2,Full-batch GD,51,0.027381788491096813,2.384076991726818,1.0,0.75,1,51,0.2756896000355482
S2,Full-batch GD,52,0.026711523508082133,2.3874969582878216,1.0,0.75,1,52,0.28099680005107075
S2,Full-batch GD,53,0.02602291273016394,2.3857802303216133,1.0,0.75,1,53,0.28678090003086254
S2,Full-batch GD,54,0.02541839213557045,2.3891190429134657,1.0,0.75,1,54,0.2914625000557862
S2,Full-batch GD,55,0.02499854530733274,2.3909715321581793,1.0,0.75,1,55,0.2962192000122741
S2,Full-batch GD,56,0.024305679558997144,2.394941971626364,1.0,0.75,1,56,0.3019725000485778
S2,Full-batch GD,57,0.02367736191293557,2.3973687246269497,1.0,0.75,1,57,0.3083715000539087
S2,Full-batch GD,58,0.02312688978178682,2.394912735748637,1.0,0.75,1,58,0.31280350004089996
S2,Full-batch GD,59,0.022519241684584027,2.3985104697539787,1.0,0.75,1,59,0.3197282000328414
S2,Full-batch GD,60,0.022000193458940366,2.4008701407169966,1.0,0.75,1,60,0.32440360001055524
S2,Full-batch GD,61,0.021466465641677753,2.398505930767252,1.0,0.75,1,61,0.3292892000172287
S2,Full-batch GD,62,0.020925073296476245,2.401214031598571,1.0,0.75,1,62,0.3352477000444196
S2,Full-batch GD,63,0.020482372791592946,2.4003599260347808,1.0,0.75,1,63,0.3397287000552751
S2,Full-batch GD,64,0.01996588104214497,2.403183912823711,1.0,0.75,1,64,0.3447984000085853
S2,Full-batch GD,65,0.01966322809105813,2.407581840934054,1.0,0.75,1,65,0.3494802000350319
S2,Full-batch GD,66,0.019221001295284812,2.407137821615337,1.0,0.75,1,66,0.3553463000571355
S2,Full-batch GD,67,0.01875328000582732,2.4095121032462092,1.0,0.75,1,67,0.359562800033018
S2,Full-batch GD,68,0.01836631256943007,2.411829396799299,1.0,0.75,1,68,0.36408970004413277
S2,Full-batch GD,69,0.017932234126523575,2.411118897669812,1.0,0.75,1,69,0.370050200028345
S2,Full-batch GD,70,0.01754463587204117,2.413719730730771,1.0,0.75,1,70,0.37474000005749986
S2,Full-batch GD,71,0.017172538291325316,2.413162140541775,1.0,0.75,1,71,0.378913700056728
S2,Full-batch GD,72,0.016776129833185525,2.4159226506521834,1.0,0.75,1,72,0.3856247000512667
S2,Full-batch GD,73,0.016435890363464236,2.41722057629128,1.0,0.75,1,73,0.3909797000233084
S2,Full-batch GD,74,0.016082478614319582,2.416360112587187,1.0,0.75,1,74,0.39532560005318373
S2,Full-batch GD,75,0.015750092458628545,2.4187714865408076,1.0,0.75,1,75,0.40053540002554655
S2,Full-batch GD,76,0.015519221883205894,2.4181359802646014,1.0,0.75,1,76,0.40571990003809333
S2,Full-batch GD,77,0.015168608676058426,2.4200290497968955,1.0,0.75,1,77,0.41029960004379973
S2,Full-batch GD,78,0.01486342704410908,2.4214825461956173,1.0,0.75,1,78,0.41398740001022816
S2,Full-batch GD,79,0.014565460658883816,2.4206155236336677,1.0,0.75,1,79,0.4204449000535533
S2,Full-batch GD,80,0.014256334551091182,2.421975575129207,1.0,0.75,1,80,0.42484800005331635
S2,Full-batch GD,81,0.013996743486491617,2.421527599124143,1.0,0.75,1,81,0.4288702000048943
S2,Full-batch GD,82,0.013704466071188644,2.4229960300037856,1.0,0.75,1,82,0.4331775000318885
S2,Full-batch GD,83,0.013449719981825588,2.4245423982253693,1.0,0.75,1,83,0.43897860002471134
S2,Full-batch GD,84,0.013180651084369617,2.4234122576815547,1.0,0.75,1,84,0.4432852000463754
S2,Full-batch GD,85,0.012918134945739821,2.4246367738734644,1.0,0.75,1,85,0.44737670000176877
S2,Full-batch GD,86,0.012689933052966723,2.4242321809278793,1.0,0.75,1,86,0.45372350001707673
S2,Full-batch GD,87,0.012494318343809546,2.4253170956985333,1.0,0.75,1,87,0.45759170001838356
S2,Full-batch GD,88,0.012257328407273787,2.4267788121002396,1.0,0.75,1,88,0.4615791000542231
S2,Full-batch GD,89,0.012028590708262815,2.426086172299266,1.0,0.75,1,89,0.4665816000197083
S2,Full-batch GD,90,0.011796212386350584,2.427660677740985,1.0,0.75,1,90,0.4721630000276491
S2,Full-batch GD,91,0.011593692611177093,2.4268324830861987,1.0,0.75,1,91,0.47621700004674494
S2,Full-batch GD,92,0.011370453001980755,2.4281228046670984,1.0,0.75,1,92,0.4808535000192933
S2,Full-batch GD,93,0.011172120473006579,2.4292020196086326,1.0,0.75,1,93,0.48794590000761673
S2,Full-batch GD,94,0.010976612442147184,2.427902133395769,1.0,0.75,1,94,0.4931170000345446
S2,Full-batch GD,95,0.010773673380705617,2.429273837656065,1.0,0.75,1,95,0.4979899000027217
S2,Full-batch GD,96,0.010599389671550089,2.428548340861655,1.0,0.75,1,96,0.5055695000337437
S2,Full-batch GD,97,0.010416384618398028,2.4299514709391827,1.0,0.75,1,97,0.5099060000502504
S2,Full-batch GD,98,0.010267547635568626,2.4308474290158353,1.0,0.75,1,98,0.5142157000373118
S2,Full-batch GD,99,0.010096380768318095,2.4306663736878145,1.0,0.75,1,99,0.5217119000153616
S2,Full-batch GD,100,0.009916578220998081,2.4317386563878505,1.0,0.75,1,100,0.5256697000004351
S2,Mini-batch GD,1,0.40660401830466847,2.1622118131743244,0.84375,0.75,4,4,0.01062750001437962
S2,Mini-batch GD,2,0.9569942912460083,2.030269812967647,0.9375,0.75,4,8,0.020693300000857562
S2,Mini-batch GD,3,0.13974752390983058,1.9265158137069676,0.9375,0.75,4,12,0.03106210002442822
S2,Mini-batch GD,4,0.0427423147761352,1.8585981319956653,1.0,0.75,4,16,0.041662200004793704
S2,Mini-batch GD,5,0.029692225225524848,1.8777561545420227,1.0,0.75,4,20,0.05003179999766871
S2,Mini-batch GD,6,0.023431730247036948,1.8807972240995539,1.0,0.75,4,24,0.06021929997950792
S2,Mini-batch GD,7,0.018934735375407758,1.8872162707678686,1.0,0.75,4,28,0.0696180000086315
S2,Mini-batch GD,8,0.015848167847716154,1.8952201094163657,1.0,0.75,4,32,0.07818770001176745
S2,Mini-batch GD,9,0.013665331244687079,1.9039073656463,1.0,0.75,4,36,0.08769920002669096
S2,Mini-batch GD,10,0.01202815102918179,1.906670907599461,1.0,0.75,4,40,0.09579019999364391
S2,Mini-batch GD,11,0.010670278355399819,1.9145726704856838,1.0,0.75,4,44,0.10517320001963526
S2,Mini-batch GD,12,0.009511493890454845,1.9201489252347985,1.0,0.75,4,48,0.11311259999638423
S2,Mini-batch GD,13,0.00858914949398075,1.9262453006450395,1.0,0.75,4,52,0.12278919998789206
S2,Mini-batch GD,14,0.00786642415791864,1.9311025307292122,1.0,0.75,4,56,0.13343019998865202
S2,Mini-batch GD,15,0.0072316503635028884,1.9352463386020928,1.0,0.75,4,60,0.14327230001799762
S2,Mini-batch GD,16,0.006646718908042672,1.938607423618292,1.0,0.75,4,64,0.15251739998348057
S2,Mini-batch GD,17,0.006179972658843114,1.942054854921761,1.0,0.75,4,68,0.1622823000070639
S2,Mini-batch GD,18,0.005754526881876606,1.9455659880658192,1.0,0.75,4,72,0.17226969997864217
S2,Mini-batch GD,19,0.005386783289815084,1.9486459548382764,1.0,0.75,4,76,0.1845148999709636
S2,Mini-batch GD,20,0.0050709412745402775,1.9507788849727197,1.0,0.75,4,80,0.19451399997342378
S2,Mini-batch GD,21,0.004792902446212887,1.9520849497363435,1.0,0.75,4,84,0.20467000000644475
S2,Mini-batch GD,22,0.004538931296671845,1.9539523514682169,1.0,0.75,4,88,0.2140406999969855
S2,Mini-batch GD,23,0.004310713444964608,1.9560459535072179,1.0,0.75,4,92,0.22422670002561063
S2,Mini-batch GD,24,0.004115948490738874,1.9575011224634513,1.0,0.75,4,96,0.23446120001608506
S2,Mini-batch GD,25,0.00392997782893536,1.9585740145628598,1.0,0.75,4,100,0.2456866999855265
S2,Mini-batch GD,26,0.0037584944571764367,1.9603794706417481,1.0,0.75,4,104,0.2609294999856502
S2,Mini-batch GD,27,0.003607295006146124,1.9623707156895969,1.0,0.75,4,108,0.27748990000691265
S2,Mini-batch GD,28,0.003463752390935009,1.963859590542216,1.0,0.75,4,112,0.2957548000267707
S2,Mini-batch GD,29,0.0033295154538656923,1.9657641471460348,1.0,0.75,4,116,0.31140720000257716
S2,Mini-batch GD,30,0.0032074893896926818,1.9678249093138658,1.0,0.75,4,120,0.3260520999901928
S2,Mini-batch GD,31,0.0030975861786866673,1.9684272202342086,1.0,0.75,4,124,0.3419683999964036
S2,Mini-batch GD,32,0.0029893250246397912,1.9705271387335355,1.0,0.75,4,128,0.3519870999734849
S2,Mini-batch GD,33,0.0028912337328325984,1.9727438811999063,1.0,0.75,4,132,0.36299990001134574
S2,Mini-batch GD,34,0.00280209551422971,1.97307698557267,1.0,0.75,4,136,0.3746835999772884
S2,Mini-batch GD,35,0.002711767819712209,1.975229571151327,1.0,0.75,4,140,0.38695820001885295
S2,Mini-batch GD,36,0.0026281060366051155,1.9775205550707815,1.0,0.75,4,144,0.3979890000191517
S2,Mini-batch GD,37,0.0025505154470283065,1.9775372099001427,1.0,0.75,4,148,0.4104708000086248
S2,Mini-batch GD,38,0.002474865217804368,1.9797821076138165,1.0,0.75,4,152,0.42232610000064597
S2,Mini-batch GD,39,0.0024049196496606935,1.9802316203958976,1.0,0.75,4,156,0.43339050002396107
S2,Mini-batch GD,40,0.00233821019392986,1.9822464757272071,1.0,0.75,4,160,0.44778970000334084
S2,Mini-batch GD,41,0.002276206321420559,1.9831296960031983,1.0,0.75,4,164,0.45951509999576956
S2,Mini-batch GD,42,0.002216783770870959,1.9842266429788675,1.0,0.75,4,168,0.4720410999725573
S2,Mini-batch GD,43,0.002159756782602613,1.986094542412397,1.0,0.75,4,172,0.4830783000215888
S2,Mini-batch GD,44,0.0021065701498139884,1.986593249782235,1.0,0.75,4,176,0.4959732000133954
S2,Mini-batch GD,45,0.0020545791079282123,1.9883946888239237,1.0,0.75,4,180,0.5095818000263534
S2,Mini-batch GD,46,0.00200512968624873,1.9894421001548594,1.0,0.75,4,184,0.5257114000269212
S2,Mini-batch GD,47,0.001959283045119869,1.990981849367986,1.0,0.75,4,188,0.5394698000163771
S2,Mini-batch GD,48,0.001914025623051373,1.992044296912969,1.0,0.75,4,192,0.5538049999740906
S2,Mini-batch GD,49,0.0018703181124767108,1.993210426485466,1.0,0.75,4,196,0.5663429999840446
S2,Mini-batch GD,50,0.001831668137615911,1.9942185164769672,1.0,0.75,4,200,0.5808738999767229
S2,Mini-batch GD,51,0.0017907771007326264,1.9951124188596752,1.0,0.75,4,204,0.595425300009083
S2,Mini-batch GD,52,0.0017522411247636435,1.9958725522598766,1.0,0.75,4,208,0.6114682999905199
S2,Mini-batch GD,53,0.001715414155409507,1.996885530172813,1.0,0.75,4,212,0.626883800025098
S2,Mini-batch GD,54,0.0016804880200785412,1.9981877552410698,1.0,0.75,4,216,0.648699100012891
S2,Mini-batch GD,55,0.0016463050603029677,1.9987138184852122,1.0,0.75,4,220,0.6625306999776512
S2,Mini-batch GD,56,0.001614440447173261,1.9996273117913228,1.0,0.75,4,224,0.6796588000142947
S2,Mini-batch GD,57,0.001582768450068989,2.001184819105223,1.0,0.75,4,228,0.6944273000117391
S2,Mini-batch GD,58,0.0015525486478129677,2.0021061157145863,1.0,0.75,4,232,0.712026400025934
S2,Mini-batch GD,59,0.001523885289762524,2.0023811520322545,1.0,0.75,4,236,0.7271896000020206
S2,Mini-batch GD,60,0.0014964032165436787,2.0035956039739866,1.0,0.75,4,240,0.7399980999762192
S2,Mini-batch GD,61,0.0014689633042594403,2.004522170704648,1.0,0.75,4,244,0.7530533000244759
S2,Mini-batch GD,62,0.0014427263096939678,2.005186279395479,1.0,0.75,4,248,0.7642010999843478
S2,Mini-batch GD,63,0.0014182118611123181,2.0061337648447974,1.0,0.75,4,252,0.7784773000166751
S2,Mini-batch GD,64,0.0013936372738043306,2.007327763626935,1.0,0.75,4,256,0.7931871999753639
S2,Mini-batch GD,65,0.00137023184775619,2.007349535808593,1.0,0.75,4,260,0.8039817999815568
S2,Mini-batch GD,66,0.0013479607677832094,2.0087292726902577,1.0,0.75,4,264,0.8144431000109762
S2,Mini-batch GD,67,0.0013257032568625478,2.0094390718929995,1.0,0.75,4,268,0.8265417999937199
S2,Mini-batch GD,68,0.0013039157758702982,2.010141614990962,1.0,0.75,4,272,0.8386026999796741
S2,Mini-batch GD,69,0.0012835706493263847,2.011005638372699,1.0,0.75,4,276,0.8497887999983504
S2,Mini-batch GD,70,0.0012638481817964738,2.011709203595772,1.0,0.75,4,280,0.86342860001605
S2,Mini-batch GD,71,0.0012441693590636734,2.012216746504772,1.0,0.75,4,284,0.8774479000130668
S2,Mini-batch GD,72,0.0012253651363129062,2.0129897717122596,1.0,0.75,4,288,0.8938282000017352
S2,Mini-batch GD,73,0.0012070496636474282,2.0140359516148276,1.0,0.75,4,292,0.9080246000085026
S2,Mini-batch GD,74,0.0011891153083321156,2.0144176778477045,1.0,0.75,4,296,0.9220707999775186
S2,Mini-batch GD,75,0.0011719184827226586,2.0153618391065353,1.0,0.75,4,300,0.9382503000088036
S2,Mini-batch GD,76,0.0011553584926952006,2.0157445918375876,1.0,0.75,4,304,0.9493201000150293
S2,Mini-batch GD,77,0.001138857607780046,2.0162647719389444,1.0,0.75,4,308,0.9641545999911614
S2,Mini-batch GD,78,0.0011227744110686084,2.017319283293243,1.0,0.75,4,312,0.9797085999744013
S2,Mini-batch GD,79,0.0011074112631074538,2.0178126463447192,1.0,0.75,4,316,0.9957024999894202
S2,Mini-batch GD,80,0.0010920243860545564,2.018784950402317,1.0,0.75,4,320,1.0078572999918833
S2,Mini-batch GD,81,0.001077616127373323,2.0188173571884227,1.0,0.75,4,324,1.0213816000032239
S2,Mini-batch GD,82,0.0010632783147820264,2.0199151507263737,1.0,0.75,4,328,1.0331182000227273
S2,Mini-batch GD,83,0.0010492731118500725,2.020322456369348,1.0,0.75,4,332,1.046489299973473
S2,Mini-batch GD,84,0.0010354237989732497,2.0213113771875557,1.0,0.75,4,336,1.0626937000197358
S2,Mini-batch GD,85,0.0010222909665560064,2.022104826378944,1.0,0.75,4,340,1.0763666999991983
S2,Mini-batch GD,86,0.0010090549352095826,2.0230106442653364,1.0,0.75,4,344,1.0902690999791957
S2,Mini-batch GD,87,0.000996629064140109,2.023051183741958,1.0,0.75,4,348,1.1057653999887407
S2,Mini-batch GD,88,0.0009846127322903925,2.0236744400740685,1.0,0.75,4,352,1.1158969000098296
S2,Mini-batch GD,89,0.0009722391655065223,2.0245278823245405,1.0,0.75,4,356,1.1301677000010386
S2,Mini-batch GD,90,0.0009604020781806259,2.0249379635512206,1.0,0.75,4,360,1.1433215999859385
S2,Mini-batch GD,91,0.0009490170491981113,2.0256728790857252,1.0,0.75,4,364,1.154428599984385
S2,Mini-batch GD,92,0.0009377927945776307,2.026459343054675,1.0,0.75,4,368,1.1633807999896817
S2,Mini-batch GD,93,0.0009267069601778367,2.0271917803127546,1.0,0.75,4,372,1.1744062000070699
S2,Mini-batch GD,94,0.0009161969315835668,2.0270553241079625,1.0,0.75,4,376,1.1889098000247031
S2,Mini-batch GD,95,0.0009055324718591807,2.0279555598589787,1.0,0.75,4,380,1.2001532000140287
S2,Mini-batch GD,96,0.0008952194051469615,2.0286240764393466,1.0,0.75,4,384,1.2113180999876931
S2,Mini-batch GD,97,0.0008852715234883481,2.0293520391456727,1.0,0.75,4,388,1.2216401000041515
S2,Mini-batch GD,98,0.0008757320780314452,2.0295374284893084,1.0,0.75,4,392,1.2306727999821305
S2,Mini-batch GD,99,0.0008659536981722581,2.030217161873397,1.0,0.75,4,396,1.2430507999961264
S2,Mini-batch GD,100,0.0008565402308303898,2.0308338826690693,1.0,0.75,4,400,1.2550841000047512
S2,Stochastic GD,1,0.7802423292322727,0.6192686738221652,0.875,0.625,32,32,0.0710024000145495
S2,Stochastic GD,2,0.42929152766867223,0.6829440377588427,0.90625,0.75,32,64,0.511273899988737
S2,Stochastic GD,3,0.00010317211042078584,0.5018648869183662,1.0,0.75,32,96,0.7816036000149325
S2,Stochastic GD,4,9.65144628233667e-05,0.5088484004257343,1.0,0.75,32,128,0.8810626000049524
S2,Stochastic GD,5,9.06883403729648e-05,0.5154368752878401,1.0,0.75,32,160,0.9949750000378117
S2,Stochastic GD,6,8.554456648769023e-05,0.5216751420156269,1.0,0.75,32,192,1.0784844000008889
S2,Stochastic GD,7,8.096761549904939e-05,0.5275954847599972,1.0,0.75,32,224,1.1488896000082605
S2,Stochastic GD,8,7.686303253885654e-05,0.5332335687097693,1.0,0.75,32,256,1.2199442000128329
S2,Stochastic GD,9,7.316177218012792e-05,0.5386202640477877,1.0,0.75,32,288,1.2894883999833837
S2,Stochastic GD,10,6.980943034809548e-05,0.5437751474998735,1.0,0.75,32,320,1.4765252000070177
S2,Stochastic GD,11,6.676071484348863e-05,0.5487110510194848,1.0,0.75,32,352,1.5985287000075914
S2,Stochastic GD,12,6.397377493169956e-05,0.5534528509065127,1.0,0.75,32,384,1.6622136000078171
S2,Stochastic GD,13,6.14128154523105e-05,0.5580232072779909,1.0,0.75,32,416,1.7458471999852918
S2,Stochastic GD,14,5.905500832749024e-05,0.5624307543927898,1.0,0.75,32,448,1.8337236000224948
S2,Stochastic GD,15,5.68770191664565e-05,0.566683330909787,1.0,0.75,32,480,1.921033599996008
S2,Stochastic GD,16,5.486028564161713e-05,0.5707889202391812,1.0,0.75,32,512,1.9993164000334218
S2,Stochastic GD,17,5.29837904649655e-05,0.5747623555599259,1.0,0.75,32,544,2.0840755000244826
S2,Stochastic GD,18,5.1234851648122905e-05,0.5786136231437327,1.0,0.75,32,576,2.196101200010162
S2,Stochastic GD,19,4.960283172468372e-05,0.5823483330252451,1.0,0.75,32,608,2.289827000000514
S2,Stochastic GD,20,4.807271254217043e-05,0.5859762118420948,1.0,0.75,32,640,2.3844498000107706
S2,Stochastic GD,21,4.66387132176524e-05,0.5894979051423556,1.0,0.75,32,672,2.4872585000121035
S2,Stochastic GD,22,4.529043723670447e-05,0.5929243166479543,1.0,0.75,32,704,2.6020733999903314
S2,Stochastic GD,23,4.401943133158325e-05,0.5962577180688684,1.0,0.75,32,736,2.6888098000199534
S2,Stochastic GD,24,4.282060720891536e-05,0.599505403430689,1.0,0.75,32,768,2.76780900004087
S2,Stochastic GD,25,4.1687746010940626e-05,0.6026715758693445,1.0,0.75,32,800,2.831381700001657
S2,Stochastic GD,26,4.061536038003949e-05,0.6057597436537392,1.0,0.75,32,832,2.8991951000061817
S2,Stochastic GD,27,3.9597910330082265e-05,0.6087751088615386,1.0,0.75,32,864,2.9600361000047997
S2,Stochastic GD,28,3.8632613708637056e-05,0.6117204321856944,1.0,0.75,32,896,3.0228660000138916
S2,Stochastic GD,29,3.77144259460409e-05,0.6145977560612516,1.0,0.75,32,928,3.095398999983445
S2,Stochastic GD,30,3.6840933627100875e-05,0.6174118763969129,1.0,0.75,32,960,3.1819878999958746
S2,Stochastic GD,31,3.600844527896711e-05,0.6201642055994229,1.0,0.75,32,992,3.279105800029356
S2,Stochastic GD,32,3.521380091094301e-05,0.6228591878119106,1.0,0.75,32,1024,3.3706948999897577
S2,Stochastic GD,33,3.445469796677664e-05,0.6254892095217224,1.0,0.75,32,1056,3.442066600022372
S2,Stochastic GD,34,3.372874810110946e-05,0.6280378262408673,1.0,0.75,32,1088,3.5153868999914266
S2,Stochastic GD,35,3.3034049944614656e-05,0.6305351597812272,1.0,0.75,32,1120,3.594954400032293
S2,Stochastic GD,36,3.2368450695374703e-05,0.6329858822707801,1.0,0.75,32,1152,3.672149099991657
S2,Stochastic GD,37,3.173014026090937e-05,0.6353886680679075,1.0,0.75,32,1184,3.737851199985016
S2,Stochastic GD,38,3.111757833048992e-05,0.6377471436490041,1.0,0.75,32,1216,3.8121894000214525
S2,Stochastic GD,39,3.052923419272622e-05,0.640061860791194,1.0,0.75,32,1248,3.8727852000156417
S2,Stochastic GD,40,2.996394518398978e-05,0.6423343320290811,1.0,0.75,32,1280,3.941680899995845
S2,Stochastic GD,41,2.9419716034159117e-05,0.6445678959894641,1.0,0.75,32,1312,4.016861299984157
S2,Stochastic GD,42,2.8895962815852643e-05,0.6467619754477482,1.0,0.75,32,1344,4.091472600004636
S2,Stochastic GD,43,2.8391398284349826e-05,0.6489191266258364,1.0,0.75,32,1376,4.163883800036274
S2,Stochastic GD,44,2.7904929495864055e-05,0.6510404311699745,1.0,0.75,32,1408,4.230705099995248
S2,Stochastic GD,45,2.7435269106634082e-05,0.653127527713507,1.0,0.75,32,1440,4.295641100034118
S2,Stochastic GD,46,2.6982107395594323e-05,0.6551803448392186,1.0,0.75,32,1472,4.360235300031491
S2,Stochastic GD,47,2.6544147010136034e-05,0.6572017219372178,1.0,0.75,32,1504,4.4180073000025
S2,Stochastic GD,48,2.6121014798394812e-05,0.6591906837846035,1.0,0.75,32,1536,4.474767600011546
S2,Stochastic GD,49,2.5711713305552975e-05,0.6611498231710785,1.0,0.75,32,1568,4.534866300004069
S2,Stochastic GD,50,2.5315625818708674e-05,0.6630794177073928,1.0,0.75,32,1600,4.604781800007913
S2,Stochastic GD,51,2.4951837319345538e-05,0.6649799063106485,1.0,0.75,32,1632,4.696451800002251
S2,Stochastic GD,52,2.4611660211772532e-05,0.666789411838331,1.0,0.75,32,1664,4.784380600031
S2,Stochastic GD,53,2.4281035328889675e-05,0.6685745215679586,1.0,0.75,32,1696,4.868394799996167
S2,Stochastic GD,54,2.3959453321966484e-05,0.670337263806478,1.0,0.75,32,1728,4.955335100006778
S2,Stochastic GD,55,2.3646634549059236e-05,0.6720773993961796,1.0,0.75,32,1760,5.041193899989594
S2,Stochastic GD,56,2.334218704693411e-05,0.6737958473408983,1.0,0.75,32,1792,5.105980499996804
S2,Stochastic GD,57,2.3045784670455822e-05,0.6754930565302834,1.0,0.75,32,1824,5.167951100040227
S2,Stochastic GD,58,2.2757104635027848e-05,0.6771699991675744,1.0,0.75,32,1856,5.235603599983733
S2,Stochastic GD,59,2.2475867335758855e-05,0.6788265371598501,1.0,0.75,32,1888,5.307297400024254
S2,Stochastic GD,60,2.2201752088061018e-05,0.6804633289373817,1.0,0.75,32,1920,5.38861480000196
S2,Stochastic GD,61,2.1934526747143615e-05,0.6820806845384892,1.0,0.75,32,1952,5.458930000022519
S2,Stochastic GD,62,2.167389389371808e-05,0.6836798790762401,1.0,0.75,32,1984,5.522479500039481
S2,Stochastic GD,63,2.1419653118942256e-05,0.6852602921032042,1.0,0.75,32,2016,5.581197299994528
S2,Stochastic GD,64,2.117155616181867e-05,0.6868232027669053,1.0,0.75,32,2048,5.6446074999985285
S2,Stochastic GD,65,2.092937266444325e-05,0.6883685402960853,1.0,0.75,32,2080,5.711106400005519
S2,Stochastic GD,66,2.0692890299001037e-05,0.6898968552283321,1.0,0.75,32,2112,5.784286600013729
S2,Stochastic GD,67,2.0461901207678158e-05,0.6914085783552226,1.0,0.75,32,2144,5.855600300012156
S2,Stochastic GD,68,2.0236242267959428e-05,0.6929035598388967,1.0,0.75,32,2176,5.926193099992815
S2,Stochastic GD,69,2.0015682517657213e-05,0.6943829520452592,1.0,0.75,32,2208,5.987635400029831
S2,Stochastic GD,70,1.980012432072504e-05,0.6958464421211599,1.0,0.75,32,2240,6.056275899987668
S2,Stochastic GD,71,1.958935233542895e-05,0.6972946077458549,1.0,0.75,32,2272,6.127009099989664
S2,Stochastic GD,72,1.938319876076131e-05,0.6987277274921481,1.0,0.75,32,2304,6.193847900023684
S2,Stochastic GD,73,1.918152909581865e-05,0.7001465266117743,1.0,0.75,32,2336,6.263756500033196
S2,Stochastic GD,74,1.8984180084954727e-05,0.7015506928553285,1.0,0.75,32,2368,6.335694600013085
S2,Stochastic GD,75,1.879104102910436e-05,0.7029408903763803,1.0,0.75,32,2400,6.4162494000047445
S2,Stochastic GD,76,1.8601965754801583e-05,0.7043172366872725,1.0,0.75,32,2432,6.493194399983622
S2,Stochastic GD,77,1.841680702822285e-05,0.7056800440877203,1.0,0.75,32,2464,6.562709900026675
S2,Stochastic GD,78,1.8235469986522428e-05,0.7070294864826525,1.0,0.75,32,2496,6.623583000036888
S2,Stochastic GD,79,1.8057818781767735e-05,0.7083664242711217,1.0,0.75,32,2528,6.689176800020505
S2,Stochastic GD,80,1.7883762568892487e-05,0.7096902967764963,1.0,0.75,32,2560,6.757284499995876
S2,Stochastic GD,81,1.7713180936201776e-05,0.7110013915275758,1.0,0.75,32,2592,6.829053000023123
S2,Stochastic GD,82,1.7545938882251566e-05,0.7123005638703795,1.0,0.75,32,2624,6.898052400036249
S2,Stochastic GD,83,1.738200114871333e-05,0.7135874851945795,1.0,0.75,32,2656,6.96258150000358
S2,Stochastic GD,84,1.722122668053912e-05,0.7148625083064952,1.0,0.75,32,2688,7.03387520002434
S2,Stochastic GD,85,1.7063530974487925e-05,0.7161259999812963,1.0,0.75,32,2720,7.103704800014384
S2,Stochastic GD,86,1.690882163981514e-05,0.7173785760719855,1.0,0.75,32,2752,7.167506300029345
S2,Stochastic GD,87,1.675703499284568e-05,0.7186194563373063,1.0,0.75,32,2784,7.2401503000292
S2,Stochastic GD,88,1.6608060118983e-05,0.7198498795202694,1.0,0.75,32,2816,7.3235541000030935
S2,Stochastic GD,89,1.64618160929424e-05,0.7210694619892444,1.0,0.75,32,2848,7.4115440000314265
S2,Stochastic GD,90,1.6318248145185307e-05,0.7222786029927816,1.0,0.75,32,2880,7.4907176999840885
S2,Stochastic GD,91,1.6177281225053415e-05,0.7234770972734414,1.0,0.75,32,2912,7.567758599994704
S2,Stochastic GD,92,1.603885724682293e-05,0.7246652746138571,1.0,0.75,32,2944,7.653383500000928
S2,Stochastic GD,93,1.59028820305572e-05,0.725843289552818,1.0,0.75,32,2976,7.736592600005679
S2,Stochastic GD,94,1.5769296675087e-05,0.7270115826612574,1.0,0.75,32,3008,7.818296700017527
S2,Stochastic GD,95,1.5638047677606158e-05,0.7281703341931968,1.0,0.75,32,3040,7.90223629999673
S2,Stochastic GD,96,1.5509058837228245e-05,0.7293196044783266,1.0,0.75,32,3072,7.987109400040936
S2,Stochastic GD,97,1.5382277955282386e-05,0.7304592303332382,1.0,0.75,32,3104,8.078650499985088
S2,Stochastic GD,98,1.5257640019228024e-05,0.7315898960946269,1.0,0.75,32,3136,8.166611900029238
S2,Stochastic GD,99,1.5135109400075286e-05,0.732711557271654,1.0,0.75,32,3168,8.244474700011779
S2,Stochastic GD,100,1.5014629748110878e-05,0.7338240656862036,1.0,0.75,32,3200,8.320504800009076
S2,SGD + Momentum,1,0.4592266482241668,1.6641704003736526,0.78125,0.75,4,4,0.023002300004009157
S2,SGD + Momentum,2,0.01944211884018865,1.3331128809643982,1.0,0.75,4,8,0.07000950002111495
S2,SGD + Momentum,3,0.012276845798440982,1.2816094628379007,1.0,0.875,4,12,0.09505270002409816
S2,SGD + Momentum,4,1.0666512393207377,2.978357410243751,0.90625,0.75,4,16,0.11854240001412109
S2,SGD + Momentum,5,3.833397445351687e-06,3.6979021641806575,1.0,0.75,4,20,0.13576839998131618
S2,SGD + Momentum,6,0.001242611644742074,6.907755279000144,1.0,0.75,4,24,0.15330700000049546
S2,SGD + Momentum,7,9.617220105586781e-09,6.907755280299262,1.0,0.75,4,28,0.16904160002013668
S2,SGD + Momentum,8,4.685027334715e-09,6.907755289507053,1.0,0.75,4,32,0.1848065999802202
S2,SGD + Momentum,9,7.864296944805057e-07,6.907755302637723,1.0,0.75,4,36,0.19971309998072684
S2,SGD + Momentum,10,2.6376731660775768e-05,6.907755331349235,1.0,0.75,4,40,0.21697150002000853
S2,SGD + Momentum,11,0.0002456785410591276,6.907755395346976,1.0,0.75,4,44,0.234269900014624
S2,SGD + Momentum,12,0.0004775478012736028,6.907755466568658,1.0,0.75,4,48,0.2638954999856651
S2,SGD + Momentum,13,0.0003195801757740552,6.907755482151701,1.0,0.75,4,52,0.2850891000125557
S2,SGD + Momentum,14,8.517223416131201e-05,6.907755457703484,1.0,0.75,4,56,0.31121080002048984
S2,SGD + Momentum,15,3.1136712982066265e-05,6.907755497876461,1.0,0.75,4,60,0.32912940002279356
S2,SGD + Momentum,16,1.4826594343834483e-05,6.907755542689292,1.0,0.75,4,64,0.3498373000184074
S2,SGD + Momentum,17,8.745604333954402e-06,6.907755581508713,1.0,0.75,4,68,0.3685029000043869
S2,SGD + Momentum,18,5.981068111956934e-06,6.907755611986007,1.0,0.75,4,72,0.39080490003107116
S2,SGD + Momentum,19,4.624433442592427e-06,6.907755634440517,1.0,0.75,4,76,0.4107961999834515
S2,SGD + Momentum,20,3.8427233229567705e-06,6.907755650513005,1.0,0.75,4,80,0.435790800023824
S2,SGD + Momentum,21,3.3622549428464614e-06,6.907755661803323,1.0,0.75,4,84,0.4653794000041671
S2,SGD + Momentum,22,3.066768605426112e-06,6.907755669580521,1.0,0.75,4,88,0.4884269000031054
S2,SGD + Momentum,23,2.856473847511524e-06,6.907755674965668,1.0,0.75,4,92,0.5118205000180751
S2,SGD + Momentum,24,2.7028164381058024e-06,6.90775567874924,1.0,0.75,4,96,0.5351833000313491
S2,SGD + Momentum,25,2.5925684047507745e-06,6.907755681339527,1.0,0.75,4,100,0.5614689000067301
S2,SGD + Momentum,26,2.509947022726332e-06,6.9077556831213185,1.0,0.75,4,104,0.5890830000280403
S2,SGD + Momentum,27,2.4411170308286883e-06,6.90775568450435,1.0,0.75,4,108,0.6160921999835409
S2,SGD + Momentum,28,2.3800928829773935e-06,6.907755685499495,1.0,0.75,4,112,0.6385020000161603
S2,SGD + Momentum,29,2.329236986287799e-06,6.907755686280018,1.0,0.75,4,116,0.6588444000226445
S2,SGD + Momentum,30,2.2779501719458663e-06,6.9077556869652295,1.0,0.75,4,120,0.6843329999828711
S2,SGD + Momentum,31,2.2366569199407527e-06,6.9077556875263895,1.0,0.75,4,124,0.7057355000288226
S2,SGD + Momentum,32,2.1963756483229457e-06,6.9077556879589475,1.0,0.75,4,128,0.7221683000097983
S2,SGD + Momentum,33,2.1543753357742754e-06,6.9077556884536,1.0,0.75,4,132,0.7376919999951497
S2,SGD + Momentum,34,2.1195380970129768e-06,6.9077556888612,1.0,0.75,4,136,0.7536618000012822
S2,SGD + Momentum,35,2.0869249411599686e-06,6.907755689196998,1.0,0.75,4,140,0.7697195999789983
S2,SGD + Momentum,36,2.058946187962012e-06,6.9077556894619025,1.0,0.75,4,144,0.7844496000325307
S2,SGD + Momentum,37,2.0290360704985112e-06,6.907755689769961,1.0,0.75,4,148,0.7999495000112802
S2,SGD + Momentum,38,1.9999295231092035e-06,6.9077556900677415,1.0,0.75,4,152,0.8164041999843903
S2,SGD + Momentum,39,1.9716683227055464e-06,6.907755690387269,1.0,0.75,4,156,0.8576209000311792
S2,SGD + Momentum,40,1.9407085510447383e-06,6.907755690745899,1.0,0.75,4,160,0.879845599993132
S2,SGD + Momentum,41,1.916063504747096e-06,6.907755690996005,1.0,0.75,4,164,0.9032712000189349
S2,SGD + Momentum,42,1.8901261263333945e-06,6.907755691278608,1.0,0.75,4,168,0.9203618000028655
S2,SGD + Momentum,43,1.8639457610815853e-06,6.90775569153815,1.0,0.75,4,172,0.9420127000194043
S2,SGD + Momentum,44,1.8389565023058152e-06,6.907755691808674,1.0,0.75,4,176,0.9616769999847747
S2,SGD + Momentum,45,1.8160737415922092e-06,6.907755692070595,1.0,0.75,4,180,0.9786745000164956
S2,SGD + Momentum,46,1.793813346424347e-06,6.907755692322756,1.0,0.75,4,184,0.9976836999994703
S2,SGD + Momentum,47,1.7700522118868763e-06,6.907755692594993,1.0,0.75,4,188,1.0167190000065602
S2,SGD + Momentum,48,1.7476030300094054e-06,6.907755692830489,1.0,0.75,4,192,1.0377768999896944
S2,SGD + Momentum,49,1.729009515603714e-06,6.907755693031636,1.0,0.75,4,196,1.0653928000247106
S2,SGD + Momentum,50,1.7070726715573386e-06,6.907755693315483,1.0,0.75,4,200,1.0868650000193156
S2,SGD + Momentum,51,1.6860479344115926e-06,6.907755693576323,1.0,0.75,4,204,1.1047323999810033
S2,SGD + Momentum,52,1.6681388543442417e-06,6.907755693803154,1.0,0.75,4,208,1.1215079000103287
S2,SGD + Momentum,53,1.6520772780185803e-06,6.907755693951174,1.0,0.75,4,212,1.1362978999968618
S2,SGD + Momentum,54,1.6334695869499594e-06,6.907755694211433,1.0,0.75,4,216,1.1526014999835752
S2,SGD + Momentum,55,1.6158299501826496e-06,6.907755694429446,1.0,0.75,4,220,1.1670007000211626
S2,SGD + Momentum,56,1.5982295253919506e-06,6.907755694657506,1.0,0.75,4,224,1.179215500014834
S2,SGD + Momentum,57,1.5817628840267369e-06,6.907755694848651,1.0,0.75,4,228,1.1929928000317886
S2,SGD + Momentum,58,1.5669471774494021e-06,6.907755694985981,1.0,0.75,4,232,1.2085010000155307
S2,SGD + Momentum,59,1.548707671881168e-06,6.90775569521055,1.0,0.75,4,236,1.2224551999825053
S2,SGD + Momentum,60,1.5321642822036353e-06,6.907755695413118,1.0,0.75,4,240,1.2366184000275098
S2,SGD + Momentum,61,1.5153293478308419e-06,6.907755695632091,1.0,0.75,4,244,1.250148800027091
S2,SGD + Momentum,62,1.5010920211521865e-06,6.907755695833908,1.0,0.75,4,248,1.2656901000300422
S2,SGD + Momentum,63,1.4873907796969542e-06,6.907755695990446,1.0,0.75,4,252,1.279436299984809
S2,SGD + Momentum,64,1.4726935352241652e-06,6.907755696201123,1.0,0.75,4,256,1.293371899984777
S2,SGD + Momentum,65,1.458601885009005e-06,6.907755696394858,1.0,0.75,4,260,1.3143150000250898
S2,SGD + Momentum,66,1.4452866250473077e-06,6.907755696558366,1.0,0.75,4,264,1.3294742000289261
S2,SGD + Momentum,67,1.4327856363377494e-06,6.907755696699079,1.0,0.75,4,268,1.345980599988252
S2,SGD + Momentum,68,1.418610917668599e-06,6.907755696900629,1.0,0.75,4,272,1.3598430000129156
S2,SGD + Momentum,69,1.4052089544446796e-06,6.907755697079617,1.0,0.75,4,276,1.3737990999943577
S2,SGD + Momentum,70,1.392265393404527e-06,6.907755697248191,1.0,0.75,4,280,1.388706199999433
S2,SGD + Momentum,71,1.3801079026611209e-06,6.90775569738582,1.0,0.75,4,284,1.40352220000932
S2,SGD + Momentum,72,1.3690646158224317e-06,6.907755697500449,1.0,0.75,4,288,1.4190251000109129
S2,SGD + Momentum,73,1.357016107091015e-06,6.907755697668586,1.0,0.75,4,292,1.4321421000058763
S2,SGD + Momentum,74,1.3452902436937964e-06,6.907755697823872,1.0,0.75,4,296,1.4460798000218347
S2,SGD + Momentum,75,1.335198810613244e-06,6.907755697940564,1.0,0.75,4,300,1.4609543000115082
S2,SGD + Momentum,76,1.324444270441684e-06,6.907755698077811,1.0,0.75,4,304,1.4753493000171147
S2,SGD + Momentum,77,1.3125565248658769e-06,6.907755698241669,1.0,0.75,4,308,1.4914851000066847
S2,SGD + Momentum,78,1.302862000735721e-06,6.907755698387922,1.0,0.75,4,312,1.5080667000147514
S2,SGD + Momentum,79,1.2926257066609904e-06,6.907755698519385,1.0,0.75,4,316,1.5247643000329845
S2,SGD + Momentum,80,1.2824221164632224e-06,6.9077556986271205,1.0,0.75,4,320,1.538074999989476
S2,SGD + Momentum,81,1.2723640638917741e-06,6.907755698771637,1.0,0.75,4,324,1.5516158000100404
S2,SGD + Momentum,82,1.2624566302144063e-06,6.907755698887407,1.0,0.75,4,328,1.5639489000313915
S2,SGD + Momentum,83,1.2515301118113596e-06,6.907755699062169,1.0,0.75,4,332,1.5766151000279933
S2,SGD + Momentum,84,1.2426960316542007e-06,6.907755699159815,1.0,0.75,4,336,1.5912736000027508
S2,SGD + Momentum,85,1.2326060231316965e-06,6.9077556992954685,1.0,0.75,4,340,1.6078851000056602
S2,SGD + Momentum,86,1.2236707598376772e-06,6.90775569943095,1.0,0.75,4,344,1.626868600025773
S2,SGD + Momentum,87,1.2150977289443975e-06,6.907755699518234,1.0,0.75,4,348,1.6418048000195995
S2,SGD + Momentum,88,1.2051214887569111e-06,6.907755699653294,1.0,0.75,4,352,1.6560138000058942
S2,SGD + Momentum,89,1.1953226128932772e-06,6.907755699817422,1.0,0.75,4,356,1.671924600028433
S2,SGD + Momentum,90,1.1880371873512438e-06,6.907755699879101,1.0,0.75,4,360,1.6864364999928512
S2,SGD + Momentum,91,1.1800621170651936e-06,6.90775569999753,1.0,0.75,4,364,1.7046771000023
S2,SGD + Momentum,92,1.1704197104255697e-06,6.907755700144874,1.0,0.75,4,368,1.9259378000278957
S2,SGD + Momentum,93,1.16231500464874e-06,6.907755700242248,1.0,0.75,4,372,1.9439504999900237
S2,SGD + Momentum,94,1.154884381022074e-06,6.907755700318611,1.0,0.75,4,376,1.9886849999893457
S2,SGD + Momentum,95,1.146051072306002e-06,6.907755700445577,1.0,0.75,4,380,2.003019099996891
S2,SGD + Momentum,96,1.1383239534352686e-06,6.907755700518541,1.0,0.75,4,384,2.0193170999991708
S2,SGD + Momentum,97,1.13120077062433e-06,6.9077557005940795,1.0,0.75,4,388,2.0378286000341177
S2,SGD + Momentum,98,1.1236755144731313e-06,6.9077557007134525,1.0,0.75,4,392,2.063913699996192
S2,SGD + Momentum,99,1.116541885361457e-06,6.9077557007999335,1.0,0.75,4,396,2.0785233000060543
S2,SGD + Momentum,100,1.1084987546495593e-06,6.907755700910385,1.0,0.75,4,400,2.093621100008022
S2,Adagrad,1,0.35477496582283674,0.04283420940383662,0.9375,1.0,4,4,0.01958369999192655
S2,Adagrad,2,0.0022219107473296553,0.8703397350349557,1.0,0.875,4,8,0.03965920000337064
S2,Adagrad,3,0.0013105075040867804,0.8783165344298051,1.0,0.875,4,12,0.060075399989727885
S2,Adagrad,4,0.0009960836926460692,0.8844696973862226,1.0,0.875,4,16,0.07926879997830838
S2,Adagrad,5,0.0007736363796741275,0.8889596563348472,1.0,0.875,4,20,0.10531700000865385
S2,Adagrad,6,0.0006486381021706393,0.8924554059649178,1.0,0.875,4,24,0.12524969998048618
S2,Adagrad,7,0.0005646015433641557,0.8951941268252099,1.0,0.875,4,28,0.1436400000238791
S2,Adagrad,8,0.0005047981288134486,0.8973491582800733,1.0,0.875,4,32,0.1617305999970995
S2,Adagrad,9,0.0004586421478627432,0.8992440890257121,1.0,0.875,4,36,0.17991529998835176
S2,Adagrad,10,0.0004227585958554818,0.9008139417070506,1.0,0.875,4,40,0.19947699998738244
S2,Adagrad,11,0.0003931908067259989,0.9021882827021446,1.0,0.875,4,44,0.22123640001518652
S2,Adagrad,12,0.00036843449425061635,0.903424659378623,1.0,0.875,4,48,0.24588499998208135
S2,Adagrad,13,0.00034756711305355145,0.9044884746058923,1.0,0.875,4,52,0.268222099984996
S2,Adagrad,14,0.00032944581139402113,0.9054460121541463,1.0,0.875,4,56,0.28978120000101626
S2,Adagrad,15,0.0003135394726208086,0.9063103488225902,1.0,0.875,4,60,0.30979729996761307
S2,Adagrad,16,0.0002992941435397083,0.9070886388557841,1.0,0.875,4,64,0.3286643999745138
S2,Adagrad,17,0.00028665343666728604,0.9078074018413658,1.0,0.875,4,68,0.34680800000205636
S2,Adagrad,18,0.0002752194851036968,0.9084641617455302,1.0,0.875,4,72,0.36899049999192357
S2,Adagrad,19,0.0002648557377391193,0.9090766645425882,1.0,0.875,4,76,0.3913732999935746
S2,Adagrad,20,0.00025531840480714444,0.9096451139617352,1.0,0.875,4,80,0.4173361000139266
S2,Adagrad,21,0.00024658765940369255,0.9101493357852588,1.0,0.875,4,84,0.43856270000105724
S2,Adagrad,22,0.00023853352929037696,0.9106311844508216,1.0,0.875,4,88,0.4571934000123292
S2,Adagrad,23,0.00023104868983545135,0.9110876811896358,1.0,0.875,4,92,0.4789438999723643
S2,Adagrad,24,0.00022409325451641545,0.9115055851826107,1.0,0.875,4,96,0.5030799999949522
S2,Adagrad,25,0.00021759270614953472,0.911898657217043,1.0,0.875,4,100,0.5258136999909766
S2,Adagrad,26,0.00021149469556737708,0.9122707687641278,1.0,0.875,4,104,0.5449326999951154
S2,Adagrad,27,0.00020581203500402836,0.9126152159750246,1.0,0.875,4,108,0.5654145000153221
S2,Adagrad,28,0.00020048438023022064,0.9129425147576617,1.0,0.875,4,112,0.5855805000173859
S2,Adagrad,29,0.00019544648301138143,0.9132461862973137,1.0,0.875,4,116,0.6062867000000551
S2,Adagrad,30,0.0001906843035759976,0.9135369007707911,1.0,0.875,4,120,0.6261865000124089
S2,Adagrad,31,0.0001861912557982736,0.9138075779661835,1.0,0.875,4,124,0.6460738999885507
S2,Adagrad,32,0.00018191938577595898,0.9140683680571241,1.0,0.875,4,128,0.6701249000034295
S2,Adagrad,33,0.00017785981466587756,0.9143138380011799,1.0,0.875,4,132,0.6998872999683954
S2,Adagrad,34,0.00017399185237146372,0.9145464051154626,1.0,0.875,4,136,0.7212153999716975
S2,Adagrad,35,0.00017030270600582807,0.9147652580380871,1.0,0.875,4,140,0.7409602999687195
S2,Adagrad,36,0.00016677823075532177,0.9149773180009566,1.0,0.875,4,144,0.7605561999953352
S2,Adagrad,37,0.00016340292030474923,0.9151769978140238,1.0,0.875,4,148,0.7798023999785073
S2,Adagrad,38,0.00016017041608611332,0.9153660419766565,1.0,0.875,4,152,0.8005246000248007
S2,Adagrad,39,0.00015707681126031964,0.9155467563918855,1.0,0.875,4,156,0.8203348999959417
S2,Adagrad,40,0.00015410806121851503,0.9157186239315595,1.0,0.875,4,160,0.8426668000174686
S2,Adagrad,41,0.00015125705648769117,0.9158838996138252,1.0,0.875,4,164,0.8614295999868773
S2,Adagrad,42,0.00014850982562614738,0.9160388256337189,1.0,0.875,4,168,0.8842523000203073
S2,Adagrad,43,0.0001458689795355801,0.9161891364511245,1.0,0.875,4,172,0.902526999998372
S2,Adagrad,44,0.00014332698431745528,0.916333665501589,1.0,0.875,4,176,0.9216515999869443
S2,Adagrad,45,0.00014087834643336893,0.9164710249759495,1.0,0.875,4,180,0.9391650999896228
S2,Adagrad,46,0.00013851334084054166,0.9165999122784406,1.0,0.875,4,184,0.9577960000024177
S2,Adagrad,47,0.0001362318544481298,0.9167283603998118,1.0,0.875,4,188,0.9796483999816701
S2,Adagrad,48,0.00013403037962273387,0.9168489553770542,1.0,0.875,4,192,1.0060671999817714
S2,Adagrad,49,0.000131897121568172,0.9169697083258591,1.0,0.875,4,196,1.0250196999986656
S2,Adagrad,50,0.0001298364508477765,0.9170819582052188,1.0,0.875,4,200,1.0426050000241958
S2,Adagrad,51,0.00012784675956970036,0.9171881368510707,1.0,0.875,4,204,1.060403099982068
S2,Adagrad,52,0.00012592590014649061,0.9172934983860285,1.0,0.875,4,208,1.0786340999766253
S2,Adagrad,53,0.00012406342830289033,0.9173916327121545,1.0,0.875,4,212,1.0990460999892093
S2,Adagrad,54,0.0001222558774472188,0.9174868809144253,1.0,0.875,4,216,1.1175580999697559
S2,Adagrad,55,0.00012050649669592293,0.9175778738792957,1.0,0.875,4,220,1.1376171999727376
S2,Adagrad,56,0.00011880600704599961,0.9176665119281706,1.0,0.875,4,224,1.1559017999679781
S2,Adagrad,57,0.00011715567212359437,0.9177526094062861,1.0,0.875,4,228,1.176610799971968
S2,Adagrad,58,0.00011555313988876046,0.9178357503202343,1.0,0.875,4,232,1.2021903999848291
S2,Adagrad,59,0.00011399456349160358,0.9179165757125063,1.0,0.875,4,236,1.226435800024774
S2,Adagrad,60,0.00011247936768021309,0.9179916323368025,1.0,0.875,4,240,1.250303899985738
S2,Adagrad,61,0.00011100683946526778,0.918064740011817,1.0,0.875,4,244,1.2729962000157684
S2,Adagrad,62,0.00010957134253173434,0.9181373107523494,1.0,0.875,4,248,1.2921964999986812
S2,Adagrad,63,0.00010817484034648754,0.9182058733454924,1.0,0.875,4,252,1.3118418999947608
S2,Adagrad,64,0.00010681648077240404,0.9182722197048656,1.0,0.875,4,256,1.3303286000154912
S2,Adagrad,65,0.00010549450257485649,0.9183364111671863,1.0,0.875,4,260,1.3480587999802083
S2,Adagrad,66,0.00010420732332215594,0.9184899209715027,1.0,0.875,4,264,1.3665326000191271
S2,Adagrad,67,0.00010295210253233901,0.9186393751490399,1.0,0.875,4,268,1.3844885000144131
S2,Adagrad,68,0.00010172714594144095,0.9187851582395022,1.0,0.875,4,272,1.4085377000155859
S2,Adagrad,69,0.00010053230622959574,0.9189288608507997,1.0,0.875,4,276,1.4401214999961667
S2,Adagrad,70,9.936757072804594e-05,0.9190696347242234,1.0,0.875,4,280,1.4597234000102617
S2,Adagrad,71,9.82275592854348e-05,0.9192093410630583,1.0,0.875,4,284,1.4787372999708168
S2,Adagrad,72,9.711613723740967e-05,0.9193453367728082,1.0,0.875,4,288,1.4980917000211775
S2,Adagrad,73,9.602813343966441e-05,0.9194794486022468,1.0,0.875,4,292,1.516513100010343
S2,Adagrad,74,9.496750998880583e-05,0.919608380324718,1.0,0.875,4,296,1.534508900018409
S2,Adagrad,75,9.393169494964238e-05,0.9197267951618772,1.0,0.875,4,300,1.554253800015431
S2,Adagrad,76,9.291720227480653e-05,0.9198313233850397,1.0,0.875,4,304,1.572945699968841
S2,Adagrad,77,9.192697321316999e-05,0.919932448645126,1.0,0.875,4,308,1.592273699992802
S2,Adagrad,78,9.095841504000264e-05,0.9200322171217229,1.0,0.875,4,312,1.6107045999960974
S2,Adagrad,79,9.000982707740339e-05,0.9201306353290427,1.0,0.875,4,316,1.6300213999929838
S2,Adagrad,80,8.908171147174862e-05,0.9202263642481858,1.0,0.875,4,320,1.6476452000206336
S2,Adagrad,81,8.817296296593076e-05,0.9203208632859788,1.0,0.875,4,324,1.6660639999900013
S2,Adagrad,82,8.728334668941808e-05,0.9204125242241865,1.0,0.875,4,328,1.6857674000202678
S2,Adagrad,83,8.641213216465236e-05,0.9205034460347016,1.0,0.875,4,332,1.7057094000047073
S2,Adagrad,84,8.55589627187441e-05,0.9205906606637588,1.0,0.875,4,336,1.7246912000118755
S2,Adagrad,85,8.47231750623346e-05,0.9206768998958075,1.0,0.875,4,340,1.7422277000150643
S2,Adagrad,86,8.390360658410387e-05,0.9207625711915481,1.0,0.875,4,344,1.759914900001604
S2,Adagrad,87,8.310058329393674e-05,0.9208452323974472,1.0,0.875,4,348,1.7779558000038378
S2,Adagrad,88,8.231376115312432e-05,0.9209262096680882,1.0,0.875,4,352,1.7958061000099406
S2,Adagrad,89,8.15418000989415e-05,0.9209210856813117,1.0,0.875,4,356,1.8141104999813251
S2,Adagrad,90,8.078493179003191e-05,0.9209997632479828,1.0,0.875,4,360,1.8342877000104636
S2,Adagrad,91,8.004178486678365e-05,0.9210766166014581,1.0,0.875,4,364,1.8622167999856174
S2,Adagrad,92,7.931306513736374e-05,0.9211527180078263,1.0,0.875,4,368,1.8835311000002548
S2,Adagrad,93,7.859776598327382e-05,0.9212265567119974,1.0,0.875,4,372,1.9065651000128128
S2,Adagrad,94,7.789526989018258e-05,0.9213004091043329,1.0,0.875,4,376,1.9275405000080355
S2,Adagrad,95,7.720618682127279e-05,0.9213724857695548,1.0,0.875,4,380,1.948109699995257
S2,Adagrad,96,7.65294086549779e-05,0.9214437249051832,1.0,0.875,4,384,1.9699985000188462
S2,Adagrad,97,7.586490698800405e-05,0.9215125067882679,1.0,0.875,4,388,1.988905899983365
S2,Adagrad,98,7.521136857851357e-05,0.9215808745619971,1.0,0.875,4,392,2.0100302000064403
S2,Adagrad,99,7.456998131587788e-05,0.9216483926727237,1.0,0.875,4,396,2.030257700011134
S2,Adagrad,100,7.393931374846997e-05,0.9217151833428819,1.0,0.875,4,400,2.058676899992861
S2,RMSprop,1,7.771224689046021,10.361632918473205,0.71875,0.625,4,4,0.03033450001385063
S2,RMSprop,2,3.4538776394910684,5.216259059403023,0.875,0.625,4,8,0.057125500054098666
S2,RMSprop,3,0.002977968135843281,3.453894341791975,1.0,0.875,4,12,0.08070510003017262
S2,RMSprop,4,0.8634694098732795,3.4538943067546217,0.96875,0.875,4,16,0.10604580002836883
S2,RMSprop,5,-0.0,3.4538776394912394,1.0,0.875,4,20,0.13218900002539158
S2,RMSprop,6,-0.0,3.4538776394912394,1.0,0.875,4,24,0.1576418000040576
S2,RMSprop,7,-0.0,3.4538776394912394,1.0,0.875,4,28,0.18858970003202558
S2,RMSprop,8,-0.0,3.4538776394912394,1.0,0.875,4,32,0.21332380000967532
S2,RMSprop,9,-0.0,3.4538776394912394,1.0,0.875,4,36,0.23902120004640892
S2,RMSprop,10,-0.0,3.4538776394912394,1.0,0.875,4,40,0.2655019000521861
S2,RMSprop,11,-0.0,3.4538776394912394,1.0,0.875,4,44,0.2974237000453286
S2,RMSprop,12,-0.0,3.4538776394912394,1.0,0.875,4,48,0.3236529999994673
S2,RMSprop,13,-0.0,3.4538776394912394,1.0,0.875,4,52,0.34979020000901073
S2,RMSprop,14,-0.0,3.4538776394912394,1.0,0.875,4,56,0.3732579000061378
S2,RMSprop,15,-0.0,3.4538776394912394,1.0,0.875,4,60,0.3978507000138052
S2,RMSprop,16,-0.0,3.4538776394912394,1.0,0.875,4,64,0.42505000001983717
S2,RMSprop,17,-0.0,3.4538776394912394,1.0,0.875,4,68,0.4558860000106506
S2,RMSprop,18,-0.0,3.4538776394912394,1.0,0.875,4,72,0.4809520000126213
S2,RMSprop,19,-0.0,3.4538776394912394,1.0,0.875,4,76,0.5058216000325046
S2,RMSprop,20,-0.0,3.4538776394912394,1.0,0.875,4,80,0.5301928000408225
S2,RMSprop,21,-0.0,3.4538776394912394,1.0,0.875,4,84,0.5568449000129476
S2,RMSprop,22,-0.0,3.4538776394912394,1.0,0.875,4,88,0.5902181999990717
S2,RMSprop,23,-0.0,3.4538776394912394,1.0,0.875,4,92,0.6194130000076257
S2,RMSprop,24,-0.0,3.4538776394912394,1.0,0.875,4,96,0.6459779000142589
S2,RMSprop,25,-0.0,3.4538776394912394,1.0,0.875,4,100,0.6721241000341251
S2,RMSprop,26,-0.0,3.4538776394912394,1.0,0.875,4,104,0.6971512000309303
S2,RMSprop,27,-0.0,3.4538776394912394,1.0,0.875,4,108,0.7248414000496268
S2,RMSprop,28,-0.0,3.4538776394912394,1.0,0.875,4,112,0.7548819000367075
S2,RMSprop,29,-0.0,3.4538776394912394,1.0,0.875,4,116,0.7820709000225179
S2,RMSprop,30,-0.0,3.4538776394912394,1.0,0.875,4,120,0.8095218000235036
S2,RMSprop,31,-0.0,3.4538776394912394,1.0,0.875,4,124,0.8364029000513256
S2,RMSprop,32,-0.0,3.4538776394912394,1.0,0.875,4,128,0.86026290000882
S2,RMSprop,33,-0.0,3.4538776394912394,1.0,0.875,4,132,0.8870873000123538
S2,RMSprop,34,-0.0,3.4538776394912394,1.0,0.875,4,136,0.9113312000408769
S2,RMSprop,35,-0.0,3.4538776394912394,1.0,0.875,4,140,0.9394347000052221
S2,RMSprop,36,-0.0,3.4538776394912394,1.0,0.875,4,144,0.9640801000059582
S2,RMSprop,37,-0.0,3.4538776394912394,1.0,0.875,4,148,0.9878817000426352
S2,RMSprop,38,-0.0,3.4538776394912394,1.0,0.875,4,152,1.0118374000303447
S2,RMSprop,39,-0.0,3.4538776394912394,1.0,0.875,4,156,1.0376575000118464
S2,RMSprop,40,-0.0,3.4538776394912394,1.0,0.875,4,160,1.0625131000415422
S2,RMSprop,41,-0.0,3.4538776394912394,1.0,0.875,4,164,1.0882484000176191
S2,RMSprop,42,-0.0,3.4538776394912394,1.0,0.875,4,168,1.1132660000002943
S2,RMSprop,43,-0.0,3.4538776394912394,1.0,0.875,4,172,1.138248700008262
S2,RMSprop,44,-0.0,3.4538776394912394,1.0,0.875,4,176,1.1625433000153862
S2,RMSprop,45,-0.0,3.4538776394912394,1.0,0.875,4,180,1.189880500023719
S2,RMSprop,46,-0.0,3.4538776394912394,1.0,0.875,4,184,1.221333100053016
S2,RMSprop,47,-0.0,3.4538776394912394,1.0,0.875,4,188,1.2499248000094667
S2,RMSprop,48,-0.0,3.4538776394912394,1.0,0.875,4,192,1.2871547000249848
S2,RMSprop,49,-0.0,3.4538776394912394,1.0,0.875,4,196,1.315893600054551
S2,RMSprop,50,-0.0,3.4538776394912394,1.0,0.875,4,200,1.350447200005874
S2,RMSprop,51,-0.0,3.4538776394912394,1.0,0.875,4,204,1.3755151000223123
S2,RMSprop,52,-0.0,3.4538776394912394,1.0,0.875,4,208,1.4009971000486985
S2,RMSprop,53,-0.0,3.4538776394912394,1.0,0.875,4,212,1.4263467999990098
S2,RMSprop,54,-0.0,3.4538776394912394,1.0,0.875,4,216,1.4593716000090353
S2,RMSprop,55,-0.0,3.4538776394912394,1.0,0.875,4,220,1.485805900010746
S2,RMSprop,56,-0.0,3.4538776394912394,1.0,0.875,4,224,1.5102453000145033
S2,RMSprop,57,-0.0,3.4538776394912394,1.0,0.875,4,228,1.5377219000365585
S2,RMSprop,58,-0.0,3.4538776394912394,1.0,0.875,4,232,1.5685607000486925
S2,RMSprop,59,-0.0,3.4538776394912394,1.0,0.875,4,236,1.5950582000077702
S2,RMSprop,60,-0.0,3.4538776394912394,1.0,0.875,4,240,1.6205623000278138
S2,RMSprop,61,-0.0,3.4538776394912394,1.0,0.875,4,244,1.6460744000505656
S2,RMSprop,62,-0.0,3.4538776394912394,1.0,0.875,4,248,1.672948700026609
S2,RMSprop,63,-0.0,3.4538776394912394,1.0,0.875,4,252,1.7067529000341892
S2,RMSprop,64,-0.0,3.4538776394912394,1.0,0.875,4,256,1.7368220000062138
S2,RMSprop,65,-0.0,3.4538776394912394,1.0,0.875,4,260,1.7731654000235721
S2,RMSprop,66,-0.0,3.4538776394912394,1.0,0.875,4,264,1.817632100021001
S2,RMSprop,67,-0.0,3.4538776394912394,1.0,0.875,4,268,1.8496548000257462
S2,RMSprop,68,-0.0,3.4538776394912394,1.0,0.875,4,272,1.881460300006438
S2,RMSprop,69,-0.0,3.4538776394912394,1.0,0.875,4,276,1.9090116000152193
S2,RMSprop,70,-0.0,3.4538776394912394,1.0,0.875,4,280,1.9436440000426956
S2,RMSprop,71,-0.0,3.4538776394912394,1.0,0.875,4,284,1.972722100035753
S2,RMSprop,72,-0.0,3.4538776394912394,1.0,0.875,4,288,2.0007800000021234
S2,RMSprop,73,-0.0,3.4538776394912394,1.0,0.875,4,292,2.0267250000033528
S2,RMSprop,74,-0.0,3.4538776394912394,1.0,0.875,4,296,2.0562088000006042
S2,RMSprop,75,-0.0,3.4538776394912394,1.0,0.875,4,300,2.0835788000258617
S2,RMSprop,76,-0.0,3.4538776394912394,1.0,0.875,4,304,2.109354300017003
S2,RMSprop,77,-0.0,3.4538776394912394,1.0,0.875,4,308,2.1364338000421412
S2,RMSprop,78,-0.0,3.4538776394912394,1.0,0.875,4,312,2.1644444999983534
S2,RMSprop,79,-0.0,3.4538776394912394,1.0,0.875,4,316,2.1920593000249937
S2,RMSprop,80,-0.0,3.4538776394912394,1.0,0.875,4,320,2.22101570002269
S2,RMSprop,81,-0.0,3.4538776394912394,1.0,0.875,4,324,2.2490384000120685
S2,RMSprop,82,-0.0,3.4538776394912394,1.0,0.875,4,328,2.276553200033959
S2,RMSprop,83,-0.0,3.4538776394912394,1.0,0.875,4,332,2.3036614000448026
S2,RMSprop,84,-0.0,3.4538776394912394,1.0,0.875,4,336,2.3305911000352353
S2,RMSprop,85,-0.0,3.4538776394912394,1.0,0.875,4,340,2.3595266000484116
S2,RMSprop,86,-0.0,3.4538776394912394,1.0,0.875,4,344,2.3880862000514753
S2,RMSprop,87,-0.0,3.4538776394912394,1.0,0.875,4,348,2.4129876000224613
S2,RMSprop,88,-0.0,3.4538776394912394,1.0,0.875,4,352,2.437951800005976
S2,RMSprop,89,-0.0,3.4538776394912394,1.0,0.875,4,356,2.4624202999984846
S2,RMSprop,90,-0.0,3.4538776394912394,1.0,0.875,4,360,2.486161400040146
S2,RMSprop,91,-0.0,3.4538776394912394,1.0,0.875,4,364,2.512978100043256
S2,RMSprop,92,-0.0,3.4538776394912394,1.0,0.875,4,368,2.5391938000102527
S2,RMSprop,93,-0.0,3.4538776394912394,1.0,0.875,4,372,2.5646715000038967
S2,RMSprop,94,-0.0,3.4538776394912394,1.0,0.875,4,376,2.5890991000342183
S2,RMSprop,95,-0.0,3.4538776394912394,1.0,0.875,4,380,2.617805000045337
S2,RMSprop,96,-0.0,3.4538776394912394,1.0,0.875,4,384,2.646403500053566
S2,RMSprop,97,-0.0,3.4538776394912394,1.0,0.875,4,388,2.671184200036805
S2,RMSprop,98,-0.0,3.4538776394912394,1.0,0.875,4,392,2.694821600045543
S2,RMSprop,99,-0.0,3.4538776394912394,1.0,0.875,4,396,2.7207296999986283
S2,RMSprop,100,-0.0,3.4538776394912394,1.0,0.875,4,400,2.751504300045781
S2,Adam,1,0.08158010703894442,2.241842275119016,0.96875,0.875,4,4,0.038457299990113825
S2,Adam,2,8.171852383944096e-05,3.476107524578804,1.0,0.875,4,8,0.06876529997680336
S2,Adam,3,0.34223973349048276,3.506351281730468,0.96875,0.875,4,12,0.10017300001345575
S2,Adam,4,2.8175643202980586e-05,3.4547997430158373,1.0,0.875,4,16,0.13607529998989776
S2,Adam,5,5.61474893187103e-07,3.457190167200088,1.0,0.875,4,20,0.17518710001604632
S2,Adam,6,0.013256317098625039,3.211231430606987,1.0,0.875,4,24,0.21477429999504238
S2,Adam,7,3.687779248857327e-12,3.4538777833545455,1.0,0.875,4,28,0.25009200000204146
S2,Adam,8,3.760880495917879e-15,4.421255594874121,1.0,0.75,4,32,0.28530940000200644
S2,Adam,9,0.020975499039951977,5.6792496754454,1.0,0.75,4,36,0.3281950000091456
S2,Adam,10,4.649058915617861e-16,5.20840419899962,1.0,0.75,4,40,0.3629142999998294
S2,Adam,11,4.157854616187907e-13,4.883343228917408,1.0,0.75,4,44,0.39154390001203865
S2,Adam,12,0.5359213245971052,4.645949809616873,0.96875,0.75,4,48,0.4420189000084065
S2,Adam,13,-0.0,3.8428179413224406,1.0,0.75,4,52,0.47460919996956363
S2,Adam,14,-0.0,3.755798275170602,1.0,0.75,4,56,0.5054478999809362
S2,Adam,15,2.4355517602715322e-15,3.7128799102054932,1.0,0.75,4,60,0.5362962000072002
S2,Adam,16,1.8672746351455002e-06,3.6764805365533486,1.0,0.75,4,64,0.5674537000013515
S2,Adam,17,-0.0,3.6645347456421336,1.0,0.75,4,68,0.5961959999985993
S2,Adam,18,-0.0,3.668167748147482,1.0,0.75,4,72,0.6278025999781676
S2,Adam,19,-0.0,3.6701893055775665,1.0,0.75,4,76,0.6661112000001594
S2,Adam,20,-0.0,3.6713478455764097,1.0,0.75,4,80,0.6974069999996573
S2,Adam,21,-0.0,3.672032793246487,1.0,0.75,4,84,0.7284258999861777
S2,Adam,22,-0.0,3.6724496814197223,1.0,0.75,4,88,0.7584942000103183
S2,Adam,23,-0.0,3.6727097784846734,1.0,0.75,4,92,0.7877118000178598
S2,Adam,24,-0.0,3.672875278662923,1.0,0.75,4,96,0.8171311999903992
S2,Adam,25,-0.0,3.6729821579026813,1.0,0.75,4,100,0.8455733999726363
S2,Adam,26,-0.0,3.6730519207929415,1.0,0.75,4,104,0.8741198999923654
S2,Adam,27,-0.0,3.673097796503245,1.0,0.75,4,108,0.9047341999830678
S2,Adam,28,-0.0,3.67312811587516,1.0,0.75,4,112,0.936193400004413
S2,Adam,29,-0.0,3.673148220005548,1.0,0.75,4,116,0.9677925999858417
S2,Adam,30,-0.0,3.6731615783774325,1.0,0.75,4,120,0.9969558999873698
S2,Adam,31,-0.0,3.673170465596206,1.0,0.75,4,124,1.0747143999906257
S2,Adam,32,-0.0,3.673176382308201,1.0,0.75,4,128,1.2161168999737129
S2,Adam,33,-0.0,3.673180322674108,1.0,0.75,4,132,1.2945392999681644
S2,Adam,34,-0.0,3.673182947068535,1.0,0.75,4,136,1.3381994999945164
S2,Adam,35,-0.0,3.6731846948635196,1.0,0.75,4,140,1.375666000007186
S2,Adam,36,-0.0,3.6731858586632593,1.0,0.75,4,144,1.4101683999761008
S2,Adam,37,-0.0,3.6731866334223726,1.0,0.75,4,148,1.4412653999752365
S2,Adam,38,-0.0,3.673187149055869,1.0,0.75,4,152,1.4723993999650702
S2,Adam,39,-0.0,3.673187492134824,1.0,0.75,4,156,1.504755900008604
S2,Adam,40,-0.0,3.673187720338568,1.0,0.75,4,160,1.5362679999670945
S2,Adam,41,-0.0,3.6731878720880946,1.0,0.75,4,164,1.5722805999685079
S2,Adam,42,-0.0,3.6731879729691945,1.0,0.75,4,168,1.6047008999739774
S2,Adam,43,-0.0,3.6731880400152592,1.0,0.75,4,172,1.6358037000172772
S2,Adam,44,-0.0,3.6731880845625677,1.0,0.75,4,176,1.6671727999928407
S2,Adam,45,-0.0,3.6731881141534886,1.0,0.75,4,180,1.696359699999448
S2,Adam,46,-0.0,3.6731881338046564,1.0,0.75,4,184,1.7272723999922164
S2,Adam,47,-0.0,3.6731881468517913,1.0,0.75,4,188,1.7559804000193253
S2,Adam,48,-0.0,3.6731881555122943,1.0,0.75,4,192,1.7876256000017747
S2,Adam,49,-0.0,3.673188161259753,1.0,0.75,4,196,1.8169451999710873
S2,Adam,50,-0.0,3.673188165073198,1.0,0.75,4,200,1.8473969000042416
S2,Adam,51,-0.0,3.673188167602912,1.0,0.75,4,204,1.8753304000128992
S2,Adam,52,-0.0,3.6731881692807127,1.0,0.75,4,208,1.9027274000109173
S2,Adam,53,-0.0,3.6731881703932845,1.0,0.75,4,212,1.9304222000064328
S2,Adam,54,-0.0,3.6731881711309176,1.0,0.75,4,216,1.960591699986253
S2,Adam,55,-0.0,3.673188171619875,1.0,0.75,4,220,1.9915579999797046
S2,Adam,56,-0.0,3.6731881719439445,1.0,0.75,4,224,2.024357400019653
S2,Adam,57,-0.0,3.67318817215869,1.0,0.75,4,228,2.0558521000202745
S2,Adam,58,-0.0,3.6731881723009723,1.0,0.75,4,232,2.091287999995984
S2,Adam,59,-0.0,3.67318817239523,1.0,0.75,4,236,2.1213155000004917
S2,Adam,60,-0.0,3.673188172457661,1.0,0.75,4,240,2.1575178999919444
S2,Adam,61,-0.0,3.6731881724990085,1.0,0.75,4,244,2.190758900018409
S2,Adam,62,-0.0,3.673188172526389,1.0,0.75,4,248,2.21880269999383
S2,Adam,63,-0.0,3.673188172544517,1.0,0.75,4,252,2.247945500013884
S2,Adam,64,-0.0,3.6731881725565145,1.0,0.75,4,256,2.276724199997261
S2,Adam,65,-0.0,3.6731881725644597,1.0,0.75,4,260,2.305966600019019
S2,Adam,66,-0.0,3.6731881725697155,1.0,0.75,4,264,2.3350526000140235
S2,Adam,67,-0.0,3.673188172573194,1.0,0.75,4,268,2.364034799975343
S2,Adam,68,-0.0,3.673188172575499,1.0,0.75,4,272,2.3931559000047855
S2,Adam,69,-0.0,3.673188172577023,1.0,0.75,4,276,2.4227151999948546
S2,Adam,70,-0.0,3.6731881725780293,1.0,0.75,4,280,2.459347900003195
S2,Adam,71,-0.0,3.673188172578695,1.0,0.75,4,284,2.489356499980204
S2,Adam,72,-0.0,3.673188172579137,1.0,0.75,4,288,2.5270512999850325
S2,Adam,73,-0.0,3.6731881725794278,1.0,0.75,4,292,2.559522299969103
S2,Adam,74,-0.0,3.6731881725796183,1.0,0.75,4,296,2.5910468999645673
S2,Adam,75,-0.0,3.6731881725797466,1.0,0.75,4,300,2.62248089996865
S2,Adam,76,-0.0,3.6731881725798283,1.0,0.75,4,304,2.656214100017678
S2,Adam,77,-0.0,3.6731881725798843,1.0,0.75,4,308,2.6863328000181355
S2,Adam,78,-0.0,3.6731881725799207,1.0,0.75,4,312,2.715510100009851
S2,Adam,79,-0.0,3.6731881725799465,1.0,0.75,4,316,2.7443163999705575
S2,Adam,80,-0.0,3.67318817257996,1.0,0.75,4,320,2.7737455000169575
S2,Adam,81,-0.0,3.673188172579971,1.0,0.75,4,324,2.8049360999721102
S2,Adam,82,-0.0,3.673188172579979,1.0,0.75,4,328,2.836542000004556
S2,Adam,83,-0.0,3.6731881725799838,1.0,0.75,4,332,2.8655822000000626
S2,Adam,84,-0.0,3.673188172579985,1.0,0.75,4,336,2.8955605999799445
S2,Adam,85,-0.0,3.6731881725799886,1.0,0.75,4,340,2.9262478000018746
S2,Adam,86,-0.0,3.6731881725799895,1.0,0.75,4,344,2.9595012000063434
S2,Adam,87,-0.0,3.673188172579991,1.0,0.75,4,348,2.9878408999647945
S2,Adam,88,-0.0,3.673188172579992,1.0,0.75,4,352,3.01596079999581
S2,Adam,89,-0.0,3.6731881725799918,1.0,0.75,4,356,3.045261899998877
S2,Adam,90,-0.0,3.6731881725799966,1.0,0.75,4,360,3.075237200013362
S2,Adam,91,-0.0,3.673188172579996,1.0,0.75,4,364,3.1139524999889545
S2,Adam,92,-0.0,3.6731881725799975,1.0,0.75,4,368,3.145200599974487
S2,Adam,93,-0.0,3.6731881725799957,1.0,0.75,4,372,3.1747614999767393
S2,Adam,94,-0.0,3.6731881725799984,1.0,0.75,4,376,3.203639800020028
S2,Adam,95,-0.0,3.673188172579996,1.0,0.75,4,380,3.238417999993544
S2,Adam,96,-0.0,3.6731881725799984,1.0,0.75,4,384,3.268055099993944
S2,Adam,97,-0.0,3.6731881725799984,1.0,0.75,4,388,3.2980359999928623
S2,Adam,98,-0.0,3.6731881725799993,1.0,0.75,4,392,3.326602199987974
S2,Adam,99,-0.0,3.673188172579999,1.0,0.75,4,396,3.354755499982275
S2,Adam,100,-0.0,3.6731881725799993,1.0,0.75,4,400,3.3882978999754414
S2,AdamW,1,0.08136554120280612,2.239653951952797,0.96875,0.875,4,4,0.030879400030244142
S2,AdamW,2,8.286411935924185e-05,3.4759986915304903,1.0,0.875,4,8,0.0599874000181444
S2,AdamW,3,0.34068191909458667,3.5051776383456406,0.96875,0.875,4,12,0.09029980003833771
S2,AdamW,4,2.9082267928621784e-05,3.454749086614439,1.0,0.875,4,16,0.1219843000289984
S2,AdamW,5,2.875864297277715e-07,3.4559764087417033,1.0,0.875,4,20,0.15214590000687167
S2,AdamW,6,0.014049844183237074,2.9766686062874332,1.0,0.875,4,24,0.18102790002012625
S2,AdamW,7,2.586347802697918e-12,3.4538777997487444,1.0,0.875,4,28,0.21010710002155975
S2,AdamW,8,5.3360094121049205e-15,4.430241601182815,1.0,0.75,4,32,0.24072110000997782
S2,AdamW,9,0.03527387566982033,5.684049601121045,0.96875,0.75,4,36,0.2749078000197187
S2,AdamW,10,2.1510571102112482e-16,4.770550656237198,1.0,0.75,4,40,0.3085741000249982
S2,AdamW,11,3.5967813706707603e-06,4.142962699355341,1.0,0.75,4,44,0.3463488999987021
S2,AdamW,12,-0.0,3.4705606144170513,1.0,0.875,4,48,0.37628000002587214
S2,AdamW,13,-0.0,3.46126749693796,1.0,0.875,4,52,0.407303000043612
S2,AdamW,14,4.3715031594615844e-16,3.4573433895476535,1.0,0.875,4,56,0.4367474000318907
S2,AdamW,15,9.251792865276857e-07,3.4557547921968013,1.0,0.875,4,60,0.4723492999910377
S2,AdamW,16,1.456762283645163e-10,3.4551031841374313,1.0,0.875,4,64,0.503524900006596
S2,AdamW,17,-0.0,3.4543734866403173,1.0,0.875,4,68,0.5318688999977894
S2,AdamW,18,-0.0,3.454116455749657,1.0,0.875,4,72,0.5617576999939047
S2,AdamW,19,-0.0,3.454022831061658,1.0,0.875,4,76,0.5903976000263356
S2,AdamW,20,-0.0,3.453981426252461,1.0,0.875,4,80,0.620226500032004
S2,AdamW,21,-0.0,3.4539605636857633,1.0,0.875,4,84,0.6531434000353329
S2,AdamW,22,-0.0,3.4539491217944778,1.0,0.875,4,88,0.6918103999923915
S2,AdamW,23,-0.0,3.453942517172026,1.0,0.875,4,92,0.7230287000420503
S2,AdamW,24,-0.0,3.4539386101258964,1.0,0.875,4,96,0.7632942000054754
S2,AdamW,25,-0.0,3.4539362996778795,1.0,0.875,4,100,0.793795500008855
S2,AdamW,26,-0.0,3.4539349750512214,1.0,0.875,4,104,0.8265632000402547
S2,AdamW,27,-0.0,3.4539342775408235,1.0,0.875,4,108,0.8577462999965064
S2,AdamW,28,-0.0,3.453933987431783,1.0,0.875,4,112,0.8901700000278652
S2,AdamW,29,-0.0,3.4539339660143606,1.0,0.875,4,116,0.9248459000373259
S2,AdamW,30,-0.0,3.4539341238439967,1.0,0.875,4,120,0.9756646000314504
S2,AdamW,31,-0.0,3.4539344024006393,1.0,0.875,4,124,1.0107830000342801
S2,AdamW,32,-0.0,3.4539347630225374,1.0,0.875,4,128,1.0469157000188716
S2,AdamW,33,-0.0,3.4539351800044207,1.0,0.875,4,132,1.0845679999911226
S2,AdamW,34,-0.0,3.4539356361866735,1.0,0.875,4,136,1.1308615000452846
S2,AdamW,35,-0.0,3.4539361200870844,1.0,0.875,4,140,1.1647721999906935
S2,AdamW,36,-0.0,3.453936624013173,1.0,0.875,4,144,1.1985826000454836
S2,AdamW,37,-0.0,3.4539371428097634,1.0,0.875,4,148,1.2373930999892764
S2,AdamW,38,-0.0,3.4539376730236,1.0,0.875,4,152,1.288962899998296
S2,AdamW,39,-0.0,3.4539382123442266,1.0,0.875,4,156,1.32840950001264
S2,AdamW,40,-0.0,3.4539387592289854,1.0,0.875,4,160,1.366957199992612
S2,AdamW,41,-0.0,3.4539393126511952,1.0,0.875,4,164,1.4042873000144027
S2,AdamW,42,-0.0,3.453939871930932,1.0,0.875,4,168,1.4543648000108078
S2,AdamW,43,-0.0,3.453940436621291,1.0,0.875,4,172,1.490742499998305
S2,AdamW,44,-0.0,3.4539410064319336,1.0,0.875,4,176,1.529377700004261
S2,AdamW,45,-0.0,3.453941581177705,1.0,0.875,4,180,1.5813986000139266
S2,AdamW,46,-0.0,3.4539421607441096,1.0,0.875,4,184,1.6274014000082389
S2,AdamW,47,-0.0,3.453942745064116,1.0,0.875,4,188,1.6628528000437655
S2,AdamW,48,-0.0,3.4539433341025836,1.0,0.875,4,192,1.7061643000342883
S2,AdamW,49,-0.0,3.453943927845806,1.0,0.875,4,196,1.7396132000139914
S2,AdamW,50,-0.0,3.4539445262944954,1.0,0.875,4,200,1.7777247999911197
S2,AdamW,51,-0.0,3.4539451294590733,1.0,0.875,4,204,1.8098387999925762
S2,AdamW,52,-0.0,3.4539457373565132,1.0,0.875,4,208,1.8406332000158727
S2,AdamW,53,-0.0,3.453946350008226,1.0,0.875,4,212,1.870728500012774
S2,AdamW,54,-0.0,3.4539469674386396,1.0,0.875,4,216,1.8979567000060342
S2,AdamW,55,-0.0,3.4539475896742484,1.0,0.875,4,220,1.9295861000427976
S2,AdamW,56,-0.0,3.4539482167429774,1.0,0.875,4,224,1.9583606999949552
S2,AdamW,57,-0.0,3.4539488486737544,1.0,0.875,4,228,1.9889570000232197
S2,AdamW,58,-0.0,3.4539494854962265,1.0,0.875,4,232,2.0169881000183523
S2,AdamW,59,-0.0,3.4539501272405686,1.0,0.875,4,236,2.0507984000141732
S2,AdamW,60,-0.0,3.453950773937354,1.0,0.875,4,240,2.0873603000072762
S2,AdamW,61,-0.0,3.4539514256174724,1.0,0.875,4,244,2.118991499999538
S2,AdamW,62,-0.0,3.4539520823120697,1.0,0.875,4,248,2.147117700020317
S2,AdamW,63,-0.0,3.453952744052511,1.0,0.875,4,252,2.1769350999966264
S2,AdamW,64,-0.0,3.4539534108703567,1.0,0.875,4,256,2.2056522000348195
S2,AdamW,65,-0.0,3.4539540827973436,1.0,0.875,4,260,2.233493100036867
S2,AdamW,66,-0.0,3.453954759865374,1.0,0.875,4,264,2.2620176000054926
S2,AdamW,67,-0.0,3.453955442106511,1.0,0.875,4,268,2.2932507999939844
S2,AdamW,68,-0.0,3.4539561295529686,1.0,0.875,4,272,2.3223927000071853
S2,AdamW,69,-0.0,3.4539568222371138,1.0,0.875,4,276,2.3497302000178024
S2,AdamW,70,-0.0,3.4539575201914605,1.0,0.875,4,280,2.380524200038053
S2,AdamW,71,-0.0,3.453958223448671,1.0,0.875,4,284,2.409757199988235
S2,AdamW,72,-0.0,3.4539589320415542,1.0,0.875,4,288,2.4446645000134595
S2,AdamW,73,-0.0,3.4539596460030646,1.0,0.875,4,292,2.4744028000277467
S2,AdamW,74,-0.0,3.4539603653663025,1.0,0.875,4,296,2.5044487999984995
S2,AdamW,75,-0.0,3.4539610901645137,1.0,0.875,4,300,2.5333926000166684
S2,AdamW,76,-0.0,3.4539618204310907,1.0,0.875,4,304,2.572377900010906
S2,AdamW,77,-0.0,3.453962556199572,1.0,0.875,4,308,2.600213400030043
S2,AdamW,78,-0.0,3.4539632975036416,1.0,0.875,4,312,2.630414600018412
S2,AdamW,79,-0.0,3.4539640443771296,1.0,0.875,4,316,2.6594884000369348
S2,AdamW,80,-0.0,3.4539647968540135,1.0,0.875,4,320,2.69026510004187
S2,AdamW,81,-0.0,3.4539655549684167,1.0,0.875,4,324,2.720184000034351
S2,AdamW,82,-0.0,3.4539663187546092,1.0,0.875,4,328,2.752378300006967
S2,AdamW,83,-0.0,3.4539670882470093,1.0,0.875,4,332,2.7824075000244193
S2,AdamW,84,-0.0,3.4539678634801807,1.0,0.875,4,336,2.812757700041402
S2,AdamW,85,-0.0,3.4539686444888362,1.0,0.875,4,340,2.8465676000341773
S2,AdamW,86,-0.0,3.4539694313078355,1.0,0.875,4,344,2.876733100041747
S2,AdamW,87,-0.0,3.4539702239721866,1.0,0.875,4,348,2.9083742999937385
S2,AdamW,88,-0.0,3.453971022517045,1.0,0.875,4,352,2.93880679999711
S2,AdamW,89,-0.0,3.453971826977715,1.0,0.875,4,356,2.977481700014323
S2,AdamW,90,-0.0,3.453972637389649,1.0,0.875,4,360,3.008116200042423
S2,AdamW,91,-0.0,3.453973453788448,1.0,0.875,4,364,3.0377927999943495
S2,AdamW,92,-0.0,3.4539742762098626,1.0,0.875,4,368,3.0666335000423715
S2,AdamW,93,-0.0,3.453975104689792,1.0,0.875,4,372,3.094681699993089
S2,AdamW,94,-0.0,3.4539759392642853,1.0,0.875,4,376,3.1245626999880187
S2,AdamW,95,-0.0,3.453976779969539,1.0,0.875,4,380,3.1535210000001825
S2,AdamW,96,-0.0,3.4539776268419025,1.0,0.875,4,384,3.181770300026983
S2,AdamW,97,-0.0,3.453978479917872,1.0,0.875,4,388,3.2104140000301413
S2,AdamW,98,-0.0,3.453979339234095,1.0,0.875,4,392,3.2407938000396825
S2,AdamW,99,-0.0,3.4539802048273693,1.0,0.875,4,396,3.273692900023889
S2,AdamW,100,-0.0,3.4539810767346433,1.0,0.875,4,400,3.3041566000320017
S5,Full-batch GD,1,0.5000933883034724,1.7535526328103432,0.78125,0.5,1,1,0.004839700006414205
S5,Full-batch GD,2,0.2685897321667684,1.1857138188908427,0.9375,0.5,1,2,0.009881400037556887
S5,Full-batch GD,3,0.21468838789981604,1.113309009873153,0.9375,0.5,1,3,0.015983999997843057
S5,Full-batch GD,4,0.18121723153190653,1.0612647345190918,0.96875,0.5,1,4,0.05082620005123317
S5,Full-batch GD,5,0.14658463521996162,1.0285990790242474,0.96875,0.5,1,5,0.05625970003893599
S5,Full-batch GD,6,0.12606514095269092,1.032109458246564,0.96875,0.625,1,6,0.060552400012966245
S5,Full-batch GD,7,0.11058291567152306,1.0127650289142536,0.96875,0.625,1,7,0.06729279999854043
S5,Full-batch GD,8,0.09994548388914726,1.0074942392171722,0.96875,0.625,1,8,0.07245950005017221
S5,Full-batch GD,9,0.09045350339174435,0.9973987838106345,0.96875,0.75,1,9,0.07850820000749081
S5,Full-batch GD,10,0.0826840918925945,0.9733820341762387,0.96875,0.75,1,10,0.08494640002027154
S5,Full-batch GD,11,0.07699200718227425,0.9437411599489648,0.96875,0.75,1,11,0.09012609999626875
S5,Full-batch GD,12,0.07233062065025336,0.9206079827325632,0.96875,0.75,1,12,0.09628880000673234
S5,Full-batch GD,13,0.06832713369858417,0.8965329240252573,0.96875,0.75,1,13,0.10360860003856942
S5,Full-batch GD,14,0.06517042324918859,0.8830219967343452,0.96875,0.75,1,14,0.10829040000680834
S5,Full-batch GD,15,0.06250371266447036,0.8632134513929183,0.96875,0.75,1,15,0.11578440002631396
S5,Full-batch GD,16,0.06027659533300675,0.8475124827408707,0.96875,0.75,1,16,0.1227976000518538
S5,Full-batch GD,17,0.05813026020582826,0.8365728271335683,0.96875,0.75,1,17,0.12946770002599806
S5,Full-batch GD,18,0.05636672739719668,0.8214094546265358,0.96875,0.75,1,18,0.135033700033091
S5,Full-batch GD,19,0.05473617825746762,0.8111785219615,0.96875,0.75,1,19,0.14013320003869012
S5,Full-batch GD,20,0.053415209530560226,0.8033953494164485,0.96875,0.75,1,20,0.1513042000005953
S5,Full-batch GD,21,0.051945952639879604,0.7943119900965152,0.96875,0.75,1,21,0.15647700004046783
S5,Full-batch GD,22,0.05064997728099066,0.7873818036526707,0.96875,0.75,1,22,0.1626793000032194
S5,Full-batch GD,23,0.049570689975832194,0.7782552865758274,0.96875,0.75,1,23,0.1694376000086777
S5,Full-batch GD,24,0.04851249550698452,0.7721917543235668,0.96875,0.75,1,24,0.17611120000947267
S5,Full-batch GD,25,0.04751568392518814,0.7612141458892474,0.96875,0.75,1,25,0.1824355000280775
S5,Full-batch GD,26,0.04663378645809547,0.7546484504531856,0.96875,0.75,1,26,0.18756210000719875
S5,Full-batch GD,27,0.04580979100436537,0.7357461493472692,0.96875,0.75,1,27,0.19223610003245994
S5,Full-batch GD,28,0.044921676970373935,0.7322980273850489,0.96875,0.75,1,28,0.1978821000084281
S5,Full-batch GD,29,0.04415353221758723,0.7258778347101458,0.96875,0.75,1,29,0.2031423000153154
S5,Full-batch GD,30,0.04343369115505569,0.7213447047147274,0.96875,0.75,1,30,0.20991780003532767
S5,Full-batch GD,31,0.042810489559791186,0.7166945313287492,0.96875,0.75,1,31,0.21589530003257096
S5,Full-batch GD,32,0.042206102407465335,0.7150379921789328,0.96875,0.75,1,32,0.2220069000031799
S5,Full-batch GD,33,0.041539478344305054,0.7051350872210032,0.96875,0.75,1,33,0.22760240000206977
S5,Full-batch GD,34,0.04083128980858917,0.7005387058489876,0.96875,0.75,1,34,0.23318330000620335
S5,Full-batch GD,35,0.04027152494767224,0.6949496802308033,0.96875,0.75,1,35,0.23773069999879226
S5,Full-batch GD,36,0.03973036541227967,0.6912994671799947,0.96875,0.75,1,36,0.24242700001923367
S5,Full-batch GD,37,0.03910864989316419,0.6862347303547799,0.96875,0.75,1,37,0.2475937000126578
S5,Full-batch GD,38,0.03858158806611408,0.6828953329151028,0.96875,0.75,1,38,0.25496300001395866
S5,Full-batch GD,39,0.03813399473835314,0.6779314875186463,0.96875,0.75,1,39,0.2598998000030406
S5,Full-batch GD,40,0.037609964471790144,0.6735564864307517,0.96875,0.75,1,40,0.26491940004052594
S5,Full-batch GD,41,0.03708378596227999,0.6709062292624979,0.96875,0.75,1,41,0.27003290003631264
S5,Full-batch GD,42,0.03670446250031343,0.6676560755362465,0.96875,0.75,1,42,0.27557850000448525
S5,Full-batch GD,43,0.0363215479229079,0.6646517381673559,0.96875,0.75,1,43,0.2841597000369802
S5,Full-batch GD,44,0.035821358891497554,0.6601786032148378,1.0,0.75,1,44,0.2898503000033088
S5,Full-batch GD,45,0.03544754766648021,0.657055190333341,1.0,0.75,1,45,0.2974917000392452
S5,Full-batch GD,46,0.03499308816142314,0.6537381342586375,1.0,0.75,1,46,0.30366800003685057
S5,Full-batch GD,47,0.03456319551951529,0.6511502505987183,1.0,0.75,1,47,0.30953980004414916
S5,Full-batch GD,48,0.03434581705200229,0.6471181106366443,1.0,0.75,1,48,0.3161334000178613
S5,Full-batch GD,49,0.03485949204549629,0.6493776322697795,1.0,0.75,1,49,0.3210421000258066
S5,Full-batch GD,50,0.03378718646229358,0.6502112041908341,1.0,0.75,1,50,0.325631300045643
S5,Full-batch GD,51,0.03330076205427217,0.6492750911519309,1.0,0.75,1,51,0.33004410000285134
S5,Full-batch GD,52,0.032832799388936025,0.645833669337048,1.0,0.75,1,52,0.33524310000939295
S5,Full-batch GD,53,0.03238399936875957,0.6438408194435925,1.0,0.75,1,53,0.3401062000193633
S5,Full-batch GD,54,0.0320135281533676,0.6419370893368105,1.0,0.75,1,54,0.3443762000533752
S5,Full-batch GD,55,0.031666896944443516,0.6396924385443687,1.0,0.75,1,55,0.3515911000431515
S5,Full-batch GD,56,0.031272111378161965,0.6383039253227794,1.0,0.75,1,56,0.35723660001531243
S5,Full-batch GD,57,0.03088800874506616,0.6367183787252101,1.0,0.75,1,57,0.3628020000178367
S5,Full-batch GD,58,0.0305923434664084,0.6342641721413331,1.0,0.75,1,58,0.36863100004848093
S5,Full-batch GD,59,0.030204582716676462,0.6331819367587963,1.0,0.75,1,59,0.3741258000372909
S5,Full-batch GD,60,0.02981101333262526,0.6322750414726503,1.0,0.75,1,60,0.3787900000461377
S5,Full-batch GD,61,0.02951837852156048,0.6312178688784716,1.0,0.75,1,61,0.384366600017529
S5,Full-batch GD,62,0.02916969413370801,0.6303634842479355,1.0,0.75,1,62,0.38977170002181083
S5,Full-batch GD,63,0.028795165824660893,0.6289928722913583,1.0,0.75,1,63,0.39442970004165545
S5,Full-batch GD,64,0.028490467198480696,0.6281692972857993,1.0,0.75,1,64,0.401146600022912
S5,Full-batch GD,65,0.028169970220674852,0.6262368973003998,1.0,0.75,1,65,0.40597790002357215
S5,Full-batch GD,66,0.027807715943972806,0.6252093511814384,1.0,0.75,1,66,0.4107537000090815
S5,Full-batch GD,67,0.02750168048991715,0.624886709444643,1.0,0.75,1,67,0.4210816000122577
S5,Full-batch GD,68,0.02722496691061694,0.6221495671590956,1.0,0.75,1,68,0.4265385000035167
S5,Full-batch GD,69,0.02687689723059371,0.6215396108409783,1.0,0.75,1,69,0.4329117000452243
S5,Full-batch GD,70,0.026572803290263607,0.6206993896898148,1.0,0.75,1,70,0.4380428000004031
S5,Full-batch GD,71,0.026294860501130127,0.6184448915028546,1.0,0.75,1,71,0.44224950001807883
S5,Full-batch GD,72,0.02595971402110292,0.6183231252947797,1.0,0.75,1,72,0.44737410004017875
S5,Full-batch GD,73,0.02566020302115628,0.619316436712645,1.0,0.75,1,73,0.45217970001976937
S5,Full-batch GD,74,0.025396517891640408,0.6183319782917569,1.0,0.75,1,74,0.4562059000018053
S5,Full-batch GD,75,0.025077981215461773,0.618563524593545,1.0,0.75,1,75,0.4604508000193164
S5,Full-batch GD,76,0.024787961610386308,0.6193621018970316,1.0,0.75,1,76,0.467535300005693
S5,Full-batch GD,77,0.0245103421132141,0.6179819936804891,1.0,0.75,1,77,0.4731457000016235
S5,Full-batch GD,78,0.024182328246193888,0.6189063289006791,1.0,0.75,1,78,0.47807840001769364
S5,Full-batch GD,79,0.023911505104216826,0.6196471614004835,1.0,0.75,1,79,0.48253470001509413
S5,Full-batch GD,80,0.023630807438880966,0.618483240931399,1.0,0.75,1,80,0.48668200004613027
S5,Full-batch GD,81,0.023313219282829742,0.617863136941639,1.0,0.75,1,81,0.4937118000234477
S5,Full-batch GD,82,0.023059751643960177,0.6190831458245187,1.0,0.75,1,82,0.5016708000330254
S5,Full-batch GD,83,0.022759427501090557,0.6178423588953706,1.0,0.75,1,83,0.5059620999963954
S5,Full-batch GD,84,0.022448330883233353,0.618913775185801,1.0,0.75,1,84,0.5107966000214219
S5,Full-batch GD,85,0.022212979388190512,0.6176372656180971,1.0,0.75,1,85,0.5170564000145532
S5,Full-batch GD,86,0.021902082775395574,0.6187005038431879,1.0,0.75,1,86,0.5216624000458978
S5,Full-batch GD,87,0.021623456562065817,0.6190385968274525,1.0,0.75,1,87,0.5262068000156432
S5,Full-batch GD,88,0.02136493427457528,0.6185747435515797,1.0,0.75,1,88,0.5334771000198089
S5,Full-batch GD,89,0.02105803766458035,0.6194783702258173,1.0,0.75,1,89,0.5398917000275105
S5,Full-batch GD,90,0.02080837225986916,0.6199823977521752,1.0,0.75,1,90,0.5481081000179984
S5,Full-batch GD,91,0.0205260278015993,0.6195572852398381,1.0,0.75,1,91,0.5583115000044927
S5,Full-batch GD,92,0.020236018619338512,0.6204988945776916,1.0,0.75,1,92,0.5636161000002176
S5,Full-batch GD,93,0.020007144841586628,0.6194108977014656,1.0,0.75,1,93,0.5687461000052281
S5,Full-batch GD,94,0.01970576816911431,0.6204391040457456,1.0,0.75,1,94,0.5729511000099592
S5,Full-batch GD,95,0.019453574033824264,0.6213781087555103,1.0,0.75,1,95,0.5768251999979839
S5,Full-batch GD,96,0.01920795413128384,0.6205867925272962,1.0,0.75,1,96,0.5810363000491634
S5,Full-batch GD,97,0.018932376397129906,0.6201361891428034,1.0,0.75,1,97,0.5854055000236258
S5,Full-batch GD,98,0.018678881087408387,0.6199432990133671,1.0,0.75,1,98,0.5893445000401698
S5,Full-batch GD,99,0.0183969869739503,0.6206663525722241,1.0,0.75,1,99,0.5930493000196293
S5,Full-batch GD,100,0.018184006984955946,0.6205698603798783,1.0,0.75,1,100,0.5974147000233643
S5,Mini-batch GD,1,0.21740616467697182,0.6331087907725543,0.9375,0.5,4,4,0.015323999978136271
S5,Mini-batch GD,2,0.1011436152864438,0.46947479818584215,1.0,0.75,4,8,0.02500520000467077
S5,Mini-batch GD,3,0.06553258612861822,0.36308904731007396,1.0,0.75,4,12,0.041979099973104894
S5,Mini-batch GD,4,0.03959097291713397,0.33114874024185514,1.0,0.75,4,16,0.05170449998695403
S5,Mini-batch GD,5,0.027288286918875863,0.31274679340647904,1.0,0.875,4,20,0.06072809995384887
S5,Mini-batch GD,6,0.0206664992585761,0.30219826099795755,1.0,0.875,4,24,0.07039009995060042
S5,Mini-batch GD,7,0.01658609393129281,0.28765429840091794,1.0,0.875,4,28,0.07892989995889366
S5,Mini-batch GD,8,0.014147916010750248,0.2761089703070575,1.0,0.875,4,32,0.0876307999715209
S5,Mini-batch GD,9,0.012283267250736998,0.26627903042521606,1.0,0.875,4,36,0.09684489999199286
S5,Mini-batch GD,10,0.010834386656692981,0.25720994829417826,1.0,0.875,4,40,0.10638519999338314
S5,Mini-batch GD,11,0.009783286746815195,0.2545778207926059,1.0,0.875,4,44,0.11581909999949858
S5,Mini-batch GD,12,0.00885504763349303,0.24771899883151005,1.0,0.875,4,48,0.12642950000008568
S5,Mini-batch GD,13,0.008129020626804997,0.24128210384076465,1.0,0.875,4,52,0.13699589995667338
S5,Mini-batch GD,14,0.007526924706137068,0.23255024254562726,1.0,0.875,4,56,0.14656649995595217
S5,Mini-batch GD,15,0.006984915269336016,0.2271498854800869,1.0,0.875,4,60,0.15717629995197058
S5,Mini-batch GD,16,0.006517376976275815,0.22196816767462418,1.0,0.875,4,64,0.1654813999775797
S5,Mini-batch GD,17,0.006130022851544529,0.21790679249131992,1.0,0.875,4,68,0.17429959995206445
S5,Mini-batch GD,18,0.005786106863833682,0.21464010734704814,1.0,0.875,4,72,0.18253499997081235
S5,Mini-batch GD,19,0.005455429735468549,0.21118019086342693,1.0,0.875,4,76,0.19387560000177473
S5,Mini-batch GD,20,0.0051926645333487745,0.20736200331908988,1.0,0.875,4,80,0.20770839997567236
S5,Mini-batch GD,21,0.0049467452708801376,0.20439101202027704,1.0,0.875,4,84,0.2229679999873042
S5,Mini-batch GD,22,0.0046887204750521,0.20298853882949458,1.0,0.875,4,88,0.23213029996259138
S5,Mini-batch GD,23,0.0044875993662822095,0.20042264492578113,1.0,0.875,4,92,0.24270000000251457
S5,Mini-batch GD,24,0.004279616552450934,0.19791800487068284,1.0,0.875,4,96,0.2525803999742493
S5,Mini-batch GD,25,0.004088247816579412,0.19681974606486513,1.0,0.875,4,100,0.2612696999567561
S5,Mini-batch GD,26,0.003919140261493775,0.19442369264649553,1.0,0.875,4,104,0.2709906999953091
S5,Mini-batch GD,27,0.003769457463966986,0.19324666942559632,1.0,0.875,4,108,0.2796468999586068
S5,Mini-batch GD,28,0.003632250027215178,0.18990414737824163,1.0,0.875,4,112,0.29006899998057634
S5,Mini-batch GD,29,0.003489509722149206,0.188991519185504,1.0,0.875,4,116,0.2996090999804437
S5,Mini-batch GD,30,0.0033564022985133756,0.18839579945170898,1.0,0.875,4,120,0.3098472999990918
S5,Mini-batch GD,31,0.0032177841315718207,0.18806196762666982,1.0,0.875,4,124,0.3200263999751769
S5,Mini-batch GD,32,0.0030889825176701694,0.187572558667836,1.0,0.875,4,128,0.3292936999932863
S5,Mini-batch GD,33,0.0029851382299643106,0.18691311318882237,1.0,0.875,4,132,0.3385928999632597
S5,Mini-batch GD,34,0.002878435236920633,0.18673871528576283,1.0,0.875,4,136,0.3472405999782495
S5,Mini-batch GD,35,0.002785752817977761,0.18462054099125955,1.0,0.875,4,140,0.357541199948173
S5,Mini-batch GD,36,0.002691146976574948,0.184430698674889,1.0,0.875,4,144,0.3657857999787666
S5,Mini-batch GD,37,0.0026095900392613335,0.18449251494113422,1.0,0.875,4,148,0.3741073999553919
S5,Mini-batch GD,38,0.002529729785494434,0.1838839672929774,1.0,0.875,4,152,0.38202919997274876
S5,Mini-batch GD,39,0.002451210158768747,0.18385077076138473,1.0,0.875,4,156,0.392879199993331
S5,Mini-batch GD,40,0.0023815562890075626,0.18363914248990662,1.0,0.875,4,160,0.4018934999476187
S5,Mini-batch GD,41,0.0023153867876460972,0.18344045232050202,1.0,0.875,4,164,0.41080670000519603
S5,Mini-batch GD,42,0.0022551353512658317,0.18195444132675842,1.0,0.875,4,168,0.41928199998801574
S5,Mini-batch GD,43,0.0021933636084376287,0.18237918000418285,1.0,0.875,4,172,0.4285814999602735
S5,Mini-batch GD,44,0.0021354683273040976,0.18219898434929938,1.0,0.875,4,176,0.4371672999695875
S5,Mini-batch GD,45,0.0020820975966913155,0.18167969799544453,1.0,0.875,4,180,0.44590059999609366
S5,Mini-batch GD,46,0.0020269180817546334,0.18162673540616633,1.0,0.875,4,184,0.4559815999818966
S5,Mini-batch GD,47,0.00198168872662863,0.18124988337453263,1.0,0.875,4,188,0.464330599992536
S5,Mini-batch GD,48,0.0019340105857069746,0.18127574547675107,1.0,0.875,4,192,0.4725434999563731
S5,Mini-batch GD,49,0.0018911043338235818,0.18005001604834148,1.0,0.875,4,196,0.48046579997753724
S5,Mini-batch GD,50,0.0018490331869524998,0.17988442714907596,1.0,0.875,4,200,0.49024829996051267
S5,Mini-batch GD,51,0.0018073425286089639,0.17983529313164268,1.0,0.875,4,204,0.49912519997451454
S5,Mini-batch GD,52,0.001768637877002307,0.17985833560820522,1.0,0.875,4,208,0.5080014999839477
S5,Mini-batch GD,53,0.0017332154566641932,0.17977544293307218,1.0,0.875,4,212,0.5162782999686897
S5,Mini-batch GD,54,0.0016954343879854391,0.17950773743298798,1.0,0.875,4,216,0.5255456999875605
S5,Mini-batch GD,55,0.0016660424366671913,0.17832387247409798,1.0,0.875,4,220,0.5344166999566369
S5,Mini-batch GD,56,0.0016314510810379196,0.17847815787201093,1.0,0.875,4,224,0.5429226999985985
S5,Mini-batch GD,57,0.0016022595290649633,0.17841689761030605,1.0,0.875,4,228,0.5513590999762528
S5,Mini-batch GD,58,0.0015695622296751457,0.17854647625524875,1.0,0.875,4,232,0.5594440999557264
S5,Mini-batch GD,59,0.001539759358011496,0.1786262033785581,1.0,0.875,4,236,0.5693990999716334
S5,Mini-batch GD,60,0.0015128395669079674,0.1782772221576097,1.0,0.875,4,240,0.5795582999708131
S5,Mini-batch GD,61,0.001487305756841116,0.17847449759389492,1.0,0.875,4,244,0.589859500003513
S5,Mini-batch GD,62,0.0014627732176850884,0.17740928008812087,1.0,0.875,4,248,0.6018880999763496
S5,Mini-batch GD,63,0.0014362969137027485,0.17763224117717694,1.0,0.875,4,252,0.6124023000011221
S5,Mini-batch GD,64,0.001412279601220397,0.177664863774844,1.0,0.875,4,256,0.6279331999830902
S5,Mini-batch GD,65,0.0013882171774297581,0.17774362964626542,1.0,0.875,4,260,0.6375685999519192
S5,Mini-batch GD,66,0.001365219692935941,0.17792249113230835,1.0,0.875,4,264,0.647288899985142
S5,Mini-batch GD,67,0.0013454005235554436,0.17779529624077814,1.0,0.875,4,268,0.6567524999845773
S5,Mini-batch GD,68,0.0013247415494052645,0.17675790432749255,1.0,0.875,4,272,0.6649401999893598
S5,Mini-batch GD,69,0.0013037772898659608,0.1768936518201703,1.0,0.875,4,276,0.6736190999508835
S5,Mini-batch GD,70,0.0012837752038783574,0.17689856939159487,1.0,0.875,4,280,0.6811185999540612
S5,Mini-batch GD,71,0.001263421633122863,0.17705171500896313,1.0,0.875,4,284,0.690709299989976
S5,Mini-batch GD,72,0.0012442809517617236,0.1771508590865119,1.0,0.875,4,288,0.6984731999691576
S5,Mini-batch GD,73,0.0012267165009995776,0.1773400553134986,1.0,0.875,4,292,0.7096563999657519
S5,Mini-batch GD,74,0.0012109844028502167,0.1763858680155362,1.0,0.875,4,296,0.7205425999709405
S5,Mini-batch GD,75,0.0011919555436435375,0.17661535808308307,1.0,0.875,4,300,0.7288532999809831
S5,Mini-batch GD,76,0.001174949615201575,0.17665189699993566,1.0,0.875,4,304,0.7388850999996066
S5,Mini-batch GD,77,0.0011583861947184358,0.17689919697410061,1.0,0.875,4,308,0.75282159994822
S5,Mini-batch GD,78,0.0011410445282427923,0.17705625285411145,1.0,0.875,4,312,0.7717359999660403
S5,Mini-batch GD,79,0.001125675532097424,0.17725131020756218,1.0,0.875,4,316,0.7867469000048004
S5,Mini-batch GD,80,0.0011122470509294933,0.17651440947324604,1.0,0.875,4,320,0.7949471999891102
S5,Mini-batch GD,81,0.0010966186528899326,0.17674266769296856,1.0,0.875,4,324,0.8043585999985225
S5,Mini-batch GD,82,0.001081457479695026,0.17689521154573798,1.0,0.875,4,328,0.812478999956511
S5,Mini-batch GD,83,0.001067569564563438,0.176857361474658,1.0,0.875,4,332,0.8218686999753118
S5,Mini-batch GD,84,0.0010533479806208513,0.1769275527325632,1.0,0.875,4,336,0.8315589999547228
S5,Mini-batch GD,85,0.0010390581567842191,0.17715670903138633,1.0,0.875,4,340,0.8409203999908641
S5,Mini-batch GD,86,0.0010283596439963926,0.1764678280222425,1.0,0.875,4,344,0.848604200000409
S5,Mini-batch GD,87,0.0010152080017362063,0.1766401265576188,1.0,0.875,4,348,0.8594120999914594
S5,Mini-batch GD,88,0.001002913141232675,0.17702538057201855,1.0,0.875,4,352,0.8716349999886006
S5,Mini-batch GD,89,0.0009905822972594556,0.17683553195241092,1.0,0.875,4,356,0.888082499965094
S5,Mini-batch GD,90,0.000977980287159328,0.17706681707605434,1.0,0.875,4,360,0.8971227000001818
S5,Mini-batch GD,91,0.0009670734587100946,0.1771472728090887,1.0,0.875,4,364,0.9067603999865241
S5,Mini-batch GD,92,0.0009564722437739618,0.17725933801048244,1.0,0.875,4,368,0.9142201999784447
S5,Mini-batch GD,93,0.000946048656531687,0.17664828557713275,1.0,0.875,4,372,0.9236877999501303
S5,Mini-batch GD,94,0.0009344713667082303,0.17672174930797568,1.0,0.875,4,376,0.9313890999765135
S5,Mini-batch GD,95,0.0009237782840720596,0.17692080247475175,1.0,0.875,4,380,0.9406257999944501
S5,Mini-batch GD,96,0.0009136742614298504,0.17685106232831982,1.0,0.875,4,384,0.948335999972187
S5,Mini-batch GD,97,0.0009026718559872388,0.17706944348336923,1.0,0.875,4,388,0.9580560000031255
S5,Mini-batch GD,98,0.0008948272043115234,0.1770962551607911,1.0,0.875,4,392,0.9659702999633737
S5,Mini-batch GD,99,0.0008847822742881922,0.176687659002538,1.0,0.875,4,396,0.9747122999979183
S5,Mini-batch GD,100,0.0008755253235803596,0.17686768340241113,1.0,0.875,4,400,0.9824232999817468
S5,Stochastic GD,1,1.1433736566384902,0.8838986994474614,0.90625,0.625,32,32,0.05650259996764362
S5,Stochastic GD,2,1.452784586689655,0.7610061582551039,0.8125,0.75,32,64,0.10840570001164451
S5,Stochastic GD,3,3.9960267956822317,6.907755278982137,0.8125,0.75,32,96,0.16943710000487044
S5,Stochastic GD,4,1.8788011484410003,2.7014059999799724,0.875,0.875,32,128,0.2266175000113435
S5,Stochastic GD,5,0.49301990418046954,1.1346265918591254,0.875,0.875,32,160,0.2803944000042975
S5,Stochastic GD,6,0.031167603476839147,0.5697998442026718,1.0,0.875,32,192,0.33669289998942986
S5,Stochastic GD,7,0.010374820519299062,0.6365169404731227,1.0,0.875,32,224,0.3945684999926016
S5,Stochastic GD,8,0.005162022521857606,0.7224882772636612,1.0,0.875,32,256,0.44518280000193045
S5,Stochastic GD,9,0.0032866528189604443,0.8347035744173392,1.0,0.75,32,288,0.49778999999398366
S5,Stochastic GD,10,0.0023570401307907198,0.966284929314773,1.0,0.75,32,320,0.5513013000017963
S5,Stochastic GD,11,0.001816645876916421,1.086600616563523,1.0,0.75,32,352,0.6003502999665216
S5,Stochastic GD,12,0.0014670931328459175,1.188572835679957,1.0,0.75,32,384,0.6506441999808885
S5,Stochastic GD,13,0.001225069171721807,1.2744064612395156,1.0,0.75,32,416,0.7048261999734677
S5,Stochastic GD,14,0.0010475113058150327,1.3481782388718484,1.0,0.75,32,448,0.7587768000084907
S5,Stochastic GD,15,0.0009126561126761269,1.4118285642359312,1.0,0.75,32,480,0.8156461999751627
S5,Stochastic GD,16,0.000807065491141466,1.467534106514796,1.0,0.75,32,512,0.8729932999704033
S5,Stochastic GD,17,0.0007225178382698197,1.5164649268621977,1.0,0.75,32,544,0.9292076999554411
S5,Stochastic GD,18,0.0006533312656190223,1.5596925032118663,1.0,0.75,32,576,0.9835197000065818
S5,Stochastic GD,19,0.0005957680054234699,1.5987883467815243,1.0,0.75,32,608,1.0397061000112444
S5,Stochastic GD,20,0.000547364196497905,1.633157122202467,1.0,0.75,32,640,1.090759499988053
S5,Stochastic GD,21,0.0005061466781871917,1.664188254440748,1.0,0.75,32,672,1.1397635999601334
S5,Stochastic GD,22,0.00047076535317036627,1.6914708069686275,1.0,0.75,32,704,1.1914343999815173
S5,Stochastic GD,23,0.0004402491504606125,1.7149584802915967,1.0,0.75,32,736,1.2502408999716863
S5,Stochastic GD,24,0.00041348791196534496,1.7361167422064983,1.0,0.75,32,768,1.3038439999800175
S5,Stochastic GD,25,0.0003901865385814565,1.7528091625478976,1.0,0.75,32,800,1.3557905000052415
S5,Stochastic GD,26,0.0003693627889468595,1.7683323861559177,1.0,0.75,32,832,1.4039588999585249
S5,Stochastic GD,27,0.0003509667432566004,1.7795232781709427,1.0,0.75,32,864,1.4578742999583483
S5,Stochastic GD,28,0.0003343314415681015,1.7898347157200667,1.0,0.75,32,896,1.5263581000035629
S5,Stochastic GD,29,0.0003193508335746569,1.7970576450180917,1.0,0.75,32,928,1.6018946999683976
S5,Stochastic GD,30,0.0003056156270998563,1.8043205627403316,1.0,0.75,32,960,1.6689863000065088
S5,Stochastic GD,31,0.0002930376658228295,1.8103928887369063,1.0,0.75,32,992,1.7398059999686666
S5,Stochastic GD,32,0.0002815509000898682,1.812867182014411,1.0,0.75,32,1024,1.7910310999723151
S5,Stochastic GD,33,0.00027090805497119084,1.81461546222233,1.0,0.75,32,1056,1.8441437999717891
S5,Stochastic GD,34,0.0002610125058166623,1.815838777464914,1.0,0.75,32,1088,1.901514099969063
S5,Stochastic GD,35,0.0002517786043985847,1.8170765040961576,1.0,0.75,32,1120,1.9634526000008918
S5,Stochastic GD,36,0.0002431668773308046,1.8168631795345067,1.0,0.75,32,1152,2.0277302999747917
S5,Stochastic GD,37,0.00023509289546376933,1.8169572063397423,1.0,0.75,32,1184,2.0829547999892384
S5,Stochastic GD,38,0.00022751327948805834,1.815878863515525,1.0,0.75,32,1216,2.1336283999844454
S5,Stochastic GD,39,0.00022038233690183329,1.8152559652858795,1.0,0.75,32,1248,2.1881116000004113
S5,Stochastic GD,40,0.00021363849967365737,1.815402413488498,1.0,0.75,32,1280,2.241387699963525
S5,Stochastic GD,41,0.00020729127203042712,1.8146535240579538,1.0,0.75,32,1312,2.296302300004754
S5,Stochastic GD,42,0.00020127426633198396,1.8143622233763623,1.0,0.75,32,1344,2.3467200999730267
S5,Stochastic GD,43,0.00019558838874122645,1.8138245035242513,1.0,0.75,32,1376,2.3944652999634854
S5,Stochastic GD,44,0.000190194393301809,1.8118996963029212,1.0,0.75,32,1408,2.449659999983851
S5,Stochastic GD,45,0.00018507355399339763,1.8112915346021345,1.0,0.75,32,1440,2.504086999979336
S5,Stochastic GD,46,0.00018019958751034612,1.8099427892336948,1.0,0.75,32,1472,2.567095899954438
S5,Stochastic GD,47,0.00017556459871818746,1.8090617617681413,1.0,0.75,32,1504,2.628323199984152
S5,Stochastic GD,48,0.0001711483478572462,1.8066791378560234,1.0,0.75,32,1536,2.6818983999546617
S5,Stochastic GD,49,0.00016693742798733826,1.8050859505650643,1.0,0.75,32,1568,2.738520899962168
S5,Stochastic GD,50,0.00016290811510189857,1.8037277558455007,1.0,0.75,32,1600,2.791927999991458
S5,Stochastic GD,51,0.00015906561848513166,1.8015536703889212,1.0,0.75,32,1632,2.848803900007624
S5,Stochastic GD,52,0.00015537998168889487,1.800407836573342,1.0,0.75,32,1664,2.927448300004471
S5,Stochastic GD,53,0.00015185848950779952,1.7984627253524565,1.0,0.75,32,1696,2.985763599979691
S5,Stochastic GD,54,0.00014848214356582228,1.7970545682345809,1.0,0.75,32,1728,3.041442499961704
S5,Stochastic GD,55,0.00014523973824371607,1.7949494208313839,1.0,0.75,32,1760,3.099623399961274
S5,Stochastic GD,56,0.00014213206505035535,1.7929210192885583,1.0,0.75,32,1792,3.211093899968546
S5,Stochastic GD,57,0.0001391398616595388,1.7913283843605332,1.0,0.75,32,1824,3.350860400008969
S5,Stochastic GD,58,0.0001362679228569763,1.789972153136667,1.0,0.75,32,1856,3.4217902999953367
S5,Stochastic GD,59,0.00013350054255074125,1.788397149926157,1.0,0.75,32,1888,3.4868738999939524
S5,Stochastic GD,60,0.0001308362403955186,1.7869393615259586,1.0,0.75,32,1920,3.5565573999774642
S5,Stochastic GD,61,0.00012827358750032355,1.7853668225265547,1.0,0.75,32,1952,3.6065319000044838
S5,Stochastic GD,62,0.0001257989435770937,1.7843065822826263,1.0,0.75,32,1984,3.659055099997204
S5,Stochastic GD,63,0.00012341517283572832,1.7832000039185818,1.0,0.75,32,2016,3.731152599968482
S5,Stochastic GD,64,0.00012111216929563704,1.7820308860100857,1.0,0.75,32,2048,3.7800108999945223
S5,Stochastic GD,65,0.00011889060294169941,1.7807741019434562,1.0,0.75,32,2080,3.8359739999868907
S5,Stochastic GD,66,0.0001167423250436148,1.7794767124397586,1.0,0.75,32,2112,3.895679699955508
S5,Stochastic GD,67,0.00011466710103474683,1.778236881403339,1.0,0.75,32,2144,3.9699587000068277
S5,Stochastic GD,68,0.00011265857354902947,1.7767253428598477,1.0,0.75,32,2176,4.037279899988789
S5,Stochastic GD,69,0.0001107158801370339,1.775375105684259,1.0,0.75,32,2208,4.09405799995875
S5,Stochastic GD,70,0.00010883602110689763,1.7740239030375806,1.0,0.75,32,2240,4.143395899969619
S5,Stochastic GD,71,0.00010701202567853716,1.772453208659822,1.0,0.75,32,2272,4.202208000002429
S5,Stochastic GD,72,0.00010524737660081056,1.7709333107745433,1.0,0.75,32,2304,4.256417299970053
S5,Stochastic GD,73,0.00010353383759488515,1.7692502930070846,1.0,0.75,32,2336,4.3279079999774694
S5,Stochastic GD,74,0.00010187271664844461,1.767881322102055,1.0,0.75,32,2368,4.3867748999618925
S5,Stochastic GD,75,0.00010026113275079151,1.766352261328351,1.0,0.75,32,2400,4.457799899973907
S5,Stochastic GD,76,9.869682732491458e-05,1.764775262135401,1.0,0.75,32,2432,4.507578199962154
S5,Stochastic GD,77,9.717717792506733e-05,1.7633061559457441,1.0,0.75,32,2464,4.562140800000634
S5,Stochastic GD,78,9.570176524952818e-05,1.7622156471953085,1.0,0.75,32,2496,4.625444900011644
S5,Stochastic GD,79,9.426539592315858e-05,1.7611254892083215,1.0,0.75,32,2528,4.67709549999563
S5,Stochastic GD,80,9.287074608338192e-05,1.759660322755697,1.0,0.75,32,2560,4.733675899973605
S5,Stochastic GD,81,9.151340475809671e-05,1.7582429162151383,1.0,0.75,32,2592,4.80251299997326
S5,Stochastic GD,82,9.019432613834244e-05,1.7568600886724952,1.0,0.75,32,2624,4.856391999986954
S5,Stochastic GD,83,8.890788661471264e-05,1.7558137460754761,1.0,0.75,32,2656,4.909241599962115
S5,Stochastic GD,84,8.765722660473974e-05,1.754562425630007,1.0,0.75,32,2688,4.959245299978647
S5,Stochastic GD,85,8.643798615329523e-05,1.7532494834276817,1.0,0.75,32,2720,5.011885899992194
S5,Stochastic GD,86,8.525168451136073e-05,1.7520426901858188,1.0,0.75,32,2752,5.062934499990661
S5,Stochastic GD,87,8.409369151788267e-05,1.7507585992280492,1.0,0.75,32,2784,5.114706099964678
S5,Stochastic GD,88,8.296658249431281e-05,1.7496960002915232,1.0,0.75,32,2816,5.165873899997678
S5,Stochastic GD,89,8.186547609901787e-05,1.7486893164384938,1.0,0.75,32,2848,5.219457999977749
S5,Stochastic GD,90,8.07932643771013e-05,1.7476957268362132,1.0,0.75,32,2880,5.278033699956723
S5,Stochastic GD,91,7.974545577408678e-05,1.7466686252869366,1.0,0.75,32,2912,5.335852599993814
S5,Stochastic GD,92,7.872465212416054e-05,1.7454560371366028,1.0,0.75,32,2944,5.400051000004169
S5,Stochastic GD,93,7.772635971574858e-05,1.7444927089311113,1.0,0.75,32,2976,5.455323999980465
S5,Stochastic GD,94,7.675311433859095e-05,1.7432457478487842,1.0,0.75,32,3008,5.514474699972197
S5,Stochastic GD,95,7.580250004946251e-05,1.7422328630848054,1.0,0.75,32,3040,5.5797745999880135
S5,Stochastic GD,96,7.487226065465068e-05,1.7409809251553525,1.0,0.75,32,3072,5.660365499963518
S5,Stochastic GD,97,7.396350656147156e-05,1.7397540574038701,1.0,0.75,32,3104,5.7319738999940455
S5,Stochastic GD,98,7.307610393794784e-05,1.738715621170309,1.0,0.75,32,3136,5.801831999968272
S5,Stochastic GD,99,7.220761309851107e-05,1.7375433402475142,1.0,0.75,32,3168,5.866963599983137
S5,Stochastic GD,100,7.135906338100668e-05,1.7364469264520412,1.0,0.75,32,3200,5.927270399988629
S5,SGD + Momentum,1,0.4864942961198583,0.3319975119244313,0.90625,0.75,4,4,0.016834700014442205
S5,SGD + Momentum,2,0.05465445641673212,0.31164330642107274,0.96875,0.875,4,8,0.03569180000340566
S5,SGD + Momentum,3,0.00020210060693747077,4.409795571126304e-05,1.0,1.0,4,12,0.050698200007900596
S5,SGD + Momentum,4,0.0027125859238846224,0.004414519068501649,1.0,1.0,4,16,0.0659317999961786
S5,SGD + Momentum,5,3.72795842871552e-05,9.644919235849145e-09,1.0,1.0,4,20,0.07918120000977069
S5,SGD + Momentum,6,3.854291895380204e-07,3.109331434037372e-08,1.0,1.0,4,24,0.09278040000936016
S5,SGD + Momentum,7,0.8328472519797514,4.242435051020475,0.875,0.75,4,28,0.10629760002484545
S5,SGD + Momentum,8,4.7155261617334445e-06,0.002601923625617165,1.0,1.0,4,32,0.11985269997967407
S5,SGD + Momentum,9,1.384111387075082e-08,1.4676845524920614e-08,1.0,1.0,4,36,0.13294320000568405
S5,SGD + Momentum,10,0.18483211054979531,4.101316509296838e-11,0.96875,1.0,4,40,0.14802510000299662
S5,SGD + Momentum,11,4.959018169149286e-08,1.7381962547991937e-10,1.0,1.0,4,44,0.16346180002437904
S5,SGD + Momentum,12,3.683201142976372e-05,0.7491486025168457,1.0,0.875,4,48,0.18329170002834871
S5,SGD + Momentum,13,0.00020826270923269405,3.113862842252896,1.0,0.875,4,52,0.19778950000181794
S5,SGD + Momentum,14,0.035622168954798084,3.4538776394910693,0.96875,0.875,4,56,0.21121139999013394
S5,SGD + Momentum,15,7.108682488605911e-05,3.453877639491069,1.0,0.875,4,60,0.22431780002079904
S5,SGD + Momentum,16,7.235602474835771e-05,3.4538776394910684,1.0,0.875,4,64,0.23682829999597743
S5,SGD + Momentum,17,0.0003465506381932454,3.4538776394910684,1.0,0.875,4,68,0.2516804999904707
S5,SGD + Momentum,18,8.504041111750048e-06,3.4538776394910684,1.0,0.875,4,72,0.2657045000232756
S5,SGD + Momentum,19,1.7596997432281232e-06,3.4538776394910684,1.0,0.875,4,76,0.2803002999862656
S5,SGD + Momentum,20,1.6419791157829257e-06,3.4538776394910684,1.0,0.875,4,80,0.2945019999751821
S5,SGD + Momentum,21,1.66486676854318e-06,3.4538776394910684,1.0,0.875,4,84,0.30912410002201796
S5,SGD + Momentum,22,1.6328117372489993e-06,3.4538776394910684,1.0,0.875,4,88,0.3256393999909051
S5,SGD + Momentum,23,1.5570726010908357e-06,3.4538776394910684,1.0,0.875,4,92,0.34010779997333884
S5,SGD + Momentum,24,1.4921466043857125e-06,3.4538776394910684,1.0,0.875,4,96,0.35756239999318495
S5,SGD + Momentum,25,1.427902474458387e-06,3.4538776394910684,1.0,0.875,4,100,0.38413439999567345
S5,SGD + Momentum,26,1.3824006419261837e-06,3.4538776394910684,1.0,0.875,4,104,0.40185209998162463
S5,SGD + Momentum,27,1.3227020976690115e-06,3.4538776394910684,1.0,0.875,4,108,0.4160383000271395
S5,SGD + Momentum,28,1.2672354764621224e-06,3.4538776394910684,1.0,0.875,4,112,0.43000549997668713
S5,SGD + Momentum,29,1.2215887866292926e-06,3.4538776394910684,1.0,0.875,4,116,0.44245089998003095
S5,SGD + Momentum,30,1.1661716217669024e-06,3.4538776394910684,1.0,0.875,4,120,0.4572327000205405
S5,SGD + Momentum,31,1.115543458604422e-06,3.4538776394910684,1.0,0.875,4,124,0.4721109999809414
S5,SGD + Momentum,32,1.068170304654677e-06,3.4538776394910684,1.0,0.875,4,128,0.48595910001313314
S5,SGD + Momentum,33,1.0183659977621853e-06,3.4538776394910684,1.0,0.875,4,132,0.4996239999891259
S5,SGD + Momentum,34,9.73939805865859e-07,3.4538776394910684,1.0,0.875,4,136,0.5139964999980293
S5,SGD + Momentum,35,9.336016580208238e-07,3.4538776394910684,1.0,0.875,4,140,0.5300130000105128
S5,SGD + Momentum,36,8.973585940820004e-07,3.4538776394910684,1.0,0.875,4,144,0.5485734000103548
S5,SGD + Momentum,37,8.690358538167352e-07,3.4538776394910684,1.0,0.875,4,148,0.5616855000262149
S5,SGD + Momentum,38,8.375163458757336e-07,3.4538776394910684,1.0,0.875,4,152,0.5748735999804921
S5,SGD + Momentum,39,8.110733894568109e-07,3.4538776394910684,1.0,0.875,4,156,0.5881216999841854
S5,SGD + Momentum,40,7.828216754096067e-07,3.4538776394910684,1.0,0.875,4,160,0.6011440000147559
S5,SGD + Momentum,41,7.579487293354909e-07,3.4538776394910684,1.0,0.875,4,164,0.6139207999804057
S5,SGD + Momentum,42,7.357437514745369e-07,3.4538776394910684,1.0,0.875,4,168,0.6271119000157341
S5,SGD + Momentum,43,7.171376290402838e-07,3.4538776394910684,1.0,0.875,4,172,0.6403632999863476
S5,SGD + Momentum,44,6.955883225557152e-07,3.4538776394910684,1.0,0.875,4,176,0.6543775000027381
S5,SGD + Momentum,45,6.788471307519317e-07,3.4538776394910684,1.0,0.875,4,180,0.6676389999920502
S5,SGD + Momentum,46,6.601404112551253e-07,3.4538776394910684,1.0,0.875,4,184,0.6824992999900132
S5,SGD + Momentum,47,6.414009898766338e-07,3.4538776394910684,1.0,0.875,4,188,0.6988320000236854
S5,SGD + Momentum,48,6.251970801448898e-07,3.4538776394910684,1.0,0.875,4,192,0.7161352999974042
S5,SGD + Momentum,49,6.112087494592943e-07,3.4538776394910684,1.0,0.875,4,196,0.7396629999857396
S5,SGD + Momentum,50,5.976056404352764e-07,3.4538776394910684,1.0,0.875,4,200,0.7537930000107735
S5,SGD + Momentum,51,5.838587836198201e-07,3.4538776394910684,1.0,0.875,4,204,0.7673287999932654
S5,SGD + Momentum,52,5.709875668031775e-07,3.4538776394910684,1.0,0.875,4,208,0.7815356000210159
S5,SGD + Momentum,53,5.593942986976379e-07,3.4538776394910684,1.0,0.875,4,212,0.7959311999729834
S5,SGD + Momentum,54,5.486580762701833e-07,3.4538776394910684,1.0,0.875,4,216,0.8091718999785371
S5,SGD + Momentum,55,5.376295931302682e-07,3.4538776394910684,1.0,0.875,4,220,0.822996900009457
S5,SGD + Momentum,56,5.270359532311736e-07,3.4538776394910684,1.0,0.875,4,224,0.8358395000104792
S5,SGD + Momentum,57,5.162469930356204e-07,3.4538776394910684,1.0,0.875,4,228,0.8505669999867678
S5,SGD + Momentum,58,5.060335862176275e-07,3.4538776394910684,1.0,0.875,4,232,0.8636731000151485
S5,SGD + Momentum,59,4.960632310865464e-07,3.4538776394910684,1.0,0.875,4,236,0.876607000012882
S5,SGD + Momentum,60,4.87705551012252e-07,3.4538776394910684,1.0,0.875,4,240,0.8902263999916613
S5,SGD + Momentum,61,4.79448668440635e-07,3.4538776394910684,1.0,0.875,4,244,0.9032530999975279
S5,SGD + Momentum,62,4.717774080657598e-07,3.4538776394910684,1.0,0.875,4,248,0.9171936999773607
S5,SGD + Momentum,63,4.6375407964066743e-07,3.4538776394910684,1.0,0.875,4,252,0.9304715999751352
S5,SGD + Momentum,64,4.5602808642660823e-07,3.4538776394910684,1.0,0.875,4,256,0.9436454999959096
S5,SGD + Momentum,65,4.4853443983986574e-07,3.4538776394910684,1.0,0.875,4,260,0.9599759000120685
S5,SGD + Momentum,66,4.417187953743973e-07,3.4538776394910684,1.0,0.875,4,264,0.9734293000074103
S5,SGD + Momentum,67,4.3427941147395324e-07,3.4538776394910684,1.0,0.875,4,268,0.9908365000155754
S5,SGD + Momentum,68,4.2762176078332976e-07,3.4538776394910684,1.0,0.875,4,272,1.0048368999850936
S5,SGD + Momentum,69,4.213996797513336e-07,3.4538776394910684,1.0,0.875,4,276,1.0205964000197127
S5,SGD + Momentum,70,4.145570984365856e-07,3.4538776394910684,1.0,0.875,4,280,1.0341518999775872
S5,SGD + Momentum,71,4.086983098326743e-07,3.4538776394910684,1.0,0.875,4,284,1.0492209999938495
S5,SGD + Momentum,72,4.024041942783094e-07,3.4538776394910684,1.0,0.875,4,288,1.0663118999800645
S5,SGD + Momentum,73,3.969732529335464e-07,3.4538776394910684,1.0,0.875,4,292,1.0818520999746397
S5,SGD + Momentum,74,3.9184627951343564e-07,3.4538776394910684,1.0,0.875,4,296,1.0979607999906875
S5,SGD + Momentum,75,3.862653670157745e-07,3.4538776394910684,1.0,0.875,4,300,1.1146689999732189
S5,SGD + Momentum,76,3.8104273728777717e-07,3.4538776394910684,1.0,0.875,4,304,1.1296222999808379
S5,SGD + Momentum,77,3.7595415356263153e-07,3.4538776394910684,1.0,0.875,4,308,1.1456279000267386
S5,SGD + Momentum,78,3.711755395374625e-07,3.4538776394910684,1.0,0.875,4,312,1.1609912000130862
S5,SGD + Momentum,79,3.6666866347807377e-07,3.4538776394910684,1.0,0.875,4,316,1.1777854000101797
S5,SGD + Momentum,80,3.6163771545516096e-07,3.4538776394910684,1.0,0.875,4,320,1.1972213999833912
S5,SGD + Momentum,81,3.567381250523063e-07,3.4538776394910684,1.0,0.875,4,324,1.216772600018885
S5,SGD + Momentum,82,3.5213877118804234e-07,3.4538776394910684,1.0,0.875,4,328,1.2463804999715649
S5,SGD + Momentum,83,3.478085489735358e-07,3.4538776394910684,1.0,0.875,4,332,1.266251099994406
S5,SGD + Momentum,84,3.4388299255944804e-07,3.4538776394910684,1.0,0.875,4,336,1.28612120001344
S5,SGD + Momentum,85,3.3976490191035465e-07,3.4538776394910684,1.0,0.875,4,340,1.3177318000234663
S5,SGD + Momentum,86,3.3542704112386316e-07,3.4538776394910684,1.0,0.875,4,344,1.3332212999812327
S5,SGD + Momentum,87,3.318215956420636e-07,3.4538776394910684,1.0,0.875,4,348,1.352558400016278
S5,SGD + Momentum,88,3.278681896672544e-07,3.4538776394910684,1.0,0.875,4,352,1.369349599990528
S5,SGD + Momentum,89,3.2411198486229336e-07,3.4538776394910684,1.0,0.875,4,356,1.3859329000115395
S5,SGD + Momentum,90,3.2051869588752196e-07,3.4538776394910684,1.0,0.875,4,360,1.4010055999970064
S5,SGD + Momentum,91,3.1680820379967415e-07,3.4538776394910684,1.0,0.875,4,364,1.4166129999794066
S5,SGD + Momentum,92,3.136900922551181e-07,3.4538776394910684,1.0,0.875,4,368,1.4322310999850743
S5,SGD + Momentum,93,3.1033347546191767e-07,3.4538776394910684,1.0,0.875,4,372,1.446797400014475
S5,SGD + Momentum,94,3.069317341983014e-07,3.4538776394910684,1.0,0.875,4,376,1.4629240999929607
S5,SGD + Momentum,95,3.0343305727680887e-07,3.4538776394910684,1.0,0.875,4,380,1.477281600004062
S5,SGD + Momentum,96,3.0041566829418915e-07,3.4538776394910684,1.0,0.875,4,384,1.4915888999821618
S5,SGD + Momentum,97,2.972375291660483e-07,3.4538776394910684,1.0,0.875,4,388,1.5071769999922253
S5,SGD + Momentum,98,2.94192121185063e-07,3.4538776394910684,1.0,0.875,4,392,1.521587900002487
S5,SGD + Momentum,99,2.9112450610955155e-07,3.4538776394910684,1.0,0.875,4,396,1.536742000025697
S5,SGD + Momentum,100,2.881384632826457e-07,3.4538776394910684,1.0,0.875,4,400,1.551448000012897
S5,Adagrad,1,0.39730108856061946,1.8288332851423146,0.9375,0.625,4,4,0.021291000011842698
S5,Adagrad,2,0.032683343104002734,0.9802525557691323,1.0,0.75,4,8,0.049385599966626614
S5,Adagrad,3,0.007000555510704044,0.6247090000188257,1.0,0.75,4,12,0.06787819997407496
S5,Adagrad,4,0.004760727448060744,0.5398760373046956,1.0,0.75,4,16,0.08745039999485016
S5,Adagrad,5,0.0038307830383626203,0.4755448402053219,1.0,0.75,4,20,0.10816770000383258
S5,Adagrad,6,0.003222320933342454,0.4321448455580971,1.0,0.75,4,24,0.13029269996332005
S5,Adagrad,7,0.0027974416699552336,0.3955519513791318,1.0,0.75,4,28,0.1498585999943316
S5,Adagrad,8,0.00247581229078028,0.3677871434914198,1.0,0.75,4,32,0.16865070001222193
S5,Adagrad,9,0.0022214051605635044,0.34201434101414935,1.0,0.75,4,36,0.18922549998387694
S5,Adagrad,10,0.002018663916856231,0.32004233512303715,1.0,0.875,4,40,0.20950050000101328
S5,Adagrad,11,0.001851088822881493,0.3023332126921585,1.0,0.875,4,44,0.2312339000054635
S5,Adagrad,12,0.0017079810085603238,0.285361177641996,1.0,0.875,4,48,0.25153700000373647
S5,Adagrad,13,0.0015857028973732831,0.2703703177358039,1.0,0.875,4,52,0.27388009999413043
S5,Adagrad,14,0.0014805196119680826,0.256894799026393,1.0,0.875,4,56,0.29806190001545474
S5,Adagrad,15,0.001387707615421819,0.24570336784221652,1.0,0.875,4,60,0.3198998000007123
S5,Adagrad,16,0.0013033291900950634,0.23481828472308852,1.0,0.875,4,64,0.34117019997211173
S5,Adagrad,17,0.0011977609281748056,0.22454529640277035,1.0,0.875,4,68,0.362557599961292
S5,Adagrad,18,0.0011084746955839237,0.21540854726031253,1.0,0.875,4,72,0.3841940999845974
S5,Adagrad,19,0.0010319237321075553,0.2067071485220428,1.0,0.875,4,76,0.40415489999577403
S5,Adagrad,20,0.0009659749525750128,0.19879771633610352,1.0,0.875,4,80,0.42228289996273816
S5,Adagrad,21,0.0009083877997566391,0.19159144708814532,1.0,0.875,4,84,0.44139429996721447
S5,Adagrad,22,0.0008595875126701255,0.18536420242702578,1.0,0.875,4,88,0.46094879996962845
S5,Adagrad,23,0.0008189786461457519,0.17917452193464203,1.0,0.875,4,92,0.4821890000021085
S5,Adagrad,24,0.0007820477567762314,0.17337208910834104,1.0,0.875,4,96,0.5012814999790862
S5,Adagrad,25,0.0007483236778502013,0.16796153808116934,1.0,0.875,4,100,0.5200088999699801
S5,Adagrad,26,0.0007173964342684385,0.16291715582427937,1.0,0.875,4,104,0.5385817000060342
S5,Adagrad,27,0.0006889454845815611,0.1581453411989936,1.0,0.875,4,108,0.5579100999748334
S5,Adagrad,28,0.0006624833600312151,0.15394257487802374,1.0,0.875,4,112,0.5767218999681063
S5,Adagrad,29,0.0006380231439253785,0.14969608958300104,1.0,0.875,4,116,0.5964018999948166
S5,Adagrad,30,0.000615243852642676,0.14567860010550238,1.0,0.875,4,120,0.6148000999819487
S5,Adagrad,31,0.0005940631994627366,0.14191274911324728,1.0,0.875,4,124,0.6378151999670081
S5,Adagrad,32,0.0005742668523597459,0.13855975169397053,1.0,0.875,4,128,0.6568201999762096
S5,Adagrad,33,0.0005556651705639612,0.13515844143237277,1.0,0.875,4,132,0.6766454000025988
S5,Adagrad,34,0.0005382085835606196,0.1319160052786599,1.0,0.875,4,136,0.6980992999742739
S5,Adagrad,35,0.000521804863387017,0.12883565633885152,1.0,0.875,4,140,0.7167543999967165
S5,Adagrad,36,0.000506388840855525,0.12589545868892082,1.0,1.0,4,144,0.7350883999606594
S5,Adagrad,37,0.0004918430268637511,0.12311982293196706,1.0,1.0,4,148,0.7535202999715693
S5,Adagrad,38,0.0004780395182444007,0.12064267572898683,1.0,1.0,4,152,0.7722506999853067
S5,Adagrad,39,0.0004649775435627613,0.11808837371982507,1.0,1.0,4,156,0.7910794999916106
S5,Adagrad,40,0.00045262425593006056,0.1156456390963722,1.0,1.0,4,160,0.8093178999843076
S5,Adagrad,41,0.0004409055436701919,0.11331200504571137,1.0,1.0,4,164,0.8281621999922208
S5,Adagrad,42,0.00042977790973106565,0.11109135295211763,1.0,1.0,4,168,0.8467717999592423
S5,Adagrad,43,0.00041919969294594936,0.10896065156581777,1.0,1.0,4,172,0.8652792999637313
S5,Adagrad,44,0.0004090308385792825,0.10702284840995047,1.0,1.0,4,176,0.8859359999769367
S5,Adagrad,45,0.0003993940701538998,0.1050540867192582,1.0,1.0,4,180,0.9065790000022389
S5,Adagrad,46,0.0003901747466076928,0.1031437745677948,1.0,1.0,4,184,0.9284019999904558
S5,Adagrad,47,0.00038139467562611995,0.1013049665614569,1.0,1.0,4,188,0.9519825999741443
S5,Adagrad,48,0.0003729958065737985,0.09954946918913701,1.0,1.0,4,192,0.9718097999575548
S5,Adagrad,49,0.0003649098052232344,0.09794835973026751,1.0,1.0,4,196,0.9924755999818444
S5,Adagrad,50,0.00035717277154200406,0.09631825260798657,1.0,1.0,4,200,1.0151097999769263
S5,Adagrad,51,0.000349755605667481,0.094728839547989,1.0,1.0,4,204,1.0339760999777354
S5,Adagrad,52,0.0003426357428654061,0.09321212977954028,1.0,1.0,4,208,1.0544675000128336
S5,Adagrad,53,0.0003358081327275832,0.09173227118760557,1.0,1.0,4,212,1.0728774999734014
S5,Adagrad,54,0.0003292391893668407,0.09040495714417195,1.0,1.0,4,216,1.0922601000056602
S5,Adagrad,55,0.0003229076645874431,0.0890182915942998,1.0,1.0,4,220,1.110761999967508
S5,Adagrad,56,0.0003167247250149964,0.08767910584337207,1.0,1.0,4,224,1.130746899987571
S5,Adagrad,57,0.00031075720775950995,0.0863973831554733,1.0,1.0,4,228,1.149903199984692
S5,Adagrad,58,0.00030503304023594025,0.08515349658862603,1.0,1.0,4,232,1.1679442999884486
S5,Adagrad,59,0.00029956965614577207,0.08379873210512434,1.0,1.0,4,236,1.1862644999637268
S5,Adagrad,60,0.000294233245744463,0.0827068476055535,1.0,1.0,4,240,1.2049034999799915
S5,Adagrad,61,0.00028906650581956103,0.08157627926547611,1.0,1.0,4,244,1.2239323999965563
S5,Adagrad,62,0.00028407243108014116,0.08047857152573948,1.0,1.0,4,248,1.2475399000104517
S5,Adagrad,63,0.00027924549144770313,0.079413874163848,1.0,1.0,4,252,1.2665604999638163
S5,Adagrad,64,0.00027458291010087964,0.07837929303030591,1.0,1.0,4,256,1.2860627999762073
S5,Adagrad,65,0.00027007620526919444,0.07736246992722258,1.0,1.0,4,260,1.30465639999602
S5,Adagrad,66,0.00026572045174136556,0.07637544748440689,1.0,1.0,4,264,1.3233921999926679
S5,Adagrad,67,0.00026150070305796456,0.07542884777185645,1.0,1.0,4,268,1.3425260999938473
S5,Adagrad,68,0.00025740005050386245,0.07455093002463836,1.0,1.0,4,272,1.3622240999829955
S5,Adagrad,69,0.0002534252307045077,0.07365463356374552,1.0,1.0,4,276,1.3810572999645956
S5,Adagrad,70,0.00024956946444896285,0.07278110410477195,1.0,1.0,4,280,1.4001795999938622
S5,Adagrad,71,0.00024583544233340126,0.07193113319794031,1.0,1.0,4,284,1.4188537999871187
S5,Adagrad,72,0.00024220219744020357,0.0710901211730531,1.0,1.0,4,288,1.4376256999676116
S5,Adagrad,73,0.0002386848446398298,0.07028378094649229,1.0,1.0,4,292,1.4573864999692887
S5,Adagrad,74,0.0002352689300754952,0.06953559300254777,1.0,1.0,4,296,1.4765186000149697
S5,Adagrad,75,0.0002319466044061025,0.0687676239661769,1.0,1.0,4,300,1.4971462999819778
S5,Adagrad,76,0.0002287158526294362,0.06800863695748768,1.0,1.0,4,304,1.516266499995254
S5,Adagrad,77,0.000225573504105834,0.06727919100965361,1.0,1.0,4,308,1.5354440999799408
S5,Adagrad,78,0.00022251589189481094,0.06655752614805402,1.0,1.0,4,312,1.5535871000029147
S5,Adagrad,79,0.00021953940737090062,0.06586337019467445,1.0,1.0,4,316,1.5725395999616012
S5,Adagrad,80,0.00021664131873989125,0.06517429969911603,1.0,1.0,4,320,1.5923232999630272
S5,Adagrad,81,0.00021382282507054445,0.06455259250976272,1.0,1.0,4,324,1.611758999992162
S5,Adagrad,82,0.00021107137343135082,0.0638948113826539,1.0,1.0,4,328,1.631314600002952
S5,Adagrad,83,0.00020839240755113098,0.06325174742927357,1.0,1.0,4,332,1.6520135999890044
S5,Adagrad,84,0.00020577510166724206,0.06263351946118681,1.0,1.0,4,336,1.6711209999630228
S5,Adagrad,85,0.00020322498089762225,0.06202971549876279,1.0,1.0,4,340,1.6905727999983355
S5,Adagrad,86,0.00020073742017804824,0.06142819313957498,1.0,1.0,4,344,1.7093920999905095
S5,Adagrad,87,0.00019830913009149178,0.0608501793795384,1.0,1.0,4,348,1.7291528999921866
S5,Adagrad,88,0.00019594314404439565,0.06027568173166792,1.0,1.0,4,352,1.7470413999981247
S5,Adagrad,89,0.00019363846601486246,0.05971371623157092,1.0,1.0,4,356,1.7652402999810874
S5,Adagrad,90,0.0001913743085747512,0.05920547789819369,1.0,1.0,4,360,1.7835425999946892
S5,Adagrad,91,0.00018916448401051764,0.05867516128208192,1.0,1.0,4,364,1.8031612999620847
S5,Adagrad,92,0.00018700989395945675,0.058146616833732914,1.0,1.0,4,368,1.8224828999955207
S5,Adagrad,93,0.0001848987776453089,0.05763844692034455,1.0,1.0,4,372,1.840958299988415
S5,Adagrad,94,0.00018284101734620612,0.05714024246567033,1.0,1.0,4,376,1.8591502999770455
S5,Adagrad,95,0.0001808229855923239,0.056642836076231315,1.0,1.0,4,380,1.878112600010354
S5,Adagrad,96,0.00017885501806113671,0.056164780521467915,1.0,1.0,4,384,1.8980910999816842
S5,Adagrad,97,0.00017692858096621353,0.055687641365128486,1.0,1.0,4,388,1.9170722999842837
S5,Adagrad,98,0.00017507577414390785,0.055177887309160845,1.0,1.0,4,392,1.937017799995374
S5,Adagrad,99,0.00017322425864791128,0.05472893224412329,1.0,1.0,4,396,1.9565207000123337
S5,Adagrad,100,0.00017141116077019019,0.05428787771313942,1.0,1.0,4,400,1.9757743999944068
S5,RMSprop,1,6.152645728954663,6.907755278982137,0.6875,0.75,4,4,0.08978320000460371
S5,RMSprop,2,0.863484807981407,4.211226981293776e-07,0.96875,1.0,4,8,0.15014019998488948
S5,RMSprop,3,1.0532651637171284,1.1745741448843363,0.9375,0.75,4,12,0.17631680000340566
S5,RMSprop,4,2.090688733247687e-14,3.716814596160072e-05,1.0,1.0,4,16,0.20339829998556525
S5,RMSprop,5,2.090688733247687e-14,3.716814596218375e-05,1.0,1.0,4,20,0.22934449999593198
S5,RMSprop,6,2.090688733247687e-14,3.7168145962766796e-05,1.0,1.0,4,24,0.254517900000792
S5,RMSprop,7,2.090688733247687e-14,3.71681459633776e-05,1.0,1.0,4,28,0.2789942999952473
S5,RMSprop,8,2.090688733247687e-14,3.71681459639884e-05,1.0,1.0,4,32,0.3037588999723084
S5,RMSprop,9,2.090688733247687e-14,3.7168145964599207e-05,1.0,1.0,4,36,0.32653770002070814
S5,RMSprop,10,2.090688733247687e-14,3.7168145965237775e-05,1.0,1.0,4,40,0.35483570001088083
S5,RMSprop,11,2.090688733247687e-14,3.716814596590411e-05,1.0,1.0,4,44,0.3806827999651432
S5,RMSprop,12,2.090688733247687e-14,3.716814596657044e-05,1.0,1.0,4,48,0.40540869999676943
S5,RMSprop,13,2.090688733247687e-14,3.7168145967264535e-05,1.0,1.0,4,52,0.43427149998024106
S5,RMSprop,14,2.090688733247687e-14,3.7168145967958634e-05,1.0,1.0,4,56,0.4643501999671571
S5,RMSprop,15,2.090688733247687e-14,3.716814596865273e-05,1.0,1.0,4,60,0.49124469998059794
S5,RMSprop,16,2.090688733247687e-14,3.716814596937459e-05,1.0,1.0,4,64,0.5188243999728002
S5,RMSprop,17,2.090688733247687e-14,3.716814597012421e-05,1.0,1.0,4,68,0.5432996000163257
S5,RMSprop,18,2.090688733247687e-14,3.716814597087384e-05,1.0,1.0,4,72,0.5691431000013836
S5,RMSprop,19,2.090688733247687e-14,3.7168145971651223e-05,1.0,1.0,4,76,0.5942445999826305
S5,RMSprop,20,2.090688733247687e-14,3.716814597242861e-05,1.0,1.0,4,80,0.618497000017669
S5,RMSprop,21,2.090688733247687e-14,3.716814597323376e-05,1.0,1.0,4,84,0.6458248000126332
S5,RMSprop,22,2.090688733247687e-14,3.716814597403891e-05,1.0,1.0,4,88,0.6712763999821618
S5,RMSprop,23,2.090688733247687e-14,3.7168145974871826e-05,1.0,1.0,4,92,0.693587200017646
S5,RMSprop,24,2.090688733247687e-14,3.7168145975732506e-05,1.0,1.0,4,96,0.7188488999963738
S5,RMSprop,25,2.090688733247687e-14,3.716814597659318e-05,1.0,1.0,4,100,0.7423780999961309
S5,RMSprop,26,2.090688733247687e-14,3.716814597745386e-05,1.0,1.0,4,104,0.7674371000030078
S5,RMSprop,27,2.090688733247687e-14,3.7168145978370065e-05,1.0,1.0,4,108,0.7898505000048317
S5,RMSprop,28,2.090688733247687e-14,3.716814597928628e-05,1.0,1.0,4,112,0.8155684999655932
S5,RMSprop,29,2.090688733247687e-14,3.7168145980230244e-05,1.0,1.0,4,116,0.840268499974627
S5,RMSprop,30,2.090688733247687e-14,3.716814598120198e-05,1.0,1.0,4,120,0.8631459000171162
S5,RMSprop,31,2.090688733247687e-14,3.716814598217371e-05,1.0,1.0,4,124,0.8874782000202686
S5,RMSprop,32,2.090688733247687e-14,3.716814598315933e-05,1.0,1.0,4,128,0.9125593000208028
S5,RMSprop,33,2.090688733247687e-14,3.7168145984158824e-05,1.0,1.0,4,132,0.9364390000118874
S5,RMSprop,34,2.090688733247687e-14,3.7168145985213854e-05,1.0,1.0,4,136,0.9600894000031985
S5,RMSprop,35,2.090688733247687e-14,3.716814598626888e-05,1.0,1.0,4,140,0.9847355000092648
S5,RMSprop,36,2.090688733247687e-14,3.7168145987351664e-05,1.0,1.0,4,144,1.0086570999701507
S5,RMSprop,37,2.090688733247687e-14,3.716814598846222e-05,1.0,1.0,4,148,1.033635100000538
S5,RMSprop,38,2.090688733247687e-14,3.7168145989572774e-05,1.0,1.0,4,152,1.0575034000212327
S5,RMSprop,39,2.090688733247687e-14,3.7168145990738853e-05,1.0,1.0,4,156,1.0822301000007428
S5,RMSprop,40,2.090688733247687e-14,3.716814599190493e-05,1.0,1.0,4,160,1.1062721000052989
S5,RMSprop,41,2.090688733247687e-14,3.7168145993126544e-05,1.0,1.0,4,164,1.1315950999851339
S5,RMSprop,42,2.090688733247687e-14,3.716814599434815e-05,1.0,1.0,4,168,1.1559014999656938
S5,RMSprop,43,2.090688733247687e-14,3.716814599559752e-05,1.0,1.0,4,172,1.179963400005363
S5,RMSprop,44,2.090688733247687e-14,3.7168145996846896e-05,1.0,1.0,4,176,1.205014500010293
S5,RMSprop,45,2.090688733247687e-14,3.7168145998151794e-05,1.0,1.0,4,180,1.2325574000133201
S5,RMSprop,46,2.090688733247687e-14,3.71681459994567e-05,1.0,1.0,4,184,1.2608826999785379
S5,RMSprop,47,2.090688733247687e-14,3.716814600081712e-05,1.0,1.0,4,188,1.2854058999801055
S5,RMSprop,48,2.090688733247687e-14,3.7168146002205315e-05,1.0,1.0,4,192,1.3119121000054292
S5,RMSprop,49,2.090688733247687e-14,3.716814600359351e-05,1.0,1.0,4,196,1.3363665000069886
S5,RMSprop,50,2.090688733247687e-14,3.7168146005037224e-05,1.0,1.0,4,200,1.3622504000086337
S5,RMSprop,51,2.090688733247687e-14,3.716814600646706e-05,1.0,1.0,4,204,1.3869177000015043
S5,RMSprop,52,2.090688733247687e-14,3.716814600796631e-05,1.0,1.0,4,208,1.4114312999881804
S5,RMSprop,53,2.090688733247687e-14,3.716814600949332e-05,1.0,1.0,4,212,1.4365966999903321
S5,RMSprop,54,2.090688733247687e-14,3.7168146011048095e-05,1.0,1.0,4,216,1.460327300010249
S5,RMSprop,55,2.090688733247687e-14,3.716814601263064e-05,1.0,1.0,4,220,1.4864133999799378
S5,RMSprop,56,2.090688733247687e-14,3.7168146014240934e-05,1.0,1.0,4,224,1.5105701999855228
S5,RMSprop,57,2.090688733247687e-14,3.7168146015879e-05,1.0,1.0,4,228,1.5361786999856122
S5,RMSprop,58,2.090688733247687e-14,3.716814601757259e-05,1.0,1.0,4,232,1.5594182999921031
S5,RMSprop,59,2.090688733247687e-14,3.716814601926619e-05,1.0,1.0,4,236,1.5841502000112087
S5,RMSprop,60,2.090688733247687e-14,3.716814602101531e-05,1.0,1.0,4,240,1.6075639000046067
S5,RMSprop,61,2.090688733247687e-14,3.716814602281996e-05,1.0,1.0,4,244,1.6331575000076555
S5,RMSprop,62,2.090688733247687e-14,3.716814602465237e-05,1.0,1.0,4,248,1.6593332000193186
S5,RMSprop,63,2.090688733247687e-14,3.716814602651255e-05,1.0,1.0,4,252,1.6833713999949396
S5,RMSprop,64,2.090688733247687e-14,3.7168146028400486e-05,1.0,1.0,4,256,1.7086960999877192
S5,RMSprop,65,2.090688733247687e-14,3.7168146030330075e-05,1.0,1.0,4,260,1.7348636999959126
S5,RMSprop,66,2.090688733247687e-14,3.716814603230131e-05,1.0,1.0,4,264,1.7592333999928087
S5,RMSprop,67,2.090688733247687e-14,3.71681460343003e-05,1.0,1.0,4,268,1.784111800021492
S5,RMSprop,68,2.090688733247687e-14,3.716814603638259e-05,1.0,1.0,4,272,1.8079990000114776
S5,RMSprop,69,2.090688733247687e-14,3.716814603846488e-05,1.0,1.0,4,276,1.832888200005982
S5,RMSprop,70,2.090688733247687e-14,3.7168146040630456e-05,1.0,1.0,4,280,1.8563346000155434
S5,RMSprop,71,2.090688733247687e-14,3.7168146042796035e-05,1.0,1.0,4,284,1.8801951999776065
S5,RMSprop,72,2.090688733247687e-14,3.716814604504491e-05,1.0,1.0,4,288,1.9118458000011742
S5,RMSprop,73,2.090688733247687e-14,3.716814604732154e-05,1.0,1.0,4,292,1.9398380999919027
S5,RMSprop,74,2.090688733247687e-14,3.71681460496537e-05,1.0,1.0,4,296,1.9721985000069253
S5,RMSprop,75,2.090688733247687e-14,3.716814605201362e-05,1.0,1.0,4,300,1.999679800006561
S5,RMSprop,76,2.090688733247687e-14,3.71681460544152e-05,1.0,1.0,4,304,2.0249389999662526
S5,RMSprop,77,2.090688733247687e-14,3.716814605688618e-05,1.0,1.0,4,308,2.050551099993754
S5,RMSprop,78,2.090688733247687e-14,3.7168146059384924e-05,1.0,1.0,4,312,2.074590199976228
S5,RMSprop,79,2.090688733247687e-14,3.7168146061939196e-05,1.0,1.0,4,316,2.10279899998568
S5,RMSprop,80,2.090688733247687e-14,3.716814606454899e-05,1.0,1.0,4,320,2.12877790001221
S5,RMSprop,81,2.090688733247687e-14,3.716814606721432e-05,1.0,1.0,4,324,2.1551513000158593
S5,RMSprop,82,2.090688733247687e-14,3.716814606993518e-05,1.0,1.0,4,328,2.1793683000141755
S5,RMSprop,83,2.090688733247687e-14,3.7168146072711565e-05,1.0,1.0,4,332,2.2024881999823265
S5,RMSprop,84,2.090688733247687e-14,3.7168146075571236e-05,1.0,1.0,4,336,2.2266758999903686
S5,RMSprop,85,2.090688733247687e-14,3.716814607844479e-05,1.0,1.0,4,340,2.252507900004275
S5,RMSprop,86,2.090688733247687e-14,3.716814608138776e-05,1.0,1.0,4,344,2.2771295999991708
S5,RMSprop,87,2.090688733247687e-14,3.716814608444178e-05,1.0,1.0,4,348,2.3009938999894075
S5,RMSprop,88,2.090688733247687e-14,3.716814608752356e-05,1.0,1.0,4,352,2.3257597999763675
S5,RMSprop,89,2.090688733247687e-14,3.7168146090633115e-05,1.0,1.0,4,356,2.350220199965406
S5,RMSprop,90,2.090688733247687e-14,3.7168146093825955e-05,1.0,1.0,4,360,2.374229800014291
S5,RMSprop,91,2.090688733247687e-14,3.716814609710209e-05,1.0,1.0,4,364,2.3967277000192553
S5,RMSprop,92,2.090688733247687e-14,3.716814610041986e-05,1.0,1.0,4,368,2.4231985000078566
S5,RMSprop,93,2.090688733247687e-14,3.7168146103834814e-05,1.0,1.0,4,372,2.4478096999810077
S5,RMSprop,94,2.090688733247687e-14,3.716814610727753e-05,1.0,1.0,4,376,2.473712200007867
S5,RMSprop,95,2.090688733247687e-14,3.71681461108313e-05,1.0,1.0,4,380,2.5025186999700963
S5,RMSprop,96,2.090688733247687e-14,3.716814611441283e-05,1.0,1.0,4,384,2.5261496999883093
S5,RMSprop,97,2.090688733247687e-14,3.716814611810542e-05,1.0,1.0,4,388,2.551342399965506
S5,RMSprop,98,2.090688733247687e-14,3.7168146121825774e-05,1.0,1.0,4,392,2.5755241999868304
S5,RMSprop,99,2.090688733247687e-14,3.7168146125643304e-05,1.0,1.0,4,396,2.5998489999910817
S5,RMSprop,100,2.090688733247687e-14,3.7168146129558006e-05,1.0,1.0,4,400,2.632747699972242
S5,Adam,1,1.1744135639991826,0.3590343688184124,0.875,0.875,4,4,0.03747529996326193
S5,Adam,2,0.48734606359937405,4.6253954571125835,0.9375,0.75,4,8,0.08665809995727614
S5,Adam,3,0.35036853044618077,5.698233247514428,0.9375,0.75,4,12,0.121741299983114
S5,Adam,4,0.16539538789757818,0.006041694669620311,0.9375,1.0,4,16,0.16095559997484088
S5,Adam,5,1.8831308946802333e-09,0.06328272739366432,1.0,1.0,4,20,0.21242949995212257
S5,Adam,6,8.544905359153458e-09,1.0538778472587853,1.0,0.875,4,24,0.25524219998624176
S5,Adam,7,4.384565099369455e-08,1.8752154319489867,1.0,0.875,4,28,0.30492169997887686
S5,Adam,8,1.6634863933745884e-07,2.4684188031528356,1.0,0.875,4,32,0.34357009996892884
S5,Adam,9,4.505793896649148e-07,2.8895759872142444,1.0,0.875,4,36,0.376923399977386
S5,Adam,10,9.22547078542868e-07,3.1849562876550546,1.0,0.875,4,40,0.43156219995580614
S5,Adam,11,1.5343331251363194e-06,3.3901978095120575,1.0,0.875,4,44,0.4688700999831781
S5,Adam,12,2.1829800320075662e-06,3.4549051887937163,1.0,0.875,4,48,0.5013357999850996
S5,Adam,13,2.7733889245716363e-06,3.4549529180785767,1.0,0.875,4,52,0.534449799975846
S5,Adam,14,3.2554482577984254e-06,3.454984213008224,1.0,0.875,4,56,0.567943399946671
S5,Adam,15,3.604271883958829e-06,3.454999489242315,1.0,0.875,4,60,0.6015949999564327
S5,Adam,16,3.835028953597249e-06,3.4550035566918607,1.0,0.875,4,64,0.6339446999481879
S5,Adam,17,3.974944123425009e-06,3.45500063301688,1.0,0.875,4,68,0.670469599950593
S5,Adam,18,4.031392850052049e-06,3.4549894984924387,1.0,0.875,4,72,0.7132948999642394
S5,Adam,19,4.035536865505983e-06,3.454974480698538,1.0,0.875,4,76,0.7467863999772817
S5,Adam,20,4.008589253763786e-06,3.4549578969658383,1.0,0.875,4,80,0.7908575999899767
S5,Adam,21,3.960906205406958e-06,3.454940327076615,1.0,0.875,4,84,0.837581199943088
S5,Adam,22,3.877822414148189e-06,3.4549175809898993,1.0,0.875,4,88,0.8690208999905735
S5,Adam,23,3.7947002421440944e-06,3.454896364136692,1.0,0.875,4,92,0.8991152999806218
S5,Adam,24,3.7115119252264457e-06,3.4548760706330652,1.0,0.875,4,96,0.9365321999648586
S5,Adam,25,3.615609674878413e-06,3.4548537103167987,1.0,0.875,4,100,0.973625099984929
S5,Adam,26,3.5115559636896953e-06,3.454829906366475,1.0,0.875,4,104,1.0038911000010557
S5,Adam,27,3.411598962748682e-06,3.4548071938053533,1.0,0.875,4,108,1.0320232999511063
S5,Adam,28,3.308919798172841e-06,3.4547839505754188,1.0,0.875,4,112,1.0610647999565117
S5,Adam,29,3.217759690024982e-06,3.4547632598064224,1.0,0.875,4,116,1.0904112999560311
S5,Adam,30,3.1316009803295314e-06,3.454743743147279,1.0,0.875,4,120,1.1197776999906637
S5,Adam,31,3.0603428352726622e-06,3.4547275108312596,1.0,0.875,4,124,1.1561810999992304
S5,Adam,32,2.9853319378243593e-06,3.4547103429972545,1.0,0.875,4,128,1.1894426999497227
S5,Adam,33,2.9121380164030846e-06,3.4546936084077386,1.0,0.875,4,132,1.2207326999632642
S5,Adam,34,2.838307501368571e-06,3.4546766256120764,1.0,0.875,4,136,1.264050799945835
S5,Adam,35,2.760923891471293e-06,3.454658793762814,1.0,0.875,4,140,1.3036645999527536
S5,Adam,36,2.6820457886100094e-06,3.454640521761238,1.0,0.875,4,144,1.333856699988246
S5,Adam,37,2.6186726987177214e-06,3.4546257371408426,1.0,0.875,4,148,1.3647517999634147
S5,Adam,38,2.5504439437055675e-06,3.45460976212428,1.0,0.875,4,152,1.3941627999884076
S5,Adam,39,2.4814465528899178e-06,3.454593559621044,1.0,0.875,4,156,1.4330262999865226
S5,Adam,40,2.4177399717907036e-06,3.4545785488095424,1.0,0.875,4,160,1.4631022999528795
S5,Adam,41,2.3613656549274487e-06,3.4545651807448756,1.0,0.875,4,164,1.4917661999934353
S5,Adam,42,2.3101455058256034e-06,3.4545529512422717,1.0,0.875,4,168,1.5199408999760635
S5,Adam,43,2.250139631946155e-06,3.454538573066902,1.0,0.875,4,172,1.5496142999618314
S5,Adam,44,2.190722557667589e-06,3.4545242802707485,1.0,0.875,4,176,1.5833772999467328
S5,Adam,45,2.1463340571458437e-06,3.4545135194849856,1.0,0.875,4,180,1.611497399979271
S5,Adam,46,2.1013652791066417e-06,3.454502588136822,1.0,0.875,4,184,1.6421070999931544
S5,Adam,47,2.0498671289362008e-06,3.4544900605652935,1.0,0.875,4,188,1.6713407999486662
S5,Adam,48,1.9983152019110305e-06,3.4544774535178266,1.0,0.875,4,192,1.7052728999988176
S5,Adam,49,1.9573045926479857e-06,3.454467390577907,1.0,0.875,4,196,1.7397829999681562
S5,Adam,50,1.913671790253943e-06,3.4544566425032586,1.0,0.875,4,200,1.7687574999872595
S5,Adam,51,1.874098784954115e-06,3.4544468176139205,1.0,0.875,4,204,1.7981667999993078
S5,Adam,52,1.833082413544483e-06,3.4544366300516054,1.0,0.875,4,208,1.8272453999961726
S5,Adam,53,1.7991579726902866e-06,3.4544281377351886,1.0,0.875,4,212,1.8576071999850683
S5,Adam,54,1.7615726880721488e-06,3.454418703318491,1.0,0.875,4,216,1.8863361999974586
S5,Adam,55,1.7203824863260787e-06,3.454408342906219,1.0,0.875,4,220,1.915939399972558
S5,Adam,56,1.6849435645788632e-06,3.454399400196841,1.0,0.875,4,224,1.9453843999654055
S5,Adam,57,1.6550357807197536e-06,3.4543917789050105,1.0,0.875,4,228,1.982575399975758
S5,Adam,58,1.625149370323614e-06,3.4543841650501705,1.0,0.875,4,232,2.0111734999809414
S5,Adam,59,1.5946817445143315e-06,3.4543763627950703,1.0,0.875,4,236,2.040317699953448
S5,Adam,60,1.5623882136194724e-06,3.4543680867005393,1.0,0.875,4,240,2.0711306000011973
S5,Adam,61,1.5340166488765083e-06,3.4543607878168734,1.0,0.875,4,244,2.1740501999738626
S5,Adam,62,1.5017859131530815e-06,3.454352489037216,1.0,0.875,4,248,2.3348014999646693
S5,Adam,63,1.4697147041623288e-06,3.454344195873911,1.0,0.875,4,252,2.3691739999921992
S5,Adam,64,1.4433157550939214e-06,3.454337318385431,1.0,0.875,4,256,2.4003501999541186
S5,Adam,65,1.4137775431138597e-06,3.454329611763272,1.0,0.875,4,260,2.4312935999478213
S5,Adam,66,1.3877351782510466e-06,3.4543227840378474,1.0,0.875,4,264,2.4622443999978714
S5,Adam,67,1.3639344261321197e-06,3.454316503976447,1.0,0.875,4,268,2.493510000000242
S5,Adam,68,1.3388291208250198e-06,3.454309878194273,1.0,0.875,4,272,2.529698899947107
S5,Adam,69,1.3181787256473663e-06,3.454304397601304,1.0,0.875,4,276,2.558018899988383
S5,Adam,70,1.2925273323362466e-06,3.454297607554193,1.0,0.875,4,280,2.590408699994441
S5,Adam,71,1.2698836826002603e-06,3.4542915817590965,1.0,0.875,4,284,2.621476599946618
S5,Adam,72,1.2511630840033628e-06,3.4542865706401513,1.0,0.875,4,288,2.6509343999787234
S5,Adam,73,1.2273751104566723e-06,3.4542802044895904,1.0,0.875,4,292,2.679197799996473
S5,Adam,74,1.2091330617343212e-06,3.4542752763034126,1.0,0.875,4,296,2.710857499972917
S5,Adam,75,1.190400734376485e-06,3.454270204197934,1.0,0.875,4,300,2.7451021999586374
S5,Adam,76,1.167919715615725e-06,3.4542641407603125,1.0,0.875,4,304,2.777961599989794
S5,Adam,77,1.150874257023105e-06,3.454259504545305,1.0,0.875,4,308,2.8072302999789827
S5,Adam,78,1.131828475678783e-06,3.4542543090160107,1.0,0.875,4,312,2.8378916999790817
S5,Adam,79,1.1113571722077282e-06,3.4542487359042484,1.0,0.875,4,316,2.8774552999529988
S5,Adam,80,1.0942783781880997e-06,3.4542440480904575,1.0,0.875,4,320,2.9085168999736197
S5,Adam,81,1.0790368195454153e-06,3.4542398600219912,1.0,0.875,4,324,2.937789599993266
S5,Adam,82,1.063090281235528e-06,3.4542354520402307,1.0,0.875,4,328,2.9677590999635868
S5,Adam,83,1.0461600181323335e-06,3.454230779163519,1.0,0.875,4,332,2.9956502999993972
S5,Adam,84,1.0285293751958653e-06,3.4542258961560792,1.0,0.875,4,336,3.030499799991958
S5,Adam,85,1.013210402882407e-06,3.4542216451616,1.0,0.875,4,340,3.0589155999477953
S5,Adam,86,9.957322324072548e-07,3.4542167719612853,1.0,0.875,4,344,3.0897372999461368
S5,Adam,87,9.805907620855763e-07,3.454212541941239,1.0,0.875,4,348,3.1174925999948755
S5,Adam,88,9.667102714801375e-07,3.4542086401360192,1.0,0.875,4,352,3.144751299987547
S5,Adam,89,9.529333293714975e-07,3.454204760613155,1.0,0.875,4,356,3.1792287999996915
S5,Adam,90,9.383496689539976e-07,3.454200649365788,1.0,0.875,4,360,3.2100494999904186
S5,Adam,91,9.254966248109973e-07,3.454197019848695,1.0,0.875,4,364,3.2384920999757014
S5,Adam,92,9.12808820826212e-07,3.4541934309376323,1.0,0.875,4,368,3.2673265999765135
S5,Adam,93,8.999081201448693e-07,3.4541897581858043,1.0,0.875,4,372,3.295174299972132
S5,Adam,94,8.872694583475896e-07,3.4541861530871687,1.0,0.875,4,376,3.323823499958962
S5,Adam,95,8.742003774688084e-07,3.454182427922617,1.0,0.875,4,380,3.353741899947636
S5,Adam,96,8.609767908440594e-07,3.4541786527133005,1.0,0.875,4,384,3.3817313999752514
S5,Adam,97,8.508388094235799e-07,3.454175734910339,1.0,0.875,4,388,3.410981399996672
S5,Adam,98,8.394308682562825e-07,3.454172451043508,1.0,0.875,4,392,3.4513338999822736
S5,Adam,99,8.265774317055424e-07,3.454168744538298,1.0,0.875,4,396,3.4824280999600887
S5,Adam,100,8.161864633324674e-07,3.4541657405637247,1.0,0.875,4,400,3.5112227999488823
S5,AdamW,1,1.1737254483052229,0.3592149156765453,0.875,0.875,4,4,0.030428500031121075
S5,AdamW,2,0.4865695551000371,4.6164509304044605,0.9375,0.75,4,8,0.05935200001113117
S5,AdamW,3,0.34985471099062104,5.6849854905780095,0.9375,0.75,4,12,0.09270060004200786
S5,AdamW,4,0.16383396451911494,0.006183683918530588,0.9375,1.0,4,16,0.1344523000298068
S5,AdamW,5,1.98386462407859e-09,0.05871078025936489,1.0,1.0,4,20,0.16589340002974495
S5,AdamW,6,8.585092772123529e-09,1.0225205306519327,1.0,0.875,4,24,0.19532110000727698
S5,AdamW,7,4.2040488807113464e-08,1.8272375362202264,1.0,0.875,4,28,0.22864860005211085
S5,AdamW,8,1.5453011868186454e-07,2.40649343412427,1.0,0.875,4,32,0.2585604000487365
S5,AdamW,9,4.152851669607401e-07,2.8160015843893906,1.0,0.875,4,36,0.28912100003799424
S5,AdamW,10,8.496053112863765e-07,3.1016217590014925,1.0,0.875,4,40,0.32038220000686124
S5,AdamW,11,1.410859399445988e-06,3.298518342450942,1.0,0.875,4,44,0.3506656000390649
S5,AdamW,12,2.0095400447654607e-06,3.432545475482388,1.0,0.875,4,48,0.382430600002408
S5,AdamW,13,2.56426394858655e-06,3.4548547460344174,1.0,0.875,4,52,0.4140431000269018
S5,AdamW,14,3.030239705493932e-06,3.4548864444549183,1.0,0.875,4,56,0.44443390000378713
S5,AdamW,15,3.3842080861438648e-06,3.454905035135947,1.0,0.875,4,60,0.47696280002128333
S5,AdamW,16,3.6370179717110885e-06,3.4549143287955593,1.0,0.875,4,64,0.5120087999966927
S5,AdamW,17,3.8104766039602424e-06,3.4549177040950623,1.0,0.875,4,68,0.541404900024645
S5,AdamW,18,3.9094729853697385e-06,3.4549139764117394,1.0,0.875,4,72,0.572546000010334
S5,AdamW,19,3.96035991561206e-06,3.45490672636034,1.0,0.875,4,76,0.5998752000159584
S5,AdamW,20,3.9813111250254516e-06,3.4548978544950084,1.0,0.875,4,80,0.630725099996198
S5,AdamW,21,3.981312719838763e-06,3.4548878324760857,1.0,0.875,4,84,0.6675155000411905
S5,AdamW,22,3.945450834004863e-06,3.454872801705356,1.0,0.875,4,88,0.6969725000089966
S5,AdamW,23,3.907333404426514e-06,3.4548588249909686,1.0,0.875,4,92,0.7303307999973185
S5,AdamW,24,3.866846178022415e-06,3.4548453382456548,1.0,0.875,4,96,0.7714668000116944
S5,AdamW,25,3.8109196930150403e-06,3.4548295122061883,1.0,0.875,4,100,0.7996388000319712
S5,AdamW,26,3.7436205192153264e-06,3.4548118575479956,1.0,0.875,4,104,0.832377600017935
S5,AdamW,27,3.677902146769733e-06,3.4547948686419403,1.0,0.875,4,108,0.8659533000318334
S5,AdamW,28,3.606317799721606e-06,3.4547769280660603,1.0,0.875,4,112,0.9034562000306323
S5,AdamW,29,3.5447492018494514e-06,3.4547611668708478,1.0,0.875,4,116,0.9318068000138737
S5,AdamW,30,3.486456580247945e-06,3.4547462807216642,1.0,0.875,4,120,0.9620959000312723
S5,AdamW,31,3.4431068571065245e-06,3.454734481440178,1.0,0.875,4,124,0.9908801999990828
S5,AdamW,32,3.39286228075786e-06,3.4547213111338952,1.0,0.875,4,128,1.0269740000367165
S5,AdamW,33,3.3428080882280464e-06,3.4547083364948583,1.0,0.875,4,132,1.0639295000000857
S5,AdamW,34,3.2896083683321492e-06,3.454694741585779,1.0,0.875,4,136,1.0964010000461712
S5,AdamW,35,3.229788517988033e-06,3.4546799133993407,1.0,0.875,4,140,1.129672600014601
S5,AdamW,36,3.1657340338550532e-06,3.4546642719271894,1.0,0.875,4,144,1.1622909000143409
S5,AdamW,37,3.1196686113742904e-06,3.4546522901556376,1.0,0.875,4,148,1.1936072999960743
S5,AdamW,38,3.065165177821547e-06,3.4546386582070716,1.0,0.875,4,152,1.228166000044439
S5,AdamW,39,3.0077041391192037e-06,3.454624511840978,1.0,0.875,4,156,1.265192000020761
S5,AdamW,40,2.9555984886981213e-06,3.454611525788976,1.0,0.875,4,160,1.2983380000223406
S5,AdamW,41,2.9117231120175492e-06,3.454600218749655,1.0,0.875,4,164,1.3361238000215963
S5,AdamW,42,2.8733106125777947e-06,3.454590018885248,1.0,0.875,4,168,1.3731092000380158
S5,AdamW,43,2.8206238158335035e-06,3.454576977106664,1.0,0.875,4,172,1.4118585000396706
S5,AdamW,44,2.7671287782278253e-06,3.454563831823971,1.0,0.875,4,176,1.4422837000456639
S5,AdamW,45,2.7340141947271177e-06,3.4545548122512777,1.0,0.875,4,180,1.4709828000050038
S5,AdamW,46,2.6986704291141537e-06,3.446732409148576,1.0,0.875,4,184,1.5003038000431843
S5,AdamW,47,2.6521385126760605e-06,3.4378310033829456,1.0,0.875,4,188,1.528754300030414
S5,AdamW,48,2.603981643573581e-06,3.428782118281742,1.0,0.875,4,192,1.5736615000059828
S5,AdamW,49,2.570866294327074e-06,3.4206494805359213,1.0,0.875,4,196,1.6020997000159696
S5,AdamW,50,2.5323110882815176e-06,3.412143615586082,1.0,0.875,4,200,1.6318470000405796
S5,AdamW,51,2.4987206200783715e-06,3.4039282136058504,1.0,0.875,4,204,1.6618499000323936
S5,AdamW,52,2.461775160373836e-06,3.3954702951981544,1.0,0.875,4,208,1.694928000040818
S5,AdamW,53,2.435072466574199e-06,3.38767022862407,1.0,0.875,4,212,1.7306510000489652
S5,AdamW,54,2.4011692360500065e-06,3.3793652810372024,1.0,0.875,4,216,1.763912700000219
S5,AdamW,55,2.3601564962609522e-06,3.370541879188979,1.0,0.875,4,220,1.7930355000426061
S5,AdamW,56,2.3278341932773633e-06,3.362291677373527,1.0,0.875,4,224,1.824320900021121
S5,AdamW,57,2.303667479198058e-06,3.3545924967597864,1.0,0.875,4,228,1.8558769000228494
S5,AdamW,58,2.278771316013165e-06,3.346833147851996,1.0,0.875,4,232,1.89388260000851
S5,AdamW,59,2.2517675891526593e-06,3.338904404225319,1.0,0.875,4,236,1.9227113000233658
S5,AdamW,60,2.2206679614641473e-06,3.3306585410445857,1.0,0.875,4,240,1.9522941000177525
S5,AdamW,61,2.1957245245285782e-06,3.322848581791853,1.0,0.875,4,244,1.9832348000491038
S5,AdamW,62,2.162933654020932e-06,3.31443129240278,1.0,0.875,4,248,2.021301900036633
S5,AdamW,63,2.1294536750574283e-06,3.305928703340285,1.0,0.875,4,252,2.0663239000132307
S5,AdamW,64,2.1054160672161087e-06,3.2981268748261683,1.0,0.875,4,256,2.098846400040202
S5,AdamW,65,2.074697429585776e-06,3.289782970058538,1.0,0.875,4,260,2.13442610000493
S5,AdamW,66,2.049709457687083e-06,3.2818686725841077,1.0,0.875,4,264,2.166335900023114
S5,AdamW,67,2.0280715482635994e-06,3.2742049862820806,1.0,0.875,4,268,2.200498400023207
S5,AdamW,68,2.003272143261343e-06,3.2662724474179523,1.0,0.875,4,272,2.23951240000315
S5,AdamW,69,1.986420480705593e-06,3.2589790471334203,1.0,0.875,4,276,2.2745798000250943
S5,AdamW,70,1.95916620913012e-06,3.2508142370917885,1.0,0.875,4,280,2.310665800003335
S5,AdamW,71,1.9370779085225553e-06,3.2430611334068646,1.0,0.875,4,284,2.3535147000220604
S5,AdamW,72,1.922163433090443e-06,3.2359061345203632,1.0,0.875,4,288,2.3927821000106633
S5,AdamW,73,1.8962611244647614e-06,3.2277985899587063,1.0,0.875,4,292,2.4325494000222534
S5,AdamW,74,1.8808840511394603e-06,3.220584819064813,1.0,0.875,4,296,2.4750368000240996
S5,AdamW,75,1.8638588408317987e-06,3.2132207890647937,1.0,0.875,4,300,2.5197880000341684
S5,AdamW,76,1.8386041313256733e-06,3.2051206559938916,1.0,0.875,4,304,2.553718100010883
S5,AdamW,77,1.8240774722005448e-06,3.1979623228715974,1.0,0.875,4,308,2.5852954000001773
S5,AdamW,78,1.8045385005437993e-06,3.1903414595513637,1.0,0.875,4,312,2.6190992000047117
S5,AdamW,79,1.7815820552090677e-06,3.182397313663036,1.0,0.875,4,316,2.664518100034911
S5,AdamW,80,1.7651967323997545e-06,3.1750412309706166,1.0,0.875,4,320,2.702117200009525
S5,AdamW,81,1.7524944052739424e-06,3.168026140658899,1.0,0.875,4,324,2.7578917000209913
S5,AdamW,82,1.7374334441592874e-06,3.1607808692422994,1.0,0.875,4,328,2.795955900044646
S5,AdamW,83,1.7198013301229665e-06,3.153287029628544,1.0,0.875,4,332,2.839064600004349
S5,AdamW,84,1.6999337948494233e-06,3.1455640823043556,1.0,0.875,4,336,2.874503700004425
S5,AdamW,85,1.6849846195252538e-06,3.1383084615624353,1.0,0.875,4,340,2.9115068000392057
S5,AdamW,86,1.6642600068987895e-06,3.130471057989598,1.0,0.875,4,344,2.948228100023698
S5,AdamW,87,1.6486286875960136e-06,3.1231264521899775,1.0,0.875,4,348,2.978788700012956
S5,AdamW,88,1.6353143175312715e-06,3.116003592786974,1.0,0.875,4,352,3.0107012999942526
S5,AdamW,89,1.6218118493453722e-06,3.1088573276567546,1.0,0.875,4,356,3.0416042000288144
S5,AdamW,90,1.6059246995827742e-06,3.101461578476831,1.0,0.875,4,360,3.0705921000335366
S5,AdamW,91,1.5939051681471243e-06,3.0944584190996482,1.0,0.875,4,364,3.107144800014794
S5,AdamW,92,1.5818868194738645e-06,3.0874526577775527,1.0,0.875,4,368,3.33718420000514
S5,AdamW,93,1.5686186652092673e-06,3.080307199232654,1.0,0.875,4,372,3.411727500031702
S5,AdamW,94,1.555602239884829e-06,3.0731831051450405,1.0,0.875,4,376,3.4614692000322975
S5,AdamW,95,1.5412327280272527e-06,3.0659113721262976,1.0,0.875,4,380,3.5026420000358485
S5,AdamW,96,1.5260840451883663e-06,3.0585476477447093,1.0,0.875,4,384,3.5410083000315353
S5,AdamW,97,1.5182676051596137e-06,3.0519697236289365,1.0,0.875,4,388,3.5933284000493586
S5,AdamW,98,1.5067729316515596e-06,3.0449909283709804,1.0,0.875,4,392,3.64649430004647
S5,AdamW,99,1.4910231346286584e-06,3.037536477694621,1.0,0.875,4,396,3.6906654000049457
S5,AdamW,100,1.4815111775581682e-06,3.0307686352778296,1.0,0.875,4,400,3.73646640003426
S7,Full-batch GD,1,0.4202434070878573,0.9771460591834971,0.8333333333333334,0.625,1,1,0.005180699983611703
S7,Full-batch GD,2,0.20983465782085242,0.7029769701701136,0.9666666666666667,0.625,1,2,0.011684400029480457
S7,Full-batch GD,3,0.13642220282370643,0.6093399095274764,0.9666666666666667,0.625,1,3,0.017239100008737296
S7,Full-batch GD,4,0.10630335063476695,0.5539977073393856,0.9666666666666667,0.75,1,4,0.023312200035434216
S7,Full-batch GD,5,0.08822219594897159,0.49551821320112566,0.9666666666666667,0.875,1,5,0.02891380002256483
S7,Full-batch GD,6,0.0774935104789589,0.4551466262231673,0.9666666666666667,0.875,1,6,0.03328740003053099
S7,Full-batch GD,7,0.06952449050983635,0.42770906993616187,0.9666666666666667,0.875,1,7,0.03838360001100227
S7,Full-batch GD,8,0.06271046045703207,0.4037406987719891,1.0,0.875,1,8,0.04318989999592304
S7,Full-batch GD,9,0.05805171335290547,0.38475128708954653,1.0,0.875,1,9,0.0470672000083141
S7,Full-batch GD,10,0.05417450718581008,0.37017091140059755,1.0,0.875,1,10,0.05229670001426712
S7,Full-batch GD,11,0.0511067529550364,0.3566125849061856,1.0,0.875,1,11,0.06039170001167804
S7,Full-batch GD,12,0.048774567685588716,0.34588127311373956,1.0,0.875,1,12,0.06568200001493096
S7,Full-batch GD,13,0.0460673869262709,0.334170970000592,1.0,0.875,1,13,0.07159270002739504
S7,Full-batch GD,14,0.04354116668079628,0.324037528307749,1.0,0.875,1,14,0.07604519999586046
S7,Full-batch GD,15,0.04152282103143628,0.315527218977637,1.0,0.875,1,15,0.0806991999852471
S7,Full-batch GD,16,0.039671599530775696,0.3070902316827448,1.0,0.875,1,16,0.08588620001683012
S7,Full-batch GD,17,0.03801956872173203,0.2995143869798096,1.0,0.875,1,17,0.09047709999140352
S7,Full-batch GD,18,0.0365381656506257,0.29305045447340683,1.0,0.875,1,18,0.09501819999422878
S7,Full-batch GD,19,0.03518775571065299,0.2863523523696703,1.0,0.875,1,19,0.09886259998893365
S7,Full-batch GD,20,0.03393289796949443,0.28000457901968856,1.0,0.875,1,20,0.10450240003410727
S7,Full-batch GD,21,0.032773775230023255,0.27545921860632083,1.0,0.875,1,21,0.10886720003327355
S7,Full-batch GD,22,0.03166206659071409,0.26974931920418155,1.0,0.875,1,22,0.1132594000082463
S7,Full-batch GD,23,0.03067310910598502,0.26453262694501933,1.0,0.875,1,23,0.11820399999851361
S7,Full-batch GD,24,0.02976341993969481,0.2607635724315195,1.0,0.875,1,24,0.12246570002753288
S7,Full-batch GD,25,0.028872259999360342,0.25597867573917854,1.0,0.875,1,25,0.12610270001459867
S7,Full-batch GD,26,0.028048223683461,0.2516726972577674,1.0,0.875,1,26,0.13038340001367033
S7,Full-batch GD,27,0.027290042534033117,0.24832469051670172,1.0,0.875,1,27,0.13626689999364316
S7,Full-batch GD,28,0.026540302261199123,0.2448276003686988,1.0,0.875,1,28,0.14116810000268742
S7,Full-batch GD,29,0.025842350229175214,0.24156045357280434,1.0,0.875,1,29,0.14621259999694303
S7,Full-batch GD,30,0.025189744858160595,0.23876249322512738,1.0,0.875,1,30,0.15146480000112206
S7,Full-batch GD,31,0.02454461847748169,0.23570531276342996,1.0,0.875,1,31,0.15739459998439997
S7,Full-batch GD,32,0.023935294345371748,0.2327528003999634,1.0,0.875,1,32,0.16124470002250746
S7,Full-batch GD,33,0.023349810406203434,0.23038904239987834,1.0,0.875,1,33,0.16599020001012832
S7,Full-batch GD,34,0.02278267895156544,0.22753746119681514,1.0,0.875,1,34,0.17083880002610385
S7,Full-batch GD,35,0.022246636181238188,0.2251803194830684,1.0,0.875,1,35,0.17505240003811195
S7,Full-batch GD,36,0.021727364422509107,0.22297561984032108,1.0,0.875,1,36,0.1791152000078
S7,Full-batch GD,37,0.02121604396697173,0.22043147056925472,1.0,0.875,1,37,0.18342580000171438
S7,Full-batch GD,38,0.020732388209443522,0.21806461041915423,1.0,0.875,1,38,0.18849010003032163
S7,Full-batch GD,39,0.020259750873333298,0.21616264856830647,1.0,0.875,1,39,0.19437189999734983
S7,Full-batch GD,40,0.01980117945626554,0.21389004215023155,1.0,0.875,1,40,0.2025609000120312
S7,Full-batch GD,41,0.019367481980648353,0.2117752643521106,1.0,0.875,1,41,0.20727509999414906
S7,Full-batch GD,42,0.01893397045748627,0.20999162846426445,1.0,0.875,1,42,0.21177819999866188
S7,Full-batch GD,43,0.01851770420830157,0.207868093090218,1.0,0.875,1,43,0.2164708999916911
S7,Full-batch GD,44,0.018118234029546158,0.2062381887067312,1.0,0.875,1,44,0.2215355000225827
S7,Full-batch GD,45,0.017725085656731594,0.2043129811007482,1.0,0.875,1,45,0.22559350001392886
S7,Full-batch GD,46,0.017341392624206815,0.20241283190682074,1.0,0.875,1,46,0.23021419998258352
S7,Full-batch GD,47,0.016972822397276082,0.20094207318127105,1.0,0.875,1,47,0.2354357999865897
S7,Full-batch GD,48,0.016605531220757277,0.1990004216833914,1.0,0.875,1,48,0.2401973000378348
S7,Full-batch GD,49,0.016250888374096998,0.1972034401921442,1.0,0.875,1,49,0.24637960002291948
S7,Full-batch GD,50,0.015911819612982554,0.19560128795416645,1.0,0.875,1,50,0.25103159999707714
S7,Full-batch GD,51,0.01557361831462358,0.1937903868832376,1.0,0.875,1,51,0.25637519999872893
S7,Full-batch GD,52,0.015248840566736924,0.1920508602757182,1.0,0.875,1,52,0.2613673000014387
S7,Full-batch GD,53,0.014936543309314846,0.1905277293614705,1.0,0.875,1,53,0.26527850003913045
S7,Full-batch GD,54,0.014628470206855593,0.18895648405974766,1.0,0.875,1,54,0.2696760999970138
S7,Full-batch GD,55,0.014330085160873557,0.18732698991075486,1.0,0.875,1,55,0.27415660000406206
S7,Full-batch GD,56,0.014033561269982517,0.18580194653787782,1.0,0.875,1,56,0.2782858000136912
S7,Full-batch GD,57,0.013747392586790606,0.18421733495334994,1.0,0.875,1,57,0.28221179998945445
S7,Full-batch GD,58,0.013467959453053367,0.18266312708443816,1.0,0.875,1,58,0.28713140002219006
S7,Full-batch GD,59,0.013198644606436796,0.18116781324319375,1.0,0.875,1,59,0.2917100000195205
S7,Full-batch GD,60,0.012936274026952877,0.17971126557830888,1.0,0.875,1,60,0.29559260001406074
S7,Full-batch GD,61,0.012679578426142203,0.1782521743560301,1.0,0.875,1,61,0.29949880001368
S7,Full-batch GD,62,0.012431031750730877,0.17688132680026628,1.0,0.875,1,62,0.30401540000457317
S7,Full-batch GD,63,0.012190251017832363,0.17549798870341626,1.0,0.875,1,63,0.30889109999407083
S7,Full-batch GD,64,0.011954696384752933,0.17419579592522094,1.0,0.875,1,64,0.3127311000134796
S7,Full-batch GD,65,0.011725182563325802,0.1728705980738008,1.0,0.875,1,65,0.316998100024648
S7,Full-batch GD,66,0.011503585866402,0.17164145977624082,1.0,0.875,1,66,0.3248528999974951
S7,Full-batch GD,67,0.011288700740834974,0.17037171357316336,1.0,0.875,1,67,0.3305815000203438
S7,Full-batch GD,68,0.011080085713002856,0.16922163009675062,1.0,0.875,1,68,0.3368204000289552
S7,Full-batch GD,69,0.010876725337994867,0.16800121287791173,1.0,0.875,1,69,0.3416381999850273
S7,Full-batch GD,70,0.010678859791236731,0.1668382509825341,1.0,0.875,1,70,0.3462287000147626
S7,Full-batch GD,71,0.01048545825781095,0.16567641093110447,1.0,0.875,1,71,0.35826549999183044
S7,Full-batch GD,72,0.010298411648423104,0.16457377218405228,1.0,0.875,1,72,0.362522000039462
S7,Full-batch GD,73,0.010115104807213298,0.16336575317780394,1.0,0.875,1,73,0.36677229998167604
S7,Full-batch GD,74,0.009936150683814742,0.16220414824175622,1.0,0.875,1,74,0.37345330003881827
S7,Full-batch GD,75,0.009762304542756197,0.16107748215477002,1.0,0.875,1,75,0.37728020001668483
S7,Full-batch GD,76,0.009593327336232435,0.15998827244222227,1.0,0.875,1,76,0.38140509999357164
S7,Full-batch GD,77,0.009427599470914884,0.15890049435181614,1.0,0.875,1,77,0.38722540001617745
S7,Full-batch GD,78,0.009265954167477346,0.15780924707840277,1.0,0.875,1,78,0.39142830000491813
S7,Full-batch GD,79,0.009109576915163875,0.15678532992510993,1.0,0.875,1,79,0.39584260003175586
S7,Full-batch GD,80,0.008956635537761028,0.15581844768669686,1.0,0.875,1,80,0.40069450001465157
S7,Full-batch GD,81,0.008806550687526313,0.15478269577456372,1.0,0.875,1,81,0.40708790003554896
S7,Full-batch GD,82,0.00866101424271714,0.15379568720828513,1.0,0.875,1,82,0.41322059999220073
S7,Full-batch GD,83,0.008518504684233348,0.15282144005456794,1.0,0.875,1,83,0.41922670003259555
S7,Full-batch GD,84,0.008377671613532341,0.15187275438182238,1.0,0.875,1,84,0.4246005000313744
S7,Full-batch GD,85,0.008227947953354684,0.15090728387457478,1.0,0.875,1,85,0.42878970003221184
S7,Full-batch GD,86,0.00808251899675325,0.14998024991475006,1.0,0.875,1,86,0.43908510002074763
S7,Full-batch GD,87,0.007941507442270863,0.14903530787977032,1.0,0.875,1,87,0.4435081999981776
S7,Full-batch GD,88,0.007805303131102125,0.14814908048946884,1.0,0.875,1,88,0.44858269998803735
S7,Full-batch GD,89,0.007673473991967917,0.14723902807883596,1.0,0.875,1,89,0.4531577000161633
S7,Full-batch GD,90,0.007545094940158093,0.14637639583088205,1.0,0.875,1,90,0.458423700009007
S7,Full-batch GD,91,0.007420334526090713,0.14551245690572745,1.0,0.875,1,91,0.46689370000967756
S7,Full-batch GD,92,0.007299396894504618,0.14466624206973955,1.0,0.875,1,92,0.4728989999857731
S7,Full-batch GD,93,0.007181312081483758,0.1438061568300087,1.0,0.875,1,93,0.4772728999960236
S7,Full-batch GD,94,0.007066813400605739,0.14299411660947367,1.0,0.875,1,94,0.48128710000310093
S7,Full-batch GD,95,0.006955675966663159,0.1421364579490388,1.0,0.875,1,95,0.486419000022579
S7,Full-batch GD,96,0.006846812033599625,0.14135321850213406,1.0,0.875,1,96,0.4910453000338748
S7,Full-batch GD,97,0.006740849500286819,0.14055735102796396,1.0,0.875,1,97,0.4968541000271216
S7,Full-batch GD,98,0.006637949298195772,0.1397452070670755,1.0,0.875,1,98,0.5017842000233941
S7,Full-batch GD,99,0.006537137323174516,0.1389771288689595,1.0,0.875,1,99,0.5077315000235103
S7,Full-batch GD,100,0.006439416326077146,0.1382228732796152,1.0,0.875,1,100,0.5123992000008002
S7,Mini-batch GD,1,0.13468447224945437,0.47562969385286924,0.9333333333333333,0.75,4,4,0.010080499981995672
S7,Mini-batch GD,2,0.062438207794963806,0.40390397467708217,0.9666666666666667,0.75,4,8,0.022482800006400794
S7,Mini-batch GD,3,0.04456974600731157,0.34101600037329927,1.0,0.75,4,12,0.03232380002737045
S7,Mini-batch GD,4,0.03532457141082273,0.2828548885564007,1.0,0.875,4,16,0.04546599998138845
S7,Mini-batch GD,5,0.02775278601237924,0.24526356764028406,1.0,0.875,4,20,0.05588180001359433
S7,Mini-batch GD,6,0.023383699884076133,0.22128152278786917,1.0,0.875,4,24,0.06637999997474253
S7,Mini-batch GD,7,0.020204451514006978,0.20669964660586618,1.0,0.875,4,28,0.07645729999057949
S7,Mini-batch GD,8,0.017536995044243515,0.19543096910059538,1.0,0.875,4,32,0.0855841999873519
S7,Mini-batch GD,9,0.01540564699598085,0.18555598084730857,1.0,0.875,4,36,0.094011600012891
S7,Mini-batch GD,10,0.013925317531657528,0.17818114292364257,1.0,0.875,4,40,0.10303009999915957
S7,Mini-batch GD,11,0.01271706956585862,0.17129701889243593,1.0,0.875,4,44,0.11311400000704452
S7,Mini-batch GD,12,0.011672258763420927,0.16534025428788168,1.0,0.875,4,48,0.1255820000078529
S7,Mini-batch GD,13,0.010750038755328241,0.16020176087517324,1.0,0.875,4,52,0.1366299000219442
S7,Mini-batch GD,14,0.009939524888679937,0.15459155099438907,1.0,0.875,4,56,0.15277440001955256
S7,Mini-batch GD,15,0.009214096079485054,0.15030324802848774,1.0,0.875,4,60,0.16278060001786798
S7,Mini-batch GD,16,0.008594237007849463,0.1463941653186718,1.0,0.875,4,64,0.17270439997082576
S7,Mini-batch GD,17,0.008007411778886595,0.1424000316745205,1.0,0.875,4,68,0.1807441000128165
S7,Mini-batch GD,18,0.007510907028809955,0.1390833945799289,1.0,0.875,4,72,0.19084559998009354
S7,Mini-batch GD,19,0.00705074255218095,0.13600082723706877,1.0,0.875,4,76,0.19863970001460984
S7,Mini-batch GD,20,0.006651223159310382,0.13321747520724767,1.0,1.0,4,80,0.209322799986694
S7,Mini-batch GD,21,0.006276392030929546,0.13042461413129486,1.0,1.0,4,84,0.21995719999540597
S7,Mini-batch GD,22,0.0059482527449059575,0.12787643169090634,1.0,1.0,4,88,0.2292377999983728
S7,Mini-batch GD,23,0.005630449742819399,0.12522541941781434,1.0,1.0,4,92,0.23927580000599846
S7,Mini-batch GD,24,0.005350932416536229,0.12283751986309555,1.0,1.0,4,96,0.24859239999204874
S7,Mini-batch GD,25,0.005031968906606418,0.1205696816447434,1.0,1.0,4,100,0.2596194000216201
S7,Mini-batch GD,26,0.004799943294083151,0.11852686524848682,1.0,1.0,4,104,0.2707899999804795
S7,Mini-batch GD,27,0.004588651960087193,0.11662284526601889,1.0,1.0,4,108,0.2803142999764532
S7,Mini-batch GD,28,0.004389046201692019,0.11481021142389362,1.0,1.0,4,112,0.28934830002253875
S7,Mini-batch GD,29,0.004210196938899833,0.11301230178019334,1.0,1.0,4,116,0.2974945000023581
S7,Mini-batch GD,30,0.004034327385915285,0.11113909677065381,1.0,1.0,4,120,0.3075803000247106
S7,Mini-batch GD,31,0.003876755928639032,0.10953446080288481,1.0,1.0,4,124,0.3224322000169195
S7,Mini-batch GD,32,0.003723504231774552,0.1076849991759002,1.0,1.0,4,128,0.3382178000174463
S7,Mini-batch GD,33,0.0035852712018686057,0.10593611731184005,1.0,1.0,4,132,0.34806460002437234
S7,Mini-batch GD,34,0.0034561271511309426,0.10430031543837913,1.0,1.0,4,136,0.35859309998340905
S7,Mini-batch GD,35,0.003334958218255135,0.10263642000394191,1.0,1.0,4,140,0.36817859997972846
S7,Mini-batch GD,36,0.0032180713125482814,0.10092483722614513,1.0,1.0,4,144,0.3786345000262372
S7,Mini-batch GD,37,0.0031104362240100274,0.09943683453309507,1.0,1.0,4,148,0.3893351000151597
S7,Mini-batch GD,38,0.0030080360972045187,0.09785529047265622,1.0,1.0,4,152,0.398654600023292
S7,Mini-batch GD,39,0.002912606171608798,0.0965800482795308,1.0,1.0,4,156,0.4118307000026107
S7,Mini-batch GD,40,0.002821920736760714,0.09515215546111558,1.0,1.0,4,160,0.4220911000156775
S7,Mini-batch GD,41,0.002737706627798445,0.09392948680251315,1.0,1.0,4,164,0.4306320999749005
S7,Mini-batch GD,42,0.0026394219175765684,0.09261961293817048,1.0,1.0,4,168,0.44322549999924377
S7,Mini-batch GD,43,0.002564665009648554,0.09144504389331914,1.0,1.0,4,172,0.45429999998304993
S7,Mini-batch GD,44,0.0024911836468296897,0.09019874649989769,1.0,1.0,4,176,0.46280430001206696
S7,Mini-batch GD,45,0.0024114459645413647,0.08914073991567813,1.0,1.0,4,180,0.4730503999744542
S7,Mini-batch GD,46,0.0023473257589686223,0.08814947694091199,1.0,1.0,4,184,0.48205869999947026
S7,Mini-batch GD,47,0.0022876851319429026,0.08719446469044834,1.0,1.0,4,188,0.4916378000052646
S7,Mini-batch GD,48,0.002218303617593643,0.08626148765239611,1.0,1.0,4,192,0.5032648000051267
S7,Mini-batch GD,49,0.0021628138782864076,0.08530978295359949,1.0,1.0,4,196,0.5118756999727339
S7,Mini-batch GD,50,0.0021101342469609006,0.0843370254487233,1.0,1.0,4,200,0.520935799984727
S7,Mini-batch GD,51,0.0020600949905694474,0.08346101994422842,1.0,1.0,4,204,0.5299519000109285
S7,Mini-batch GD,52,0.0020119706947981982,0.08260504748201608,1.0,1.0,4,208,0.5413762999814935
S7,Mini-batch GD,53,0.0019669154332424142,0.08175632615269189,1.0,1.0,4,212,0.5562835999880917
S7,Mini-batch GD,54,0.001914178381581188,0.08096420205441954,1.0,1.0,4,216,0.5739761000149883
S7,Mini-batch GD,55,0.0018735458312764824,0.08017205149550716,1.0,1.0,4,220,0.5825610000174493
S7,Mini-batch GD,56,0.0018331733486897034,0.07939615865542587,1.0,1.0,4,224,0.6012953000026755
S7,Mini-batch GD,57,0.0017876713974807233,0.07865724487178016,1.0,1.0,4,228,0.6119994000182487
S7,Mini-batch GD,58,0.001751480217953428,0.07792931744694495,1.0,1.0,4,232,0.627058100013528
S7,Mini-batch GD,59,0.0017147934515969194,0.07712799801482585,1.0,1.0,4,236,0.6380348000093363
S7,Mini-batch GD,60,0.0016747626794933392,0.0764111887054066,1.0,1.0,4,240,0.6472407000255771
S7,Mini-batch GD,61,0.0016420801018540642,0.07575237074339296,1.0,1.0,4,244,0.6581861000158824
S7,Mini-batch GD,62,0.0016106940263215218,0.0750836870149733,1.0,1.0,4,248,0.6682773000211455
S7,Mini-batch GD,63,0.0015799263098279412,0.0744426163232863,1.0,1.0,4,252,0.6777227999991737
S7,Mini-batch GD,64,0.0015461429670026907,0.07378116835447085,1.0,1.0,4,256,0.6882112000021152
S7,Mini-batch GD,65,0.00151380233796967,0.07301605306165827,1.0,1.0,4,260,0.6967278000083752
S7,Mini-batch GD,66,0.0014769926969689328,0.07240861482855021,1.0,1.0,4,264,0.7067402999964543
S7,Mini-batch GD,67,0.0014481908744507182,0.07179977750684922,1.0,1.0,4,268,0.7157157000037841
S7,Mini-batch GD,68,0.0014161737559131233,0.07117777363558263,1.0,1.0,4,272,0.7250606999732554
S7,Mini-batch GD,69,0.0013889270717730073,0.07053644678589258,1.0,1.0,4,276,0.7340622000047006
S7,Mini-batch GD,70,0.0013634761849136122,0.06994432742767168,1.0,1.0,4,280,0.742735099978745
S7,Mini-batch GD,71,0.0013392264822387767,0.06938603541661903,1.0,1.0,4,284,0.7517500999965705
S7,Mini-batch GD,72,0.0013150913493470127,0.06878625640716655,1.0,1.0,4,288,0.7613946999772452
S7,Mini-batch GD,73,0.0012924916892457436,0.06824998923878006,1.0,1.0,4,292,0.7717571000102907
S7,Mini-batch GD,74,0.001269782513171827,0.06770838339201246,1.0,1.0,4,296,0.780963100027293
S7,Mini-batch GD,75,0.0012484517545288823,0.06718798117401958,1.0,1.0,4,300,0.7906654999824241
S7,Mini-batch GD,76,0.0012274209417524504,0.06660992226411032,1.0,1.0,4,304,0.8049748999765143
S7,Mini-batch GD,77,0.0012075326447979161,0.06609431436698875,1.0,1.0,4,308,0.820497400010936
S7,Mini-batch GD,78,0.0011875046678161067,0.06555017861736892,1.0,1.0,4,312,0.831347499974072
S7,Mini-batch GD,79,0.001165563996589005,0.06507864149344897,1.0,1.0,4,316,0.8415681999758817
S7,Mini-batch GD,80,0.0011475159275017028,0.06462369031961292,1.0,1.0,4,320,0.8506866000243463
S7,Mini-batch GD,81,0.0011299487720043693,0.064145618543721,1.0,1.0,4,324,0.8626420000218786
S7,Mini-batch GD,82,0.0011130669562013473,0.06368676638792921,1.0,1.0,4,328,0.8731748000136577
S7,Mini-batch GD,83,0.0010965627001181999,0.0632480404916746,1.0,1.0,4,332,0.8812899999902584
S7,Mini-batch GD,84,0.0010807762431733615,0.06282188862937188,1.0,1.0,4,336,0.8911220000009052
S7,Mini-batch GD,85,0.0010653157763443834,0.06242023881514072,1.0,1.0,4,340,0.9005765999900177
S7,Mini-batch GD,86,0.0010502042612052427,0.0620026371922883,1.0,1.0,4,344,0.9113320999895222
S7,Mini-batch GD,87,0.0010354584681989173,0.061587177548886055,1.0,1.0,4,348,0.9218614000128582
S7,Mini-batch GD,88,0.0010211903278632857,0.06118909633640695,1.0,1.0,4,352,0.9300548000028357
S7,Mini-batch GD,89,0.0010070136687847062,0.0607548244483079,1.0,1.0,4,356,0.9422469999990426
S7,Mini-batch GD,90,0.0009935736308242622,0.06036374608503012,1.0,1.0,4,360,0.9510726999724284
S7,Mini-batch GD,91,0.000980229632709091,0.05998926737122675,1.0,1.0,4,364,0.9602217000210658
S7,Mini-batch GD,92,0.0009673319127756723,0.059595470785204455,1.0,1.0,4,368,0.9695277999853715
S7,Mini-batch GD,93,0.0009547220577852757,0.059246579017094174,1.0,1.0,4,372,0.9779283999814652
S7,Mini-batch GD,94,0.0009425902090979989,0.058880384315472295,1.0,1.0,4,376,0.986722000001464
S7,Mini-batch GD,95,0.0009306577237261955,0.05851932921980606,1.0,1.0,4,380,0.9963257000199519
S7,Mini-batch GD,96,0.0009191231707081529,0.058174903280464076,1.0,1.0,4,384,1.0062665999867022
S7,Mini-batch GD,97,0.0009075873683713851,0.05781837384888216,1.0,1.0,4,388,1.0150110999820754
S7,Mini-batch GD,98,0.0008966568487941057,0.05748034128050036,1.0,1.0,4,392,1.0242810000199825
S7,Mini-batch GD,99,0.0008855780821433574,0.05710641406648251,1.0,1.0,4,396,1.033642599999439
S7,Mini-batch GD,100,0.0008746780956600467,0.05678171721547208,1.0,1.0,4,400,1.0430326000205241
S7,Stochastic GD,1,0.3127193635661572,0.010710095308704882,0.9666666666666667,1.0,30,30,0.06572569999843836
S7,Stochastic GD,2,0.19566986463983851,0.0011806655686369188,0.9666666666666667,1.0,30,60,0.12867539998842403
S7,Stochastic GD,3,0.0017065728196113568,0.00045226763304846446,1.0,1.0,30,90,0.1970360999694094
S7,Stochastic GD,4,0.00020942726915503543,0.00021526549771052483,1.0,1.0,30,120,0.3244445999735035
S7,Stochastic GD,5,0.00018240566583208848,0.0001873838761117122,1.0,1.0,30,150,0.4639140999643132
S7,Stochastic GD,6,0.00016260284578341013,0.00016691718921358478,1.0,1.0,30,180,0.550558099988848
S7,Stochastic GD,7,0.0001472605623140528,0.00015072682584977402,1.0,1.0,30,210,0.6215145000023767
S7,Stochastic GD,8,0.00013477849950333602,0.0001376473714210551,1.0,1.0,30,240,0.6803511999896728
S7,Stochastic GD,9,0.00012438252258284104,0.00012670888656434313,1.0,1.0,30,270,0.7431885999976657
S7,Stochastic GD,10,0.000115595792355409,0.00011752763881258545,1.0,1.0,30,300,0.8071428000112064
S7,Stochastic GD,11,0.00010806361501943208,0.00010966263364638677,1.0,1.0,30,330,0.8576046999660321
S7,Stochastic GD,12,0.00010153149330078954,0.00010282406729665016,1.0,1.0,30,360,0.9111533999675885
S7,Stochastic GD,13,9.578469576040803e-05,9.681619175465557e-05,1.0,1.0,30,390,0.9633482999633998
S7,Stochastic GD,14,9.07088489220291e-05,9.151001478012497e-05,1.0,1.0,30,420,1.015977400005795
S7,Stochastic GD,15,8.618858633225843e-05,8.680639312831217e-05,1.0,1.0,30,450,1.0707999999867752
S7,Stochastic GD,16,8.21301480621052e-05,8.258663806631778e-05,1.0,1.0,30,480,1.1226301999995485
S7,Stochastic GD,17,7.846046138156905e-05,7.876405586751169e-05,1.0,1.0,30,510,1.191405699995812
S7,Stochastic GD,18,7.51335405646802e-05,7.53091577363645e-05,1.0,1.0,30,540,1.2470754999667406
S7,Stochastic GD,19,7.209479479946164e-05,7.215517420136585e-05,1.0,1.0,30,570,1.2996924999752082
S7,Stochastic GD,20,6.930806550474817e-05,6.926494102972308e-05,1.0,1.0,30,600,1.3573340000002645
S7,Stochastic GD,21,6.675132008369571e-05,6.663433618937946e-05,1.0,1.0,30,630,1.4150215999688953
S7,Stochastic GD,22,6.438519110774374e-05,6.419797171287226e-05,1.0,1.0,30,660,1.4759515000041574
S7,Stochastic GD,23,6.219739646296574e-05,6.195065682633119e-05,1.0,1.0,30,690,1.5375672999653034
S7,Stochastic GD,24,6.016436901752503e-05,5.98636498158491e-05,1.0,1.0,30,720,1.6081259999773465
S7,Stochastic GD,25,5.837861842904685e-05,5.8005836971853394e-05,1.0,1.0,30,750,1.6749435999663547
S7,Stochastic GD,26,5.670495856322149e-05,5.62664287686672e-05,1.0,1.0,30,780,1.7366030999692157
S7,Stochastic GD,27,5.513015681312003e-05,5.455499215549896e-05,1.0,1.0,30,810,1.8047062999685295
S7,Stochastic GD,28,5.364913097453903e-05,5.301671592641397e-05,1.0,1.0,30,840,1.8724996999953873
S7,Stochastic GD,29,5.225052422025971e-05,5.156744758306884e-05,1.0,1.0,30,870,1.9498520999914035
S7,Stochastic GD,30,5.092675829766041e-05,5.0197590313949795e-05,1.0,1.0,30,900,2.016201899969019
S7,Stochastic GD,31,4.9673091874421635e-05,4.890263004249553e-05,1.0,1.0,30,930,2.072836700011976
S7,Stochastic GD,32,4.8483653643545604e-05,4.767511354927171e-05,1.0,1.0,30,960,2.129568999982439
S7,Stochastic GD,33,4.735129876869198e-05,4.650805484802386e-05,1.0,1.0,30,990,2.184336800011806
S7,Stochastic GD,34,4.6274561141627025e-05,4.539872392620681e-05,1.0,1.0,30,1020,2.2613025999744423
S7,Stochastic GD,35,4.5247618557707464e-05,4.4341726640089565e-05,1.0,1.0,30,1050,2.350985499972012
S7,Stochastic GD,36,4.4268746759918425e-05,4.333652463794747e-05,1.0,1.0,30,1080,2.4466802999959327
S7,Stochastic GD,37,4.333266543356965e-05,4.237669613954733e-05,1.0,1.0,30,1110,2.5239765999722295
S7,Stochastic GD,38,4.2437660963300483e-05,4.1459956861009376e-05,1.0,1.0,30,1140,2.59969479998108
S7,Stochastic GD,39,4.1581354653257175e-05,4.0584232795458776e-05,1.0,1.0,30,1170,2.6635878999950364
S7,Stochastic GD,40,4.076104849029824e-05,3.974614791947939e-05,1.0,1.0,30,1200,2.729826900002081
S7,Stochastic GD,41,3.997599896282474e-05,3.8942283508048405e-05,1.0,1.0,30,1230,2.822090699977707
S7,Stochastic GD,42,3.922719755923295e-05,3.817097726925003e-05,1.0,1.0,30,1260,2.9203929000068456
S7,Stochastic GD,43,3.8507668057945364e-05,3.743067705756955e-05,1.0,1.0,30,1290,3.0005776999751106
S7,Stochastic GD,44,3.781540425578701e-05,3.6719967065592575e-05,1.0,1.0,30,1320,3.062874600000214
S7,Stochastic GD,45,3.71485107674069e-05,3.603541826074864e-05,1.0,1.0,30,1350,3.1239681000006385
S7,Stochastic GD,46,3.650585695530401e-05,3.5377184923019386e-05,1.0,1.0,30,1380,3.177387700008694
S7,Stochastic GD,47,3.588631386285096e-05,3.474337450327224e-05,1.0,1.0,30,1410,3.2506263999966905
S7,Stochastic GD,48,3.52885327151124e-05,3.413254194802106e-05,1.0,1.0,30,1440,3.3277366000111215
S7,Stochastic GD,49,3.4711413293282634e-05,3.3543547482077584e-05,1.0,1.0,30,1470,3.39335279999068
S7,Stochastic GD,50,3.415414908942097e-05,3.2975702729832104e-05,1.0,1.0,30,1500,3.451832899998408
S7,Stochastic GD,51,3.361556609130773e-05,3.242700744756724e-05,1.0,1.0,30,1530,3.5148490999708883
S7,Stochastic GD,52,3.3094462655604405e-05,3.189652277999668e-05,1.0,1.0,30,1560,3.575537999975495
S7,Stochastic GD,53,3.259003411439537e-05,3.138368929631606e-05,1.0,1.0,30,1590,3.626972099998966
S7,Stochastic GD,54,3.210175897543537e-05,3.088824526722982e-05,1.0,1.0,30,1620,3.6810155999846756
S7,Stochastic GD,55,3.162417634195042e-05,3.040795796703651e-05,1.0,1.0,30,1650,3.7402951999683864
S7,Stochastic GD,56,3.11607577354829e-05,2.994341366947504e-05,1.0,1.0,30,1680,3.8046819000155665
S7,Stochastic GD,57,3.071146825517897e-05,2.949342360567644e-05,1.0,1.0,30,1710,3.8787705000140704
S7,Stochastic GD,58,3.027561423898822e-05,2.905723346241659e-05,1.0,1.0,30,1740,3.9346423000097275
S7,Stochastic GD,59,2.985267965794957e-05,2.863431737534976e-05,1.0,1.0,30,1770,3.997180500009563
S7,Stochastic GD,60,2.9441844014027594e-05,2.8224076749257624e-05,1.0,1.0,30,1800,4.056101499998476
S7,Stochastic GD,61,2.9043060829266025e-05,2.7826173865263144e-05,1.0,1.0,30,1830,4.113947700010613
S7,Stochastic GD,62,2.865528419588163e-05,2.7439550608374466e-05,1.0,1.0,30,1860,4.168868799984921
S7,Stochastic GD,63,2.8278434886721177e-05,2.706421092638014e-05,1.0,1.0,30,1890,4.228426199988462
S7,Stochastic GD,64,2.791184918453592e-05,2.6699125890242288e-05,1.0,1.0,30,1920,4.284673899994232
S7,Stochastic GD,65,2.755538258672726e-05,2.634439859021618e-05,1.0,1.0,30,1950,4.334452499984764
S7,Stochastic GD,66,2.72084024298954e-05,2.5999524294536517e-05,1.0,1.0,30,1980,4.392906199966092
S7,Stochastic GD,67,2.687050452346971e-05,2.5663825791565196e-05,1.0,1.0,30,2010,4.459677500010002
S7,Stochastic GD,68,2.6541399273004482e-05,2.5337224359801664e-05,1.0,1.0,30,2040,4.526599699980579
S7,Stochastic GD,69,2.622045022889408e-05,2.5018839185331227e-05,1.0,1.0,30,2070,4.584220899967477
S7,Stochastic GD,70,2.590783230106375e-05,2.4708929737416973e-05,1.0,1.0,30,2100,4.635380599997006
S7,Stochastic GD,71,2.5602787058223394e-05,2.440679274784752e-05,1.0,1.0,30,2130,4.687614499998745
S7,Stochastic GD,72,2.530547750188796e-05,2.4112494215129533e-05,1.0,1.0,30,2160,4.738110499980394
S7,Stochastic GD,73,2.501534130729874e-05,2.3825519602669532e-05,1.0,1.0,30,2190,4.806137399980798
S7,Stochastic GD,74,2.473205403282411e-05,2.3545480184773473e-05,1.0,1.0,30,2220,4.862475699977949
S7,Stochastic GD,75,2.44554732723987e-05,2.3272398233657822e-05,1.0,1.0,30,2250,4.918741000001319
S7,Stochastic GD,76,2.4185341040608168e-05,2.3005877764088394e-05,1.0,1.0,30,2280,4.966981399978977
S7,Stochastic GD,77,2.3921406431302557e-05,2.2745666263512446e-05,1.0,1.0,30,2310,5.0191100999945775
S7,Stochastic GD,78,2.3663596505765715e-05,2.2491592888095002e-05,1.0,1.0,30,2340,5.075297800009139
S7,Stochastic GD,79,2.3411605536229035e-05,2.22434181781162e-05,1.0,1.0,30,2370,5.133923599962145
S7,Stochastic GD,80,2.3165038346842597e-05,2.2000778016530388e-05,1.0,1.0,30,2400,5.207777299976442
S7,Stochastic GD,81,2.2924013402897156e-05,2.1763856279858784e-05,1.0,1.0,30,2430,5.268165699962992
S7,Stochastic GD,82,2.2688222936972614e-05,2.1532266589708337e-05,1.0,1.0,30,2460,5.326681300008204
S7,Stochastic GD,83,2.245741605219337e-05,2.1305594518146878e-05,1.0,1.0,30,2490,5.376512099988759
S7,Stochastic GD,84,2.2231532251934707e-05,2.108399140366942e-05,1.0,1.0,30,2520,5.4280120999901555
S7,Stochastic GD,85,2.2010393543747352e-05,2.0867113636994964e-05,1.0,1.0,30,2550,5.476853900006972
S7,Stochastic GD,86,2.1793840727053936e-05,2.0654940604384954e-05,1.0,1.0,30,2580,5.528419699985534
S7,Stochastic GD,87,2.158170395353085e-05,2.0447179998203384e-05,1.0,1.0,30,2610,5.581050899985712
S7,Stochastic GD,88,2.1374001928518955e-05,2.024396691618826e-05,1.0,1.0,30,2640,5.6309770999941975
S7,Stochastic GD,89,2.1170399003928397e-05,2.0044814037672763e-05,1.0,1.0,30,2670,5.687633299967274
S7,Stochastic GD,90,2.0970807132344726e-05,1.9849790209507986e-05,1.0,1.0,30,2700,5.7413677999866195
S7,Stochastic GD,91,2.077522788132669e-05,1.965875452878705e-05,1.0,1.0,30,2730,5.805490400001872
S7,Stochastic GD,92,2.0583407852400506e-05,1.9471482710481027e-05,1.0,1.0,30,2760,5.857294599991292
S7,Stochastic GD,93,2.0395296844226795e-05,1.9287944559614145e-05,1.0,1.0,30,2790,5.912546199979261
S7,Stochastic GD,94,2.0210835612538326e-05,1.910810091850084e-05,1.0,1.0,30,2820,5.962512500002049
S7,Stochastic GD,95,2.0029821691147308e-05,1.893182134591193e-05,1.0,1.0,30,2850,6.026789899973664
S7,Stochastic GD,96,1.985216343848811e-05,1.8758815278622213e-05,1.0,1.0,30,2880,6.080237999965902
S7,Stochastic GD,97,1.9677827012035204e-05,1.8589230015392537e-05,1.0,1.0,30,2910,6.139173200004734
S7,Stochastic GD,98,1.9506703882317686e-05,1.8422861866688248e-05,1.0,1.0,30,2940,6.198501100006979
S7,Stochastic GD,99,1.9338611734865976e-05,1.8259556808038705e-05,1.0,1.0,30,2970,6.258184699981939
S7,Stochastic GD,100,1.9176351033013334e-05,1.8100734030579103e-05,1.0,1.0,30,3000,6.308587300009094
S7,SGD + Momentum,1,0.16338168709898918,0.06342335274315183,0.9666666666666667,1.0,4,4,0.013471500016748905
S7,SGD + Momentum,2,0.029678666001952868,0.07992365214487668,0.9666666666666667,1.0,4,8,0.0269057999830693
S7,SGD + Momentum,3,0.0018393216356023005,0.28473323516236076,1.0,0.875,4,12,0.04096519999438897
S7,SGD + Momentum,4,3.706282719469762e-05,0.33889904298991647,1.0,0.875,4,16,0.05375580000691116
S7,SGD + Momentum,5,3.7000555846123068e-06,0.339849781222534,1.0,0.875,4,20,0.06630760000552982
S7,SGD + Momentum,6,1.2152512411351347e-06,0.34048492317362966,1.0,0.875,4,24,0.08126700000138953
S7,SGD + Momentum,7,6.420543631263443e-07,0.3630492080657321,1.0,0.875,4,28,0.0970944999717176
S7,SGD + Momentum,8,4.2749562507890217e-07,0.399164070606857,1.0,0.875,4,32,0.11037050001323223
S7,SGD + Momentum,9,3.2717716891974696e-07,0.43376900887843134,1.0,0.875,4,36,0.12625269999261945
S7,SGD + Momentum,10,2.739804046362106e-07,0.4608327472317049,1.0,0.875,4,40,0.1427605000208132
S7,SGD + Momentum,11,2.432874949411728e-07,0.4802434957598542,1.0,0.875,4,44,0.1592411000165157
S7,SGD + Momentum,12,2.247191283532267e-07,0.49361724146809977,1.0,0.875,4,48,0.1739046999718994
S7,SGD + Momentum,13,2.1315378422128176e-07,0.5026461438817326,1.0,0.875,4,52,0.18705509998835623
S7,SGD + Momentum,14,2.0575337983610374e-07,0.5086744111877584,1.0,0.875,4,56,0.20047949999570847
S7,SGD + Momentum,15,2.008567835392512e-07,0.5126744129766408,1.0,0.875,4,60,0.2137804999947548
S7,SGD + Momentum,16,1.976136480853192e-07,0.5153178945512997,1.0,0.875,4,64,0.22795939998468384
S7,SGD + Momentum,17,1.9537463501533568e-07,0.517061674666312,1.0,0.875,4,68,0.24157680000644177
S7,SGD + Momentum,18,1.9383074152578013e-07,0.5182101623412162,1.0,0.875,4,72,0.25615480000851676
S7,SGD + Momentum,19,1.9268987582625262e-07,0.5189668503546253,1.0,0.875,4,76,0.268856999988202
S7,SGD + Momentum,20,1.9185858781498306e-07,0.5194650580172472,1.0,0.875,4,80,0.2819782000151463
S7,SGD + Momentum,21,1.9120625251521296e-07,0.5197936441806743,1.0,0.875,4,84,0.2954858000157401
S7,SGD + Momentum,22,1.9064829478161173e-07,0.5200111004622089,1.0,0.875,4,88,0.30795410001883283
S7,SGD + Momentum,23,1.902237055572173e-07,0.5201546196722668,1.0,0.875,4,92,0.3210655999719165
S7,SGD + Momentum,24,1.8979050926686827e-07,0.5202508949517344,1.0,0.875,4,96,0.3334546000114642
S7,SGD + Momentum,25,1.8946550595930977e-07,0.5203146285112675,1.0,0.875,4,100,0.34646580001572147
S7,SGD + Momentum,26,1.8909329635185778e-07,0.5203586034516,1.0,0.875,4,104,0.36027890001423657
S7,SGD + Momentum,27,1.8869616642312827e-07,0.5203895366338438,1.0,0.875,4,108,0.3739707000204362
S7,SGD + Momentum,28,1.8835299753610585e-07,0.5204109616111242,1.0,0.875,4,112,0.386945599981118
S7,SGD + Momentum,29,1.8804785831704452e-07,0.5204261121604116,1.0,0.875,4,116,0.4001654000021517
S7,SGD + Momentum,30,1.8769627029797948e-07,0.5204381216541499,1.0,0.875,4,120,0.41319699998712167
S7,SGD + Momentum,31,1.8738375102465411e-07,0.5204471232902375,1.0,0.875,4,124,0.4275274000247009
S7,SGD + Momentum,32,1.8705291056609022e-07,0.5204547551156912,1.0,0.875,4,128,0.44201120000798255
S7,SGD + Momentum,33,1.8677893657813436e-07,0.5204605465571716,1.0,0.875,4,132,0.4558592999819666
S7,SGD + Momentum,34,1.864497778008994e-07,0.5204664017297427,1.0,0.875,4,136,0.469174399971962
S7,SGD + Momentum,35,1.8615301591900585e-07,0.5204713584180615,1.0,0.875,4,140,0.4820845000213012
S7,SGD + Momentum,36,1.8583413799998398e-07,0.5204763256021057,1.0,0.875,4,144,0.49647180002648383
S7,SGD + Momentum,37,1.8552293003583952e-07,0.5204809964716104,1.0,0.875,4,148,0.5091037999955006
S7,SGD + Momentum,38,1.852170815172842e-07,0.5204854711732654,1.0,0.875,4,152,0.5224074000143446
S7,SGD + Momentum,39,1.8493663562993802e-07,0.5204895156775665,1.0,0.875,4,156,0.5363492000033148
S7,SGD + Momentum,40,1.846754184627398e-07,0.5204932432056751,1.0,0.875,4,160,0.5503487000241876
S7,SGD + Momentum,41,1.8440320017372362e-07,0.5204970922651045,1.0,0.875,4,164,0.5638404000201263
S7,SGD + Momentum,42,1.8414067864317915e-07,0.5205007883898816,1.0,0.875,4,168,0.5777621999732219
S7,SGD + Momentum,43,1.838181801751443e-07,0.5205053104337849,1.0,0.875,4,172,0.5916768999886699
S7,SGD + Momentum,44,1.8346201306435267e-07,0.5205103008756512,1.0,0.875,4,176,0.604514200007543
S7,SGD + Momentum,45,1.8319009637528678e-07,0.5205141140977215,1.0,0.875,4,180,0.6167229000129737
S7,SGD + Momentum,46,1.8281850679735298e-07,0.5205193272518749,1.0,0.875,4,184,0.6314591999980621
S7,SGD + Momentum,47,1.8247614965568205e-07,0.5205241377652784,1.0,0.875,4,188,0.6456997999921441
S7,SGD + Momentum,48,1.8221367902581443e-07,0.5205278302624453,1.0,0.875,4,192,0.6593968999804929
S7,SGD + Momentum,49,1.8185032985284926e-07,0.5205329499796392,1.0,0.875,4,196,0.6728058999869972
S7,SGD + Momentum,50,1.8151440943697902e-07,0.5205376916905492,1.0,0.875,4,200,0.685522600018885
S7,SGD + Momentum,51,1.8119678135458502e-07,0.5205421835827044,1.0,0.875,4,204,0.6983834999846295
S7,SGD + Momentum,52,1.808914558861254e-07,0.5205465079634565,1.0,0.875,4,208,0.7116047000163235
S7,SGD + Momentum,53,1.805945035828254e-07,0.5205507206669436,1.0,0.875,4,212,0.7260919000254944
S7,SGD + Momentum,54,1.8036251474986971e-07,0.5205540157232641,1.0,0.875,4,216,0.7433088999823667
S7,SGD + Momentum,55,1.8002298345863643e-07,0.5205588482917115,1.0,0.875,4,220,0.7575486999703571
S7,SGD + Momentum,56,1.7970460003504613e-07,0.5205633880437176,1.0,0.875,4,224,0.7711851000203751
S7,SGD + Momentum,57,1.794589656908069e-07,0.5205668957479289,1.0,0.875,4,228,0.7837550999829546
S7,SGD + Momentum,58,1.7915509396100206e-07,0.5205712422089473,1.0,0.875,4,232,0.797147799981758
S7,SGD + Momentum,59,1.7886095225114025e-07,0.520575456727827,1.0,0.875,4,236,0.8104603000101633
S7,SGD + Momentum,60,1.7858909493024386e-07,0.5205793577852407,1.0,0.875,4,240,0.8265030999900773
S7,SGD + Momentum,61,1.7824721318024197e-07,0.5205842736356068,1.0,0.875,4,244,0.8408464000094682
S7,SGD + Momentum,62,1.7790922166117792e-07,0.5205891435216429,1.0,0.875,4,248,0.8556924000149593
S7,SGD + Momentum,63,1.7759409666868648e-07,0.5205936917562476,1.0,0.875,4,252,0.8686972999712452
S7,SGD + Momentum,64,1.7729425382492956e-07,0.5205980276907555,1.0,0.875,4,256,0.8811878000269644
S7,SGD + Momentum,65,1.7704640210854578e-07,0.5206016160095283,1.0,0.875,4,260,0.8942924999864772
S7,SGD + Momentum,66,1.7680643045834774e-07,0.5206050952835108,1.0,0.875,4,264,0.9074402999831364
S7,SGD + Momentum,67,1.7646902272335104e-07,0.5206099978842181,1.0,0.875,4,268,0.9214446999831125
S7,SGD + Momentum,68,1.7621228264642082e-07,0.5206137335680118,1.0,0.875,4,272,0.934809900005348
S7,SGD + Momentum,69,1.7588463233789166e-07,0.5206185104319233,1.0,0.875,4,276,0.950257699994836
S7,SGD + Momentum,70,1.755589612153851e-07,0.5206232680453219,1.0,0.875,4,280,0.9650733000016771
S7,SGD + Momentum,71,1.7525436264319656e-07,0.520627725449813,1.0,0.875,4,284,0.9814506000257097
S7,SGD + Momentum,72,1.7500458400288039e-07,0.520631386419812,1.0,0.875,4,288,0.9961632000049576
S7,SGD + Momentum,73,1.7475019519097553e-07,0.5206351206806703,1.0,0.875,4,292,1.0116743000107817
S7,SGD + Momentum,74,1.744525664947607e-07,0.5206394964182541,1.0,0.875,4,296,1.0284933000220917
S7,SGD + Momentum,75,1.7420780714205704e-07,0.5206431003106792,1.0,0.875,4,300,1.0453586999792606
S7,SGD + Momentum,76,1.7395752979849946e-07,0.5206467907645653,1.0,0.875,4,304,1.0640145000070333
S7,SGD + Momentum,77,1.7370390152352358e-07,0.5206505370783691,1.0,0.875,4,308,1.0875410999869928
S7,SGD + Momentum,78,1.7344834382825564e-07,0.5206543171951212,1.0,0.875,4,312,1.1045974000007845
S7,SGD + Momentum,79,1.7320646439790734e-07,0.520657899846354,1.0,0.875,4,316,1.1285690999939106
S7,SGD + Momentum,80,1.7287509574809343e-07,0.5206628181023384,1.0,0.875,4,320,1.1460944999707863
S7,SGD + Momentum,81,1.7260917765593214e-07,0.520666771866606,1.0,0.875,4,324,1.1621625000261702
S7,SGD + Momentum,82,1.723072087319297e-07,0.5206712690755708,1.0,0.875,4,328,1.1780079000163823
S7,SGD + Momentum,83,1.7202147266878603e-07,0.5206755323511268,1.0,0.875,4,332,1.1945026000030339
S7,SGD + Momentum,84,1.7178587715088545e-07,0.5206790521742295,1.0,0.875,4,336,1.2091726000071503
S7,SGD + Momentum,85,1.715235030248594e-07,0.5206829790223464,1.0,0.875,4,340,1.2255736999795772
S7,SGD + Momentum,86,1.7128498528114505e-07,0.5206865535207975,1.0,0.875,4,344,1.2456685000215657
S7,SGD + Momentum,87,1.7102133108755329e-07,0.5206905108772443,1.0,0.875,4,348,1.2603501999983564
S7,SGD + Momentum,88,1.7074359082858267e-07,0.5206946868778674,1.0,0.875,4,352,1.2743302999879234
S7,SGD + Momentum,89,1.704936097385569e-07,0.5206984512791291,1.0,0.875,4,356,1.2891303999931552
S7,SGD + Momentum,90,1.7024372419298627e-07,0.5207022201865803,1.0,0.875,4,360,1.3025629000039771
S7,SGD + Momentum,91,1.699941549312368e-07,0.520705989482951,1.0,0.875,4,364,1.3151043999823742
S7,SGD + Momentum,92,1.6976520201465714e-07,0.5207094522812363,1.0,0.875,4,368,1.328685000014957
S7,SGD + Momentum,93,1.6952981137209756e-07,0.5207130181065236,1.0,0.875,4,372,1.3424623999744654
S7,SGD + Momentum,94,1.692523453557343e-07,0.520717228866344,1.0,0.875,4,376,1.3560705999843776
S7,SGD + Momentum,95,1.689857378737883e-07,0.5207212804309916,1.0,0.875,4,380,1.3715580999851227
S7,SGD + Momentum,96,1.6872649966981537e-07,0.5207252263861568,1.0,0.875,4,384,1.3842582000070252
S7,SGD + Momentum,97,1.6847234235518606e-07,0.5207291009883531,1.0,0.875,4,388,1.3970377999939956
S7,SGD + Momentum,98,1.6825939060433692e-07,0.5207323511895053,1.0,0.875,4,392,1.4116604999871925
S7,SGD + Momentum,99,1.6801623730571836e-07,0.5207360685803638,1.0,0.875,4,396,1.425877199973911
S7,SGD + Momentum,100,1.6777331335249848e-07,0.5207397881033344,1.0,0.875,4,400,1.4395852999878116
S7,Adagrad,1,3.0225922396744165e-06,1.0379729022040024e-05,1.0,1.0,4,4,0.03625479998299852
S7,Adagrad,2,3.0107474138478615e-06,1.0367110668245402e-05,1.0,1.0,4,8,0.061940499988850206
S7,Adagrad,3,3.000745363001931e-06,1.0355732787500196e-05,1.0,1.0,4,12,0.08680290001211688
S7,Adagrad,4,2.9906398823469894e-06,1.0344114234735252e-05,1.0,1.0,4,16,0.11469389998819679
S7,Adagrad,5,2.979191174325416e-06,1.0331800009124793e-05,1.0,1.0,4,20,0.1383291999809444
S7,Adagrad,6,2.9691331537077765e-06,1.0319892447923752e-05,1.0,1.0,4,24,0.16004520002752542
S7,Adagrad,7,2.9578925439166568e-06,1.0307724652393662e-05,1.0,1.0,4,28,0.18255070003215224
S7,Adagrad,8,2.9474637146787525e-06,1.0295092127381626e-05,1.0,1.0,4,32,0.20264000003226101
S7,Adagrad,9,2.937988577120568e-06,1.0284141977031308e-05,1.0,1.0,4,36,0.22848350001731887
S7,Adagrad,10,2.926869755387022e-06,1.02719935538641e-05,1.0,1.0,4,40,0.24827789998380467
S7,Adagrad,11,2.917440134890572e-06,1.0260990272116512e-05,1.0,1.0,4,44,0.27027979999547824
S7,Adagrad,12,2.9081945470605207e-06,1.0250243879646409e-05,1.0,1.0,4,48,0.2942142999963835
S7,Adagrad,13,2.8988072201183945e-06,1.023920966856398e-05,1.0,1.0,4,52,0.31555619998835027
S7,Adagrad,14,2.8895363218111564e-06,1.0228066642929908e-05,1.0,1.0,4,56,0.33781150000868365
S7,Adagrad,15,2.8805307143042373e-06,1.0217518419451806e-05,1.0,1.0,4,60,0.35768680000910535
S7,Adagrad,16,2.871362686384275e-06,1.020671899297479e-05,1.0,1.0,4,64,0.379062200023327
S7,Adagrad,17,2.862032104771603e-06,1.0195460433847824e-05,1.0,1.0,4,68,0.4013149000238627
S7,Adagrad,18,2.8515716385010236e-06,1.0183889812256857e-05,1.0,1.0,4,72,0.4223868999979459
S7,Adagrad,19,2.8422023187232368e-06,1.017232839884367e-05,1.0,1.0,4,76,0.44505939999362454
S7,Adagrad,20,2.833553262591318e-06,1.0162083978080165e-05,1.0,1.0,4,80,0.46635579998837784
S7,Adagrad,21,2.824800959206556e-06,1.0151684496495017e-05,1.0,1.0,4,84,0.49322960001882166
S7,Adagrad,22,2.8162465300141957e-06,1.0141525425599778e-05,1.0,1.0,4,88,0.5141803000005893
S7,Adagrad,23,2.8075165316606113e-06,1.0130849481951595e-05,1.0,1.0,4,92,0.5394521999987774
S7,Adagrad,24,2.7983444064698245e-06,1.011941439004692e-05,1.0,1.0,4,96,0.5620584000134841
S7,Adagrad,25,2.7898753732427004e-06,1.0109050087630045e-05,1.0,1.0,4,100,0.5873148000100628
S7,Adagrad,26,2.781513693426462e-06,1.009908967436445e-05,1.0,1.0,4,104,0.6100587000255473
S7,Adagrad,27,2.773111644572704e-06,1.0089013594651271e-05,1.0,1.0,4,108,0.6355533000314608
S7,Adagrad,28,2.7646005772890395e-06,1.0078792437645882e-05,1.0,1.0,4,112,0.6591272000223398
S7,Adagrad,29,2.756461068675636e-06,1.0069009077079523e-05,1.0,1.0,4,116,0.6806847000261769
S7,Adagrad,30,2.7481599048250067e-06,1.0058764777428253e-05,1.0,1.0,4,120,0.7051838000188582
S7,Adagrad,31,2.739304370740978e-06,1.004761004962542e-05,1.0,1.0,4,124,0.7260910000186414
S7,Adagrad,32,2.7310825738311085e-06,1.0037418961569336e-05,1.0,1.0,4,128,0.7479529000120237
S7,Adagrad,33,2.7231560735016924e-06,1.0027856175652066e-05,1.0,1.0,4,132,0.7683414000202902
S7,Adagrad,34,2.7137907906805495e-06,1.0017242713300744e-05,1.0,1.0,4,136,0.7899219000246376
S7,Adagrad,35,2.7059725850905084e-06,1.0007758256533653e-05,1.0,1.0,4,140,0.8151265999767929
S7,Adagrad,36,2.697526697158005e-06,9.996810271714833e-06,1.0,1.0,4,144,0.8381405000109226
S7,Adagrad,37,2.689547064317702e-06,9.987070639715082e-06,1.0,1.0,4,148,0.8635388999828137
S7,Adagrad,38,2.6812125695240597e-06,9.976237273149798e-06,1.0,1.0,4,152,0.8855669000186026
S7,Adagrad,39,2.673207461067139e-06,9.966443921504051e-06,1.0,1.0,4,156,0.9077851999900304
S7,Adagrad,40,2.6654042430881166e-06,9.956661223815726e-06,1.0,1.0,4,160,0.9316279999911785
S7,Adagrad,41,2.656575166473889e-06,9.946589230405498e-06,1.0,1.0,4,164,0.9520123000256717
S7,Adagrad,42,2.6490015152908763e-06,9.937079467296296e-06,1.0,1.0,4,168,0.9723482999834232
S7,Adagrad,43,2.6415292993938196e-06,9.92795111909252e-06,1.0,1.0,4,172,0.9947778999921866
S7,Adagrad,44,2.6339258072085603e-06,9.91836091552987e-06,1.0,1.0,4,176,1.0153003000305034
S7,Adagrad,45,2.6265948072178445e-06,9.90934950168633e-06,1.0,1.0,4,180,1.0356580999796279
S7,Adagrad,46,2.618774509330326e-06,9.899313471847527e-06,1.0,1.0,4,184,1.0551366999861784
S7,Adagrad,47,2.611297738875207e-06,9.890061489058584e-06,1.0,1.0,4,188,1.075994200014975
S7,Adagrad,48,2.6033386548501487e-06,9.879793163848211e-06,1.0,1.0,4,192,1.0958035999792628
S7,Adagrad,49,2.5954215126908594e-06,9.86955008194429e-06,1.0,1.0,4,196,1.1168508999980986
S7,Adagrad,50,2.5879955049391713e-06,9.860108080338472e-06,1.0,1.0,4,200,1.1355220000259578
S7,Adagrad,51,2.5809378466584893e-06,9.851361879687574e-06,1.0,1.0,4,204,1.1544410000205971
S7,Adagrad,52,2.573873197761559e-06,9.842644105180499e-06,1.0,1.0,4,208,1.1763424000237137
S7,Adagrad,53,2.5668974277331265e-06,9.833979878162269e-06,1.0,1.0,4,212,1.1967414999962784
S7,Adagrad,54,2.558763636616569e-06,9.824539654546884e-06,1.0,1.0,4,216,1.2158009000122547
S7,Adagrad,55,2.5518769191688123e-06,9.815954922200848e-06,1.0,1.0,4,220,1.2351186000159942
S7,Adagrad,56,2.5449828494457995e-06,9.80737822691628e-06,1.0,1.0,4,224,1.2610838999971747
S7,Adagrad,57,2.538165941103182e-06,9.798861973460321e-06,1.0,1.0,4,228,1.2818542000022717
S7,Adagrad,58,2.5313993762832524e-06,9.790414550552803e-06,1.0,1.0,4,232,1.3019809999968857
S7,Adagrad,59,2.5245163153554935e-06,9.781609982211792e-06,1.0,1.0,4,236,1.3220366000314243
S7,Adagrad,60,2.517822860063996e-06,9.773228589714568e-06,1.0,1.0,4,240,1.3425939999870025
S7,Adagrad,61,2.5099012270021254e-06,9.763910332520334e-06,1.0,1.0,4,244,1.3609749000170268
S7,Adagrad,62,2.5025864288548103e-06,9.754279773197543e-06,1.0,1.0,4,248,1.3802634000312537
S7,Adagrad,63,2.4960225869284933e-06,9.746013824944595e-06,1.0,1.0,4,252,1.399083700031042
S7,Adagrad,64,2.4881494086308e-06,9.736683303437588e-06,1.0,1.0,4,256,1.4182520000031218
S7,Adagrad,65,2.481569836632299e-06,9.728149648182166e-06,1.0,1.0,4,260,1.439824500004761
S7,Adagrad,66,2.4749677420221784e-06,9.719811095898412e-06,1.0,1.0,4,264,1.4592151999822818
S7,Adagrad,67,2.468474993203133e-06,9.711585832315754e-06,1.0,1.0,4,268,1.4785254999878816
S7,Adagrad,68,2.461990358136422e-06,9.703366482704696e-06,1.0,1.0,4,272,1.4983513000188395
S7,Adagrad,69,2.455333114102839e-06,9.694665957206196e-06,1.0,1.0,4,276,1.517140300013125
S7,Adagrad,70,2.4485609658092323e-06,9.685675683270355e-06,1.0,1.0,4,280,1.538347200024873
S7,Adagrad,71,2.442292616779765e-06,9.677697881816935e-06,1.0,1.0,4,284,1.5636296999873593
S7,Adagrad,72,2.435969199993698e-06,9.669420700273458e-06,1.0,1.0,4,288,1.5837054000003263
S7,Adagrad,73,2.4297733180641035e-06,9.661519140549211e-06,1.0,1.0,4,292,1.6038660000194795
S7,Adagrad,74,2.4231183638214648e-06,9.65266326789528e-06,1.0,1.0,4,296,1.6252421999815851
S7,Adagrad,75,2.4164639480404756e-06,9.643773669565071e-06,1.0,1.0,4,300,1.6461271999869496
S7,Adagrad,76,2.410288476635772e-06,9.635643689966788e-06,1.0,1.0,4,304,1.6662141000269912
S7,Adagrad,77,2.4038086300467473e-06,9.626917709131185e-06,1.0,1.0,4,308,1.685989600024186
S7,Adagrad,78,2.397276608247855e-06,9.6179229527318e-06,1.0,1.0,4,312,1.7118899999768473
S7,Adagrad,79,2.3902328771277124e-06,9.609460731694054e-06,1.0,1.0,4,316,1.7312276000156999
S7,Adagrad,80,2.3840895161093336e-06,9.601499995173494e-06,1.0,1.0,4,320,1.7516981000080705
S7,Adagrad,81,2.3781863531446333e-06,9.593862572931963e-06,1.0,1.0,4,324,1.7713633999810554
S7,Adagrad,82,2.371779466858342e-06,9.585177917028323e-06,1.0,1.0,4,328,1.7926593000302091
S7,Adagrad,83,2.365857940524435e-06,9.57751311586255e-06,1.0,1.0,4,332,1.8113595999893732
S7,Adagrad,84,2.359848295609798e-06,9.569684614017824e-06,1.0,1.0,4,336,1.8323013000190258
S7,Adagrad,85,2.3537953298678498e-06,9.56179360142064e-06,1.0,1.0,4,340,1.8532111999811605
S7,Adagrad,86,2.3468611372685775e-06,9.553327877211011e-06,1.0,1.0,4,344,1.8741684000124224
S7,Adagrad,87,2.3405404455287975e-06,9.544717212007327e-06,1.0,1.0,4,348,1.8951042999979109
S7,Adagrad,88,2.334456037459578e-06,9.53641126370942e-06,1.0,1.0,4,352,1.9170961999916472
S7,Adagrad,89,2.3274432528832433e-06,9.527465588584248e-06,1.0,1.0,4,356,1.9401489000301808
S7,Adagrad,90,2.3218369502019085e-06,9.520135511239833e-06,1.0,1.0,4,360,1.962417299975641
S7,Adagrad,91,2.3161503106374252e-06,9.512709736298615e-06,1.0,1.0,4,364,1.9862684999825433
S7,Adagrad,92,2.3096574226386417e-06,9.504767989189054e-06,1.0,1.0,4,368,2.008432000002358
S7,Adagrad,93,2.3030965051759333e-06,9.496754747596695e-06,1.0,1.0,4,372,2.0318090000073425
S7,Adagrad,94,2.2976158097325157e-06,9.489550095068035e-06,1.0,1.0,4,376,2.0554069000063464
S7,Adagrad,95,2.292059791372401e-06,9.482228671106744e-06,1.0,1.0,4,380,2.0766678000218235
S7,Adagrad,96,2.2865223174240853e-06,9.47496643519957e-06,1.0,1.0,4,384,2.097011499979999
S7,Adagrad,97,2.2801136123163535e-06,9.46707541729429e-06,1.0,1.0,4,388,2.1160232999827713
S7,Adagrad,98,2.274653500702882e-06,9.459853362428358e-06,1.0,1.0,4,392,2.1359134999802336
S7,Adagrad,99,2.2690416258851354e-06,9.452204162675828e-06,1.0,1.0,4,396,2.156529000028968
S7,Adagrad,100,2.263116909136794e-06,9.444009270840031e-06,1.0,1.0,4,400,2.176309400005266
S7,RMSprop,1,-0.0,-0.0,1.0,1.0,4,4,0.02711780002573505
S7,RMSprop,2,-0.0,-0.0,1.0,1.0,4,8,0.05079429998295382
S7,RMSprop,3,-0.0,-0.0,1.0,1.0,4,12,0.07428070000605658
S7,RMSprop,4,-0.0,-0.0,1.0,1.0,4,16,0.09922040003584698
S7,RMSprop,5,-0.0,-0.0,1.0,1.0,4,20,0.12382199999410659
S7,RMSprop,6,-0.0,-0.0,1.0,1.0,4,24,0.14916780003113672
S7,RMSprop,7,-0.0,-0.0,1.0,1.0,4,28,0.17476279998663813
S7,RMSprop,8,-0.0,-0.0,1.0,1.0,4,32,0.20128510001813993
S7,RMSprop,9,-0.0,-0.0,1.0,1.0,4,36,0.2281829999992624
S7,RMSprop,10,-0.0,-0.0,1.0,1.0,4,40,0.2571565000107512
S7,RMSprop,11,-0.0,-0.0,1.0,1.0,4,44,0.28290910000214353
S7,RMSprop,12,-0.0,-0.0,1.0,1.0,4,48,0.31115540000610054
S7,RMSprop,13,-0.0,-0.0,1.0,1.0,4,52,0.33478370000375435
S7,RMSprop,14,-0.0,-0.0,1.0,1.0,4,56,0.3593846000148915
S7,RMSprop,15,-0.0,-0.0,1.0,1.0,4,60,0.3827917000162415
S7,RMSprop,16,-0.0,-0.0,1.0,1.0,4,64,0.4094345000339672
S7,RMSprop,17,-0.0,-0.0,1.0,1.0,4,68,0.43462120002368465
S7,RMSprop,18,-0.0,-0.0,1.0,1.0,4,72,0.46136210003169253
S7,RMSprop,19,-0.0,-0.0,1.0,1.0,4,76,0.48874160001287237
S7,RMSprop,20,-0.0,-0.0,1.0,1.0,4,80,0.5181736000231467
S7,RMSprop,21,-0.0,-0.0,1.0,1.0,4,84,0.5482037999900058
S7,RMSprop,22,-0.0,-0.0,1.0,1.0,4,88,0.5739718999830075
S7,RMSprop,23,-0.0,-0.0,1.0,1.0,4,92,0.6016453999909572
S7,RMSprop,24,-0.0,-0.0,1.0,1.0,4,96,0.6309083999949507
S7,RMSprop,25,-0.0,-0.0,1.0,1.0,4,100,0.6578972000279464
S7,RMSprop,26,-0.0,-0.0,1.0,1.0,4,104,0.6854198999935761
S7,RMSprop,27,-0.0,-0.0,1.0,1.0,4,108,0.7144576000282541
S7,RMSprop,28,-0.0,-0.0,1.0,1.0,4,112,0.8008117999997921
S7,RMSprop,29,-0.0,-0.0,1.0,1.0,4,116,0.9339515999890864
S7,RMSprop,30,-0.0,-0.0,1.0,1.0,4,120,0.9687020999845117
S7,RMSprop,31,-0.0,-0.0,1.0,1.0,4,124,1.0268009999999776
S7,RMSprop,32,-0.0,-0.0,1.0,1.0,4,128,1.0551266000256874
S7,RMSprop,33,-0.0,-0.0,1.0,1.0,4,132,1.0829767000395805
S7,RMSprop,34,-0.0,-0.0,1.0,1.0,4,136,1.1107397000305355
S7,RMSprop,35,-0.0,-0.0,1.0,1.0,4,140,1.1350930000189692
S7,RMSprop,36,-0.0,-0.0,1.0,1.0,4,144,1.15903670003172
S7,RMSprop,37,-0.0,-0.0,1.0,1.0,4,148,1.184874500031583
S7,RMSprop,38,-0.0,-0.0,1.0,1.0,4,152,1.2114713999908417
S7,RMSprop,39,-0.0,-0.0,1.0,1.0,4,156,1.2355092000216246
S7,RMSprop,40,-0.0,-0.0,1.0,1.0,4,160,1.2666309000342153
S7,RMSprop,41,-0.0,-0.0,1.0,1.0,4,164,1.2923791999928653
S7,RMSprop,42,-0.0,-0.0,1.0,1.0,4,168,1.316419799986761
S7,RMSprop,43,-0.0,-0.0,1.0,1.0,4,172,1.3411531000165269
S7,RMSprop,44,-0.0,-0.0,1.0,1.0,4,176,1.36462449998362
S7,RMSprop,45,-0.0,-0.0,1.0,1.0,4,180,1.3884644000208937
S7,RMSprop,46,-0.0,-0.0,1.0,1.0,4,184,1.4125089999870397
S7,RMSprop,47,-0.0,-0.0,1.0,1.0,4,188,1.4392641999875195
S7,RMSprop,48,-0.0,-0.0,1.0,1.0,4,192,1.4641239999909885
S7,RMSprop,49,-0.0,-0.0,1.0,1.0,4,196,1.4900211000349373
S7,RMSprop,50,-0.0,-0.0,1.0,1.0,4,200,1.5234037000336684
S7,RMSprop,51,-0.0,-0.0,1.0,1.0,4,204,1.5537692999932915
S7,RMSprop,52,-0.0,-0.0,1.0,1.0,4,208,1.5792352000134997
S7,RMSprop,53,-0.0,-0.0,1.0,1.0,4,212,1.6101718000136316
S7,RMSprop,54,-0.0,-0.0,1.0,1.0,4,216,1.6355593000189401
S7,RMSprop,55,-0.0,-0.0,1.0,1.0,4,220,1.6602208000258543
S7,RMSprop,56,-0.0,-0.0,1.0,1.0,4,224,1.685370100021828
S7,RMSprop,57,-0.0,-0.0,1.0,1.0,4,228,1.7103421000065282
S7,RMSprop,58,-0.0,-0.0,1.0,1.0,4,232,1.735254500003066
S7,RMSprop,59,-0.0,-0.0,1.0,1.0,4,236,1.7605909000267275
S7,RMSprop,60,-0.0,-0.0,1.0,1.0,4,240,1.7862198000075296
S7,RMSprop,61,-0.0,-0.0,1.0,1.0,4,244,1.8152467000181787
S7,RMSprop,62,-0.0,-0.0,1.0,1.0,4,248,1.840560499986168
S7,RMSprop,63,-0.0,-0.0,1.0,1.0,4,252,1.864201900025364
S7,RMSprop,64,-0.0,-0.0,1.0,1.0,4,256,1.8914237000280991
S7,RMSprop,65,-0.0,-0.0,1.0,1.0,4,260,1.920615800016094
S7,RMSprop,66,-0.0,-0.0,1.0,1.0,4,264,1.947305999987293
S7,RMSprop,67,-0.0,-0.0,1.0,1.0,4,268,1.9748105999897234
S7,RMSprop,68,-0.0,-0.0,1.0,1.0,4,272,2.001751800009515
S7,RMSprop,69,-0.0,-0.0,1.0,1.0,4,276,2.030140599992592
S7,RMSprop,70,-0.0,-0.0,1.0,1.0,4,280,2.0572041000123136
S7,RMSprop,71,-0.0,-0.0,1.0,1.0,4,284,2.0855152999865822
S7,RMSprop,72,-0.0,-0.0,1.0,1.0,4,288,2.112294299993664
S7,RMSprop,73,-0.0,-0.0,1.0,1.0,4,292,2.138041600002907
S7,RMSprop,74,-0.0,-0.0,1.0,1.0,4,296,2.1645634000306018
S7,RMSprop,75,-0.0,-0.0,1.0,1.0,4,300,2.193367500032764
S7,RMSprop,76,-0.0,-0.0,1.0,1.0,4,304,2.2222727999906056
S7,RMSprop,77,-0.0,-0.0,1.0,1.0,4,308,2.2481047000037506
S7,RMSprop,78,-0.0,-0.0,1.0,1.0,4,312,2.2746089000138454
S7,RMSprop,79,-0.0,-0.0,1.0,1.0,4,316,2.2987831000355072
S7,RMSprop,80,-0.0,-0.0,1.0,1.0,4,320,2.325050099985674
S7,RMSprop,81,-0.0,-0.0,1.0,1.0,4,324,2.3532833000062965
S7,RMSprop,82,-0.0,-0.0,1.0,1.0,4,328,2.3778751000063494
S7,RMSprop,83,-0.0,-0.0,1.0,1.0,4,332,2.401186700037215
S7,RMSprop,84,-0.0,-0.0,1.0,1.0,4,336,2.4262214000336826
S7,RMSprop,85,-0.0,-0.0,1.0,1.0,4,340,2.4514441000064835
S7,RMSprop,86,-0.0,-0.0,1.0,1.0,4,344,2.478416800033301
S7,RMSprop,87,-0.0,-0.0,1.0,1.0,4,348,2.510673200013116
S7,RMSprop,88,-0.0,-0.0,1.0,1.0,4,352,2.5402613999904133
S7,RMSprop,89,-0.0,-0.0,1.0,1.0,4,356,2.567891000013333
S7,RMSprop,90,-0.0,-0.0,1.0,1.0,4,360,2.5928069000365213
S7,RMSprop,91,-0.0,-0.0,1.0,1.0,4,364,2.616636299993843
S7,RMSprop,92,-0.0,-0.0,1.0,1.0,4,368,2.6427143000182696
S7,RMSprop,93,-0.0,-0.0,1.0,1.0,4,372,2.6684393000323325
S7,RMSprop,94,-0.0,-0.0,1.0,1.0,4,376,2.6944979000254534
S7,RMSprop,95,-0.0,-0.0,1.0,1.0,4,380,2.7193055000388995
S7,RMSprop,96,-0.0,-0.0,1.0,1.0,4,384,2.7449822000344284
S7,RMSprop,97,-0.0,-0.0,1.0,1.0,4,388,2.771096699987538
S7,RMSprop,98,-0.0,-0.0,1.0,1.0,4,392,2.80103810003493
S7,RMSprop,99,-0.0,-0.0,1.0,1.0,4,396,2.829199100029655
S7,RMSprop,100,-0.0,-0.0,1.0,1.0,4,400,2.8554378999979235
S7,Adam,1,4.578840678970885e-07,3.493103863550621e-10,1.0,1.0,4,4,0.029970399977173656
S7,Adam,2,0.4904534709251472,0.004368574163627858,0.9666666666666667,1.0,4,8,0.05824619997292757
S7,Adam,3,-0.0,1.0633299800748197e-10,1.0,1.0,4,12,0.08827419998124242
S7,Adam,4,-0.0,1.5575082570773232e-09,1.0,1.0,4,16,0.11891239997930825
S7,Adam,5,-0.0,8.370903987598445e-08,1.0,1.0,4,20,0.15943709999555722
S7,Adam,6,-0.0,5.330731953753939e-06,1.0,1.0,4,24,0.18874770001275465
S7,Adam,7,-0.0,0.00013330916358100705,1.0,1.0,4,28,0.22058979998109862
S7,Adam,8,-0.0,0.001230748749134379,1.0,1.0,4,32,0.2503146000090055
S7,Adam,9,-0.0,0.005855359118461556,1.0,1.0,4,36,0.28030360001139343
S7,Adam,10,-0.0,0.016922317796347123,1.0,1.0,4,40,0.3096069999737665
S7,Adam,11,-0.0,0.034013785834451,1.0,1.0,4,44,0.33907190000172704
S7,Adam,12,-0.0,0.05330154265806087,1.0,1.0,4,48,0.3693804999929853
S7,Adam,13,-0.0,0.07106825172020659,1.0,1.0,4,52,0.4078991999849677
S7,Adam,14,-0.0,0.0855494886724152,1.0,1.0,4,56,0.45452689996454865
S7,Adam,15,-0.0,0.096531700235156,1.0,0.875,4,60,0.5006567999953404
S7,Adam,16,-0.0,0.10450883680358543,1.0,0.875,4,64,0.5396333999815397
S7,Adam,17,-0.0,0.11015106263591447,1.0,0.875,4,68,0.5729004999739118
S7,Adam,18,-0.0,0.11407454457911136,1.0,0.875,4,72,0.6055932000163011
S7,Adam,19,-0.0,0.11677238550176447,1.0,0.875,4,76,0.6381391999893822
S7,Adam,20,-0.0,0.11861332950538528,1.0,0.875,4,80,0.67004719999386
S7,Adam,21,-0.0,0.11986283935979561,1.0,0.875,4,84,0.69835779996356
S7,Adam,22,-0.0,0.1207076632560594,1.0,0.875,4,88,0.7300922999856994
S7,Adam,23,-0.0,0.12127724587716826,1.0,0.875,4,92,0.7611022999626584
S7,Adam,24,-0.0,0.1216604310009133,1.0,0.875,4,96,0.7923087999806739
S7,Adam,25,-0.0,0.12191778306553912,1.0,0.875,4,100,0.8298225000035018
S7,Adam,26,-0.0,0.12209039006238559,1.0,0.875,4,104,0.8709431999595836
S7,Adam,27,-0.0,0.12220602903197579,1.0,0.875,4,108,0.904311099962797
S7,Adam,28,-0.0,0.12228342891780139,1.0,0.875,4,112,0.939207199960947
S7,Adam,29,-0.0,0.12233519228922105,1.0,0.875,4,116,0.9756447999970987
S7,Adam,30,-0.0,0.1223697856920852,1.0,0.875,4,120,1.010536499961745
S7,Adam,31,-0.0,0.12239288959802068,1.0,0.875,4,124,1.0455584999872372
S7,Adam,32,-0.0,0.12240831104357308,1.0,0.875,4,128,1.077644800010603
S7,Adam,33,-0.0,0.12241859910649534,1.0,0.875,4,132,1.1068007000139914
S7,Adam,34,-0.0,0.12242545917909886,1.0,0.875,4,136,1.138566899986472
S7,Adam,35,-0.0,0.12243003138142278,1.0,0.875,4,140,1.1684773999731988
S7,Adam,36,-0.0,0.12243307742989201,1.0,0.875,4,144,1.1975041999830864
S7,Adam,37,-0.0,0.12243510592631662,1.0,0.875,4,148,1.2300043000141159
S7,Adam,38,-0.0,0.1224364562811716,1.0,0.875,4,152,1.2668500000145286
S7,Adam,39,-0.0,0.12243735488223259,1.0,0.875,4,156,1.2985892000142485
S7,Adam,40,-0.0,0.12243795265972528,1.0,0.875,4,160,1.3374920999631286
S7,Adam,41,-0.0,0.12243835019289809,1.0,0.875,4,164,1.3736521999817342
S7,Adam,42,-0.0,0.12243861447958249,1.0,0.875,4,168,1.403958800015971
S7,Adam,43,-0.0,0.12243879013100463,1.0,0.875,4,172,1.4387136999866925
S7,Adam,44,-0.0,0.12243890684110569,1.0,0.875,4,176,1.4703493000124581
S7,Adam,45,-0.0,0.12243898436776635,1.0,0.875,4,180,1.4990255999728106
S7,Adam,46,-0.0,0.12243903585325032,1.0,0.875,4,184,1.5292433999711648
S7,Adam,47,-0.0,0.12243907003655617,1.0,0.875,4,188,1.5575993999955244
S7,Adam,48,-0.0,0.12243909272704294,1.0,0.875,4,192,1.592429300013464
S7,Adam,49,-0.0,0.12243910778539796,1.0,0.875,4,196,1.6193916999618523
S7,Adam,50,-0.0,0.12243911777664988,1.0,0.875,4,200,1.6473242999636568
S7,Adam,51,-0.0,0.12243912440452961,1.0,0.875,4,204,1.6756982000079006
S7,Adam,52,-0.0,0.12243912880038722,1.0,0.875,4,208,1.7032124999677762
S7,Adam,53,-0.0,0.12243913171534718,1.0,0.875,4,212,1.731717899965588
S7,Adam,54,-0.0,0.12243913364794275,1.0,0.875,4,216,1.766101399960462
S7,Adam,55,-0.0,0.12243913492902955,1.0,0.875,4,220,1.7959003999712877
S7,Adam,56,-0.0,0.12243913577809006,1.0,0.875,4,224,1.8267173999920487
S7,Adam,57,-0.0,0.12243913634073243,1.0,0.875,4,228,1.8559281000052579
S7,Adam,58,-0.0,0.12243913671351889,1.0,0.875,4,232,1.8849978999933228
S7,Adam,59,-0.0,0.12243913696047451,1.0,0.875,4,236,1.9125240999856032
S7,Adam,60,-0.0,0.12243913712404282,1.0,0.875,4,240,1.9404876999906264
S7,Adam,61,-0.0,0.12243913723237737,1.0,0.875,4,244,1.9672118999878876
S7,Adam,62,-0.0,0.12243913730411209,1.0,0.875,4,248,1.9943275999976322
S7,Adam,63,-0.0,0.12243913735160125,1.0,0.875,4,252,2.0239529999671504
S7,Adam,64,-0.0,0.12243913738304897,1.0,0.875,4,256,2.0513258000137284
S7,Adam,65,-0.0,0.12243913740385642,1.0,0.875,4,260,2.080452299967874
S7,Adam,66,-0.0,0.1224391374176331,1.0,0.875,4,264,2.108810000005178
S7,Adam,67,-0.0,0.12243913742674778,1.0,0.875,4,268,2.13868440000806
S7,Adam,68,-0.0,0.12243913743278068,1.0,0.875,4,272,2.167392799980007
S7,Adam,69,-0.0,0.1224391374367721,1.0,0.875,4,276,2.1975436999928206
S7,Adam,70,-0.0,0.12243913743941093,1.0,0.875,4,280,2.2269536000094377
S7,Adam,71,-0.0,0.12243913744116344,1.0,0.875,4,284,2.2569991999771446
S7,Adam,72,-0.0,0.12243913744231301,1.0,0.875,4,288,2.284852899960242
S7,Adam,73,-0.0,0.1224391374430793,1.0,0.875,4,292,2.31278450001264
S7,Adam,74,-0.0,0.12243913744358155,1.0,0.875,4,296,2.3428098000003956
S7,Adam,75,-0.0,0.12243913744392074,1.0,0.875,4,300,2.371324400010053
S7,Adam,76,-0.0,0.12243913744414174,1.0,0.875,4,304,2.399455900012981
S7,Adam,77,-0.0,0.12243913744429291,1.0,0.875,4,308,2.429953299986664
S7,Adam,78,-0.0,0.12243913744438412,1.0,0.875,4,312,2.4610657999874093
S7,Adam,79,-0.0,0.12243913744445042,1.0,0.875,4,316,2.490020099969115
S7,Adam,80,-0.0,0.1224391374444912,1.0,0.875,4,320,2.520903799973894
S7,Adam,81,-0.0,0.12243913744452059,1.0,0.875,4,324,2.5489740999764763
S7,Adam,82,-0.0,0.12243913744453419,1.0,0.875,4,328,2.577910599997267
S7,Adam,83,-0.0,0.12243913744454361,1.0,0.875,4,332,2.606406999984756
S7,Adam,84,-0.0,0.12243913744455083,1.0,0.875,4,336,2.6338791999733075
S7,Adam,85,-0.0,0.12243913744455276,1.0,0.875,4,340,2.663365699991118
S7,Adam,86,-0.0,0.12243913744455168,1.0,0.875,4,344,2.69203659996856
S7,Adam,87,-0.0,0.12243913744455445,1.0,0.875,4,348,2.7220118999830447
S7,Adam,88,-0.0,0.12243913744455415,1.0,0.875,4,352,2.7507616999791935
S7,Adam,89,-0.0,0.12243913744455415,1.0,0.875,4,356,2.780130699975416
S7,Adam,90,-0.0,0.12243913744455415,1.0,0.875,4,360,2.810139600012917
S7,Adam,91,-0.0,0.12243913744455526,1.0,0.875,4,364,2.8383663999848068
S7,Adam,92,-0.0,0.12243913744455526,1.0,0.875,4,368,2.8757539999787696
S7,Adam,93,-0.0,0.12243913744455526,1.0,0.875,4,372,2.9026698999805376
S7,Adam,94,-0.0,0.12243913744455526,1.0,0.875,4,376,2.930979099997785
S7,Adam,95,-0.0,0.12243913744455526,1.0,0.875,4,380,2.9593188000144437
S7,Adam,96,-0.0,0.12243913744455526,1.0,0.875,4,384,2.987379600002896
S7,Adam,97,-0.0,0.12243913744455526,1.0,0.875,4,388,3.0156426999601535
S7,Adam,98,-0.0,0.12243913744455526,1.0,0.875,4,392,3.0455582999857143
S7,Adam,99,-0.0,0.12243913744455526,1.0,0.875,4,396,3.0749471000162885
S7,Adam,100,-0.0,0.12243913744455526,1.0,0.875,4,400,3.1049457999761216
S7,AdamW,1,4.6058479960639597e-07,3.5426589458598253e-10,1.0,1.0,4,4,0.02963039994938299
S7,AdamW,2,0.49094198608694534,0.00461419674369122,0.9666666666666667,1.0,4,8,0.05923339998116717
S7,AdamW,3,-0.0,1.3087025914260877e-10,1.0,1.0,4,12,0.0867246999987401
S7,AdamW,4,-0.0,1.7857092876479965e-09,1.0,1.0,4,16,0.11537119996501133
S7,AdamW,5,-0.0,9.571205438512467e-08,1.0,1.0,4,20,0.14483579999068752
S7,AdamW,6,-0.0,5.223187480578505e-06,1.0,1.0,4,24,0.17353829997591674
S7,AdamW,7,-0.0,0.000132588486216134,1.0,1.0,4,28,0.20065209997119382
S7,AdamW,8,-0.0,0.0012044156643055365,1.0,1.0,4,32,0.23130980000132695
S7,AdamW,9,-0.0,0.005659567170921846,1.0,1.0,4,36,0.26374569995095953
S7,AdamW,10,-0.0,0.016223403627068714,1.0,1.0,4,40,0.29278949997387826
S7,AdamW,11,-0.0,0.03246877818990803,1.0,1.0,4,44,0.3228428000002168
S7,AdamW,12,-0.0,0.050790673695920156,1.0,1.0,4,48,0.3519298999453895
S7,AdamW,13,-0.0,0.06768241009814642,1.0,1.0,4,52,0.3866115999990143
S7,AdamW,14,-0.0,0.0814614614420682,1.0,1.0,4,56,0.42165759997442365
S7,AdamW,15,-0.0,0.09191153660272425,1.0,0.875,4,60,0.45224499999312684
S7,AdamW,16,-0.0,0.09949480074022755,1.0,0.875,4,64,0.482869999948889
S7,AdamW,17,-0.0,0.10484705934310239,1.0,0.875,4,68,0.516257899987977
S7,AdamW,18,-0.0,0.10855582653380408,1.0,0.875,4,72,0.547471099998802
S7,AdamW,19,-0.0,0.11109241977501909,1.0,0.875,4,76,0.5783604999887757
S7,AdamW,20,-0.0,0.11280969032804387,1.0,0.875,4,80,0.6076025999500416
S7,AdamW,21,-0.0,0.11396175077973024,1.0,0.875,4,84,0.6350839999504387
S7,AdamW,22,-0.0,0.11472734243770721,1.0,0.875,4,88,0.6648094999836758
S7,AdamW,23,-0.0,0.11523030606501786,1.0,0.875,4,92,0.6942302999668755
S7,AdamW,24,-0.0,0.11555558501587504,1.0,0.875,4,96,0.7229496999643743
S7,AdamW,25,-0.0,0.11576104024759361,1.0,0.875,4,100,0.7532372999703512
S7,AdamW,26,-0.0,0.11588589204543817,1.0,0.875,4,104,0.7810627999715507
S7,AdamW,27,-0.0,0.11595663060062324,1.0,0.875,4,108,0.8105284999473952
S7,AdamW,28,-0.0,0.11599110021427099,1.0,0.875,4,112,0.8399213999509811
S7,AdamW,29,-0.0,0.11600129648380958,1.0,0.875,4,116,0.8684633999946527
S7,AdamW,30,-0.0,0.11599527019893424,1.0,0.875,4,120,0.8973284999956377
S7,AdamW,31,-0.0,0.11597841747380062,1.0,0.875,4,124,0.9261934999958612
S7,AdamW,32,-0.0,0.11595435111396629,1.0,0.875,4,128,0.9568380999844521
S7,AdamW,33,-0.0,0.11592548768286347,1.0,0.875,4,132,0.9856688999570906
S7,AdamW,34,-0.0,0.11589344225885007,1.0,0.875,4,136,1.014761600003112
S7,AdamW,35,-0.0,0.11585929346528585,1.0,0.875,4,140,1.043099899950903
S7,AdamW,36,-0.0,0.1158237611765026,1.0,0.875,4,144,1.0723364999867044
S7,AdamW,37,-0.0,0.11578732554247302,1.0,0.875,4,148,1.1001098999986425
S7,AdamW,38,-0.0,0.11575030663492146,1.0,0.875,4,152,1.1290161999640986
S7,AdamW,39,-0.0,0.11571291769900517,1.0,0.875,4,156,1.1577346999547444
S7,AdamW,40,-0.0,0.11567530073141595,1.0,0.875,4,160,1.1864992999471724
S7,AdamW,41,-0.0,0.11563755023463072,1.0,0.875,4,164,1.2184040999854915
S7,AdamW,42,-0.0,0.11559972906718516,1.0,0.875,4,168,1.2565427999943495
S7,AdamW,43,-0.0,0.11556187901395541,1.0,0.875,4,172,1.2881603999994695
S7,AdamW,44,-0.0,0.11552402783166416,1.0,0.875,4,176,1.322035099961795
S7,AdamW,45,-0.0,0.11548619394269759,1.0,0.875,4,180,1.353682899964042
S7,AdamW,46,-0.0,0.11544838956076155,1.0,0.875,4,184,1.3837632999639027
S7,AdamW,47,-0.0,0.11541062277141995,1.0,0.875,4,188,1.4149330999935046
S7,AdamW,48,-0.0,0.11537289891638394,1.0,0.875,4,192,1.4456021999940276
S7,AdamW,49,-0.0,0.11533522151423944,1.0,0.875,4,196,1.47573799995007
S7,AdamW,50,-0.0,0.11529759287258577,1.0,0.875,4,200,1.5052792999777012
S7,AdamW,51,-0.0,0.11526001449490753,1.0,0.875,4,204,1.5379966999753378
S7,AdamW,52,-0.0,0.11522248735090211,1.0,0.875,4,208,1.567397599981632
S7,AdamW,53,-0.0,0.115185012056056,1.0,0.875,4,212,1.604061099991668
S7,AdamW,54,-0.0,0.11514758899084265,1.0,0.875,4,216,1.6346055999747477
S7,AdamW,55,-0.0,0.11511021837991595,1.0,0.875,4,220,1.6686573999468237
S7,AdamW,56,-0.0,0.11507290034461774,1.0,0.875,4,224,1.6999727999791503
S7,AdamW,57,-0.0,0.11503563493783056,1.0,0.875,4,228,1.7313067999784835
S7,AdamW,58,-0.0,0.1149984221671126,1.0,0.875,4,232,1.7612286999938078
S7,AdamW,59,-0.0,0.11496126201003212,1.0,0.875,4,236,1.7918566999724135
S7,AdamW,60,-0.0,0.11492415442431597,1.0,0.875,4,240,1.8204975999542512
S7,AdamW,61,-0.0,0.1148870993545927,1.0,0.875,4,244,1.8488959999522194
S7,AdamW,62,-0.0,0.11485009673687281,1.0,0.875,4,248,1.878874599991832
S7,AdamW,63,-0.0,0.11481314650149978,1.0,0.875,4,252,1.9071323999669403
S7,AdamW,64,-0.0,0.11477624857511046,1.0,0.875,4,256,1.9371556999976747
S7,AdamW,65,-0.0,0.11473940288192468,1.0,0.875,4,260,1.965811499976553
S7,AdamW,66,-0.0,0.11470260934462838,1.0,0.875,4,264,1.9961476000025868
S7,AdamW,67,-0.0,0.11466586788491223,1.0,0.875,4,268,2.0249940999783576
S7,AdamW,68,-0.0,0.11462917842387468,1.0,0.875,4,272,2.0543338999850675
S7,AdamW,69,-0.0,0.11459254088226577,1.0,0.875,4,276,2.083371199958492
S7,AdamW,70,-0.0,0.11455595518064325,1.0,0.875,4,280,2.1128415999701247
S7,AdamW,71,-0.0,0.11451942123947365,1.0,0.875,4,284,2.142461999959778
S7,AdamW,72,-0.0,0.11448293897924142,1.0,0.875,4,288,2.1721097999834456
S7,AdamW,73,-0.0,0.11444650832045682,1.0,0.875,4,292,2.2007441999739967
S7,AdamW,74,-0.0,0.11441012918369259,1.0,0.875,4,296,2.230328699981328
S7,AdamW,75,-0.0,0.11437380148964248,1.0,0.875,4,300,2.260970799950883
S7,AdamW,76,-0.0,0.11433752515907868,1.0,0.875,4,304,2.2898492999956943
S7,AdamW,77,-0.0,0.11430130011290963,1.0,0.875,4,308,2.3179494999931194
S7,AdamW,78,-0.0,0.11426512627215525,1.0,0.875,4,312,2.3480942999594845
S7,AdamW,79,-0.0,0.11422900355796116,1.0,0.875,4,316,2.377088699955493
S7,AdamW,80,-0.0,0.11419293189160366,1.0,0.875,4,320,2.4066277999663725
S7,AdamW,81,-0.0,0.11415691119448375,1.0,0.875,4,324,2.4350615000003017
S7,AdamW,82,-0.0,0.11412094138813485,1.0,0.875,4,328,2.464598999998998
S7,AdamW,83,-0.0,0.11408502239422531,1.0,0.875,4,332,2.4947851999895647
S7,AdamW,84,-0.0,0.11404915413455412,1.0,0.875,4,336,2.5268114999635145
S7,AdamW,85,-0.0,0.11401333653103707,1.0,0.875,4,340,2.557157000002917
S7,AdamW,86,-0.0,0.11397756950573565,1.0,0.875,4,344,2.585395799949765
S7,AdamW,87,-0.0,0.11394185298085287,1.0,0.875,4,348,2.61602319998201
S7,AdamW,88,-0.0,0.11390618687868179,1.0,0.875,4,352,2.64552919997368
S7,AdamW,89,-0.0,0.11387057112168916,1.0,0.875,4,356,2.678358099947218
S7,AdamW,90,-0.0,0.11383500563245248,1.0,0.875,4,360,2.7130659999675117
S7,AdamW,91,-0.0,0.1137994903336758,1.0,0.875,4,364,2.7468155999667943
S7,AdamW,92,-0.0,0.1137640251482103,1.0,0.875,4,368,2.780510599957779
S7,AdamW,93,-0.0,0.11372860999900976,1.0,0.875,4,372,2.8188137999968603
S7,AdamW,94,-0.0,0.11369324480918809,1.0,0.875,4,376,2.858776199980639
S7,AdamW,95,-0.0,0.11365792950196442,1.0,0.875,4,380,2.900082299951464
S7,AdamW,96,-0.0,0.11362266400070245,1.0,0.875,4,384,2.9389187999768183
S7,AdamW,97,-0.0,0.11358744822888481,1.0,0.875,4,388,2.976550099963788
S7,AdamW,98,-0.0,0.11355228211012662,1.0,0.875,4,392,3.0216363999643363
S7,AdamW,99,-0.0,0.11351716556817104,1.0,0.875,4,396,3.0569514999515377
S7,AdamW,100,-0.0,0.11348209852688827,1.0,0.875,4,400,3.0956231000018306
