original_folder,event,sensor,file,rows,columns,malformed_rows,missing_values,bad_timestamps,timestamp_format,median_interval_ms,error
S1_Bending_1_extracted,Event_0,JinsAccelerometer,JinsAccelerometer_Event_0.data,100,4,0,0,0,epoch milliseconds (2018-03-02 09:34:43.471000),52.0,
S1_Bending_1_extracted,Event_0,JinsBlinkSpeed,JinsBlinkSpeed_Event_0.data,100,2,0,0,0,epoch milliseconds (2018-03-02 09:34:43.471000),52.0,
S1_Bending_1_extracted,Event_0,JinsBlinkStrength,JinsBlinkStrength_Event_0.data,100,2,0,0,0,epoch milliseconds (2018-03-02 09:34:43.471000),52.0,
S1_Bending_1_extracted,Event_0,JinsEyeMovement,JinsEyeMovement_Event_0.data,100,5,0,0,0,epoch milliseconds (2018-03-02 09:34:43.471000),52.0,
S1_Bending_1_extracted,Event_0,JinsGyroscope,JinsGyroscope_Event_0.data,100,4,0,0,0,epoch milliseconds (2018-03-02 09:34:43.471000),52.0,
S1_Bending_1_extracted,Event_0,PhoneAccelerometer,PhoneAccelerometer_Event_0.data,1007,4,0,0,0,epoch milliseconds (2018-03-02 09:34:43.452000),5.0,
S1_Bending_1_extracted,Event_0,PhoneGravity,PhoneGravity_Event_0.data,1009,4,0,0,0,epoch milliseconds (2018-03-02 09:34:43.450000),5.0,
S1_Bending_1_extracted,Event_0,PhoneGyroscope,PhoneGyroscope_Event_0.data,1005,4,0,0,0,epoch milliseconds (2018-03-02 09:34:43.452000),5.0,
S1_Bending_1_extracted,Event_0,PhoneLinearAccelerometer,PhoneLinearAccelerometer_Event_0.data,1008,4,0,0,0,epoch milliseconds (2018-03-02 09:34:43.450000),5.0,
S1_Bending_1_extracted,Event_0,PhoneMagnetometer,PhoneMagnetometer_Event_0.data,501,4,0,0,0,epoch milliseconds (2018-03-02 09:34:43.455000),10.0,
S1_Bending_1_extracted,Event_0,android.sensor.accelerometer,android.sensor.accelerometer_Event_0.data,494,4,0,0,0,epoch milliseconds (2018-03-02 09:34:43.543000),10.0,
S1_Bending_1_extracted,Event_0,android.sensor.gyroscope,android.sensor.gyroscope_Event_0.data,494,4,0,0,0,epoch milliseconds (2018-03-02 09:34:43.448000),10.0,
S1_Bending_1_extracted,Event_1,JinsAccelerometer,JinsAccelerometer_Event_1.data,100,4,0,0,0,epoch milliseconds (2018-03-02 09:36:13.432000),52.0,
S1_Bending_1_extracted,Event_1,JinsBlinkSpeed,JinsBlinkSpeed_Event_1.data,100,2,0,0,0,epoch milliseconds (2018-03-02 09:36:13.432000),52.0,
S1_Bending_1_extracted,Event_1,JinsBlinkStrength,JinsBlinkStrength_Event_1.data,100,2,0,0,0,epoch milliseconds (2018-03-02 09:36:13.432000),52.0,
S1_Bending_1_extracted,Event_1,JinsEyeMovement,JinsEyeMovement_Event_1.data,100,5,0,0,0,epoch milliseconds (2018-03-02 09:36:13.432000),52.0,
S1_Bending_1_extracted,Event_1,JinsGyroscope,JinsGyroscope_Event_1.data,100,4,0,0,0,epoch milliseconds (2018-03-02 09:36:13.432000),52.0,
S1_Bending_1_extracted,Event_1,PhoneAccelerometer,PhoneAccelerometer_Event_1.data,1008,4,0,0,0,epoch milliseconds (2018-03-02 09:36:13.400000),5.0,
S1_Bending_1_extracted,Event_1,PhoneGravity,PhoneGravity_Event_1.data,1007,4,0,0,0,epoch milliseconds (2018-03-02 09:36:13.403000),5.0,
S1_Bending_1_extracted,Event_1,PhoneGyroscope,PhoneGyroscope_Event_1.data,1007,4,0,0,0,epoch milliseconds (2018-03-02 09:36:13.400000),5.0,
S1_Bending_1_extracted,Event_1,PhoneLinearAccelerometer,PhoneLinearAccelerometer_Event_1.data,1007,4,0,0,0,epoch milliseconds (2018-03-02 09:36:13.400000),5.0,
S1_Bending_1_extracted,Event_1,PhoneMagnetometer,PhoneMagnetometer_Event_1.data,501,4,0,0,0,epoch milliseconds (2018-03-02 09:36:13.401000),10.0,
S1_Bending_1_extracted,Event_1,android.sensor.accelerometer,android.sensor.accelerometer_Event_1.data,493,4,0,0,0,epoch milliseconds (2018-03-02 09:36:13.401000),10.0,
S1_Bending_1_extracted,Event_1,android.sensor.gyroscope,android.sensor.gyroscope_Event_1.data,493,4,0,0,0,epoch milliseconds (2018-03-02 09:36:13.403000),10.0,
S1_Bending_1_extracted,Event_2,JinsAccelerometer,JinsAccelerometer_Event_2.data,100,4,0,0,0,epoch milliseconds (2018-03-02 09:36:24.192000),52.0,
S1_Bending_1_extracted,Event_2,JinsBlinkSpeed,JinsBlinkSpeed_Event_2.data,100,2,0,0,0,epoch milliseconds (2018-03-02 09:36:24.192000),52.0,
S1_Bending_1_extracted,Event_2,JinsBlinkStrength,JinsBlinkStrength_Event_2.data,100,2,0,0,0,epoch milliseconds (2018-03-02 09:36:24.192000),52.0,
S1_Bending_1_extracted,Event_2,JinsEyeMovement,JinsEyeMovement_Event_2.data,100,5,0,0,0,epoch milliseconds (2018-03-02 09:36:24.192000),52.0,
S1_Bending_1_extracted,Event_2,JinsGyroscope,JinsGyroscope_Event_2.data,100,4,0,0,0,epoch milliseconds (2018-03-02 09:36:24.192000),52.0,
S1_Bending_1_extracted,Event_2,PhoneAccelerometer,PhoneAccelerometer_Event_2.data,1007,4,0,0,0,epoch milliseconds (2018-03-02 09:36:24.152000),5.0,
S1_Bending_1_extracted,Event_2,PhoneGravity,PhoneGravity_Event_2.data,1007,4,0,0,0,epoch milliseconds (2018-03-02 09:36:24.153000),5.0,
S1_Bending_1_extracted,Event_2,PhoneGyroscope,PhoneGyroscope_Event_2.data,1005,4,0,0,0,epoch milliseconds (2018-03-02 09:36:24.154000),5.0,
S1_Bending_1_extracted,Event_2,PhoneLinearAccelerometer,PhoneLinearAccelerometer_Event_2.data,1007,4,0,0,0,epoch milliseconds (2018-03-02 09:36:24.155000),5.0,
S1_Bending_1_extracted,Event_2,PhoneMagnetometer,PhoneMagnetometer_Event_2.data,500,4,0,0,0,epoch milliseconds (2018-03-02 09:36:24.160000),10.0,
S1_Bending_1_extracted,Event_2,android.sensor.accelerometer,android.sensor.accelerometer_Event_2.data,500,4,0,0,0,epoch milliseconds (2018-03-02 09:36:24.159000),10.0,
S1_Bending_1_extracted,Event_2,android.sensor.gyroscope,android.sensor.gyroscope_Event_2.data,500,4,0,0,0,epoch milliseconds (2018-03-02 09:36:24.159000),10.0,
S1_Bending_1_extracted,Event_3,JinsAccelerometer,JinsAccelerometer_Event_3.data,100,4,0,0,0,epoch milliseconds (2018-03-02 09:36:34.899000),52.0,
S1_Bending_1_extracted,Event_3,JinsBlinkSpeed,JinsBlinkSpeed_Event_3.data,100,2,0,0,0,epoch milliseconds (2018-03-02 09:36:34.899000),52.0,
S1_Bending_1_extracted,Event_3,JinsBlinkStrength,JinsBlinkStrength_Event_3.data,100,2,0,0,0,epoch milliseconds (2018-03-02 09:36:34.899000),52.0,
S1_Bending_1_extracted,Event_3,JinsEyeMovement,JinsEyeMovement_Event_3.data,100,5,0,0,0,epoch milliseconds (2018-03-02 09:36:34.899000),52.0,
S1_Bending_1_extracted,Event_3,JinsGyroscope,JinsGyroscope_Event_3.data,100,4,0,0,0,epoch milliseconds (2018-03-02 09:36:34.899000),52.0,
S1_Bending_1_extracted,Event_3,PhoneAccelerometer,PhoneAccelerometer_Event_3.data,1017,4,0,0,0,epoch milliseconds (2018-03-02 09:36:34.848000),5.0,
S1_Bending_1_extracted,Event_3,PhoneGravity,PhoneGravity_Event_3.data,1005,4,0,0,0,epoch milliseconds (2018-03-02 09:36:34.849000),5.0,
S1_Bending_1_extracted,Event_3,PhoneGyroscope,PhoneGyroscope_Event_3.data,1006,4,0,0,0,epoch milliseconds (2018-03-02 09:36:34.849000),5.0,
S1_Bending_1_extracted,Event_3,PhoneLinearAccelerometer,PhoneLinearAccelerometer_Event_3.data,1005,4,0,0,0,epoch milliseconds (2018-03-02 09:36:34.852000),5.0,
S1_Bending_1_extracted,Event_3,PhoneMagnetometer,PhoneMagnetometer_Event_3.data,501,4,0,0,0,epoch milliseconds (2018-03-02 09:36:34.851000),10.0,
S1_Bending_1_extracted,Event_3,android.sensor.accelerometer,android.sensor.accelerometer_Event_3.data,505,4,0,0,0,epoch milliseconds (2018-03-02 09:36:34.848000),10.0,
S1_Bending_1_extracted,Event_3,android.sensor.gyroscope,android.sensor.gyroscope_Event_3.data,505,4,0,0,0,epoch milliseconds (2018-03-02 09:36:34.856000),10.0,
S1_Bending_1_extracted,Event_4,JinsAccelerometer,JinsAccelerometer_Event_4.data,100,4,0,0,0,epoch milliseconds (2018-03-02 09:36:45.322000),53.0,
S1_Bending_1_extracted,Event_4,JinsBlinkSpeed,JinsBlinkSpeed_Event_4.data,100,2,0,0,0,epoch milliseconds (2018-03-02 09:36:45.322000),53.0,
S1_Bending_1_extracted,Event_4,JinsBlinkStrength,JinsBlinkStrength_Event_4.data,100,2,0,0,0,epoch milliseconds (2018-03-02 09:36:45.322000),53.0,
S1_Bending_1_extracted,Event_4,JinsEyeMovement,JinsEyeMovement_Event_4.data,100,5,0,0,0,epoch milliseconds (2018-03-02 09:36:45.322000),53.0,
S1_Bending_1_extracted,Event_4,JinsGyroscope,JinsGyroscope_Event_4.data,100,4,0,0,0,epoch milliseconds (2018-03-02 09:36:45.322000),53.0,
S1_Bending_1_extracted,Event_4,PhoneAccelerometer,PhoneAccelerometer_Event_4.data,1006,4,0,0,0,epoch milliseconds (2018-03-02 09:36:45.313000),5.0,
S1_Bending_1_extracted,Event_4,PhoneGravity,PhoneGravity_Event_4.data,1008,4,0,0,0,epoch milliseconds (2018-03-02 09:36:45.313000),5.0,
S1_Bending_1_extracted,Event_4,PhoneGyroscope,PhoneGyroscope_Event_4.data,1008,4,0,0,0,epoch milliseconds (2018-03-02 09:36:45.315000),5.0,
S1_Bending_1_extracted,Event_4,PhoneLinearAccelerometer,PhoneLinearAccelerometer_Event_4.data,1006,4,0,0,0,epoch milliseconds (2018-03-02 09:36:45.312000),5.0,
S1_Bending_1_extracted,Event_4,PhoneMagnetometer,PhoneMagnetometer_Event_4.data,501,4,0,0,0,epoch milliseconds (2018-03-02 09:36:45.316000),10.0,
S1_Bending_1_extracted,Event_4,android.sensor.accelerometer,android.sensor.accelerometer_Event_4.data,495,4,0,0,0,epoch milliseconds (2018-03-02 09:36:45.319000),10.0,
S1_Bending_1_extracted,Event_4,android.sensor.gyroscope,android.sensor.gyroscope_Event_4.data,494,4,0,0,0,epoch milliseconds (2018-03-02 09:36:45.320000),10.0,
S1_Bending_1_extracted,Event_5,JinsAccelerometer,JinsAccelerometer_Event_5.data,100,4,0,0,0,epoch milliseconds (2018-03-02 09:36:56.269000),52.0,
S1_Bending_1_extracted,Event_5,JinsBlinkSpeed,JinsBlinkSpeed_Event_5.data,100,2,0,0,0,epoch milliseconds (2018-03-02 09:36:56.269000),52.0,
S1_Bending_1_extracted,Event_5,JinsBlinkStrength,JinsBlinkStrength_Event_5.data,100,2,0,0,0,epoch milliseconds (2018-03-02 09:36:56.269000),52.0,
S1_Bending_1_extracted,Event_5,JinsEyeMovement,JinsEyeMovement_Event_5.data,100,5,0,0,0,epoch milliseconds (2018-03-02 09:36:56.269000),52.0,
S1_Bending_1_extracted,Event_5,JinsGyroscope,JinsGyroscope_Event_5.data,100,4,0,0,0,epoch milliseconds (2018-03-02 09:36:56.269000),52.0,
S1_Bending_1_extracted,Event_5,PhoneAccelerometer,PhoneAccelerometer_Event_5.data,1007,4,0,0,0,epoch milliseconds (2018-03-02 09:36:56.251000),5.0,
S1_Bending_1_extracted,Event_5,PhoneGravity,PhoneGravity_Event_5.data,1007,4,0,0,0,epoch milliseconds (2018-03-02 09:36:56.251000),5.0,
S1_Bending_1_extracted,Event_5,PhoneGyroscope,PhoneGyroscope_Event_5.data,1005,4,0,0,0,epoch milliseconds (2018-03-02 09:36:56.249000),5.0,
S1_Bending_1_extracted,Event_5,PhoneLinearAccelerometer,PhoneLinearAccelerometer_Event_5.data,1007,4,0,0,0,epoch milliseconds (2018-03-02 09:36:56.251000),5.0,
S1_Bending_1_extracted,Event_5,PhoneMagnetometer,PhoneMagnetometer_Event_5.data,500,4,0,0,0,epoch milliseconds (2018-03-02 09:36:56.249000),10.0,
S1_Bending_1_extracted,Event_5,android.sensor.accelerometer,android.sensor.accelerometer_Event_5.data,500,4,0,0,0,epoch milliseconds (2018-03-02 09:36:56.250000),10.0,
S1_Bending_1_extracted,Event_5,android.sensor.gyroscope,android.sensor.gyroscope_Event_5.data,500,4,0,0,0,epoch milliseconds (2018-03-02 09:36:56.255000),10.0,
S1_Bending_1_extracted,Event_6,JinsAccelerometer,JinsAccelerometer_Event_6.data,100,4,0,0,0,epoch milliseconds (2018-03-02 09:37:08.426000),52.0,
S1_Bending_1_extracted,Event_6,JinsBlinkSpeed,JinsBlinkSpeed_Event_6.data,100,2,0,0,0,epoch milliseconds (2018-03-02 09:37:08.426000),52.0,
S1_Bending_1_extracted,Event_6,JinsBlinkStrength,JinsBlinkStrength_Event_6.data,100,2,0,0,0,epoch milliseconds (2018-03-02 09:37:08.426000),52.0,
S1_Bending_1_extracted,Event_6,JinsEyeMovement,JinsEyeMovement_Event_6.data,100,5,0,0,0,epoch milliseconds (2018-03-02 09:37:08.426000),52.0,
S1_Bending_1_extracted,Event_6,JinsGyroscope,JinsGyroscope_Event_6.data,100,4,0,0,0,epoch milliseconds (2018-03-02 09:37:08.426000),52.0,
S1_Bending_1_extracted,Event_6,PhoneAccelerometer,PhoneAccelerometer_Event_6.data,1007,4,0,0,0,epoch milliseconds (2018-03-02 09:37:08.416000),5.0,
S1_Bending_1_extracted,Event_6,PhoneGravity,PhoneGravity_Event_6.data,1006,4,0,0,0,epoch milliseconds (2018-03-02 09:37:08.418000),5.0,
S1_Bending_1_extracted,Event_6,PhoneGyroscope,PhoneGyroscope_Event_6.data,1005,4,0,0,0,epoch milliseconds (2018-03-02 09:37:08.419000),5.0,
S1_Bending_1_extracted,Event_6,PhoneLinearAccelerometer,PhoneLinearAccelerometer_Event_6.data,1008,4,0,0,0,epoch milliseconds (2018-03-02 09:37:08.417000),5.0,
S1_Bending_1_extracted,Event_6,PhoneMagnetometer,PhoneMagnetometer_Event_6.data,501,4,0,0,0,epoch milliseconds (2018-03-02 09:37:08.416000),10.0,
S1_Bending_1_extracted,Event_6,android.sensor.accelerometer,android.sensor.accelerometer_Event_6.data,504,4,0,0,0,epoch milliseconds (2018-03-02 09:37:08.416000),10.0,
S1_Bending_1_extracted,Event_6,android.sensor.gyroscope,android.sensor.gyroscope_Event_6.data,504,4,0,0,0,epoch milliseconds (2018-03-02 09:37:08.424000),10.0,
S1_Bending_1_extracted,Event_7,JinsAccelerometer,JinsAccelerometer_Event_7.data,99,4,0,0,0,epoch milliseconds (2018-03-02 09:37:19.530000),52.0,
S1_Bending_1_extracted,Event_7,JinsBlinkSpeed,JinsBlinkSpeed_Event_7.data,99,2,0,0,0,epoch milliseconds (2018-03-02 09:37:19.530000),52.0,
S1_Bending_1_extracted,Event_7,JinsBlinkStrength,JinsBlinkStrength_Event_7.data,99,2,0,0,0,epoch milliseconds (2018-03-02 09:37:19.530000),52.0,
S1_Bending_1_extracted,Event_7,JinsEyeMovement,JinsEyeMovement_Event_7.data,99,5,0,0,0,epoch milliseconds (2018-03-02 09:37:19.530000),52.0,
S1_Bending_1_extracted,Event_7,JinsGyroscope,JinsGyroscope_Event_7.data,99,4,0,0,0,epoch milliseconds (2018-03-02 09:37:19.530000),52.0,
S1_Bending_1_extracted,Event_7,PhoneAccelerometer,PhoneAccelerometer_Event_7.data,1007,4,0,0,0,epoch milliseconds (2018-03-02 09:37:19.482000),5.0,
S1_Bending_1_extracted,Event_7,PhoneGravity,PhoneGravity_Event_7.data,1007,4,0,0,0,epoch milliseconds (2018-03-02 09:37:19.482000),5.0,
S1_Bending_1_extracted,Event_7,PhoneGyroscope,PhoneGyroscope_Event_7.data,1008,4,0,0,0,epoch milliseconds (2018-03-02 09:37:19.480000),5.0,
S1_Bending_1_extracted,Event_7,PhoneLinearAccelerometer,PhoneLinearAccelerometer_Event_7.data,1006,4,0,0,0,epoch milliseconds (2018-03-02 09:37:19.483000),5.0,
S1_Bending_1_extracted,Event_7,PhoneMagnetometer,PhoneMagnetometer_Event_7.data,500,4,0,0,0,epoch milliseconds (2018-03-02 09:37:19.483000),10.0,
S1_Bending_1_extracted,Event_7,android.sensor.accelerometer,android.sensor.accelerometer_Event_7.data,494,4,0,0,0,epoch milliseconds (2018-03-02 09:37:19.488000),10.0,
S1_Bending_1_extracted,Event_7,android.sensor.gyroscope,android.sensor.gyroscope_Event_7.data,494,4,0,0,0,epoch milliseconds (2018-03-02 09:37:19.485000),10.0,
S1_Bending_1_extracted,Event_8,JinsAccelerometer,JinsAccelerometer_Event_8.data,100,4,0,0,0,epoch milliseconds (2018-03-02 09:37:35.172000),52.0,
S1_Bending_1_extracted,Event_8,JinsBlinkSpeed,JinsBlinkSpeed_Event_8.data,100,2,0,0,0,epoch milliseconds (2018-03-02 09:37:35.172000),52.0,
S1_Bending_1_extracted,Event_8,JinsBlinkStrength,JinsBlinkStrength_Event_8.data,100,2,0,0,0,epoch milliseconds (2018-03-02 09:37:35.172000),52.0,
S1_Bending_1_extracted,Event_8,JinsEyeMovement,JinsEyeMovement_Event_8.data,100,5,0,0,0,epoch milliseconds (2018-03-02 09:37:35.172000),52.0,
S1_Bending_1_extracted,Event_8,JinsGyroscope,JinsGyroscope_Event_8.data,100,4,0,0,0,epoch milliseconds (2018-03-02 09:37:35.172000),52.0,
S1_Bending_1_extracted,Event_8,PhoneAccelerometer,PhoneAccelerometer_Event_8.data,1007,4,0,0,0,epoch milliseconds (2018-03-02 09:37:35.172000),5.0,
S1_Bending_1_extracted,Event_8,PhoneGravity,PhoneGravity_Event_8.data,1009,4,0,0,0,epoch milliseconds (2018-03-02 09:37:35.171000),5.0,
S1_Bending_1_extracted,Event_8,PhoneGyroscope,PhoneGyroscope_Event_8.data,1007,4,0,0,0,epoch milliseconds (2018-03-02 09:37:35.168000),5.0,
S1_Bending_1_extracted,Event_8,PhoneLinearAccelerometer,PhoneLinearAccelerometer_Event_8.data,1010,4,0,0,0,epoch milliseconds (2018-03-02 09:37:35.168000),5.0,
S1_Bending_1_extracted,Event_8,PhoneMagnetometer,PhoneMagnetometer_Event_8.data,502,4,0,0,0,epoch milliseconds (2018-03-02 09:37:35.169000),10.0,
S1_Bending_1_extracted,Event_8,android.sensor.accelerometer,android.sensor.accelerometer_Event_8.data,504,4,0,0,0,epoch milliseconds (2018-03-02 09:37:35.172000),10.0,
S1_Bending_1_extracted,Event_8,android.sensor.gyroscope,android.sensor.gyroscope_Event_8.data,505,4,0,0,0,epoch milliseconds (2018-03-02 09:37:35.169000),10.0,
S1_Bending_1_extracted,Event_9,JinsAccelerometer,JinsAccelerometer_Event_9.data,101,4,0,0,0,epoch milliseconds (2018-03-02 09:37:46.695000),52.0,
S1_Bending_1_extracted,Event_9,JinsBlinkSpeed,JinsBlinkSpeed_Event_9.data,101,2,0,0,0,epoch milliseconds (2018-03-02 09:37:46.695000),52.0,
S1_Bending_1_extracted,Event_9,JinsBlinkStrength,JinsBlinkStrength_Event_9.data,101,2,0,0,0,epoch milliseconds (2018-03-02 09:37:46.695000),52.0,
S1_Bending_1_extracted,Event_9,JinsEyeMovement,JinsEyeMovement_Event_9.data,101,5,0,0,0,epoch milliseconds (2018-03-02 09:37:46.695000),52.0,
S1_Bending_1_extracted,Event_9,JinsGyroscope,JinsGyroscope_Event_9.data,101,4,0,0,0,epoch milliseconds (2018-03-02 09:37:46.695000),52.0,
S1_Bending_1_extracted,Event_9,PhoneAccelerometer,PhoneAccelerometer_Event_9.data,1006,4,0,0,0,epoch milliseconds (2018-03-02 09:37:46.691000),5.0,
S1_Bending_1_extracted,Event_9,PhoneGravity,PhoneGravity_Event_9.data,1008,4,0,0,0,epoch milliseconds (2018-03-02 09:37:46.691000),5.0,
S1_Bending_1_extracted,Event_9,PhoneGyroscope,PhoneGyroscope_Event_9.data,1006,4,0,0,0,epoch milliseconds (2018-03-02 09:37:46.692000),5.0,
S1_Bending_1_extracted,Event_9,PhoneLinearAccelerometer,PhoneLinearAccelerometer_Event_9.data,1008,4,0,0,0,epoch milliseconds (2018-03-02 09:37:46.690000),5.0,
S1_Bending_1_extracted,Event_9,PhoneMagnetometer,PhoneMagnetometer_Event_9.data,500,4,0,0,0,epoch milliseconds (2018-03-02 09:37:46.694000),10.0,
S1_Bending_1_extracted,Event_9,android.sensor.accelerometer,android.sensor.accelerometer_Event_9.data,506,4,0,0,0,epoch milliseconds (2018-03-02 09:37:46.689000),10.0,
S1_Bending_1_extracted,Event_9,android.sensor.gyroscope,android.sensor.gyroscope_Event_9.data,506,4,0,0,0,epoch milliseconds (2018-03-02 09:37:46.696000),10.0,
S1_Bending_2_extracted,Event_0,JinsAccelerometer,JinsAccelerometer_Event_0.data,101,4,0,0,0,epoch milliseconds (2018-03-02 09:40:11.498000),52.0,
S1_Bending_2_extracted,Event_0,JinsBlinkSpeed,JinsBlinkSpeed_Event_0.data,101,2,0,0,0,epoch milliseconds (2018-03-02 09:40:11.498000),52.0,
S1_Bending_2_extracted,Event_0,JinsBlinkStrength,JinsBlinkStrength_Event_0.data,101,2,0,0,0,epoch milliseconds (2018-03-02 09:40:11.498000),52.0,
S1_Bending_2_extracted,Event_0,JinsEyeMovement,JinsEyeMovement_Event_0.data,101,5,0,0,0,epoch milliseconds (2018-03-02 09:40:11.498000),52.0,
S1_Bending_2_extracted,Event_0,JinsGyroscope,JinsGyroscope_Event_0.data,101,4,0,0,0,epoch milliseconds (2018-03-02 09:40:11.498000),52.0,
S1_Bending_2_extracted,Event_0,PhoneAccelerometer,PhoneAccelerometer_Event_0.data,1008,4,0,0,0,epoch milliseconds (2018-03-02 09:40:11.499000),5.0,
S1_Bending_2_extracted,Event_0,PhoneGravity,PhoneGravity_Event_0.data,1007,4,0,0,0,epoch milliseconds (2018-03-02 09:40:11.499000),5.0,
S1_Bending_2_extracted,Event_0,PhoneGyroscope,PhoneGyroscope_Event_0.data,1005,4,0,0,0,epoch milliseconds (2018-03-02 09:40:11.497000),5.0,
S1_Bending_2_extracted,Event_0,PhoneLinearAccelerometer,PhoneLinearAccelerometer_Event_0.data,1008,4,0,0,0,epoch milliseconds (2018-03-02 09:40:11.497000),5.0,
S1_Bending_2_extracted,Event_0,PhoneMagnetometer,PhoneMagnetometer_Event_0.data,501,4,0,0,0,epoch milliseconds (2018-03-02 09:40:11.505000),10.0,
S1_Bending_2_extracted,Event_0,android.sensor.accelerometer,android.sensor.accelerometer_Event_0.data,490,4,0,0,0,epoch milliseconds (2018-03-02 09:40:11.500000),10.0,
S1_Bending_2_extracted,Event_0,android.sensor.gyroscope,android.sensor.gyroscope_Event_0.data,490,4,0,0,0,epoch milliseconds (2018-03-02 09:40:11.498000),10.0,
S1_Bending_2_extracted,Event_1,JinsAccelerometer,JinsAccelerometer_Event_1.data,101,4,0,0,0,epoch milliseconds (2018-03-02 09:40:21.552000),52.0,
S1_Bending_2_extracted,Event_1,JinsBlinkSpeed,JinsBlinkSpeed_Event_1.data,101,2,0,0,0,epoch milliseconds (2018-03-02 09:40:21.552000),52.0,
S1_Bending_2_extracted,Event_1,JinsBlinkStrength,JinsBlinkStrength_Event_1.data,101,2,0,0,0,epoch milliseconds (2018-03-02 09:40:21.552000),52.0,
S1_Bending_2_extracted,Event_1,JinsEyeMovement,JinsEyeMovement_Event_1.data,101,5,0,0,0,epoch milliseconds (2018-03-02 09:40:21.552000),52.0,
S1_Bending_2_extracted,Event_1,JinsGyroscope,JinsGyroscope_Event_1.data,101,4,0,0,0,epoch milliseconds (2018-03-02 09:40:21.552000),52.0,
S1_Bending_2_extracted,Event_1,PhoneAccelerometer,PhoneAccelerometer_Event_1.data,1007,4,0,0,0,epoch milliseconds (2018-03-02 09:40:21.537000),5.0,
S1_Bending_2_extracted,Event_1,PhoneGravity,PhoneGravity_Event_1.data,1007,4,0,0,0,epoch milliseconds (2018-03-02 09:40:21.539000),5.0,
S1_Bending_2_extracted,Event_1,PhoneGyroscope,PhoneGyroscope_Event_1.data,1009,4,0,0,0,epoch milliseconds (2018-03-02 09:40:21.537000),5.0,
S1_Bending_2_extracted,Event_1,PhoneLinearAccelerometer,PhoneLinearAccelerometer_Event_1.data,1006,4,0,0,0,epoch milliseconds (2018-03-02 09:40:21.540000),5.0,
S1_Bending_2_extracted,Event_1,PhoneMagnetometer,PhoneMagnetometer_Event_1.data,501,4,0,0,0,epoch milliseconds (2018-03-02 09:40:21.542000),10.0,
S1_Bending_2_extracted,Event_1,android.sensor.accelerometer,android.sensor.accelerometer_Event_1.data,492,4,0,0,0,epoch milliseconds (2018-03-02 09:40:21.537000),10.0,
S1_Bending_2_extracted,Event_1,android.sensor.gyroscope,android.sensor.gyroscope_Event_1.data,492,4,0,0,0,epoch milliseconds (2018-03-02 09:40:21.537000),10.0,
S1_Bending_2_extracted,Event_2,JinsAccelerometer,JinsAccelerometer_Event_2.data,99,4,0,0,0,epoch milliseconds (2018-03-02 09:40:31.285000),52.5,
S1_Bending_2_extracted,Event_2,JinsBlinkSpeed,JinsBlinkSpeed_Event_2.data,99,2,0,0,0,epoch milliseconds (2018-03-02 09:40:31.285000),52.5,
S1_Bending_2_extracted,Event_2,JinsBlinkStrength,JinsBlinkStrength_Event_2.data,99,2,0,0,0,epoch milliseconds (2018-03-02 09:40:31.285000),52.5,
S1_Bending_2_extracted,Event_2,JinsEyeMovement,JinsEyeMovement_Event_2.data,99,5,0,0,0,epoch milliseconds (2018-03-02 09:40:31.285000),52.5,
S1_Bending_2_extracted,Event_2,JinsGyroscope,JinsGyroscope_Event_2.data,99,4,0,0,0,epoch milliseconds (2018-03-02 09:40:31.285000),52.5,
S1_Bending_2_extracted,Event_2,PhoneAccelerometer,PhoneAccelerometer_Event_2.data,1008,4,0,0,0,epoch milliseconds (2018-03-02 09:40:31.241000),5.0,
S1_Bending_2_extracted,Event_2,PhoneGravity,PhoneGravity_Event_2.data,1012,4,0,0,0,epoch milliseconds (2018-03-02 09:40:31.242000),5.0,
S1_Bending_2_extracted,Event_2,PhoneGyroscope,PhoneGyroscope_Event_2.data,1012,4,0,0,0,epoch milliseconds (2018-03-02 09:40:31.240000),5.0,
S1_Bending_2_extracted,Event_2,PhoneLinearAccelerometer,PhoneLinearAccelerometer_Event_2.data,1010,4,0,0,0,epoch milliseconds (2018-03-02 09:40:31.242000),5.0,
S1_Bending_2_extracted,Event_2,PhoneMagnetometer,PhoneMagnetometer_Event_2.data,501,4,0,0,0,epoch milliseconds (2018-03-02 09:40:31.246000),10.0,
S1_Bending_2_extracted,Event_2,android.sensor.accelerometer,android.sensor.accelerometer_Event_2.data,493,4,0,0,0,epoch milliseconds (2018-03-02 09:40:31.249000),10.0,
S1_Bending_2_extracted,Event_2,android.sensor.gyroscope,android.sensor.gyroscope_Event_2.data,494,4,0,0,0,epoch milliseconds (2018-03-02 09:40:31.248000),10.0,
S1_Bending_2_extracted,Event_3,JinsAccelerometer,JinsAccelerometer_Event_3.data,100,4,0,0,0,epoch milliseconds (2018-03-02 09:40:41.891000),52.0,
S1_Bending_2_extracted,Event_3,JinsBlinkSpeed,JinsBlinkSpeed_Event_3.data,100,2,0,0,0,epoch milliseconds (2018-03-02 09:40:41.891000),52.0,
S1_Bending_2_extracted,Event_3,JinsBlinkStrength,JinsBlinkStrength_Event_3.data,100,2,0,0,0,epoch milliseconds (2018-03-02 09:40:41.891000),52.0,
S1_Bending_2_extracted,Event_3,JinsEyeMovement,JinsEyeMovement_Event_3.data,100,5,0,0,0,epoch milliseconds (2018-03-02 09:40:41.891000),52.0,
S1_Bending_2_extracted,Event_3,JinsGyroscope,JinsGyroscope_Event_3.data,100,4,0,0,0,epoch milliseconds (2018-03-02 09:40:41.891000),52.0,
S1_Bending_2_extracted,Event_3,PhoneAccelerometer,PhoneAccelerometer_Event_3.data,1008,4,0,0,0,epoch milliseconds (2018-03-02 09:40:41.877000),5.0,
S1_Bending_2_extracted,Event_3,PhoneGravity,PhoneGravity_Event_3.data,1008,4,0,0,0,epoch milliseconds (2018-03-02 09:40:41.874000),5.0,
S1_Bending_2_extracted,Event_3,PhoneGyroscope,PhoneGyroscope_Event_3.data,1008,4,0,0,0,epoch milliseconds (2018-03-02 09:40:41.876000),5.0,
S1_Bending_2_extracted,Event_3,PhoneLinearAccelerometer,PhoneLinearAccelerometer_Event_3.data,1009,4,0,0,0,epoch milliseconds (2018-03-02 09:40:41.872000),5.0,
S1_Bending_2_extracted,Event_3,PhoneMagnetometer,PhoneMagnetometer_Event_3.data,500,4,0,0,0,epoch milliseconds (2018-03-02 09:40:41.879000),10.0,
S1_Bending_2_extracted,Event_3,android.sensor.accelerometer,android.sensor.accelerometer_Event_3.data,508,4,0,0,0,epoch milliseconds (2018-03-02 09:40:41.891000),10.0,
S1_Bending_2_extracted,Event_3,android.sensor.gyroscope,android.sensor.gyroscope_Event_3.data,508,4,0,0,0,epoch milliseconds (2018-03-02 09:40:41.873000),10.0,
S1_Bending_2_extracted,Event_4,JinsAccelerometer,JinsAccelerometer_Event_4.data,100,4,0,0,0,epoch milliseconds (2018-03-02 09:40:52.657000),52.0,
S1_Bending_2_extracted,Event_4,JinsBlinkSpeed,JinsBlinkSpeed_Event_4.data,100,2,0,0,0,epoch milliseconds (2018-03-02 09:40:52.657000),52.0,
S1_Bending_2_extracted,Event_4,JinsBlinkStrength,JinsBlinkStrength_Event_4.data,100,2,0,0,0,epoch milliseconds (2018-03-02 09:40:52.657000),52.0,
S1_Bending_2_extracted,Event_4,JinsEyeMovement,JinsEyeMovement_Event_4.data,100,5,0,0,0,epoch milliseconds (2018-03-02 09:40:52.657000),52.0,
S1_Bending_2_extracted,Event_4,JinsGyroscope,JinsGyroscope_Event_4.data,100,4,0,0,0,epoch milliseconds (2018-03-02 09:40:52.657000),52.0,
S1_Bending_2_extracted,Event_4,PhoneAccelerometer,PhoneAccelerometer_Event_4.data,1007,4,0,0,0,epoch milliseconds (2018-03-02 09:40:52.625000),5.0,
S1_Bending_2_extracted,Event_4,PhoneGravity,PhoneGravity_Event_4.data,1006,4,0,0,0,epoch milliseconds (2018-03-02 09:40:52.626000),5.0,
S1_Bending_2_extracted,Event_4,PhoneGyroscope,PhoneGyroscope_Event_4.data,1009,4,0,0,0,epoch milliseconds (2018-03-02 09:40:52.626000),5.0,
S1_Bending_2_extracted,Event_4,PhoneLinearAccelerometer,PhoneLinearAccelerometer_Event_4.data,1006,4,0,0,0,epoch milliseconds (2018-03-02 09:40:52.627000),5.0,
S1_Bending_2_extracted,Event_4,PhoneMagnetometer,PhoneMagnetometer_Event_4.data,501,4,0,0,0,epoch milliseconds (2018-03-02 09:40:52.629000),10.0,
S1_Bending_2_extracted,Event_4,android.sensor.accelerometer,android.sensor.accelerometer_Event_4.data,497,4,0,0,0,epoch milliseconds (2018-03-02 09:40:52.626000),10.0,
S1_Bending_2_extracted,Event_4,android.sensor.gyroscope,android.sensor.gyroscope_Event_4.data,497,4,0,0,0,epoch milliseconds (2018-03-02 09:40:52.631000),10.0,
S1_Bending_2_extracted,Event_5,JinsAccelerometer,JinsAccelerometer_Event_5.data,100,4,0,0,0,epoch milliseconds (2018-03-02 09:41:02.391000),53.0,
S1_Bending_2_extracted,Event_5,JinsBlinkSpeed,JinsBlinkSpeed_Event_5.data,100,2,0,0,0,epoch milliseconds (2018-03-02 09:41:02.391000),53.0,
S1_Bending_2_extracted,Event_5,JinsBlinkStrength,JinsBlinkStrength_Event_5.data,100,2,0,0,0,epoch milliseconds (2018-03-02 09:41:02.391000),53.0,
S1_Bending_2_extracted,Event_5,JinsEyeMovement,JinsEyeMovement_Event_5.data,100,5,0,0,0,epoch milliseconds (2018-03-02 09:41:02.391000),53.0,
S1_Bending_2_extracted,Event_5,JinsGyroscope,JinsGyroscope_Event_5.data,100,4,0,0,0,epoch milliseconds (2018-03-02 09:41:02.391000),53.0,
S1_Bending_2_extracted,Event_5,PhoneAccelerometer,PhoneAccelerometer_Event_5.data,1003,4,0,0,0,epoch milliseconds (2018-03-02 09:41:02.385000),5.0,
S1_Bending_2_extracted,Event_5,PhoneGravity,PhoneGravity_Event_5.data,1007,4,0,0,0,epoch milliseconds (2018-03-02 09:41:02.386000),5.0,
S1_Bending_2_extracted,Event_5,PhoneGyroscope,PhoneGyroscope_Event_5.data,1007,4,0,0,0,epoch milliseconds (2018-03-02 09:41:02.386000),5.0,
S1_Bending_2_extracted,Event_5,PhoneLinearAccelerometer,PhoneLinearAccelerometer_Event_5.data,1010,4,0,0,0,epoch milliseconds (2018-03-02 09:41:02.388000),5.0,
S1_Bending_2_extracted,Event_5,PhoneMagnetometer,PhoneMagnetometer_Event_5.data,500,4,0,0,0,epoch milliseconds (2018-03-02 09:41:02.393000),10.0,
S1_Bending_2_extracted,Event_5,android.sensor.accelerometer,android.sensor.accelerometer_Event_5.data,504,4,0,0,0,epoch milliseconds (2018-03-02 09:41:02.385000),10.0,
S1_Bending_2_extracted,Event_5,android.sensor.gyroscope,android.sensor.gyroscope_Event_5.data,503,4,0,0,0,epoch milliseconds (2018-03-02 09:41:02.388000),10.0,
S1_Bending_2_extracted,Event_6,JinsAccelerometer,JinsAccelerometer_Event_6.data,100,4,0,0,0,epoch milliseconds (2018-03-02 09:41:12.498000),52.0,
S1_Bending_2_extracted,Event_6,JinsBlinkSpeed,JinsBlinkSpeed_Event_6.data,100,2,0,0,0,epoch milliseconds (2018-03-02 09:41:12.498000),52.0,
S1_Bending_2_extracted,Event_6,JinsBlinkStrength,JinsBlinkStrength_Event_6.data,100,2,0,0,0,epoch milliseconds (2018-03-02 09:41:12.498000),52.0,
S1_Bending_2_extracted,Event_6,JinsEyeMovement,JinsEyeMovement_Event_6.data,100,5,0,0,0,epoch milliseconds (2018-03-02 09:41:12.498000),52.0,
S1_Bending_2_extracted,Event_6,JinsGyroscope,JinsGyroscope_Event_6.data,100,4,0,0,0,epoch milliseconds (2018-03-02 09:41:12.498000),52.0,
S1_Bending_2_extracted,Event_6,PhoneAccelerometer,PhoneAccelerometer_Event_6.data,1007,4,0,0,0,epoch milliseconds (2018-03-02 09:41:12.464000),5.0,
S1_Bending_2_extracted,Event_6,PhoneGravity,PhoneGravity_Event_6.data,1015,4,0,0,0,epoch milliseconds (2018-03-02 09:41:12.466000),5.0,
S1_Bending_2_extracted,Event_6,PhoneGyroscope,PhoneGyroscope_Event_6.data,1015,4,0,0,0,epoch milliseconds (2018-03-02 09:41:12.465000),5.0,
S1_Bending_2_extracted,Event_6,PhoneLinearAccelerometer,PhoneLinearAccelerometer_Event_6.data,1015,4,0,0,0,epoch milliseconds (2018-03-02 09:41:12.468000),5.0,
S1_Bending_2_extracted,Event_6,PhoneMagnetometer,PhoneMagnetometer_Event_6.data,496,4,0,0,0,epoch milliseconds (2018-03-02 09:41:12.469000),10.0,
S1_Bending_2_extracted,Event_6,android.sensor.accelerometer,android.sensor.accelerometer_Event_6.data,499,4,0,0,0,epoch milliseconds (2018-03-02 09:41:12.465000),10.0,
S1_Bending_2_extracted,Event_6,android.sensor.gyroscope,android.sensor.gyroscope_Event_6.data,498,4,0,0,0,epoch milliseconds (2018-03-02 09:41:12.467000),10.0,
S1_Bending_2_extracted,Event_7,JinsAccelerometer,JinsAccelerometer_Event_7.data,100,4,0,0,0,epoch milliseconds (2018-03-02 09:41:22.394000),53.0,
S1_Bending_2_extracted,Event_7,JinsBlinkSpeed,JinsBlinkSpeed_Event_7.data,100,2,0,0,0,epoch milliseconds (2018-03-02 09:41:22.394000),53.0,
S1_Bending_2_extracted,Event_7,JinsBlinkStrength,JinsBlinkStrength_Event_7.data,100,2,0,0,0,epoch milliseconds (2018-03-02 09:41:22.394000),53.0,
S1_Bending_2_extracted,Event_7,JinsEyeMovement,JinsEyeMovement_Event_7.data,100,5,0,0,0,epoch milliseconds (2018-03-02 09:41:22.394000),53.0,
S1_Bending_2_extracted,Event_7,JinsGyroscope,JinsGyroscope_Event_7.data,100,4,0,0,0,epoch milliseconds (2018-03-02 09:41:22.394000),53.0,
S1_Bending_2_extracted,Event_7,PhoneAccelerometer,PhoneAccelerometer_Event_7.data,1007,4,0,0,0,epoch milliseconds (2018-03-02 09:41:22.363000),5.0,
S1_Bending_2_extracted,Event_7,PhoneGravity,PhoneGravity_Event_7.data,1005,4,0,0,0,epoch milliseconds (2018-03-02 09:41:22.363000),5.0,
S1_Bending_2_extracted,Event_7,PhoneGyroscope,PhoneGyroscope_Event_7.data,1005,4,0,0,0,epoch milliseconds (2018-03-02 09:41:22.362000),5.0,
S1_Bending_2_extracted,Event_7,PhoneLinearAccelerometer,PhoneLinearAccelerometer_Event_7.data,1003,4,0,0,0,epoch milliseconds (2018-03-02 09:41:22.360000),5.0,
S1_Bending_2_extracted,Event_7,PhoneMagnetometer,PhoneMagnetometer_Event_7.data,501,4,0,0,0,epoch milliseconds (2018-03-02 09:41:22.363000),10.0,
S1_Bending_2_extracted,Event_7,android.sensor.accelerometer,android.sensor.accelerometer_Event_7.data,497,4,0,0,0,epoch milliseconds (2018-03-02 09:41:22.366000),10.0,
S1_Bending_2_extracted,Event_7,android.sensor.gyroscope,android.sensor.gyroscope_Event_7.data,497,4,0,0,0,epoch milliseconds (2018-03-02 09:41:22.369000),10.0,
S1_Bending_2_extracted,Event_8,JinsAccelerometer,JinsAccelerometer_Event_8.data,101,4,0,0,0,epoch milliseconds (2018-03-02 09:41:34.708000),52.0,
S1_Bending_2_extracted,Event_8,JinsBlinkSpeed,JinsBlinkSpeed_Event_8.data,101,2,0,0,0,epoch milliseconds (2018-03-02 09:41:34.708000),52.0,
S1_Bending_2_extracted,Event_8,JinsBlinkStrength,JinsBlinkStrength_Event_8.data,101,2,0,0,0,epoch milliseconds (2018-03-02 09:41:34.708000),52.0,
S1_Bending_2_extracted,Event_8,JinsEyeMovement,JinsEyeMovement_Event_8.data,101,5,0,0,0,epoch milliseconds (2018-03-02 09:41:34.708000),52.0,
S1_Bending_2_extracted,Event_8,JinsGyroscope,JinsGyroscope_Event_8.data,101,4,0,0,0,epoch milliseconds (2018-03-02 09:41:34.708000),52.0,
S1_Bending_2_extracted,Event_8,PhoneAccelerometer,PhoneAccelerometer_Event_8.data,1008,4,0,0,0,epoch milliseconds (2018-03-02 09:41:34.697000),5.0,
S1_Bending_2_extracted,Event_8,PhoneGravity,PhoneGravity_Event_8.data,1007,4,0,0,0,epoch milliseconds (2018-03-02 09:41:34.696000),5.0,
S1_Bending_2_extracted,Event_8,PhoneGyroscope,PhoneGyroscope_Event_8.data,1004,4,0,0,0,epoch milliseconds (2018-03-02 09:41:34.699000),5.0,
S1_Bending_2_extracted,Event_8,PhoneLinearAccelerometer,PhoneLinearAccelerometer_Event_8.data,1004,4,0,0,0,epoch milliseconds (2018-03-02 09:41:34.697000),5.0,
S1_Bending_2_extracted,Event_8,PhoneMagnetometer,PhoneMagnetometer_Event_8.data,501,4,0,0,0,epoch milliseconds (2018-03-02 09:41:34.698000),10.0,
S1_Bending_2_extracted,Event_8,android.sensor.accelerometer,android.sensor.accelerometer_Event_8.data,494,4,0,0,0,epoch milliseconds (2018-03-02 09:41:34.705000),10.0,
S1_Bending_2_extracted,Event_8,android.sensor.gyroscope,android.sensor.gyroscope_Event_8.data,494,4,0,0,0,epoch milliseconds (2018-03-02 09:41:34.699000),10.0,
S1_Bending_2_extracted,Event_9,JinsAccelerometer,JinsAccelerometer_Event_9.data,100,4,0,0,0,epoch milliseconds (2018-03-02 09:41:45.157000),52.0,
S1_Bending_2_extracted,Event_9,JinsBlinkSpeed,JinsBlinkSpeed_Event_9.data,100,2,0,0,0,epoch milliseconds (2018-03-02 09:41:45.157000),52.0,
S1_Bending_2_extracted,Event_9,JinsBlinkStrength,JinsBlinkStrength_Event_9.data,100,2,0,0,0,epoch milliseconds (2018-03-02 09:41:45.157000),52.0,
S1_Bending_2_extracted,Event_9,JinsEyeMovement,JinsEyeMovement_Event_9.data,100,5,0,0,0,epoch milliseconds (2018-03-02 09:41:45.157000),52.0,
S1_Bending_2_extracted,Event_9,JinsGyroscope,JinsGyroscope_Event_9.data,100,4,0,0,0,epoch milliseconds (2018-03-02 09:41:45.157000),52.0,
S1_Bending_2_extracted,Event_9,PhoneAccelerometer,PhoneAccelerometer_Event_9.data,1006,4,0,0,0,epoch milliseconds (2018-03-02 09:41:45.132000),5.0,
S1_Bending_2_extracted,Event_9,PhoneGravity,PhoneGravity_Event_9.data,1007,4,0,0,0,epoch milliseconds (2018-03-02 09:41:45.130000),5.0,
S1_Bending_2_extracted,Event_9,PhoneGyroscope,PhoneGyroscope_Event_9.data,1006,4,0,0,0,epoch milliseconds (2018-03-02 09:41:45.128000),5.0,
S1_Bending_2_extracted,Event_9,PhoneLinearAccelerometer,PhoneLinearAccelerometer_Event_9.data,1006,4,0,0,0,epoch milliseconds (2018-03-02 09:41:45.132000),5.0,
S1_Bending_2_extracted,Event_9,PhoneMagnetometer,PhoneMagnetometer_Event_9.data,501,4,0,0,0,epoch milliseconds (2018-03-02 09:41:45.128000),10.0,
S1_Bending_2_extracted,Event_9,android.sensor.accelerometer,android.sensor.accelerometer_Event_9.data,491,4,0,0,0,epoch milliseconds (2018-03-02 09:41:45.134000),10.0,
S1_Bending_2_extracted,Event_9,android.sensor.gyroscope,android.sensor.gyroscope_Event_9.data,491,4,0,0,0,epoch milliseconds (2018-03-02 09:41:45.134000),10.0,
S1_Walking_1_extracted,Event_0,JinsAccelerometer,JinsAccelerometer_Event_0.data,100,4,0,0,0,epoch milliseconds (2018-03-02 09:48:18.121000),53.0,
S1_Walking_1_extracted,Event_0,JinsBlinkSpeed,JinsBlinkSpeed_Event_0.data,100,2,0,0,0,epoch milliseconds (2018-03-02 09:48:18.121000),53.0,
S1_Walking_1_extracted,Event_0,JinsBlinkStrength,JinsBlinkStrength_Event_0.data,100,2,0,0,0,epoch milliseconds (2018-03-02 09:48:18.121000),53.0,
S1_Walking_1_extracted,Event_0,JinsEyeMovement,JinsEyeMovement_Event_0.data,100,5,0,0,0,epoch milliseconds (2018-03-02 09:48:18.121000),53.0,
S1_Walking_1_extracted,Event_0,JinsGyroscope,JinsGyroscope_Event_0.data,100,4,0,0,0,epoch milliseconds (2018-03-02 09:48:18.121000),53.0,
S1_Walking_1_extracted,Event_0,PhoneAccelerometer,PhoneAccelerometer_Event_0.data,1006,4,0,0,0,epoch milliseconds (2018-03-02 09:48:18.080000),5.0,
S1_Walking_1_extracted,Event_0,PhoneGravity,PhoneGravity_Event_0.data,1007,4,0,0,0,epoch milliseconds (2018-03-02 09:48:18.079000),5.0,
S1_Walking_1_extracted,Event_0,PhoneGyroscope,PhoneGyroscope_Event_0.data,1007,4,0,0,0,epoch milliseconds (2018-03-02 09:48:18.082000),5.0,
S1_Walking_1_extracted,Event_0,PhoneLinearAccelerometer,PhoneLinearAccelerometer_Event_0.data,1007,4,0,0,0,epoch milliseconds (2018-03-02 09:48:18.079000),5.0,
S1_Walking_1_extracted,Event_0,PhoneMagnetometer,PhoneMagnetometer_Event_0.data,501,4,0,0,0,epoch milliseconds (2018-03-02 09:48:18.085000),10.0,
S1_Walking_1_extracted,Event_0,android.sensor.accelerometer,android.sensor.accelerometer_Event_0.data,496,4,0,0,0,epoch milliseconds (2018-03-02 09:48:18.085000),10.0,
S1_Walking_1_extracted,Event_0,android.sensor.gyroscope,android.sensor.gyroscope_Event_0.data,495,4,0,0,0,epoch milliseconds (2018-03-02 09:48:18.086000),10.0,
S1_Walking_1_extracted,Event_1,JinsAccelerometer,JinsAccelerometer_Event_1.data,99,4,0,0,0,epoch milliseconds (2018-03-02 09:48:36.862000),52.0,
S1_Walking_1_extracted,Event_1,JinsBlinkSpeed,JinsBlinkSpeed_Event_1.data,99,2,0,0,0,epoch milliseconds (2018-03-02 09:48:36.862000),52.0,
S1_Walking_1_extracted,Event_1,JinsBlinkStrength,JinsBlinkStrength_Event_1.data,99,2,0,0,0,epoch milliseconds (2018-03-02 09:48:36.862000),52.0,
S1_Walking_1_extracted,Event_1,JinsEyeMovement,JinsEyeMovement_Event_1.data,99,5,0,0,0,epoch milliseconds (2018-03-02 09:48:36.862000),52.0,
S1_Walking_1_extracted,Event_1,JinsGyroscope,JinsGyroscope_Event_1.data,99,4,0,0,0,epoch milliseconds (2018-03-02 09:48:36.862000),52.0,
S1_Walking_1_extracted,Event_1,PhoneAccelerometer,PhoneAccelerometer_Event_1.data,1007,4,0,0,0,epoch milliseconds (2018-03-02 09:48:36.817000),5.0,
S1_Walking_1_extracted,Event_1,PhoneGravity,PhoneGravity_Event_1.data,1007,4,0,0,0,epoch milliseconds (2018-03-02 09:48:36.827000),5.0,
S1_Walking_1_extracted,Event_1,PhoneGyroscope,PhoneGyroscope_Event_1.data,1006,4,0,0,0,epoch milliseconds (2018-03-02 09:48:36.819000),5.0,
S1_Walking_1_extracted,Event_1,PhoneLinearAccelerometer,PhoneLinearAccelerometer_Event_1.data,1006,4,0,0,0,epoch milliseconds (2018-03-02 09:48:36.819000),5.0,
S1_Walking_1_extracted,Event_1,PhoneMagnetometer,PhoneMagnetometer_Event_1.data,501,4,0,0,0,epoch milliseconds (2018-03-02 09:48:36.820000),10.0,
S1_Walking_1_extracted,Event_1,android.sensor.accelerometer,android.sensor.accelerometer_Event_1.data,497,4,0,0,0,epoch milliseconds (2018-03-02 09:48:36.816000),10.0,
S1_Walking_1_extracted,Event_1,android.sensor.gyroscope,android.sensor.gyroscope_Event_1.data,498,4,0,0,0,epoch milliseconds (2018-03-02 09:48:36.815000),10.0,
S1_Walking_1_extracted,Event_2,JinsAccelerometer,JinsAccelerometer_Event_2.data,100,4,0,0,0,epoch milliseconds (2018-03-02 09:48:54.375000),52.0,
S1_Walking_1_extracted,Event_2,JinsBlinkSpeed,JinsBlinkSpeed_Event_2.data,100,2,0,0,0,epoch milliseconds (2018-03-02 09:48:54.375000),52.0,
S1_Walking_1_extracted,Event_2,JinsBlinkStrength,JinsBlinkStrength_Event_2.data,100,2,0,0,0,epoch milliseconds (2018-03-02 09:48:54.375000),52.0,
S1_Walking_1_extracted,Event_2,JinsEyeMovement,JinsEyeMovement_Event_2.data,100,5,0,0,0,epoch milliseconds (2018-03-02 09:48:54.375000),52.0,
S1_Walking_1_extracted,Event_2,JinsGyroscope,JinsGyroscope_Event_2.data,100,4,0,0,0,epoch milliseconds (2018-03-02 09:48:54.375000),52.0,
S1_Walking_1_extracted,Event_2,PhoneAccelerometer,PhoneAccelerometer_Event_2.data,1007,4,0,0,0,epoch milliseconds (2018-03-02 09:48:54.361000),5.0,
S1_Walking_1_extracted,Event_2,PhoneGravity,PhoneGravity_Event_2.data,1006,4,0,0,0,epoch milliseconds (2018-03-02 09:48:54.359000),5.0,
S1_Walking_1_extracted,Event_2,PhoneGyroscope,PhoneGyroscope_Event_2.data,1006,4,0,0,0,epoch milliseconds (2018-03-02 09:48:54.359000),5.0,
S1_Walking_1_extracted,Event_2,PhoneLinearAccelerometer,PhoneLinearAccelerometer_Event_2.data,1007,4,0,0,0,epoch milliseconds (2018-03-02 09:48:54.363000),5.0,
S1_Walking_1_extracted,Event_2,PhoneMagnetometer,PhoneMagnetometer_Event_2.data,501,4,0,0,0,epoch milliseconds (2018-03-02 09:48:54.363000),10.0,
S1_Walking_1_extracted,Event_2,android.sensor.accelerometer,android.sensor.accelerometer_Event_2.data,496,4,0,0,0,epoch milliseconds (2018-03-02 09:48:54.363000),10.0,
S1_Walking_1_extracted,Event_2,android.sensor.gyroscope,android.sensor.gyroscope_Event_2.data,496,4,0,0,0,epoch milliseconds (2018-03-02 09:48:54.365000),10.0,
S1_Walking_1_extracted,Event_3,JinsAccelerometer,JinsAccelerometer_Event_3.data,100,4,0,0,0,epoch milliseconds (2018-03-02 09:49:10.568000),52.0,
S1_Walking_1_extracted,Event_3,JinsBlinkSpeed,JinsBlinkSpeed_Event_3.data,100,2,0,0,0,epoch milliseconds (2018-03-02 09:49:10.568000),52.0,
S1_Walking_1_extracted,Event_3,JinsBlinkStrength,JinsBlinkStrength_Event_3.data,100,2,0,0,0,epoch milliseconds (2018-03-02 09:49:10.568000),52.0,
S1_Walking_1_extracted,Event_3,JinsEyeMovement,JinsEyeMovement_Event_3.data,100,5,0,0,0,epoch milliseconds (2018-03-02 09:49:10.568000),52.0,
S1_Walking_1_extracted,Event_3,JinsGyroscope,JinsGyroscope_Event_3.data,100,4,0,0,0,epoch milliseconds (2018-03-02 09:49:10.568000),52.0,
S1_Walking_1_extracted,Event_3,PhoneAccelerometer,PhoneAccelerometer_Event_3.data,1006,4,0,0,0,epoch milliseconds (2018-03-02 09:49:10.536000),5.0,
S1_Walking_1_extracted,Event_3,PhoneGravity,PhoneGravity_Event_3.data,1009,4,0,0,0,epoch milliseconds (2018-03-02 09:49:10.540000),5.0,
S1_Walking_1_extracted,Event_3,PhoneGyroscope,PhoneGyroscope_Event_3.data,1007,4,0,0,0,epoch milliseconds (2018-03-02 09:49:10.536000),5.0,
S1_Walking_1_extracted,Event_3,PhoneLinearAccelerometer,PhoneLinearAccelerometer_Event_3.data,1006,4,0,0,0,epoch milliseconds (2018-03-02 09:49:10.535000),5.0,
S1_Walking_1_extracted,Event_3,PhoneMagnetometer,PhoneMagnetometer_Event_3.data,502,4,0,0,0,epoch milliseconds (2018-03-02 09:49:10.537000),10.0,
S1_Walking_1_extracted,Event_3,android.sensor.accelerometer,android.sensor.accelerometer_Event_3.data,496,4,0,0,0,epoch milliseconds (2018-03-02 09:49:10.539000),10.0,
S1_Walking_1_extracted,Event_3,android.sensor.gyroscope,android.sensor.gyroscope_Event_3.data,496,4,0,0,0,epoch milliseconds (2018-03-02 09:49:10.541000),10.0,
S1_Walking_1_extracted,Event_4,JinsAccelerometer,JinsAccelerometer_Event_4.data,100,4,0,0,0,epoch milliseconds (2018-03-02 09:49:27.820000),52.0,
S1_Walking_1_extracted,Event_4,JinsBlinkSpeed,JinsBlinkSpeed_Event_4.data,100,2,0,0,0,epoch milliseconds (2018-03-02 09:49:27.820000),52.0,
S1_Walking_1_extracted,Event_4,JinsBlinkStrength,JinsBlinkStrength_Event_4.data,100,2,0,0,0,epoch milliseconds (2018-03-02 09:49:27.820000),52.0,
S1_Walking_1_extracted,Event_4,JinsEyeMovement,JinsEyeMovement_Event_4.data,100,5,0,0,0,epoch milliseconds (2018-03-02 09:49:27.820000),52.0,
S1_Walking_1_extracted,Event_4,JinsGyroscope,JinsGyroscope_Event_4.data,100,4,0,0,0,epoch milliseconds (2018-03-02 09:49:27.820000),52.0,
S1_Walking_1_extracted,Event_4,PhoneAccelerometer,PhoneAccelerometer_Event_4.data,1006,4,0,0,0,epoch milliseconds (2018-03-02 09:49:27.794000),5.0,
S1_Walking_1_extracted,Event_4,PhoneGravity,PhoneGravity_Event_4.data,1006,4,0,0,0,epoch milliseconds (2018-03-02 09:49:27.794000),5.0,
S1_Walking_1_extracted,Event_4,PhoneGyroscope,PhoneGyroscope_Event_4.data,1007,4,0,0,0,epoch milliseconds (2018-03-02 09:49:27.793000),5.0,
S1_Walking_1_extracted,Event_4,PhoneLinearAccelerometer,PhoneLinearAccelerometer_Event_4.data,1008,4,0,0,0,epoch milliseconds (2018-03-02 09:49:27.791000),5.0,
S1_Walking_1_extracted,Event_4,PhoneMagnetometer,PhoneMagnetometer_Event_4.data,501,4,0,0,0,epoch milliseconds (2018-03-02 09:49:27.796000),10.0,
S1_Walking_1_extracted,Event_4,android.sensor.accelerometer,android.sensor.accelerometer_Event_4.data,506,4,0,0,0,epoch milliseconds (2018-03-02 09:49:27.797000),10.0,
S1_Walking_1_extracted,Event_4,android.sensor.gyroscope,android.sensor.gyroscope_Event_4.data,507,4,0,0,0,epoch milliseconds (2018-03-02 09:49:27.792000),10.0,
S1_Walking_1_extracted,Event_5,JinsAccelerometer,JinsAccelerometer_Event_5.data,99,4,0,0,0,epoch milliseconds (2018-03-02 09:49:40.862000),52.0,
S1_Walking_1_extracted,Event_5,JinsBlinkSpeed,JinsBlinkSpeed_Event_5.data,99,2,0,0,0,epoch milliseconds (2018-03-02 09:49:40.862000),52.0,
S1_Walking_1_extracted,Event_5,JinsBlinkStrength,JinsBlinkStrength_Event_5.data,99,2,0,0,0,epoch milliseconds (2018-03-02 09:49:40.862000),52.0,
S1_Walking_1_extracted,Event_5,JinsEyeMovement,JinsEyeMovement_Event_5.data,99,5,0,0,0,epoch milliseconds (2018-03-02 09:49:40.862000),52.0,
S1_Walking_1_extracted,Event_5,JinsGyroscope,JinsGyroscope_Event_5.data,99,4,0,0,0,epoch milliseconds (2018-03-02 09:49:40.862000),52.0,
S1_Walking_1_extracted,Event_5,PhoneAccelerometer,PhoneAccelerometer_Event_5.data,1007,4,0,0,0,epoch milliseconds (2018-03-02 09:49:40.828000),5.0,
S1_Walking_1_extracted,Event_5,PhoneGravity,PhoneGravity_Event_5.data,1006,4,0,0,0,epoch milliseconds (2018-03-02 09:49:40.826000),5.0,
S1_Walking_1_extracted,Event_5,PhoneGyroscope,PhoneGyroscope_Event_5.data,1010,4,0,0,0,epoch milliseconds (2018-03-02 09:49:40.823000),5.0,
S1_Walking_1_extracted,Event_5,PhoneLinearAccelerometer,PhoneLinearAccelerometer_Event_5.data,1009,4,0,0,0,epoch milliseconds (2018-03-02 09:49:40.824000),5.0,
S1_Walking_1_extracted,Event_5,PhoneMagnetometer,PhoneMagnetometer_Event_5.data,502,4,0,0,0,epoch milliseconds (2018-03-02 09:49:40.825000),10.0,
S1_Walking_1_extracted,Event_5,android.sensor.accelerometer,android.sensor.accelerometer_Event_5.data,494,4,0,0,0,epoch milliseconds (2018-03-02 09:49:40.826000),10.0,
S1_Walking_1_extracted,Event_5,android.sensor.gyroscope,android.sensor.gyroscope_Event_5.data,495,4,0,0,0,epoch milliseconds (2018-03-02 09:49:40.825000),10.0,
S1_Walking_1_extracted,Event_6,JinsAccelerometer,JinsAccelerometer_Event_6.data,101,4,0,0,0,epoch milliseconds (2018-03-02 09:49:57.872000),52.0,
S1_Walking_1_extracted,Event_6,JinsBlinkSpeed,JinsBlinkSpeed_Event_6.data,101,2,0,0,0,epoch milliseconds (2018-03-02 09:49:57.872000),52.0,
S1_Walking_1_extracted,Event_6,JinsBlinkStrength,JinsBlinkStrength_Event_6.data,101,2,0,0,0,epoch milliseconds (2018-03-02 09:49:57.872000),52.0,
S1_Walking_1_extracted,Event_6,JinsEyeMovement,JinsEyeMovement_Event_6.data,101,5,0,0,0,epoch milliseconds (2018-03-02 09:49:57.872000),52.0,
S1_Walking_1_extracted,Event_6,JinsGyroscope,JinsGyroscope_Event_6.data,101,4,0,0,0,epoch milliseconds (2018-03-02 09:49:57.872000),52.0,
S1_Walking_1_extracted,Event_6,PhoneAccelerometer,PhoneAccelerometer_Event_6.data,1007,4,0,0,0,epoch milliseconds (2018-03-02 09:49:57.865000),5.0,
S1_Walking_1_extracted,Event_6,PhoneGravity,PhoneGravity_Event_6.data,1007,4,0,0,0,epoch milliseconds (2018-03-02 09:49:57.866000),5.0,
S1_Walking_1_extracted,Event_6,PhoneGyroscope,PhoneGyroscope_Event_6.data,1006,4,0,0,0,epoch milliseconds (2018-03-02 09:49:57.865000),5.0,
S1_Walking_1_extracted,Event_6,PhoneLinearAccelerometer,PhoneLinearAccelerometer_Event_6.data,1005,4,0,0,0,epoch milliseconds (2018-03-02 09:49:57.863000),5.0,
S1_Walking_1_extracted,Event_6,PhoneMagnetometer,PhoneMagnetometer_Event_6.data,501,4,0,0,0,epoch milliseconds (2018-03-02 09:49:57.871000),10.0,
S1_Walking_1_extracted,Event_6,android.sensor.accelerometer,android.sensor.accelerometer_Event_6.data,507,4,0,0,0,epoch milliseconds (2018-03-02 09:49:57.866000),10.0,
S1_Walking_1_extracted,Event_6,android.sensor.gyroscope,android.sensor.gyroscope_Event_6.data,507,4,0,0,0,epoch milliseconds (2018-03-02 09:49:57.869000),10.0,
S1_Walking_1_extracted,Event_7,JinsAccelerometer,JinsAccelerometer_Event_7.data,99,4,0,0,0,epoch milliseconds (2018-03-02 09:50:13.856000),52.0,
S1_Walking_1_extracted,Event_7,JinsBlinkSpeed,JinsBlinkSpeed_Event_7.data,99,2,0,0,0,epoch milliseconds (2018-03-02 09:50:13.856000),52.0,
S1_Walking_1_extracted,Event_7,JinsBlinkStrength,JinsBlinkStrength_Event_7.data,99,2,0,0,0,epoch milliseconds (2018-03-02 09:50:13.856000),52.0,
S1_Walking_1_extracted,Event_7,JinsEyeMovement,JinsEyeMovement_Event_7.data,99,5,0,0,0,epoch milliseconds (2018-03-02 09:50:13.856000),52.0,
S1_Walking_1_extracted,Event_7,JinsGyroscope,JinsGyroscope_Event_7.data,99,4,0,0,0,epoch milliseconds (2018-03-02 09:50:13.856000),52.0,
S1_Walking_1_extracted,Event_7,PhoneAccelerometer,PhoneAccelerometer_Event_7.data,1006,4,0,0,0,epoch milliseconds (2018-03-02 09:50:13.827000),5.0,
S1_Walking_1_extracted,Event_7,PhoneGravity,PhoneGravity_Event_7.data,1007,4,0,0,0,epoch milliseconds (2018-03-02 09:50:13.825000),5.0,
S1_Walking_1_extracted,Event_7,PhoneGyroscope,PhoneGyroscope_Event_7.data,1006,4,0,0,0,epoch milliseconds (2018-03-02 09:50:13.826000),5.0,
S1_Walking_1_extracted,Event_7,PhoneLinearAccelerometer,PhoneLinearAccelerometer_Event_7.data,1007,4,0,0,0,epoch milliseconds (2018-03-02 09:50:13.827000),5.0,
S1_Walking_1_extracted,Event_7,PhoneMagnetometer,PhoneMagnetometer_Event_7.data,500,4,0,0,0,epoch milliseconds (2018-03-02 09:50:13.831000),10.0,
S1_Walking_1_extracted,Event_7,android.sensor.accelerometer,android.sensor.accelerometer_Event_7.data,501,4,0,0,0,epoch milliseconds (2018-03-02 09:50:13.830000),10.0,
S1_Walking_1_extracted,Event_7,android.sensor.gyroscope,android.sensor.gyroscope_Event_7.data,501,4,0,0,0,epoch milliseconds (2018-03-02 09:50:13.827000),10.0,
S1_Walking_1_extracted,Event_8,JinsAccelerometer,JinsAccelerometer_Event_8.data,100,4,0,0,0,epoch milliseconds (2018-03-02 09:50:30.158000),53.0,
S1_Walking_1_extracted,Event_8,JinsBlinkSpeed,JinsBlinkSpeed_Event_8.data,100,2,0,0,0,epoch milliseconds (2018-03-02 09:50:30.158000),53.0,
S1_Walking_1_extracted,Event_8,JinsBlinkStrength,JinsBlinkStrength_Event_8.data,100,2,0,0,0,epoch milliseconds (2018-03-02 09:50:30.158000),53.0,
S1_Walking_1_extracted,Event_8,JinsEyeMovement,JinsEyeMovement_Event_8.data,100,5,0,0,0,epoch milliseconds (2018-03-02 09:50:30.158000),53.0,
S1_Walking_1_extracted,Event_8,JinsGyroscope,JinsGyroscope_Event_8.data,100,4,0,0,0,epoch milliseconds (2018-03-02 09:50:30.158000),53.0,
S1_Walking_1_extracted,Event_8,PhoneAccelerometer,PhoneAccelerometer_Event_8.data,1007,4,0,0,0,epoch milliseconds (2018-03-02 09:50:30.127000),5.0,
S1_Walking_1_extracted,Event_8,PhoneGravity,PhoneGravity_Event_8.data,1007,4,0,0,0,epoch milliseconds (2018-03-02 09:50:30.131000),5.0,
S1_Walking_1_extracted,Event_8,PhoneGyroscope,PhoneGyroscope_Event_8.data,1006,4,0,0,0,epoch milliseconds (2018-03-02 09:50:30.127000),5.0,
S1_Walking_1_extracted,Event_8,PhoneLinearAccelerometer,PhoneLinearAccelerometer_Event_8.data,1007,4,0,0,0,epoch milliseconds (2018-03-02 09:50:30.131000),5.0,
S1_Walking_1_extracted,Event_8,PhoneMagnetometer,PhoneMagnetometer_Event_8.data,502,4,0,0,0,epoch milliseconds (2018-03-02 09:50:30.132000),10.0,
S1_Walking_1_extracted,Event_8,android.sensor.accelerometer,android.sensor.accelerometer_Event_8.data,504,4,0,0,0,epoch milliseconds (2018-03-02 09:50:30.133000),10.0,
S1_Walking_1_extracted,Event_8,android.sensor.gyroscope,android.sensor.gyroscope_Event_8.data,505,4,0,0,0,epoch milliseconds (2018-03-02 09:50:30.130000),10.0,
S1_Walking_1_extracted,Event_9,JinsAccelerometer,JinsAccelerometer_Event_9.data,100,4,0,0,0,epoch milliseconds (2018-03-02 09:50:45.418000),52.0,
S1_Walking_1_extracted,Event_9,JinsBlinkSpeed,JinsBlinkSpeed_Event_9.data,100,2,0,0,0,epoch milliseconds (2018-03-02 09:50:45.418000),52.0,
S1_Walking_1_extracted,Event_9,JinsBlinkStrength,JinsBlinkStrength_Event_9.data,100,2,0,0,0,epoch milliseconds (2018-03-02 09:50:45.418000),52.0,
S1_Walking_1_extracted,Event_9,JinsEyeMovement,JinsEyeMovement_Event_9.data,100,5,0,0,0,epoch milliseconds (2018-03-02 09:50:45.418000),52.0,
S1_Walking_1_extracted,Event_9,JinsGyroscope,JinsGyroscope_Event_9.data,100,4,0,0,0,epoch milliseconds (2018-03-02 09:50:45.418000),52.0,
S1_Walking_1_extracted,Event_9,PhoneAccelerometer,PhoneAccelerometer_Event_9.data,1008,4,0,0,0,epoch milliseconds (2018-03-02 09:50:45.415000),5.0,
S1_Walking_1_extracted,Event_9,PhoneGravity,PhoneGravity_Event_9.data,1006,4,0,0,0,epoch milliseconds (2018-03-02 09:50:45.421000),5.0,
S1_Walking_1_extracted,Event_9,PhoneGyroscope,PhoneGyroscope_Event_9.data,1009,4,0,0,0,epoch milliseconds (2018-03-02 09:50:45.419000),5.0,
S1_Walking_1_extracted,Event_9,PhoneLinearAccelerometer,PhoneLinearAccelerometer_Event_9.data,1007,4,0,0,0,epoch milliseconds (2018-03-02 09:50:45.418000),5.0,
S1_Walking_1_extracted,Event_9,PhoneMagnetometer,PhoneMagnetometer_Event_9.data,500,4,0,0,0,epoch milliseconds (2018-03-02 09:50:45.423000),10.0,
S1_Walking_1_extracted,Event_9,android.sensor.accelerometer,android.sensor.accelerometer_Event_9.data,489,4,0,0,0,epoch milliseconds (2018-03-02 09:50:45.419000),10.0,
S1_Walking_1_extracted,Event_9,android.sensor.gyroscope,android.sensor.gyroscope_Event_9.data,488,4,0,0,0,epoch milliseconds (2018-03-02 09:50:45.424000),10.0,
S1_Walking_2_extracted,Event_0,JinsAccelerometer,JinsAccelerometer_Event_0.data,99,4,0,0,0,epoch milliseconds (2018-03-02 09:53:22.466000),53.0,
S1_Walking_2_extracted,Event_0,JinsBlinkSpeed,JinsBlinkSpeed_Event_0.data,99,2,0,0,0,epoch milliseconds (2018-03-02 09:53:22.466000),53.0,
S1_Walking_2_extracted,Event_0,JinsBlinkStrength,JinsBlinkStrength_Event_0.data,99,2,0,0,0,epoch milliseconds (2018-03-02 09:53:22.466000),53.0,
S1_Walking_2_extracted,Event_0,JinsEyeMovement,JinsEyeMovement_Event_0.data,99,5,0,0,0,epoch milliseconds (2018-03-02 09:53:22.466000),53.0,
S1_Walking_2_extracted,Event_0,JinsGyroscope,JinsGyroscope_Event_0.data,99,4,0,0,0,epoch milliseconds (2018-03-02 09:53:22.466000),53.0,
S1_Walking_2_extracted,Event_0,PhoneAccelerometer,PhoneAccelerometer_Event_0.data,1008,4,0,0,0,epoch milliseconds (2018-03-02 09:53:22.424000),5.0,
S1_Walking_2_extracted,Event_0,PhoneGravity,PhoneGravity_Event_0.data,1006,4,0,0,0,epoch milliseconds (2018-03-02 09:53:22.426000),5.0,
S1_Walking_2_extracted,Event_0,PhoneGyroscope,PhoneGyroscope_Event_0.data,1005,4,0,0,0,epoch milliseconds (2018-03-02 09:53:22.426000),5.0,
S1_Walking_2_extracted,Event_0,PhoneLinearAccelerometer,PhoneLinearAccelerometer_Event_0.data,1007,4,0,0,0,epoch milliseconds (2018-03-02 09:53:22.424000),5.0,
S1_Walking_2_extracted,Event_0,PhoneMagnetometer,PhoneMagnetometer_Event_0.data,500,4,0,0,0,epoch milliseconds (2018-03-02 09:53:22.423000),10.0,
S1_Walking_2_extracted,Event_0,android.sensor.accelerometer,android.sensor.accelerometer_Event_0.data,508,4,0,0,0,epoch milliseconds (2018-03-02 09:53:22.428000),10.0,
S1_Walking_2_extracted,Event_0,android.sensor.gyroscope,android.sensor.gyroscope_Event_0.data,507,4,0,0,0,epoch milliseconds (2018-03-02 09:53:22.432000),10.0,
S1_Walking_2_extracted,Event_1,JinsAccelerometer,JinsAccelerometer_Event_1.data,100,4,0,0,0,epoch milliseconds (2018-03-02 09:53:38.036000),53.0,
S1_Walking_2_extracted,Event_1,JinsBlinkSpeed,JinsBlinkSpeed_Event_1.data,100,2,0,0,0,epoch milliseconds (2018-03-02 09:53:38.036000),53.0,
S1_Walking_2_extracted,Event_1,JinsBlinkStrength,JinsBlinkStrength_Event_1.data,100,2,0,0,0,epoch milliseconds (2018-03-02 09:53:38.036000),53.0,
S1_Walking_2_extracted,Event_1,JinsEyeMovement,JinsEyeMovement_Event_1.data,100,5,0,0,0,epoch milliseconds (2018-03-02 09:53:38.036000),53.0,
S1_Walking_2_extracted,Event_1,JinsGyroscope,JinsGyroscope_Event_1.data,100,4,0,0,0,epoch milliseconds (2018-03-02 09:53:38.036000),53.0,
S1_Walking_2_extracted,Event_1,PhoneAccelerometer,PhoneAccelerometer_Event_1.data,1007,4,0,0,0,epoch milliseconds (2018-03-02 09:53:37.986000),5.0,
S1_Walking_2_extracted,Event_1,PhoneGravity,PhoneGravity_Event_1.data,1008,4,0,0,0,epoch milliseconds (2018-03-02 09:53:37.987000),5.0,
S1_Walking_2_extracted,Event_1,PhoneGyroscope,PhoneGyroscope_Event_1.data,1007,4,0,0,0,epoch milliseconds (2018-03-02 09:53:37.984000),5.0,
S1_Walking_2_extracted,Event_1,PhoneLinearAccelerometer,PhoneLinearAccelerometer_Event_1.data,1008,4,0,0,0,epoch milliseconds (2018-03-02 09:53:37.983000),5.0,
S1_Walking_2_extracted,Event_1,PhoneMagnetometer,PhoneMagnetometer_Event_1.data,501,4,0,0,0,epoch milliseconds (2018-03-02 09:53:37.986000),10.0,
S1_Walking_2_extracted,Event_1,android.sensor.accelerometer,android.sensor.accelerometer_Event_1.data,508,4,0,0,0,epoch milliseconds (2018-03-02 09:53:37.990000),10.0,
S1_Walking_2_extracted,Event_1,android.sensor.gyroscope,android.sensor.gyroscope_Event_1.data,507,4,0,0,0,epoch milliseconds (2018-03-02 09:53:37.992000),10.0,
S1_Walking_2_extracted,Event_2,JinsAccelerometer,JinsAccelerometer_Event_2.data,100,4,0,0,0,epoch milliseconds (2018-03-02 09:53:54.391000),52.0,
S1_Walking_2_extracted,Event_2,JinsBlinkSpeed,JinsBlinkSpeed_Event_2.data,100,2,0,0,0,epoch milliseconds (2018-03-02 09:53:54.391000),52.0,
S1_Walking_2_extracted,Event_2,JinsBlinkStrength,JinsBlinkStrength_Event_2.data,100,2,0,0,0,epoch milliseconds (2018-03-02 09:53:54.391000),52.0,
S1_Walking_2_extracted,Event_2,JinsEyeMovement,JinsEyeMovement_Event_2.data,100,5,0,0,0,epoch milliseconds (2018-03-02 09:53:54.391000),52.0,
S1_Walking_2_extracted,Event_2,JinsGyroscope,JinsGyroscope_Event_2.data,100,4,0,0,0,epoch milliseconds (2018-03-02 09:53:54.391000),52.0,
S1_Walking_2_extracted,Event_2,PhoneAccelerometer,PhoneAccelerometer_Event_2.data,1007,4,0,0,0,epoch milliseconds (2018-03-02 09:53:54.361000),5.0,
S1_Walking_2_extracted,Event_2,PhoneGravity,PhoneGravity_Event_2.data,1007,4,0,0,0,epoch milliseconds (2018-03-02 09:53:54.363000),5.0,
S1_Walking_2_extracted,Event_2,PhoneGyroscope,PhoneGyroscope_Event_2.data,1007,4,0,0,0,epoch milliseconds (2018-03-02 09:53:54.362000),5.0,
S1_Walking_2_extracted,Event_2,PhoneLinearAccelerometer,PhoneLinearAccelerometer_Event_2.data,1007,4,0,0,0,epoch milliseconds (2018-03-02 09:53:54.363000),5.0,
S1_Walking_2_extracted,Event_2,PhoneMagnetometer,PhoneMagnetometer_Event_2.data,501,4,0,0,0,epoch milliseconds (2018-03-02 09:53:54.363000),10.0,
S1_Walking_2_extracted,Event_2,android.sensor.accelerometer,android.sensor.accelerometer_Event_2.data,504,4,0,0,0,epoch milliseconds (2018-03-02 09:53:54.359000),10.0,
S1_Walking_2_extracted,Event_2,android.sensor.gyroscope,android.sensor.gyroscope_Event_2.data,504,4,0,0,0,epoch milliseconds (2018-03-02 09:53:54.363000),10.0,
S1_Walking_2_extracted,Event_3,JinsAccelerometer,JinsAccelerometer_Event_3.data,100,4,0,0,0,epoch milliseconds (2018-03-02 09:54:12.183000),52.0,
S1_Walking_2_extracted,Event_3,JinsBlinkSpeed,JinsBlinkSpeed_Event_3.data,100,2,0,0,0,epoch milliseconds (2018-03-02 09:54:12.183000),52.0,
S1_Walking_2_extracted,Event_3,JinsBlinkStrength,JinsBlinkStrength_Event_3.data,100,2,0,0,0,epoch milliseconds (2018-03-02 09:54:12.183000),52.0,
S1_Walking_2_extracted,Event_3,JinsEyeMovement,JinsEyeMovement_Event_3.data,100,5,0,0,0,epoch milliseconds (2018-03-02 09:54:12.183000),52.0,
S1_Walking_2_extracted,Event_3,JinsGyroscope,JinsGyroscope_Event_3.data,100,4,0,0,0,epoch milliseconds (2018-03-02 09:54:12.183000),52.0,
S1_Walking_2_extracted,Event_3,PhoneAccelerometer,PhoneAccelerometer_Event_3.data,1008,4,0,0,0,epoch milliseconds (2018-03-02 09:54:12.151000),5.0,
S1_Walking_2_extracted,Event_3,PhoneGravity,PhoneGravity_Event_3.data,1008,4,0,0,0,epoch milliseconds (2018-03-02 09:54:12.152000),5.0,
S1_Walking_2_extracted,Event_3,PhoneGyroscope,PhoneGyroscope_Event_3.data,1007,4,0,0,0,epoch milliseconds (2018-03-02 09:54:12.152000),5.0,
S1_Walking_2_extracted,Event_3,PhoneLinearAccelerometer,PhoneLinearAccelerometer_Event_3.data,1008,4,0,0,0,epoch milliseconds (2018-03-02 09:54:12.153000),5.0,
S1_Walking_2_extracted,Event_3,PhoneMagnetometer,PhoneMagnetometer_Event_3.data,499,4,0,0,0,epoch milliseconds (2018-03-02 09:54:12.158000),10.0,
S1_Walking_2_extracted,Event_3,android.sensor.accelerometer,android.sensor.accelerometer_Event_3.data,504,4,0,0,0,epoch milliseconds (2018-03-02 09:54:12.156000),10.0,
S1_Walking_2_extracted,Event_3,android.sensor.gyroscope,android.sensor.gyroscope_Event_3.data,505,4,0,0,0,epoch milliseconds (2018-03-02 09:54:12.156000),10.0,
S1_Walking_2_extracted,Event_4,JinsAccelerometer,JinsAccelerometer_Event_4.data,100,4,0,0,0,epoch milliseconds (2018-03-02 09:54:29.270000),52.0,
S1_Walking_2_extracted,Event_4,JinsBlinkSpeed,JinsBlinkSpeed_Event_4.data,100,2,0,0,0,epoch milliseconds (2018-03-02 09:54:29.270000),52.0,
S1_Walking_2_extracted,Event_4,JinsBlinkStrength,JinsBlinkStrength_Event_4.data,100,2,0,0,0,epoch milliseconds (2018-03-02 09:54:29.270000),52.0,
S1_Walking_2_extracted,Event_4,JinsEyeMovement,JinsEyeMovement_Event_4.data,100,5,0,0,0,epoch milliseconds (2018-03-02 09:54:29.270000),52.0,
S1_Walking_2_extracted,Event_4,JinsGyroscope,JinsGyroscope_Event_4.data,100,4,0,0,0,epoch milliseconds (2018-03-02 09:54:29.270000),52.0,
S1_Walking_2_extracted,Event_4,PhoneAccelerometer,PhoneAccelerometer_Event_4.data,1007,4,0,0,0,epoch milliseconds (2018-03-02 09:54:29.249000),5.0,
S1_Walking_2_extracted,Event_4,PhoneGravity,PhoneGravity_Event_4.data,1007,4,0,0,0,epoch milliseconds (2018-03-02 09:54:29.248000),5.0,
S1_Walking_2_extracted,Event_4,PhoneGyroscope,PhoneGyroscope_Event_4.data,1005,4,0,0,0,epoch milliseconds (2018-03-02 09:54:29.251000),5.0,
S1_Walking_2_extracted,Event_4,PhoneLinearAccelerometer,PhoneLinearAccelerometer_Event_4.data,1003,4,0,0,0,epoch milliseconds (2018-03-02 09:54:29.248000),5.0,
S1_Walking_2_extracted,Event_4,PhoneMagnetometer,PhoneMagnetometer_Event_4.data,501,4,0,0,0,epoch milliseconds (2018-03-02 09:54:29.249000),10.0,
S1_Walking_2_extracted,Event_4,android.sensor.accelerometer,android.sensor.accelerometer_Event_4.data,497,4,0,0,0,epoch milliseconds (2018-03-02 09:54:29.255000),10.0,
S1_Walking_2_extracted,Event_4,android.sensor.gyroscope,android.sensor.gyroscope_Event_4.data,498,4,0,0,0,epoch milliseconds (2018-03-02 09:54:29.252000),10.0,
S1_Walking_2_extracted,Event_5,JinsAccelerometer,JinsAccelerometer_Event_5.data,101,4,0,0,0,epoch milliseconds (2018-03-02 09:54:45.259000),52.0,
S1_Walking_2_extracted,Event_5,JinsBlinkSpeed,JinsBlinkSpeed_Event_5.data,101,2,0,0,0,epoch milliseconds (2018-03-02 09:54:45.259000),52.0,
S1_Walking_2_extracted,Event_5,JinsBlinkStrength,JinsBlinkStrength_Event_5.data,101,2,0,0,0,epoch milliseconds (2018-03-02 09:54:45.259000),52.0,
S1_Walking_2_extracted,Event_5,JinsEyeMovement,JinsEyeMovement_Event_5.data,101,5,0,0,0,epoch milliseconds (2018-03-02 09:54:45.259000),52.0,
S1_Walking_2_extracted,Event_5,JinsGyroscope,JinsGyroscope_Event_5.data,101,4,0,0,0,epoch milliseconds (2018-03-02 09:54:45.259000),52.0,
S1_Walking_2_extracted,Event_5,PhoneAccelerometer,PhoneAccelerometer_Event_5.data,1007,4,0,0,0,epoch milliseconds (2018-03-02 09:54:45.255000),5.0,
S1_Walking_2_extracted,Event_5,PhoneGravity,PhoneGravity_Event_5.data,1008,4,0,0,0,epoch milliseconds (2018-03-02 09:54:45.257000),5.0,
S1_Walking_2_extracted,Event_5,PhoneGyroscope,PhoneGyroscope_Event_5.data,1009,4,0,0,0,epoch milliseconds (2018-03-02 09:54:45.258000),5.0,
S1_Walking_2_extracted,Event_5,PhoneLinearAccelerometer,PhoneLinearAccelerometer_Event_5.data,1008,4,0,0,0,epoch milliseconds (2018-03-02 09:54:45.257000),5.0,
S1_Walking_2_extracted,Event_5,PhoneMagnetometer,PhoneMagnetometer_Event_5.data,502,4,0,0,0,epoch milliseconds (2018-03-02 09:54:45.255000),10.0,
S1_Walking_2_extracted,Event_5,android.sensor.accelerometer,android.sensor.accelerometer_Event_5.data,502,4,0,0,0,epoch milliseconds (2018-03-02 09:54:45.264000),10.0,
S1_Walking_2_extracted,Event_5,android.sensor.gyroscope,android.sensor.gyroscope_Event_5.data,502,4,0,0,0,epoch milliseconds (2018-03-02 09:54:45.257000),10.0,
S1_Walking_2_extracted,Event_6,JinsAccelerometer,JinsAccelerometer_Event_6.data,99,4,0,0,0,epoch milliseconds (2018-03-02 09:54:56.074000),52.0,
S1_Walking_2_extracted,Event_6,JinsBlinkSpeed,JinsBlinkSpeed_Event_6.data,99,2,0,0,0,epoch milliseconds (2018-03-02 09:54:56.074000),52.0,
S1_Walking_2_extracted,Event_6,JinsBlinkStrength,JinsBlinkStrength_Event_6.data,99,2,0,0,0,epoch milliseconds (2018-03-02 09:54:56.074000),52.0,
S1_Walking_2_extracted,Event_6,JinsEyeMovement,JinsEyeMovement_Event_6.data,99,5,0,0,0,epoch milliseconds (2018-03-02 09:54:56.074000),52.0,
S1_Walking_2_extracted,Event_6,JinsGyroscope,JinsGyroscope_Event_6.data,99,4,0,0,0,epoch milliseconds (2018-03-02 09:54:56.074000),52.0,
S1_Walking_2_extracted,Event_6,PhoneAccelerometer,PhoneAccelerometer_Event_6.data,1007,4,0,0,0,epoch milliseconds (2018-03-02 09:54:56.035000),5.0,
S1_Walking_2_extracted,Event_6,PhoneGravity,PhoneGravity_Event_6.data,1006,4,0,0,0,epoch milliseconds (2018-03-02 09:54:56.032000),5.0,
S1_Walking_2_extracted,Event_6,PhoneGyroscope,PhoneGyroscope_Event_6.data,1009,4,0,0,0,epoch milliseconds (2018-03-02 09:54:56.035000),5.0,
S1_Walking_2_extracted,Event_6,PhoneLinearAccelerometer,PhoneLinearAccelerometer_Event_6.data,1008,4,0,0,0,epoch milliseconds (2018-03-02 09:54:56.031000),5.0,
S1_Walking_2_extracted,Event_6,PhoneMagnetometer,PhoneMagnetometer_Event_6.data,501,4,0,0,0,epoch milliseconds (2018-03-02 09:54:56.033000),10.0,
S1_Walking_2_extracted,Event_6,android.sensor.accelerometer,android.sensor.accelerometer_Event_6.data,495,4,0,0,0,epoch milliseconds (2018-03-02 09:54:56.035000),10.0,
S1_Walking_2_extracted,Event_6,android.sensor.gyroscope,android.sensor.gyroscope_Event_6.data,494,4,0,0,0,epoch milliseconds (2018-03-02 09:54:56.039000),10.0,
S1_Walking_2_extracted,Event_7,JinsAccelerometer,JinsAccelerometer_Event_7.data,100,4,0,0,0,epoch milliseconds (2018-03-02 09:55:06.840000),52.0,
S1_Walking_2_extracted,Event_7,JinsBlinkSpeed,JinsBlinkSpeed_Event_7.data,100,2,0,0,0,epoch milliseconds (2018-03-02 09:55:06.840000),52.0,
S1_Walking_2_extracted,Event_7,JinsBlinkStrength,JinsBlinkStrength_Event_7.data,100,2,0,0,0,epoch milliseconds (2018-03-02 09:55:06.840000),52.0,
S1_Walking_2_extracted,Event_7,JinsEyeMovement,JinsEyeMovement_Event_7.data,100,5,0,0,0,epoch milliseconds (2018-03-02 09:55:06.840000),52.0,
S1_Walking_2_extracted,Event_7,JinsGyroscope,JinsGyroscope_Event_7.data,100,4,0,0,0,epoch milliseconds (2018-03-02 09:55:06.840000),52.0,
S1_Walking_2_extracted,Event_7,PhoneAccelerometer,PhoneAccelerometer_Event_7.data,1007,4,0,0,0,epoch milliseconds (2018-03-02 09:55:06.819000),5.0,
S1_Walking_2_extracted,Event_7,PhoneGravity,PhoneGravity_Event_7.data,1007,4,0,0,0,epoch milliseconds (2018-03-02 09:55:06.816000),5.0,
S1_Walking_2_extracted,Event_7,PhoneGyroscope,PhoneGyroscope_Event_7.data,1009,4,0,0,0,epoch milliseconds (2018-03-02 09:55:06.817000),5.0,
S1_Walking_2_extracted,Event_7,PhoneLinearAccelerometer,PhoneLinearAccelerometer_Event_7.data,1006,4,0,0,0,epoch milliseconds (2018-03-02 09:55:06.818000),5.0,
S1_Walking_2_extracted,Event_7,PhoneMagnetometer,PhoneMagnetometer_Event_7.data,504,4,0,0,0,epoch milliseconds (2018-03-02 09:55:06.822000),10.0,
S1_Walking_2_extracted,Event_7,android.sensor.accelerometer,android.sensor.accelerometer_Event_7.data,507,4,0,0,0,epoch milliseconds (2018-03-02 09:55:06.815000),10.0,
S1_Walking_2_extracted,Event_7,android.sensor.gyroscope,android.sensor.gyroscope_Event_7.data,507,4,0,0,0,epoch milliseconds (2018-03-02 09:55:06.819000),10.0,
S1_Walking_2_extracted,Event_8,JinsAccelerometer,JinsAccelerometer_Event_8.data,100,4,0,0,0,epoch milliseconds (2018-03-02 09:55:23.485000),52.0,
S1_Walking_2_extracted,Event_8,JinsBlinkSpeed,JinsBlinkSpeed_Event_8.data,100,2,0,0,0,epoch milliseconds (2018-03-02 09:55:23.485000),52.0,
S1_Walking_2_extracted,Event_8,JinsBlinkStrength,JinsBlinkStrength_Event_8.data,100,2,0,0,0,epoch milliseconds (2018-03-02 09:55:23.485000),52.0,
S1_Walking_2_extracted,Event_8,JinsEyeMovement,JinsEyeMovement_Event_8.data,100,5,0,0,0,epoch milliseconds (2018-03-02 09:55:23.485000),52.0,
S1_Walking_2_extracted,Event_8,JinsGyroscope,JinsGyroscope_Event_8.data,100,4,0,0,0,epoch milliseconds (2018-03-02 09:55:23.485000),52.0,
S1_Walking_2_extracted,Event_8,PhoneAccelerometer,PhoneAccelerometer_Event_8.data,1007,4,0,0,0,epoch milliseconds (2018-03-02 09:55:23.448000),5.0,
S1_Walking_2_extracted,Event_8,PhoneGravity,PhoneGravity_Event_8.data,1007,4,0,0,0,epoch milliseconds (2018-03-02 09:55:23.447000),5.0,
S1_Walking_2_extracted,Event_8,PhoneGyroscope,PhoneGyroscope_Event_8.data,1004,4,0,0,0,epoch milliseconds (2018-03-02 09:55:23.450000),5.0,
S1_Walking_2_extracted,Event_8,PhoneLinearAccelerometer,PhoneLinearAccelerometer_Event_8.data,1007,4,0,0,0,epoch milliseconds (2018-03-02 09:55:23.450000),5.0,
S1_Walking_2_extracted,Event_8,PhoneMagnetometer,PhoneMagnetometer_Event_8.data,501,4,0,0,0,epoch milliseconds (2018-03-02 09:55:23.448000),10.0,
S1_Walking_2_extracted,Event_8,android.sensor.accelerometer,android.sensor.accelerometer_Event_8.data,496,4,0,0,0,epoch milliseconds (2018-03-02 09:55:23.450000),10.0,
S1_Walking_2_extracted,Event_8,android.sensor.gyroscope,android.sensor.gyroscope_Event_8.data,496,4,0,0,0,epoch milliseconds (2018-03-02 09:55:23.448000),10.0,
S1_Walking_2_extracted,Event_9,JinsAccelerometer,JinsAccelerometer_Event_9.data,99,4,0,0,0,epoch milliseconds (2018-03-02 09:55:36.919000),52.0,
S1_Walking_2_extracted,Event_9,JinsBlinkSpeed,JinsBlinkSpeed_Event_9.data,99,2,0,0,0,epoch milliseconds (2018-03-02 09:55:36.919000),52.0,
S1_Walking_2_extracted,Event_9,JinsBlinkStrength,JinsBlinkStrength_Event_9.data,99,2,0,0,0,epoch milliseconds (2018-03-02 09:55:36.919000),52.0,
S1_Walking_2_extracted,Event_9,JinsEyeMovement,JinsEyeMovement_Event_9.data,99,5,0,0,0,epoch milliseconds (2018-03-02 09:55:36.919000),52.0,
S1_Walking_2_extracted,Event_9,JinsGyroscope,JinsGyroscope_Event_9.data,99,4,0,0,0,epoch milliseconds (2018-03-02 09:55:36.919000),52.0,
S1_Walking_2_extracted,Event_9,PhoneAccelerometer,PhoneAccelerometer_Event_9.data,1007,4,0,0,0,epoch milliseconds (2018-03-02 09:55:36.906000),5.0,
S1_Walking_2_extracted,Event_9,PhoneGravity,PhoneGravity_Event_9.data,1009,4,0,0,0,epoch milliseconds (2018-03-02 09:55:36.904000),5.0,
S1_Walking_2_extracted,Event_9,PhoneGyroscope,PhoneGyroscope_Event_9.data,1005,4,0,0,0,epoch milliseconds (2018-03-02 09:55:36.904000),5.0,
S1_Walking_2_extracted,Event_9,PhoneLinearAccelerometer,PhoneLinearAccelerometer_Event_9.data,1005,4,0,0,0,epoch milliseconds (2018-03-02 09:55:36.906000),5.0,
S1_Walking_2_extracted,Event_9,PhoneMagnetometer,PhoneMagnetometer_Event_9.data,501,4,0,0,0,epoch milliseconds (2018-03-02 09:55:36.909000),10.0,
S1_Walking_2_extracted,Event_9,android.sensor.accelerometer,android.sensor.accelerometer_Event_9.data,495,4,0,0,0,epoch milliseconds (2018-03-02 09:55:36.903000),10.0,
S1_Walking_2_extracted,Event_9,android.sensor.gyroscope,android.sensor.gyroscope_Event_9.data,494,4,0,0,0,epoch milliseconds (2018-03-02 09:55:36.905000),10.0,
S1_Sitting_1_extracted,Event_0,JinsAccelerometer,JinsAccelerometer_Event_0.data,100,4,0,0,0,epoch milliseconds (2018-03-02 09:23:33.409000),52.0,
S1_Sitting_1_extracted,Event_0,JinsBlinkSpeed,JinsBlinkSpeed_Event_0.data,100,2,0,0,0,epoch milliseconds (2018-03-02 09:23:33.409000),52.0,
S1_Sitting_1_extracted,Event_0,JinsBlinkStrength,JinsBlinkStrength_Event_0.data,100,2,0,0,0,epoch milliseconds (2018-03-02 09:23:33.409000),52.0,
S1_Sitting_1_extracted,Event_0,JinsEyeMovement,JinsEyeMovement_Event_0.data,100,5,0,0,0,epoch milliseconds (2018-03-02 09:23:33.409000),52.0,
S1_Sitting_1_extracted,Event_0,JinsGyroscope,JinsGyroscope_Event_0.data,100,4,0,0,0,epoch milliseconds (2018-03-02 09:23:33.409000),52.0,
S1_Sitting_1_extracted,Event_0,PhoneAccelerometer,PhoneAccelerometer_Event_0.data,1006,4,0,0,0,epoch milliseconds (2018-03-02 09:23:33.389000),5.0,
S1_Sitting_1_extracted,Event_0,PhoneGravity,PhoneGravity_Event_0.data,1008,4,0,0,0,epoch milliseconds (2018-03-02 09:23:33.386000),5.0,
S1_Sitting_1_extracted,Event_0,PhoneGyroscope,PhoneGyroscope_Event_0.data,1009,4,0,0,0,epoch milliseconds (2018-03-02 09:23:33.387000),5.0,
S1_Sitting_1_extracted,Event_0,PhoneLinearAccelerometer,PhoneLinearAccelerometer_Event_0.data,1007,4,0,0,0,epoch milliseconds (2018-03-02 09:23:33.386000),5.0,
S1_Sitting_1_extracted,Event_0,PhoneMagnetometer,PhoneMagnetometer_Event_0.data,501,4,0,0,0,epoch milliseconds (2018-03-02 09:23:33.390000),10.0,
S1_Sitting_1_extracted,Event_0,android.sensor.accelerometer,android.sensor.accelerometer_Event_0.data,502,4,0,0,0,epoch milliseconds (2018-03-02 09:23:33.418000),10.0,
S1_Sitting_1_extracted,Event_0,android.sensor.gyroscope,android.sensor.gyroscope_Event_0.data,501,4,0,0,0,epoch milliseconds (2018-03-02 09:23:33.424000),10.0,
S1_Sitting_1_extracted,Event_1,JinsAccelerometer,JinsAccelerometer_Event_1.data,100,4,0,0,0,epoch milliseconds (2018-03-02 09:23:44.407000),52.0,
S1_Sitting_1_extracted,Event_1,JinsBlinkSpeed,JinsBlinkSpeed_Event_1.data,100,2,0,0,0,epoch milliseconds (2018-03-02 09:23:44.407000),52.0,
S1_Sitting_1_extracted,Event_1,JinsBlinkStrength,JinsBlinkStrength_Event_1.data,100,2,0,0,0,epoch milliseconds (2018-03-02 09:23:44.407000),52.0,
S1_Sitting_1_extracted,Event_1,JinsEyeMovement,JinsEyeMovement_Event_1.data,100,5,0,0,0,epoch milliseconds (2018-03-02 09:23:44.407000),52.0,
S1_Sitting_1_extracted,Event_1,JinsGyroscope,JinsGyroscope_Event_1.data,100,4,0,0,0,epoch milliseconds (2018-03-02 09:23:44.407000),52.0,
S1_Sitting_1_extracted,Event_1,PhoneAccelerometer,PhoneAccelerometer_Event_1.data,1008,4,0,0,0,epoch milliseconds (2018-03-02 09:23:44.394000),5.0,
S1_Sitting_1_extracted,Event_1,PhoneGravity,PhoneGravity_Event_1.data,1007,4,0,0,0,epoch milliseconds (2018-03-02 09:23:44.393000),5.0,
S1_Sitting_1_extracted,Event_1,PhoneGyroscope,PhoneGyroscope_Event_1.data,1006,4,0,0,0,epoch milliseconds (2018-03-02 09:23:44.395000),5.0,
S1_Sitting_1_extracted,Event_1,PhoneLinearAccelerometer,PhoneLinearAccelerometer_Event_1.data,1006,4,0,0,0,epoch milliseconds (2018-03-02 09:23:44.392000),5.0,
S1_Sitting_1_extracted,Event_1,PhoneMagnetometer,PhoneMagnetometer_Event_1.data,500,4,0,0,0,epoch milliseconds (2018-03-02 09:23:44.399000),10.0,
S1_Sitting_1_extracted,Event_1,android.sensor.accelerometer,android.sensor.accelerometer_Event_1.data,509,4,0,0,0,epoch milliseconds (2018-03-02 09:23:44.401000),10.0,
S1_Sitting_1_extracted,Event_1,android.sensor.gyroscope,android.sensor.gyroscope_Event_1.data,508,4,0,0,0,epoch milliseconds (2018-03-02 09:23:44.398000),10.0,
S1_Sitting_1_extracted,Event_2,JinsAccelerometer,JinsAccelerometer_Event_2.data,99,4,0,0,0,epoch milliseconds (2018-03-02 09:23:55.646000),52.0,
S1_Sitting_1_extracted,Event_2,JinsBlinkSpeed,JinsBlinkSpeed_Event_2.data,99,2,0,0,0,epoch milliseconds (2018-03-02 09:23:55.646000),52.0,
S1_Sitting_1_extracted,Event_2,JinsBlinkStrength,JinsBlinkStrength_Event_2.data,99,2,0,0,0,epoch milliseconds (2018-03-02 09:23:55.646000),52.0,
S1_Sitting_1_extracted,Event_2,JinsEyeMovement,JinsEyeMovement_Event_2.data,99,5,0,0,0,epoch milliseconds (2018-03-02 09:23:55.646000),52.0,
S1_Sitting_1_extracted,Event_2,JinsGyroscope,JinsGyroscope_Event_2.data,99,4,0,0,0,epoch milliseconds (2018-03-02 09:23:55.646000),52.0,
S1_Sitting_1_extracted,Event_2,PhoneAccelerometer,PhoneAccelerometer_Event_2.data,1007,4,0,0,0,epoch milliseconds (2018-03-02 09:23:55.604000),5.0,
S1_Sitting_1_extracted,Event_2,PhoneGravity,PhoneGravity_Event_2.data,1008,4,0,0,0,epoch milliseconds (2018-03-02 09:23:55.604000),5.0,
S1_Sitting_1_extracted,Event_2,PhoneGyroscope,PhoneGyroscope_Event_2.data,1007,4,0,0,0,epoch milliseconds (2018-03-02 09:23:55.601000),5.0,
S1_Sitting_1_extracted,Event_2,PhoneLinearAccelerometer,PhoneLinearAccelerometer_Event_2.data,1007,4,0,0,0,epoch milliseconds (2018-03-02 09:23:55.601000),5.0,
S1_Sitting_1_extracted,Event_2,PhoneMagnetometer,PhoneMagnetometer_Event_2.data,501,4,0,0,0,epoch milliseconds (2018-03-02 09:23:55.603000),10.0,
S1_Sitting_1_extracted,Event_2,android.sensor.accelerometer,android.sensor.accelerometer_Event_2.data,498,4,0,0,0,epoch milliseconds (2018-03-02 09:23:55.606000),10.0,
S1_Sitting_1_extracted,Event_2,android.sensor.gyroscope,android.sensor.gyroscope_Event_2.data,498,4,0,0,0,epoch milliseconds (2018-03-02 09:23:55.601000),10.0,
S1_Sitting_1_extracted,Event_3,JinsAccelerometer,JinsAccelerometer_Event_3.data,100,4,0,0,0,epoch milliseconds (2018-03-02 09:24:06.958000),52.0,
S1_Sitting_1_extracted,Event_3,JinsBlinkSpeed,JinsBlinkSpeed_Event_3.data,100,2,0,0,0,epoch milliseconds (2018-03-02 09:24:06.958000),52.0,
S1_Sitting_1_extracted,Event_3,JinsBlinkStrength,JinsBlinkStrength_Event_3.data,100,2,0,0,0,epoch milliseconds (2018-03-02 09:24:06.958000),52.0,
S1_Sitting_1_extracted,Event_3,JinsEyeMovement,JinsEyeMovement_Event_3.data,100,5,0,0,0,epoch milliseconds (2018-03-02 09:24:06.958000),52.0,
S1_Sitting_1_extracted,Event_3,JinsGyroscope,JinsGyroscope_Event_3.data,100,4,0,0,0,epoch milliseconds (2018-03-02 09:24:06.958000),52.0,
S1_Sitting_1_extracted,Event_3,PhoneAccelerometer,PhoneAccelerometer_Event_3.data,1008,4,0,0,0,epoch milliseconds (2018-03-02 09:24:06.930000),5.0,
S1_Sitting_1_extracted,Event_3,PhoneGravity,PhoneGravity_Event_3.data,1007,4,0,0,0,epoch milliseconds (2018-03-02 09:24:06.932000),5.0,
S1_Sitting_1_extracted,Event_3,PhoneGyroscope,PhoneGyroscope_Event_3.data,1007,4,0,0,0,epoch milliseconds (2018-03-02 09:24:06.933000),5.0,
S1_Sitting_1_extracted,Event_3,PhoneLinearAccelerometer,PhoneLinearAccelerometer_Event_3.data,1008,4,0,0,0,epoch milliseconds (2018-03-02 09:24:06.929000),5.0,
S1_Sitting_1_extracted,Event_3,PhoneMagnetometer,PhoneMagnetometer_Event_3.data,501,4,0,0,0,epoch milliseconds (2018-03-02 09:24:06.929000),10.0,
S1_Sitting_1_extracted,Event_3,android.sensor.accelerometer,android.sensor.accelerometer_Event_3.data,501,4,0,0,0,epoch milliseconds (2018-03-02 09:24:06.930000),10.0,
S1_Sitting_1_extracted,Event_3,android.sensor.gyroscope,android.sensor.gyroscope_Event_3.data,500,4,0,0,0,epoch milliseconds (2018-03-02 09:24:06.934000),10.0,
S1_Sitting_1_extracted,Event_4,JinsAccelerometer,JinsAccelerometer_Event_4.data,100,4,0,0,0,epoch milliseconds (2018-03-02 09:24:19.447000),52.0,
S1_Sitting_1_extracted,Event_4,JinsBlinkSpeed,JinsBlinkSpeed_Event_4.data,100,2,0,0,0,epoch milliseconds (2018-03-02 09:24:19.447000),52.0,
S1_Sitting_1_extracted,Event_4,JinsBlinkStrength,JinsBlinkStrength_Event_4.data,100,2,0,0,0,epoch milliseconds (2018-03-02 09:24:19.447000),52.0,
S1_Sitting_1_extracted,Event_4,JinsEyeMovement,JinsEyeMovement_Event_4.data,100,5,0,0,0,epoch milliseconds (2018-03-02 09:24:19.447000),52.0,
S1_Sitting_1_extracted,Event_4,JinsGyroscope,JinsGyroscope_Event_4.data,100,4,0,0,0,epoch milliseconds (2018-03-02 09:24:19.447000),52.0,
S1_Sitting_1_extracted,Event_4,PhoneAccelerometer,PhoneAccelerometer_Event_4.data,1007,4,0,0,0,epoch milliseconds (2018-03-02 09:24:19.435000),5.0,
S1_Sitting_1_extracted,Event_4,PhoneGravity,PhoneGravity_Event_4.data,1007,4,0,0,0,epoch milliseconds (2018-03-02 09:24:19.432000),5.0,
S1_Sitting_1_extracted,Event_4,PhoneGyroscope,PhoneGyroscope_Event_4.data,1006,4,0,0,0,epoch milliseconds (2018-03-02 09:24:19.433000),5.0,
S1_Sitting_1_extracted,Event_4,PhoneLinearAccelerometer,PhoneLinearAccelerometer_Event_4.data,1006,4,0,0,0,epoch milliseconds (2018-03-02 09:24:19.432000),5.0,
S1_Sitting_1_extracted,Event_4,PhoneMagnetometer,PhoneMagnetometer_Event_4.data,502,4,0,0,0,epoch milliseconds (2018-03-02 09:24:19.436000),10.0,
S1_Sitting_1_extracted,Event_4,android.sensor.accelerometer,android.sensor.accelerometer_Event_4.data,495,4,0,0,0,epoch milliseconds (2018-03-02 09:24:19.439000),10.0,
S1_Sitting_1_extracted,Event_4,android.sensor.gyroscope,android.sensor.gyroscope_Event_4.data,495,4,0,0,0,epoch milliseconds (2018-03-02 09:24:19.436000),10.0,
S1_Sitting_1_extracted,Event_5,JinsAccelerometer,JinsAccelerometer_Event_5.data,100,4,0,0,0,epoch milliseconds (2018-03-02 09:24:31.707000),52.0,
S1_Sitting_1_extracted,Event_5,JinsBlinkSpeed,JinsBlinkSpeed_Event_5.data,100,2,0,0,0,epoch milliseconds (2018-03-02 09:24:31.707000),52.0,
S1_Sitting_1_extracted,Event_5,JinsBlinkStrength,JinsBlinkStrength_Event_5.data,100,2,0,0,0,epoch milliseconds (2018-03-02 09:24:31.707000),52.0,
S1_Sitting_1_extracted,Event_5,JinsEyeMovement,JinsEyeMovement_Event_5.data,100,5,0,0,0,epoch milliseconds (2018-03-02 09:24:31.707000),52.0,
S1_Sitting_1_extracted,Event_5,JinsGyroscope,JinsGyroscope_Event_5.data,100,4,0,0,0,epoch milliseconds (2018-03-02 09:24:31.707000),52.0,
S1_Sitting_1_extracted,Event_5,PhoneAccelerometer,PhoneAccelerometer_Event_5.data,1008,4,0,0,0,epoch milliseconds (2018-03-02 09:24:31.699000),5.0,
S1_Sitting_1_extracted,Event_5,PhoneGravity,PhoneGravity_Event_5.data,1006,4,0,0,0,epoch milliseconds (2018-03-02 09:24:31.698000),5.0,
S1_Sitting_1_extracted,Event_5,PhoneGyroscope,PhoneGyroscope_Event_5.data,1006,4,0,0,0,epoch milliseconds (2018-03-02 09:24:31.697000),5.0,
S1_Sitting_1_extracted,Event_5,PhoneLinearAccelerometer,PhoneLinearAccelerometer_Event_5.data,1006,4,0,0,0,epoch milliseconds (2018-03-02 09:24:31.698000),5.0,
S1_Sitting_1_extracted,Event_5,PhoneMagnetometer,PhoneMagnetometer_Event_5.data,502,4,0,0,0,epoch milliseconds (2018-03-02 09:24:31.698000),10.0,
S1_Sitting_1_extracted,Event_5,android.sensor.accelerometer,android.sensor.accelerometer_Event_5.data,503,4,0,0,0,epoch milliseconds (2018-03-02 09:24:31.715000),10.0,
S1_Sitting_1_extracted,Event_5,android.sensor.gyroscope,android.sensor.gyroscope_Event_5.data,502,4,0,0,0,epoch milliseconds (2018-03-02 09:24:31.722000),10.0,
S1_Sitting_1_extracted,Event_6,JinsAccelerometer,JinsAccelerometer_Event_6.data,100,4,0,0,0,epoch milliseconds (2018-03-02 09:24:57.327000),53.0,
S1_Sitting_1_extracted,Event_6,JinsBlinkSpeed,JinsBlinkSpeed_Event_6.data,100,2,0,0,0,epoch milliseconds (2018-03-02 09:24:57.327000),53.0,
S1_Sitting_1_extracted,Event_6,JinsBlinkStrength,JinsBlinkStrength_Event_6.data,100,2,0,0,0,epoch milliseconds (2018-03-02 09:24:57.327000),53.0,
S1_Sitting_1_extracted,Event_6,JinsEyeMovement,JinsEyeMovement_Event_6.data,100,5,0,0,0,epoch milliseconds (2018-03-02 09:24:57.327000),53.0,
S1_Sitting_1_extracted,Event_6,JinsGyroscope,JinsGyroscope_Event_6.data,100,4,0,0,0,epoch milliseconds (2018-03-02 09:24:57.327000),53.0,
S1_Sitting_1_extracted,Event_6,PhoneAccelerometer,PhoneAccelerometer_Event_6.data,1010,4,0,0,0,epoch milliseconds (2018-03-02 09:24:57.281000),5.0,
S1_Sitting_1_extracted,Event_6,PhoneGravity,PhoneGravity_Event_6.data,1006,4,0,0,0,epoch milliseconds (2018-03-02 09:24:57.281000),5.0,
S1_Sitting_1_extracted,Event_6,PhoneGyroscope,PhoneGyroscope_Event_6.data,1004,4,0,0,0,epoch milliseconds (2018-03-02 09:24:57.284000),5.0,
S1_Sitting_1_extracted,Event_6,PhoneLinearAccelerometer,PhoneLinearAccelerometer_Event_6.data,1006,4,0,0,0,epoch milliseconds (2018-03-02 09:24:57.281000),5.0,
S1_Sitting_1_extracted,Event_6,PhoneMagnetometer,PhoneMagnetometer_Event_6.data,502,4,0,0,0,epoch milliseconds (2018-03-02 09:24:57.280000),10.0,
S1_Sitting_1_extracted,Event_6,android.sensor.accelerometer,android.sensor.accelerometer_Event_6.data,498,4,0,0,0,epoch milliseconds (2018-03-02 09:24:57.284000),10.0,
S1_Sitting_1_extracted,Event_6,android.sensor.gyroscope,android.sensor.gyroscope_Event_6.data,497,4,0,0,0,epoch milliseconds (2018-03-02 09:24:57.286000),10.0,
S1_Sitting_1_extracted,Event_7,JinsAccelerometer,JinsAccelerometer_Event_7.data,100,4,0,0,0,epoch milliseconds (2018-03-02 09:25:09.901000),52.0,
S1_Sitting_1_extracted,Event_7,JinsBlinkSpeed,JinsBlinkSpeed_Event_7.data,100,2,0,0,0,epoch milliseconds (2018-03-02 09:25:09.901000),52.0,
S1_Sitting_1_extracted,Event_7,JinsBlinkStrength,JinsBlinkStrength_Event_7.data,100,2,0,0,0,epoch milliseconds (2018-03-02 09:25:09.901000),52.0,
S1_Sitting_1_extracted,Event_7,JinsEyeMovement,JinsEyeMovement_Event_7.data,100,5,0,0,0,epoch milliseconds (2018-03-02 09:25:09.901000),52.0,
S1_Sitting_1_extracted,Event_7,JinsGyroscope,JinsGyroscope_Event_7.data,100,4,0,0,0,epoch milliseconds (2018-03-02 09:25:09.901000),52.0,
S1_Sitting_1_extracted,Event_7,PhoneAccelerometer,PhoneAccelerometer_Event_7.data,1006,4,0,0,0,epoch milliseconds (2018-03-02 09:25:09.876000),5.0,
S1_Sitting_1_extracted,Event_7,PhoneGravity,PhoneGravity_Event_7.data,1004,4,0,0,0,epoch milliseconds (2018-03-02 09:25:09.876000),5.0,
S1_Sitting_1_extracted,Event_7,PhoneGyroscope,PhoneGyroscope_Event_7.data,1009,4,0,0,0,epoch milliseconds (2018-03-02 09:25:09.872000),5.0,
S1_Sitting_1_extracted,Event_7,PhoneLinearAccelerometer,PhoneLinearAccelerometer_Event_7.data,1008,4,0,0,0,epoch milliseconds (2018-03-02 09:25:09.874000),5.0,
S1_Sitting_1_extracted,Event_7,PhoneMagnetometer,PhoneMagnetometer_Event_7.data,500,4,0,0,0,epoch milliseconds (2018-03-02 09:25:09.879000),10.0,
S1_Sitting_1_extracted,Event_7,android.sensor.accelerometer,android.sensor.accelerometer_Event_7.data,503,4,0,0,0,epoch milliseconds (2018-03-02 09:25:09.900000),10.0,
S1_Sitting_1_extracted,Event_7,android.sensor.gyroscope,android.sensor.gyroscope_Event_7.data,502,4,0,0,0,epoch milliseconds (2018-03-02 09:25:09.901000),10.0,
S1_Sitting_1_extracted,Event_8,JinsAccelerometer,JinsAccelerometer_Event_8.data,100,4,0,0,0,epoch milliseconds (2018-03-02 09:25:29.062000),52.0,
S1_Sitting_1_extracted,Event_8,JinsBlinkSpeed,JinsBlinkSpeed_Event_8.data,100,2,0,0,0,epoch milliseconds (2018-03-02 09:25:29.062000),52.0,
S1_Sitting_1_extracted,Event_8,JinsBlinkStrength,JinsBlinkStrength_Event_8.data,100,2,0,0,0,epoch milliseconds (2018-03-02 09:25:29.062000),52.0,
S1_Sitting_1_extracted,Event_8,JinsEyeMovement,JinsEyeMovement_Event_8.data,100,5,0,0,0,epoch milliseconds (2018-03-02 09:25:29.062000),52.0,
S1_Sitting_1_extracted,Event_8,JinsGyroscope,JinsGyroscope_Event_8.data,100,4,0,0,0,epoch milliseconds (2018-03-02 09:25:29.062000),52.0,
S1_Sitting_1_extracted,Event_8,PhoneAccelerometer,PhoneAccelerometer_Event_8.data,1007,4,0,0,0,epoch milliseconds (2018-03-02 09:25:29.016000),5.0,
S1_Sitting_1_extracted,Event_8,PhoneGravity,PhoneGravity_Event_8.data,1008,4,0,0,0,epoch milliseconds (2018-03-02 09:25:29.016000),5.0,
S1_Sitting_1_extracted,Event_8,PhoneGyroscope,PhoneGyroscope_Event_8.data,1007,4,0,0,0,epoch milliseconds (2018-03-02 09:25:29.018000),5.0,
S1_Sitting_1_extracted,Event_8,PhoneLinearAccelerometer,PhoneLinearAccelerometer_Event_8.data,1007,4,0,0,0,epoch milliseconds (2018-03-02 09:25:29.018000),5.0,
S1_Sitting_1_extracted,Event_8,PhoneMagnetometer,PhoneMagnetometer_Event_8.data,502,4,0,0,0,epoch milliseconds (2018-03-02 09:25:29.020000),10.0,
S1_Sitting_1_extracted,Event_8,android.sensor.accelerometer,android.sensor.accelerometer_Event_8.data,500,4,0,0,0,epoch milliseconds (2018-03-02 09:25:29.017000),10.0,
S1_Sitting_1_extracted,Event_8,android.sensor.gyroscope,android.sensor.gyroscope_Event_8.data,500,4,0,0,0,epoch milliseconds (2018-03-02 09:25:29.016000),10.0,
S1_Sitting_1_extracted,Event_9,JinsAccelerometer,JinsAccelerometer_Event_9.data,100,4,0,0,0,epoch milliseconds (2018-03-02 09:25:45.549000),52.0,
S1_Sitting_1_extracted,Event_9,JinsBlinkSpeed,JinsBlinkSpeed_Event_9.data,100,2,0,0,0,epoch milliseconds (2018-03-02 09:25:45.549000),52.0,
S1_Sitting_1_extracted,Event_9,JinsBlinkStrength,JinsBlinkStrength_Event_9.data,100,2,0,0,0,epoch milliseconds (2018-03-02 09:25:45.549000),52.0,
S1_Sitting_1_extracted,Event_9,JinsEyeMovement,JinsEyeMovement_Event_9.data,100,5,0,0,0,epoch milliseconds (2018-03-02 09:25:45.549000),52.0,
S1_Sitting_1_extracted,Event_9,JinsGyroscope,JinsGyroscope_Event_9.data,100,4,0,0,0,epoch milliseconds (2018-03-02 09:25:45.549000),52.0,
S1_Sitting_1_extracted,Event_9,PhoneAccelerometer,PhoneAccelerometer_Event_9.data,1006,4,0,0,0,epoch milliseconds (2018-03-02 09:25:45.522000),5.0,
S1_Sitting_1_extracted,Event_9,PhoneGravity,PhoneGravity_Event_9.data,1009,4,0,0,0,epoch milliseconds (2018-03-02 09:25:45.520000),5.0,
S1_Sitting_1_extracted,Event_9,PhoneGyroscope,PhoneGyroscope_Event_9.data,1007,4,0,0,0,epoch milliseconds (2018-03-02 09:25:45.524000),5.0,
S1_Sitting_1_extracted,Event_9,PhoneLinearAccelerometer,PhoneLinearAccelerometer_Event_9.data,1008,4,0,0,0,epoch milliseconds (2018-03-02 09:25:45.523000),5.0,
S1_Sitting_1_extracted,Event_9,PhoneMagnetometer,PhoneMagnetometer_Event_9.data,501,4,0,0,0,epoch milliseconds (2018-03-02 09:25:45.522000),10.0,
S1_Sitting_1_extracted,Event_9,android.sensor.accelerometer,android.sensor.accelerometer_Event_9.data,486,4,0,0,0,epoch milliseconds (2018-03-02 09:25:45.526000),10.0,
S1_Sitting_1_extracted,Event_9,android.sensor.gyroscope,android.sensor.gyroscope_Event_9.data,486,4,0,0,0,epoch milliseconds (2018-03-02 09:25:45.528000),10.0,
S1_Sitting_2_extracted,Event_0,JinsAccelerometer,JinsAccelerometer_Event_0.data,100,4,0,0,0,epoch milliseconds (2018-03-02 09:28:29.299000),52.0,
S1_Sitting_2_extracted,Event_0,JinsBlinkSpeed,JinsBlinkSpeed_Event_0.data,100,2,0,0,0,epoch milliseconds (2018-03-02 09:28:29.299000),52.0,
S1_Sitting_2_extracted,Event_0,JinsBlinkStrength,JinsBlinkStrength_Event_0.data,100,2,0,0,0,epoch milliseconds (2018-03-02 09:28:29.299000),52.0,
S1_Sitting_2_extracted,Event_0,JinsEyeMovement,JinsEyeMovement_Event_0.data,100,5,0,0,0,epoch milliseconds (2018-03-02 09:28:29.299000),52.0,
S1_Sitting_2_extracted,Event_0,JinsGyroscope,JinsGyroscope_Event_0.data,100,4,0,0,0,epoch milliseconds (2018-03-02 09:28:29.299000),52.0,
S1_Sitting_2_extracted,Event_0,PhoneAccelerometer,PhoneAccelerometer_Event_0.data,1006,4,0,0,0,epoch milliseconds (2018-03-02 09:28:29.292000),5.0,
S1_Sitting_2_extracted,Event_0,PhoneGravity,PhoneGravity_Event_0.data,1007,4,0,0,0,epoch milliseconds (2018-03-02 09:28:29.289000),5.0,
S1_Sitting_2_extracted,Event_0,PhoneGyroscope,PhoneGyroscope_Event_0.data,1005,4,0,0,0,epoch milliseconds (2018-03-02 09:28:29.288000),5.0,
S1_Sitting_2_extracted,Event_0,PhoneLinearAccelerometer,PhoneLinearAccelerometer_Event_0.data,1006,4,0,0,0,epoch milliseconds (2018-03-02 09:28:29.289000),5.0,
S1_Sitting_2_extracted,Event_0,PhoneMagnetometer,PhoneMagnetometer_Event_0.data,501,4,0,0,0,epoch milliseconds (2018-03-02 09:28:29.292000),10.0,
S1_Sitting_2_extracted,Event_0,android.sensor.accelerometer,android.sensor.accelerometer_Event_0.data,504,4,0,0,0,epoch milliseconds (2018-03-02 09:28:29.290000),10.0,
S1_Sitting_2_extracted,Event_0,android.sensor.gyroscope,android.sensor.gyroscope_Event_0.data,504,4,0,0,0,epoch milliseconds (2018-03-02 09:28:29.294000),10.0,
S1_Sitting_2_extracted,Event_1,JinsAccelerometer,JinsAccelerometer_Event_1.data,100,4,0,0,0,epoch milliseconds (2018-03-02 09:28:40.822000),52.0,
S1_Sitting_2_extracted,Event_1,JinsBlinkSpeed,JinsBlinkSpeed_Event_1.data,100,2,0,0,0,epoch milliseconds (2018-03-02 09:28:40.822000),52.0,
S1_Sitting_2_extracted,Event_1,JinsBlinkStrength,JinsBlinkStrength_Event_1.data,100,2,0,0,0,epoch milliseconds (2018-03-02 09:28:40.822000),52.0,
S1_Sitting_2_extracted,Event_1,JinsEyeMovement,JinsEyeMovement_Event_1.data,100,5,0,0,0,epoch milliseconds (2018-03-02 09:28:40.822000),52.0,
S1_Sitting_2_extracted,Event_1,JinsGyroscope,JinsGyroscope_Event_1.data,100,4,0,0,0,epoch milliseconds (2018-03-02 09:28:40.822000),52.0,
S1_Sitting_2_extracted,Event_1,PhoneAccelerometer,PhoneAccelerometer_Event_1.data,1007,4,0,0,0,epoch milliseconds (2018-03-02 09:28:40.792000),5.0,
S1_Sitting_2_extracted,Event_1,PhoneGravity,PhoneGravity_Event_1.data,1006,4,0,0,0,epoch milliseconds (2018-03-02 09:28:40.796000),5.0,
S1_Sitting_2_extracted,Event_1,PhoneGyroscope,PhoneGyroscope_Event_1.data,1008,4,0,0,0,epoch milliseconds (2018-03-02 09:28:40.792000),5.0,
S1_Sitting_2_extracted,Event_1,PhoneLinearAccelerometer,PhoneLinearAccelerometer_Event_1.data,1007,4,0,0,0,epoch milliseconds (2018-03-02 09:28:40.793000),5.0,
S1_Sitting_2_extracted,Event_1,PhoneMagnetometer,PhoneMagnetometer_Event_1.data,501,4,0,0,0,epoch milliseconds (2018-03-02 09:28:40.792000),10.0,
S1_Sitting_2_extracted,Event_1,android.sensor.accelerometer,android.sensor.accelerometer_Event_1.data,498,4,0,0,0,epoch milliseconds (2018-03-02 09:28:40.794000),10.0,
S1_Sitting_2_extracted,Event_1,android.sensor.gyroscope,android.sensor.gyroscope_Event_1.data,497,4,0,0,0,epoch milliseconds (2018-03-02 09:28:40.796000),10.0,
S1_Sitting_2_extracted,Event_2,JinsAccelerometer,JinsAccelerometer_Event_2.data,100,4,0,0,0,epoch milliseconds (2018-03-02 09:28:54.970000),52.0,
S1_Sitting_2_extracted,Event_2,JinsBlinkSpeed,JinsBlinkSpeed_Event_2.data,100,2,0,0,0,epoch milliseconds (2018-03-02 09:28:54.970000),52.0,
S1_Sitting_2_extracted,Event_2,JinsBlinkStrength,JinsBlinkStrength_Event_2.data,100,2,0,0,0,epoch milliseconds (2018-03-02 09:28:54.970000),52.0,
S1_Sitting_2_extracted,Event_2,JinsEyeMovement,JinsEyeMovement_Event_2.data,100,5,0,0,0,epoch milliseconds (2018-03-02 09:28:54.970000),52.0,
S1_Sitting_2_extracted,Event_2,JinsGyroscope,JinsGyroscope_Event_2.data,100,4,0,0,0,epoch milliseconds (2018-03-02 09:28:54.970000),52.0,
S1_Sitting_2_extracted,Event_2,PhoneAccelerometer,PhoneAccelerometer_Event_2.data,1000,4,0,0,0,epoch milliseconds (2018-03-02 09:28:54.974000),5.0,
S1_Sitting_2_extracted,Event_2,PhoneGravity,PhoneGravity_Event_2.data,1003,4,0,0,0,epoch milliseconds (2018-03-02 09:28:54.947000),5.0,
S1_Sitting_2_extracted,Event_2,PhoneGyroscope,PhoneGyroscope_Event_2.data,1004,4,0,0,0,epoch milliseconds (2018-03-02 09:28:54.945000),5.0,
S1_Sitting_2_extracted,Event_2,PhoneLinearAccelerometer,PhoneLinearAccelerometer_Event_2.data,1006,4,0,0,0,epoch milliseconds (2018-03-02 09:28:54.944000),5.0,
S1_Sitting_2_extracted,Event_2,PhoneMagnetometer,PhoneMagnetometer_Event_2.data,501,4,0,0,0,epoch milliseconds (2018-03-02 09:28:54.944000),10.0,
S1_Sitting_2_extracted,Event_2,android.sensor.accelerometer,android.sensor.accelerometer_Event_2.data,505,4,0,0,0,epoch milliseconds (2018-03-02 09:28:54.950000),10.0,
S1_Sitting_2_extracted,Event_2,android.sensor.gyroscope,android.sensor.gyroscope_Event_2.data,504,4,0,0,0,epoch milliseconds (2018-03-02 09:28:54.951000),10.0,
S1_Sitting_2_extracted,Event_3,JinsAccelerometer,JinsAccelerometer_Event_3.data,101,4,0,0,0,epoch milliseconds (2018-03-02 09:29:31.278000),52.0,
S1_Sitting_2_extracted,Event_3,JinsBlinkSpeed,JinsBlinkSpeed_Event_3.data,101,2,0,0,0,epoch milliseconds (2018-03-02 09:29:31.278000),52.0,
S1_Sitting_2_extracted,Event_3,JinsBlinkStrength,JinsBlinkStrength_Event_3.data,101,2,0,0,0,epoch milliseconds (2018-03-02 09:29:31.278000),52.0,
S1_Sitting_2_extracted,Event_3,JinsEyeMovement,JinsEyeMovement_Event_3.data,101,5,0,0,0,epoch milliseconds (2018-03-02 09:29:31.278000),52.0,
S1_Sitting_2_extracted,Event_3,JinsGyroscope,JinsGyroscope_Event_3.data,101,4,0,0,0,epoch milliseconds (2018-03-02 09:29:31.278000),52.0,
S1_Sitting_2_extracted,Event_3,PhoneAccelerometer,PhoneAccelerometer_Event_3.data,1005,4,0,0,0,epoch milliseconds (2018-03-02 09:29:31.274000),5.0,
S1_Sitting_2_extracted,Event_3,PhoneGravity,PhoneGravity_Event_3.data,999,4,0,0,0,epoch milliseconds (2018-03-02 09:29:31.274000),5.0,
S1_Sitting_2_extracted,Event_3,PhoneGyroscope,PhoneGyroscope_Event_3.data,1001,4,0,0,0,epoch milliseconds (2018-03-02 09:29:31.274000),5.0,
S1_Sitting_2_extracted,Event_3,PhoneLinearAccelerometer,PhoneLinearAccelerometer_Event_3.data,1002,4,0,0,0,epoch milliseconds (2018-03-02 09:29:31.273000),5.0,
S1_Sitting_2_extracted,Event_3,PhoneMagnetometer,PhoneMagnetometer_Event_3.data,502,4,0,0,0,epoch milliseconds (2018-03-02 09:29:31.272000),10.0,
S1_Sitting_2_extracted,Event_3,android.sensor.accelerometer,android.sensor.accelerometer_Event_3.data,497,4,0,0,0,epoch milliseconds (2018-03-02 09:29:31.279000),10.0,
S1_Sitting_2_extracted,Event_3,android.sensor.gyroscope,android.sensor.gyroscope_Event_3.data,497,4,0,0,0,epoch milliseconds (2018-03-02 09:29:31.280000),10.0,
S1_Sitting_2_extracted,Event_4,JinsAccelerometer,JinsAccelerometer_Event_4.data,100,4,0,0,0,epoch milliseconds (2018-03-02 09:29:42.518000),52.0,
S1_Sitting_2_extracted,Event_4,JinsBlinkSpeed,JinsBlinkSpeed_Event_4.data,100,2,0,0,0,epoch milliseconds (2018-03-02 09:29:42.518000),52.0,
S1_Sitting_2_extracted,Event_4,JinsBlinkStrength,JinsBlinkStrength_Event_4.data,100,2,0,0,0,epoch milliseconds (2018-03-02 09:29:42.518000),52.0,
S1_Sitting_2_extracted,Event_4,JinsEyeMovement,JinsEyeMovement_Event_4.data,100,5,0,0,0,epoch milliseconds (2018-03-02 09:29:42.518000),52.0,
S1_Sitting_2_extracted,Event_4,JinsGyroscope,JinsGyroscope_Event_4.data,100,4,0,0,0,epoch milliseconds (2018-03-02 09:29:42.518000),52.0,
S1_Sitting_2_extracted,Event_4,PhoneAccelerometer,PhoneAccelerometer_Event_4.data,1017,4,0,0,0,epoch milliseconds (2018-03-02 09:29:42.515000),5.0,
S1_Sitting_2_extracted,Event_4,PhoneGravity,PhoneGravity_Event_4.data,1012,4,0,0,0,epoch milliseconds (2018-03-02 09:29:42.512000),5.0,
S1_Sitting_2_extracted,Event_4,PhoneGyroscope,PhoneGyroscope_Event_4.data,1012,4,0,0,0,epoch milliseconds (2018-03-02 09:29:42.513000),5.0,
S1_Sitting_2_extracted,Event_4,PhoneLinearAccelerometer,PhoneLinearAccelerometer_Event_4.data,1010,4,0,0,0,epoch milliseconds (2018-03-02 09:29:42.516000),5.0,
S1_Sitting_2_extracted,Event_4,PhoneMagnetometer,PhoneMagnetometer_Event_4.data,502,4,0,0,0,epoch milliseconds (2018-03-02 09:29:42.514000),10.0,
S1_Sitting_2_extracted,Event_4,android.sensor.accelerometer,android.sensor.accelerometer_Event_4.data,497,4,0,0,0,epoch milliseconds (2018-03-02 09:29:42.518000),10.0,
S1_Sitting_2_extracted,Event_4,android.sensor.gyroscope,android.sensor.gyroscope_Event_4.data,498,4,0,0,0,epoch milliseconds (2018-03-02 09:29:42.512000),10.0,
S1_Sitting_2_extracted,Event_5,JinsAccelerometer,JinsAccelerometer_Event_5.data,100,4,0,0,0,epoch milliseconds (2018-03-02 09:29:54.324000),52.0,
S1_Sitting_2_extracted,Event_5,JinsBlinkSpeed,JinsBlinkSpeed_Event_5.data,100,2,0,0,0,epoch milliseconds (2018-03-02 09:29:54.324000),52.0,
S1_Sitting_2_extracted,Event_5,JinsBlinkStrength,JinsBlinkStrength_Event_5.data,100,2,0,0,0,epoch milliseconds (2018-03-02 09:29:54.324000),52.0,
S1_Sitting_2_extracted,Event_5,JinsEyeMovement,JinsEyeMovement_Event_5.data,100,5,0,0,0,epoch milliseconds (2018-03-02 09:29:54.324000),52.0,
S1_Sitting_2_extracted,Event_5,JinsGyroscope,JinsGyroscope_Event_5.data,100,4,0,0,0,epoch milliseconds (2018-03-02 09:29:54.324000),52.0,
S1_Sitting_2_extracted,Event_5,PhoneAccelerometer,PhoneAccelerometer_Event_5.data,1006,4,0,0,0,epoch milliseconds (2018-03-02 09:29:54.299000),5.0,
S1_Sitting_2_extracted,Event_5,PhoneGravity,PhoneGravity_Event_5.data,1006,4,0,0,0,epoch milliseconds (2018-03-02 09:29:54.299000),5.0,
S1_Sitting_2_extracted,Event_5,PhoneGyroscope,PhoneGyroscope_Event_5.data,1005,4,0,0,0,epoch milliseconds (2018-03-02 09:29:54.297000),5.0,
S1_Sitting_2_extracted,Event_5,PhoneLinearAccelerometer,PhoneLinearAccelerometer_Event_5.data,1005,4,0,0,0,epoch milliseconds (2018-03-02 09:29:54.299000),5.0,
S1_Sitting_2_extracted,Event_5,PhoneMagnetometer,PhoneMagnetometer_Event_5.data,501,4,0,0,0,epoch milliseconds (2018-03-02 09:29:54.303000),10.0,
S1_Sitting_2_extracted,Event_5,android.sensor.accelerometer,android.sensor.accelerometer_Event_5.data,495,4,0,0,0,epoch milliseconds (2018-03-02 09:29:54.298000),10.0,
S1_Sitting_2_extracted,Event_5,android.sensor.gyroscope,android.sensor.gyroscope_Event_5.data,496,4,0,0,0,epoch milliseconds (2018-03-02 09:29:54.297000),10.0,
S1_Sitting_2_extracted,Event_6,JinsAccelerometer,JinsAccelerometer_Event_6.data,100,4,0,0,0,epoch milliseconds (2018-03-02 09:30:07.974000),53.0,
S1_Sitting_2_extracted,Event_6,JinsBlinkSpeed,JinsBlinkSpeed_Event_6.data,100,2,0,0,0,epoch milliseconds (2018-03-02 09:30:07.974000),53.0,
S1_Sitting_2_extracted,Event_6,JinsBlinkStrength,JinsBlinkStrength_Event_6.data,100,2,0,0,0,epoch milliseconds (2018-03-02 09:30:07.974000),53.0,
S1_Sitting_2_extracted,Event_6,JinsEyeMovement,JinsEyeMovement_Event_6.data,100,5,0,0,0,epoch milliseconds (2018-03-02 09:30:07.974000),53.0,
S1_Sitting_2_extracted,Event_6,JinsGyroscope,JinsGyroscope_Event_6.data,100,4,0,0,0,epoch milliseconds (2018-03-02 09:30:07.974000),53.0,
S1_Sitting_2_extracted,Event_6,PhoneAccelerometer,PhoneAccelerometer_Event_6.data,1006,4,0,0,0,epoch milliseconds (2018-03-02 09:30:07.929000),5.0,
S1_Sitting_2_extracted,Event_6,PhoneGravity,PhoneGravity_Event_6.data,1007,4,0,0,0,epoch milliseconds (2018-03-02 09:30:07.929000),5.0,
S1_Sitting_2_extracted,Event_6,PhoneGyroscope,PhoneGyroscope_Event_6.data,1007,4,0,0,0,epoch milliseconds (2018-03-02 09:30:07.931000),5.0,
S1_Sitting_2_extracted,Event_6,PhoneLinearAccelerometer,PhoneLinearAccelerometer_Event_6.data,1008,4,0,0,0,epoch milliseconds (2018-03-02 09:30:07.929000),5.0,
S1_Sitting_2_extracted,Event_6,PhoneMagnetometer,PhoneMagnetometer_Event_6.data,501,4,0,0,0,epoch milliseconds (2018-03-02 09:30:07.931000),10.0,
S1_Sitting_2_extracted,Event_6,android.sensor.accelerometer,android.sensor.accelerometer_Event_6.data,510,4,0,0,0,epoch milliseconds (2018-03-02 09:30:07.929000),10.0,
S1_Sitting_2_extracted,Event_6,android.sensor.gyroscope,android.sensor.gyroscope_Event_6.data,510,4,0,0,0,epoch milliseconds (2018-03-02 09:30:07.928000),10.0,
S1_Sitting_2_extracted,Event_7,JinsAccelerometer,JinsAccelerometer_Event_7.data,100,4,0,0,0,epoch milliseconds (2018-03-02 09:30:25.168000),52.0,
S1_Sitting_2_extracted,Event_7,JinsBlinkSpeed,JinsBlinkSpeed_Event_7.data,100,2,0,0,0,epoch milliseconds (2018-03-02 09:30:25.168000),52.0,
S1_Sitting_2_extracted,Event_7,JinsBlinkStrength,JinsBlinkStrength_Event_7.data,100,2,0,0,0,epoch milliseconds (2018-03-02 09:30:25.168000),52.0,
S1_Sitting_2_extracted,Event_7,JinsEyeMovement,JinsEyeMovement_Event_7.data,100,5,0,0,0,epoch milliseconds (2018-03-02 09:30:25.168000),52.0,
S1_Sitting_2_extracted,Event_7,JinsGyroscope,JinsGyroscope_Event_7.data,100,4,0,0,0,epoch milliseconds (2018-03-02 09:30:25.168000),52.0,
S1_Sitting_2_extracted,Event_7,PhoneAccelerometer,PhoneAccelerometer_Event_7.data,1007,4,0,0,0,epoch milliseconds (2018-03-02 09:30:25.136000),5.0,
S1_Sitting_2_extracted,Event_7,PhoneGravity,PhoneGravity_Event_7.data,1007,4,0,0,0,epoch milliseconds (2018-03-02 09:30:25.138000),5.0,
S1_Sitting_2_extracted,Event_7,PhoneGyroscope,PhoneGyroscope_Event_7.data,1005,4,0,0,0,epoch milliseconds (2018-03-02 09:30:25.136000),5.0,
S1_Sitting_2_extracted,Event_7,PhoneLinearAccelerometer,PhoneLinearAccelerometer_Event_7.data,1006,4,0,0,0,epoch milliseconds (2018-03-02 09:30:25.136000),5.0,
S1_Sitting_2_extracted,Event_7,PhoneMagnetometer,PhoneMagnetometer_Event_7.data,501,4,0,0,0,epoch milliseconds (2018-03-02 09:30:25.140000),10.0,
S1_Sitting_2_extracted,Event_7,android.sensor.accelerometer,android.sensor.accelerometer_Event_7.data,504,4,0,0,0,epoch milliseconds (2018-03-02 09:30:25.136000),10.0,
S1_Sitting_2_extracted,Event_7,android.sensor.gyroscope,android.sensor.gyroscope_Event_7.data,503,4,0,0,0,epoch milliseconds (2018-03-02 09:30:25.143000),10.0,
S1_Sitting_2_extracted,Event_8,JinsAccelerometer,JinsAccelerometer_Event_8.data,100,4,0,0,0,epoch milliseconds (2018-03-02 09:30:40.655000),52.0,
S1_Sitting_2_extracted,Event_8,JinsBlinkSpeed,JinsBlinkSpeed_Event_8.data,100,2,0,0,0,epoch milliseconds (2018-03-02 09:30:40.655000),52.0,
S1_Sitting_2_extracted,Event_8,JinsBlinkStrength,JinsBlinkStrength_Event_8.data,100,2,0,0,0,epoch milliseconds (2018-03-02 09:30:40.655000),52.0,
S1_Sitting_2_extracted,Event_8,JinsEyeMovement,JinsEyeMovement_Event_8.data,100,5,0,0,0,epoch milliseconds (2018-03-02 09:30:40.655000),52.0,
S1_Sitting_2_extracted,Event_8,JinsGyroscope,JinsGyroscope_Event_8.data,100,4,0,0,0,epoch milliseconds (2018-03-02 09:30:40.655000),52.0,
S1_Sitting_2_extracted,Event_8,PhoneAccelerometer,PhoneAccelerometer_Event_8.data,1006,4,0,0,0,epoch milliseconds (2018-03-02 09:30:40.649000),5.0,
S1_Sitting_2_extracted,Event_8,PhoneGravity,PhoneGravity_Event_8.data,1008,4,0,0,0,epoch milliseconds (2018-03-02 09:30:40.651000),5.0,
S1_Sitting_2_extracted,Event_8,PhoneGyroscope,PhoneGyroscope_Event_8.data,1009,4,0,0,0,epoch milliseconds (2018-03-02 09:30:40.648000),5.0,
S1_Sitting_2_extracted,Event_8,PhoneLinearAccelerometer,PhoneLinearAccelerometer_Event_8.data,1008,4,0,0,0,epoch milliseconds (2018-03-02 09:30:40.649000),5.0,
S1_Sitting_2_extracted,Event_8,PhoneMagnetometer,PhoneMagnetometer_Event_8.data,500,4,0,0,0,epoch milliseconds (2018-03-02 09:30:40.656000),10.0,
S1_Sitting_2_extracted,Event_8,android.sensor.accelerometer,android.sensor.accelerometer_Event_8.data,505,4,0,0,0,epoch milliseconds (2018-03-02 09:30:40.650000),10.0,
S1_Sitting_2_extracted,Event_8,android.sensor.gyroscope,android.sensor.gyroscope_Event_8.data,506,4,0,0,0,epoch milliseconds (2018-03-02 09:30:40.649000),10.0,
S1_Sitting_2_extracted,Event_9,JinsAccelerometer,JinsAccelerometer_Event_9.data,101,4,0,0,0,epoch milliseconds (2018-03-02 09:30:59.473000),52.0,
S1_Sitting_2_extracted,Event_9,JinsBlinkSpeed,JinsBlinkSpeed_Event_9.data,101,2,0,0,0,epoch milliseconds (2018-03-02 09:30:59.473000),52.0,
S1_Sitting_2_extracted,Event_9,JinsBlinkStrength,JinsBlinkStrength_Event_9.data,101,2,0,0,0,epoch milliseconds (2018-03-02 09:30:59.473000),52.0,
S1_Sitting_2_extracted,Event_9,JinsEyeMovement,JinsEyeMovement_Event_9.data,101,5,0,0,0,epoch milliseconds (2018-03-02 09:30:59.473000),52.0,
S1_Sitting_2_extracted,Event_9,JinsGyroscope,JinsGyroscope_Event_9.data,101,4,0,0,0,epoch milliseconds (2018-03-02 09:30:59.473000),52.0,
S1_Sitting_2_extracted,Event_9,PhoneAccelerometer,PhoneAccelerometer_Event_9.data,1007,4,0,0,0,epoch milliseconds (2018-03-02 09:30:59.475000),5.0,
S1_Sitting_2_extracted,Event_9,PhoneGravity,PhoneGravity_Event_9.data,1008,4,0,0,0,epoch milliseconds (2018-03-02 09:30:59.474000),5.0,
S1_Sitting_2_extracted,Event_9,PhoneGyroscope,PhoneGyroscope_Event_9.data,1008,4,0,0,0,epoch milliseconds (2018-03-02 09:30:59.475000),5.0,
S1_Sitting_2_extracted,Event_9,PhoneLinearAccelerometer,PhoneLinearAccelerometer_Event_9.data,1006,4,0,0,0,epoch milliseconds (2018-03-02 09:30:59.477000),5.0,
S1_Sitting_2_extracted,Event_9,PhoneMagnetometer,PhoneMagnetometer_Event_9.data,502,4,0,0,0,epoch milliseconds (2018-03-02 09:30:59.473000),10.0,
S1_Sitting_2_extracted,Event_9,android.sensor.accelerometer,android.sensor.accelerometer_Event_9.data,494,4,0,0,0,epoch milliseconds (2018-03-02 09:30:59.475000),10.0,
S1_Sitting_2_extracted,Event_9,android.sensor.gyroscope,android.sensor.gyroscope_Event_9.data,492,4,0,0,0,epoch milliseconds (2018-03-02 09:30:59.476000),10.0,
S1_Standing_1_extracted,Event_0,JinsAccelerometer,JinsAccelerometer_Event_0.data,99,4,0,0,0,epoch milliseconds (2018-03-02 08:56:17.173000),53.0,
S1_Standing_1_extracted,Event_0,JinsBlinkSpeed,JinsBlinkSpeed_Event_0.data,99,2,0,0,0,epoch milliseconds (2018-03-02 08:56:17.173000),53.0,
S1_Standing_1_extracted,Event_0,JinsBlinkStrength,JinsBlinkStrength_Event_0.data,99,2,0,0,0,epoch milliseconds (2018-03-02 08:56:17.173000),53.0,
S1_Standing_1_extracted,Event_0,JinsEyeMovement,JinsEyeMovement_Event_0.data,99,5,0,0,0,epoch milliseconds (2018-03-02 08:56:17.173000),53.0,
S1_Standing_1_extracted,Event_0,JinsGyroscope,JinsGyroscope_Event_0.data,99,4,0,0,0,epoch milliseconds (2018-03-02 08:56:17.173000),53.0,
S1_Standing_1_extracted,Event_0,PhoneAccelerometer,PhoneAccelerometer_Event_0.data,1006,4,0,0,0,epoch milliseconds (2018-03-02 08:56:17.126000),5.0,
S1_Standing_1_extracted,Event_0,PhoneGravity,PhoneGravity_Event_0.data,1006,4,0,0,0,epoch milliseconds (2018-03-02 08:56:17.124000),5.0,
S1_Standing_1_extracted,Event_0,PhoneGyroscope,PhoneGyroscope_Event_0.data,1006,4,0,0,0,epoch milliseconds (2018-03-02 08:56:17.123000),5.0,
S1_Standing_1_extracted,Event_0,PhoneLinearAccelerometer,PhoneLinearAccelerometer_Event_0.data,1006,4,0,0,0,epoch milliseconds (2018-03-02 08:56:17.122000),5.0,
S1_Standing_1_extracted,Event_0,PhoneMagnetometer,PhoneMagnetometer_Event_0.data,500,4,0,0,0,epoch milliseconds (2018-03-02 08:56:17.129000),10.0,
S1_Standing_1_extracted,Event_0,android.sensor.accelerometer,android.sensor.accelerometer_Event_0.data,499,4,0,0,0,epoch milliseconds (2018-03-02 08:56:17.128000),10.0,
S1_Standing_1_extracted,Event_0,android.sensor.gyroscope,android.sensor.gyroscope_Event_0.data,499,4,0,0,0,epoch milliseconds (2018-03-02 08:56:17.130000),10.0,
S1_Standing_1_extracted,Event_1,JinsAccelerometer,JinsAccelerometer_Event_1.data,100,4,0,0,0,epoch milliseconds (2018-03-02 08:56:27.388000),52.0,
S1_Standing_1_extracted,Event_1,JinsBlinkSpeed,JinsBlinkSpeed_Event_1.data,100,2,0,0,0,epoch milliseconds (2018-03-02 08:56:27.388000),52.0,
S1_Standing_1_extracted,Event_1,JinsBlinkStrength,JinsBlinkStrength_Event_1.data,100,2,0,0,0,epoch milliseconds (2018-03-02 08:56:27.388000),52.0,
S1_Standing_1_extracted,Event_1,JinsEyeMovement,JinsEyeMovement_Event_1.data,100,5,0,0,0,epoch milliseconds (2018-03-02 08:56:27.388000),52.0,
S1_Standing_1_extracted,Event_1,JinsGyroscope,JinsGyroscope_Event_1.data,100,4,0,0,0,epoch milliseconds (2018-03-02 08:56:27.388000),52.0,
S1_Standing_1_extracted,Event_1,PhoneAccelerometer,PhoneAccelerometer_Event_1.data,1013,4,0,0,0,epoch milliseconds (2018-03-02 08:56:27.374000),5.0,
S1_Standing_1_extracted,Event_1,PhoneGravity,PhoneGravity_Event_1.data,1008,4,0,0,0,epoch milliseconds (2018-03-02 08:56:27.372000),5.0,
S1_Standing_1_extracted,Event_1,PhoneGyroscope,PhoneGyroscope_Event_1.data,1009,4,0,0,0,epoch milliseconds (2018-03-02 08:56:27.373000),5.0,
S1_Standing_1_extracted,Event_1,PhoneLinearAccelerometer,PhoneLinearAccelerometer_Event_1.data,1006,4,0,0,0,epoch milliseconds (2018-03-02 08:56:27.373000),5.0,
S1_Standing_1_extracted,Event_1,PhoneMagnetometer,PhoneMagnetometer_Event_1.data,502,4,0,0,0,epoch milliseconds (2018-03-02 08:56:27.375000),10.0,
S1_Standing_1_extracted,Event_1,android.sensor.accelerometer,android.sensor.accelerometer_Event_1.data,496,4,0,0,0,epoch milliseconds (2018-03-02 08:56:27.377000),10.0,
S1_Standing_1_extracted,Event_1,android.sensor.gyroscope,android.sensor.gyroscope_Event_1.data,497,4,0,0,0,epoch milliseconds (2018-03-02 08:56:27.375000),10.0,
S1_Standing_1_extracted,Event_2,JinsAccelerometer,JinsAccelerometer_Event_2.data,101,4,0,0,0,epoch milliseconds (2018-03-02 08:56:37.784000),52.0,
S1_Standing_1_extracted,Event_2,JinsBlinkSpeed,JinsBlinkSpeed_Event_2.data,101,2,0,0,0,epoch milliseconds (2018-03-02 08:56:37.784000),52.0,
S1_Standing_1_extracted,Event_2,JinsBlinkStrength,JinsBlinkStrength_Event_2.data,101,2,0,0,0,epoch milliseconds (2018-03-02 08:56:37.784000),52.0,
S1_Standing_1_extracted,Event_2,JinsEyeMovement,JinsEyeMovement_Event_2.data,101,5,0,0,0,epoch milliseconds (2018-03-02 08:56:37.784000),52.0,
S1_Standing_1_extracted,Event_2,JinsGyroscope,JinsGyroscope_Event_2.data,101,4,0,0,0,epoch milliseconds (2018-03-02 08:56:37.784000),52.0,
S1_Standing_1_extracted,Event_2,PhoneAccelerometer,PhoneAccelerometer_Event_2.data,1007,4,0,0,0,epoch milliseconds (2018-03-02 08:56:37.780000),5.0,
S1_Standing_1_extracted,Event_2,PhoneGravity,PhoneGravity_Event_2.data,1008,4,0,0,0,epoch milliseconds (2018-03-02 08:56:37.778000),5.0,
S1_Standing_1_extracted,Event_2,PhoneGyroscope,PhoneGyroscope_Event_2.data,1009,4,0,0,0,epoch milliseconds (2018-03-02 08:56:37.778000),5.0,
S1_Standing_1_extracted,Event_2,PhoneLinearAccelerometer,PhoneLinearAccelerometer_Event_2.data,1008,4,0,0,0,epoch milliseconds (2018-03-02 08:56:37.782000),5.0,
S1_Standing_1_extracted,Event_2,PhoneMagnetometer,PhoneMagnetometer_Event_2.data,502,4,0,0,0,epoch milliseconds (2018-03-02 08:56:37.778000),10.0,
S1_Standing_1_extracted,Event_2,android.sensor.accelerometer,android.sensor.accelerometer_Event_2.data,494,4,0,0,0,epoch milliseconds (2018-03-02 08:56:37.835000),10.0,
S1_Standing_1_extracted,Event_2,android.sensor.gyroscope,android.sensor.gyroscope_Event_2.data,493,4,0,0,0,epoch milliseconds (2018-03-02 08:56:37.820000),10.0,
S1_Standing_1_extracted,Event_3,JinsAccelerometer,JinsAccelerometer_Event_3.data,100,4,0,0,0,epoch milliseconds (2018-03-02 08:56:47.521000),52.0,
S1_Standing_1_extracted,Event_3,JinsBlinkSpeed,JinsBlinkSpeed_Event_3.data,100,2,0,0,0,epoch milliseconds (2018-03-02 08:56:47.521000),52.0,
S1_Standing_1_extracted,Event_3,JinsBlinkStrength,JinsBlinkStrength_Event_3.data,100,2,0,0,0,epoch milliseconds (2018-03-02 08:56:47.521000),52.0,
S1_Standing_1_extracted,Event_3,JinsEyeMovement,JinsEyeMovement_Event_3.data,100,5,0,0,0,epoch milliseconds (2018-03-02 08:56:47.521000),52.0,
S1_Standing_1_extracted,Event_3,JinsGyroscope,JinsGyroscope_Event_3.data,100,4,0,0,0,epoch milliseconds (2018-03-02 08:56:47.521000),52.0,
S1_Standing_1_extracted,Event_3,PhoneAccelerometer,PhoneAccelerometer_Event_3.data,1007,4,0,0,0,epoch milliseconds (2018-03-02 08:56:47.507000),5.0,
S1_Standing_1_extracted,Event_3,PhoneGravity,PhoneGravity_Event_3.data,1006,4,0,0,0,epoch milliseconds (2018-03-02 08:56:47.509000),5.0,
S1_Standing_1_extracted,Event_3,PhoneGyroscope,PhoneGyroscope_Event_3.data,1006,4,0,0,0,epoch milliseconds (2018-03-02 08:56:47.507000),5.0,
S1_Standing_1_extracted,Event_3,PhoneLinearAccelerometer,PhoneLinearAccelerometer_Event_3.data,1007,4,0,0,0,epoch milliseconds (2018-03-02 08:56:47.508000),5.0,
S1_Standing_1_extracted,Event_3,PhoneMagnetometer,PhoneMagnetometer_Event_3.data,501,4,0,0,0,epoch milliseconds (2018-03-02 08:56:47.508000),10.0,
S1_Standing_1_extracted,Event_3,android.sensor.accelerometer,android.sensor.accelerometer_Event_3.data,499,4,0,0,0,epoch milliseconds (2018-03-02 08:56:47.511000),10.0,
S1_Standing_1_extracted,Event_3,android.sensor.gyroscope,android.sensor.gyroscope_Event_3.data,499,4,0,0,0,epoch milliseconds (2018-03-02 08:56:47.512000),10.0,
S1_Standing_1_extracted,Event_4,JinsAccelerometer,JinsAccelerometer_Event_4.data,100,4,0,0,0,epoch milliseconds (2018-03-02 08:56:58.122000),52.0,
S1_Standing_1_extracted,Event_4,JinsBlinkSpeed,JinsBlinkSpeed_Event_4.data,100,2,0,0,0,epoch milliseconds (2018-03-02 08:56:58.122000),52.0,
S1_Standing_1_extracted,Event_4,JinsBlinkStrength,JinsBlinkStrength_Event_4.data,100,2,0,0,0,epoch milliseconds (2018-03-02 08:56:58.122000),52.0,
S1_Standing_1_extracted,Event_4,JinsEyeMovement,JinsEyeMovement_Event_4.data,100,5,0,0,0,epoch milliseconds (2018-03-02 08:56:58.122000),52.0,
S1_Standing_1_extracted,Event_4,JinsGyroscope,JinsGyroscope_Event_4.data,100,4,0,0,0,epoch milliseconds (2018-03-02 08:56:58.122000),52.0,
S1_Standing_1_extracted,Event_4,PhoneAccelerometer,PhoneAccelerometer_Event_4.data,1006,4,0,0,0,epoch milliseconds (2018-03-02 08:56:58.101000),5.0,
S1_Standing_1_extracted,Event_4,PhoneGravity,PhoneGravity_Event_4.data,1005,4,0,0,0,epoch milliseconds (2018-03-02 08:56:58.100000),5.0,
S1_Standing_1_extracted,Event_4,PhoneGyroscope,PhoneGyroscope_Event_4.data,1002,4,0,0,0,epoch milliseconds (2018-03-02 08:56:58.099000),5.0,
S1_Standing_1_extracted,Event_4,PhoneLinearAccelerometer,PhoneLinearAccelerometer_Event_4.data,1004,4,0,0,0,epoch milliseconds (2018-03-02 08:56:58.098000),5.0,
S1_Standing_1_extracted,Event_4,PhoneMagnetometer,PhoneMagnetometer_Event_4.data,501,4,0,0,0,epoch milliseconds (2018-03-02 08:56:58.100000),10.0,
S1_Standing_1_extracted,Event_4,android.sensor.accelerometer,android.sensor.accelerometer_Event_4.data,500,4,0,0,0,epoch milliseconds (2018-03-02 08:56:58.107000),10.0,
S1_Standing_1_extracted,Event_4,android.sensor.gyroscope,android.sensor.gyroscope_Event_4.data,501,4,0,0,0,epoch milliseconds (2018-03-02 08:56:58.103000),10.0,
S1_Standing_1_extracted,Event_5,JinsAccelerometer,JinsAccelerometer_Event_5.data,100,4,0,0,0,epoch milliseconds (2018-03-02 08:57:08.884000),53.0,
S1_Standing_1_extracted,Event_5,JinsBlinkSpeed,JinsBlinkSpeed_Event_5.data,100,2,0,0,0,epoch milliseconds (2018-03-02 08:57:08.884000),53.0,
S1_Standing_1_extracted,Event_5,JinsBlinkStrength,JinsBlinkStrength_Event_5.data,100,2,0,0,0,epoch milliseconds (2018-03-02 08:57:08.884000),53.0,
S1_Standing_1_extracted,Event_5,JinsEyeMovement,JinsEyeMovement_Event_5.data,100,5,0,0,0,epoch milliseconds (2018-03-02 08:57:08.884000),53.0,
S1_Standing_1_extracted,Event_5,JinsGyroscope,JinsGyroscope_Event_5.data,100,4,0,0,0,epoch milliseconds (2018-03-02 08:57:08.884000),53.0,
S1_Standing_1_extracted,Event_5,PhoneAccelerometer,PhoneAccelerometer_Event_5.data,1007,4,0,0,0,epoch milliseconds (2018-03-02 08:57:08.842000),5.0,
S1_Standing_1_extracted,Event_5,PhoneGravity,PhoneGravity_Event_5.data,1013,4,0,0,0,epoch milliseconds (2018-03-02 08:57:08.843000),5.0,
S1_Standing_1_extracted,Event_5,PhoneGyroscope,PhoneGyroscope_Event_5.data,1013,4,0,0,0,epoch milliseconds (2018-03-02 08:57:08.845000),5.0,
S1_Standing_1_extracted,Event_5,PhoneLinearAccelerometer,PhoneLinearAccelerometer_Event_5.data,1013,4,0,0,0,epoch milliseconds (2018-03-02 08:57:08.844000),5.0,
S1_Standing_1_extracted,Event_5,PhoneMagnetometer,PhoneMagnetometer_Event_5.data,496,4,0,0,0,epoch milliseconds (2018-03-02 08:57:08.849000),10.0,
S1_Standing_1_extracted,Event_5,android.sensor.accelerometer,android.sensor.accelerometer_Event_5.data,494,4,0,0,0,epoch milliseconds (2018-03-02 08:57:08.848000),10.0,
S1_Standing_1_extracted,Event_5,android.sensor.gyroscope,android.sensor.gyroscope_Event_5.data,495,4,0,0,0,epoch milliseconds (2018-03-02 08:57:08.845000),10.0,
S1_Standing_1_extracted,Event_6,JinsAccelerometer,JinsAccelerometer_Event_6.data,100,4,0,0,0,epoch milliseconds (2018-03-02 08:57:19.724000),52.0,
S1_Standing_1_extracted,Event_6,JinsBlinkSpeed,JinsBlinkSpeed_Event_6.data,100,2,0,0,0,epoch milliseconds (2018-03-02 08:57:19.724000),52.0,
S1_Standing_1_extracted,Event_6,JinsBlinkStrength,JinsBlinkStrength_Event_6.data,100,2,0,0,0,epoch milliseconds (2018-03-02 08:57:19.724000),52.0,
S1_Standing_1_extracted,Event_6,JinsEyeMovement,JinsEyeMovement_Event_6.data,100,5,0,0,0,epoch milliseconds (2018-03-02 08:57:19.724000),52.0,
S1_Standing_1_extracted,Event_6,JinsGyroscope,JinsGyroscope_Event_6.data,100,4,0,0,0,epoch milliseconds (2018-03-02 08:57:19.724000),52.0,
S1_Standing_1_extracted,Event_6,PhoneAccelerometer,PhoneAccelerometer_Event_6.data,1007,4,0,0,0,epoch milliseconds (2018-03-02 08:57:19.724000),5.0,
S1_Standing_1_extracted,Event_6,PhoneGravity,PhoneGravity_Event_6.data,1007,4,0,0,0,epoch milliseconds (2018-03-02 08:57:19.723000),5.0,
S1_Standing_1_extracted,Event_6,PhoneGyroscope,PhoneGyroscope_Event_6.data,1007,4,0,0,0,epoch milliseconds (2018-03-02 08:57:19.723000),5.0,
S1_Standing_1_extracted,Event_6,PhoneLinearAccelerometer,PhoneLinearAccelerometer_Event_6.data,1008,4,0,0,0,epoch milliseconds (2018-03-02 08:57:19.724000),5.0,
S1_Standing_1_extracted,Event_6,PhoneMagnetometer,PhoneMagnetometer_Event_6.data,502,4,0,0,0,epoch milliseconds (2018-03-02 08:57:19.726000),10.0,
S1_Standing_1_extracted,Event_6,android.sensor.accelerometer,android.sensor.accelerometer_Event_6.data,492,4,0,0,0,epoch milliseconds (2018-03-02 08:57:19.722000),10.0,
S1_Standing_1_extracted,Event_6,android.sensor.gyroscope,android.sensor.gyroscope_Event_6.data,492,4,0,0,0,epoch milliseconds (2018-03-02 08:57:19.723000),10.0,
S1_Standing_1_extracted,Event_7,JinsAccelerometer,JinsAccelerometer_Event_7.data,100,4,0,0,0,epoch milliseconds (2018-03-02 08:57:30.990000),52.0,
S1_Standing_1_extracted,Event_7,JinsBlinkSpeed,JinsBlinkSpeed_Event_7.data,100,2,0,0,0,epoch milliseconds (2018-03-02 08:57:30.990000),52.0,
S1_Standing_1_extracted,Event_7,JinsBlinkStrength,JinsBlinkStrength_Event_7.data,100,2,0,0,0,epoch milliseconds (2018-03-02 08:57:30.990000),52.0,
S1_Standing_1_extracted,Event_7,JinsEyeMovement,JinsEyeMovement_Event_7.data,100,5,0,0,0,epoch milliseconds (2018-03-02 08:57:30.990000),52.0,
S1_Standing_1_extracted,Event_7,JinsGyroscope,JinsGyroscope_Event_7.data,100,4,0,0,0,epoch milliseconds (2018-03-02 08:57:30.990000),52.0,
S1_Standing_1_extracted,Event_7,PhoneAccelerometer,PhoneAccelerometer_Event_7.data,1009,4,0,0,0,epoch milliseconds (2018-03-02 08:57:30.963000),5.0,
S1_Standing_1_extracted,Event_7,PhoneGravity,PhoneGravity_Event_7.data,1008,4,0,0,0,epoch milliseconds (2018-03-02 08:57:30.965000),5.0,
S1_Standing_1_extracted,Event_7,PhoneGyroscope,PhoneGyroscope_Event_7.data,1008,4,0,0,0,epoch milliseconds (2018-03-02 08:57:30.961000),5.0,
S1_Standing_1_extracted,Event_7,PhoneLinearAccelerometer,PhoneLinearAccelerometer_Event_7.data,1008,4,0,0,0,epoch milliseconds (2018-03-02 08:57:30.961000),5.0,
S1_Standing_1_extracted,Event_7,PhoneMagnetometer,PhoneMagnetometer_Event_7.data,502,4,0,0,0,epoch milliseconds (2018-03-02 08:57:30.965000),10.0,
S1_Standing_1_extracted,Event_7,android.sensor.accelerometer,android.sensor.accelerometer_Event_7.data,503,4,0,0,0,epoch milliseconds (2018-03-02 08:57:30.962000),10.0,
S1_Standing_1_extracted,Event_7,android.sensor.gyroscope,android.sensor.gyroscope_Event_7.data,503,4,0,0,0,epoch milliseconds (2018-03-02 08:57:30.970000),10.0,
S1_Standing_1_extracted,Event_8,JinsAccelerometer,JinsAccelerometer_Event_8.data,100,4,0,0,0,epoch milliseconds (2018-03-02 08:57:43.642000),53.0,
S1_Standing_1_extracted,Event_8,JinsBlinkSpeed,JinsBlinkSpeed_Event_8.data,100,2,0,0,0,epoch milliseconds (2018-03-02 08:57:43.642000),53.0,
S1_Standing_1_extracted,Event_8,JinsBlinkStrength,JinsBlinkStrength_Event_8.data,100,2,0,0,0,epoch milliseconds (2018-03-02 08:57:43.642000),53.0,
S1_Standing_1_extracted,Event_8,JinsEyeMovement,JinsEyeMovement_Event_8.data,100,5,0,0,0,epoch milliseconds (2018-03-02 08:57:43.642000),53.0,
S1_Standing_1_extracted,Event_8,JinsGyroscope,JinsGyroscope_Event_8.data,100,4,0,0,0,epoch milliseconds (2018-03-02 08:57:43.642000),53.0,
S1_Standing_1_extracted,Event_8,PhoneAccelerometer,PhoneAccelerometer_Event_8.data,1008,4,0,0,0,epoch milliseconds (2018-03-02 08:57:43.601000),5.0,
S1_Standing_1_extracted,Event_8,PhoneGravity,PhoneGravity_Event_8.data,1007,4,0,0,0,epoch milliseconds (2018-03-02 08:57:43.602000),5.0,
S1_Standing_1_extracted,Event_8,PhoneGyroscope,PhoneGyroscope_Event_8.data,1006,4,0,0,0,epoch milliseconds (2018-03-02 08:57:43.604000),5.0,
S1_Standing_1_extracted,Event_8,PhoneLinearAccelerometer,PhoneLinearAccelerometer_Event_8.data,1006,4,0,0,0,epoch milliseconds (2018-03-02 08:57:43.603000),5.0,
S1_Standing_1_extracted,Event_8,PhoneMagnetometer,PhoneMagnetometer_Event_8.data,501,4,0,0,0,epoch milliseconds (2018-03-02 08:57:43.605000),10.0,
S1_Standing_1_extracted,Event_8,android.sensor.accelerometer,android.sensor.accelerometer_Event_8.data,495,4,0,0,0,epoch milliseconds (2018-03-02 08:57:43.608000),10.0,
S1_Standing_1_extracted,Event_8,android.sensor.gyroscope,android.sensor.gyroscope_Event_8.data,494,4,0,0,0,epoch milliseconds (2018-03-02 08:57:43.609000),10.0,
S1_Standing_1_extracted,Event_9,JinsAccelerometer,JinsAccelerometer_Event_9.data,100,4,0,0,0,epoch milliseconds (2018-03-02 08:57:53.929000),52.0,
S1_Standing_1_extracted,Event_9,JinsBlinkSpeed,JinsBlinkSpeed_Event_9.data,100,2,0,0,0,epoch milliseconds (2018-03-02 08:57:53.929000),52.0,
S1_Standing_1_extracted,Event_9,JinsBlinkStrength,JinsBlinkStrength_Event_9.data,100,2,0,0,0,epoch milliseconds (2018-03-02 08:57:53.929000),52.0,
S1_Standing_1_extracted,Event_9,JinsEyeMovement,JinsEyeMovement_Event_9.data,100,5,0,0,0,epoch milliseconds (2018-03-02 08:57:53.929000),52.0,
S1_Standing_1_extracted,Event_9,JinsGyroscope,JinsGyroscope_Event_9.data,100,4,0,0,0,epoch milliseconds (2018-03-02 08:57:53.929000),52.0,
S1_Standing_1_extracted,Event_9,PhoneAccelerometer,PhoneAccelerometer_Event_9.data,1008,4,0,0,0,epoch milliseconds (2018-03-02 08:57:53.914000),5.0,
S1_Standing_1_extracted,Event_9,PhoneGravity,PhoneGravity_Event_9.data,1008,4,0,0,0,epoch milliseconds (2018-03-02 08:57:53.915000),5.0,
S1_Standing_1_extracted,Event_9,PhoneGyroscope,PhoneGyroscope_Event_9.data,1004,4,0,0,0,epoch milliseconds (2018-03-02 08:57:53.917000),5.0,
S1_Standing_1_extracted,Event_9,PhoneLinearAccelerometer,PhoneLinearAccelerometer_Event_9.data,1009,4,0,0,0,epoch milliseconds (2018-03-02 08:57:53.914000),5.0,
S1_Standing_1_extracted,Event_9,PhoneMagnetometer,PhoneMagnetometer_Event_9.data,500,4,0,0,0,epoch milliseconds (2018-03-02 08:57:53.919000),10.0,
S1_Standing_1_extracted,Event_9,android.sensor.accelerometer,android.sensor.accelerometer_Event_9.data,491,4,0,0,0,epoch milliseconds (2018-03-02 08:57:53.914000),10.0,
S1_Standing_1_extracted,Event_9,android.sensor.gyroscope,android.sensor.gyroscope_Event_9.data,491,4,0,0,0,epoch milliseconds (2018-03-02 08:57:53.915000),10.0,
S1_Standing_2_extracted,Event_0,JinsAccelerometer,JinsAccelerometer_Event_0.data,101,4,0,0,0,epoch milliseconds (2018-03-02 09:03:43.455000),52.0,
S1_Standing_2_extracted,Event_0,JinsBlinkSpeed,JinsBlinkSpeed_Event_0.data,101,2,0,0,0,epoch milliseconds (2018-03-02 09:03:43.455000),52.0,
S1_Standing_2_extracted,Event_0,JinsBlinkStrength,JinsBlinkStrength_Event_0.data,101,2,0,0,0,epoch milliseconds (2018-03-02 09:03:43.455000),52.0,
S1_Standing_2_extracted,Event_0,JinsEyeMovement,JinsEyeMovement_Event_0.data,101,5,0,0,0,epoch milliseconds (2018-03-02 09:03:43.455000),52.0,
S1_Standing_2_extracted,Event_0,JinsGyroscope,JinsGyroscope_Event_0.data,101,4,0,0,0,epoch milliseconds (2018-03-02 09:03:43.455000),52.0,
S1_Standing_2_extracted,Event_0,PhoneAccelerometer,PhoneAccelerometer_Event_0.data,1007,4,0,0,0,epoch milliseconds (2018-03-02 09:03:43.449000),5.0,
S1_Standing_2_extracted,Event_0,PhoneGravity,PhoneGravity_Event_0.data,1007,4,0,0,0,epoch milliseconds (2018-03-02 09:03:43.451000),5.0,
S1_Standing_2_extracted,Event_0,PhoneGyroscope,PhoneGyroscope_Event_0.data,1006,4,0,0,0,epoch milliseconds (2018-03-02 09:03:43.452000),5.0,
S1_Standing_2_extracted,Event_0,PhoneLinearAccelerometer,PhoneLinearAccelerometer_Event_0.data,1007,4,0,0,0,epoch milliseconds (2018-03-02 09:03:43.451000),5.0,
S1_Standing_2_extracted,Event_0,PhoneMagnetometer,PhoneMagnetometer_Event_0.data,501,4,0,0,0,epoch milliseconds (2018-03-02 09:03:43.450000),10.0,
S1_Standing_2_extracted,Event_0,android.sensor.accelerometer,android.sensor.accelerometer_Event_0.data,501,4,0,0,0,epoch milliseconds (2018-03-02 09:03:43.457000),10.0,
S1_Standing_2_extracted,Event_0,android.sensor.gyroscope,android.sensor.gyroscope_Event_0.data,502,4,0,0,0,epoch milliseconds (2018-03-02 09:03:43.449000),10.0,
S1_Standing_2_extracted,Event_1,JinsAccelerometer,JinsAccelerometer_Event_1.data,100,4,0,0,0,epoch milliseconds (2018-03-02 09:03:53.951000),53.0,
S1_Standing_2_extracted,Event_1,JinsBlinkSpeed,JinsBlinkSpeed_Event_1.data,100,2,0,0,0,epoch milliseconds (2018-03-02 09:03:53.951000),53.0,
S1_Standing_2_extracted,Event_1,JinsBlinkStrength,JinsBlinkStrength_Event_1.data,100,2,0,0,0,epoch milliseconds (2018-03-02 09:03:53.951000),53.0,
S1_Standing_2_extracted,Event_1,JinsEyeMovement,JinsEyeMovement_Event_1.data,100,5,0,0,0,epoch milliseconds (2018-03-02 09:03:53.951000),53.0,
S1_Standing_2_extracted,Event_1,JinsGyroscope,JinsGyroscope_Event_1.data,100,4,0,0,0,epoch milliseconds (2018-03-02 09:03:53.951000),53.0,
S1_Standing_2_extracted,Event_1,PhoneAccelerometer,PhoneAccelerometer_Event_1.data,1006,4,0,0,0,epoch milliseconds (2018-03-02 09:03:53.947000),5.0,
S1_Standing_2_extracted,Event_1,PhoneGravity,PhoneGravity_Event_1.data,1006,4,0,0,0,epoch milliseconds (2018-03-02 09:03:53.948000),5.0,
S1_Standing_2_extracted,Event_1,PhoneGyroscope,PhoneGyroscope_Event_1.data,1007,4,0,0,0,epoch milliseconds (2018-03-02 09:03:53.946000),5.0,
S1_Standing_2_extracted,Event_1,PhoneLinearAccelerometer,PhoneLinearAccelerometer_Event_1.data,1006,4,0,0,0,epoch milliseconds (2018-03-02 09:03:53.946000),5.0,
S1_Standing_2_extracted,Event_1,PhoneMagnetometer,PhoneMagnetometer_Event_1.data,501,4,0,0,0,epoch milliseconds (2018-03-02 09:03:53.953000),10.0,
S1_Standing_2_extracted,Event_1,android.sensor.accelerometer,android.sensor.accelerometer_Event_1.data,496,4,0,0,0,epoch milliseconds (2018-03-02 09:03:53.948000),10.0,
S1_Standing_2_extracted,Event_1,android.sensor.gyroscope,android.sensor.gyroscope_Event_1.data,497,4,0,0,0,epoch milliseconds (2018-03-02 09:03:53.946000),10.0,
S1_Standing_2_extracted,Event_2,JinsAccelerometer,JinsAccelerometer_Event_2.data,100,4,0,0,0,epoch milliseconds (2018-03-02 09:04:04.507000),52.0,
S1_Standing_2_extracted,Event_2,JinsBlinkSpeed,JinsBlinkSpeed_Event_2.data,100,2,0,0,0,epoch milliseconds (2018-03-02 09:04:04.507000),52.0,
S1_Standing_2_extracted,Event_2,JinsBlinkStrength,JinsBlinkStrength_Event_2.data,100,2,0,0,0,epoch milliseconds (2018-03-02 09:04:04.507000),52.0,
S1_Standing_2_extracted,Event_2,JinsEyeMovement,JinsEyeMovement_Event_2.data,100,5,0,0,0,epoch milliseconds (2018-03-02 09:04:04.507000),52.0,
S1_Standing_2_extracted,Event_2,JinsGyroscope,JinsGyroscope_Event_2.data,100,4,0,0,0,epoch milliseconds (2018-03-02 09:04:04.507000),52.0,
S1_Standing_2_extracted,Event_2,PhoneAccelerometer,PhoneAccelerometer_Event_2.data,1007,4,0,0,0,epoch milliseconds (2018-03-02 09:04:04.492000),5.0,
S1_Standing_2_extracted,Event_2,PhoneGravity,PhoneGravity_Event_2.data,1004,4,0,0,0,epoch milliseconds (2018-03-02 09:04:04.492000),5.0,
S1_Standing_2_extracted,Event_2,PhoneGyroscope,PhoneGyroscope_Event_2.data,1007,4,0,0,0,epoch milliseconds (2018-03-02 09:04:04.493000),5.0,
S1_Standing_2_extracted,Event_2,PhoneLinearAccelerometer,PhoneLinearAccelerometer_Event_2.data,1006,4,0,0,0,epoch milliseconds (2018-03-02 09:04:04.490000),5.0,
S1_Standing_2_extracted,Event_2,PhoneMagnetometer,PhoneMagnetometer_Event_2.data,502,4,0,0,0,epoch milliseconds (2018-03-02 09:04:04.492000),10.0,
S1_Standing_2_extracted,Event_2,android.sensor.accelerometer,android.sensor.accelerometer_Event_2.data,492,4,0,0,0,epoch milliseconds (2018-03-02 09:04:04.495000),10.0,
S1_Standing_2_extracted,Event_2,android.sensor.gyroscope,android.sensor.gyroscope_Event_2.data,492,4,0,0,0,epoch milliseconds (2018-03-02 09:04:04.497000),10.0,
S1_Standing_2_extracted,Event_3,JinsAccelerometer,JinsAccelerometer_Event_3.data,101,4,0,0,0,epoch milliseconds (2018-03-02 09:04:14.455000),52.0,
S1_Standing_2_extracted,Event_3,JinsBlinkSpeed,JinsBlinkSpeed_Event_3.data,101,2,0,0,0,epoch milliseconds (2018-03-02 09:04:14.455000),52.0,
S1_Standing_2_extracted,Event_3,JinsBlinkStrength,JinsBlinkStrength_Event_3.data,101,2,0,0,0,epoch milliseconds (2018-03-02 09:04:14.455000),52.0,
S1_Standing_2_extracted,Event_3,JinsEyeMovement,JinsEyeMovement_Event_3.data,101,5,0,0,0,epoch milliseconds (2018-03-02 09:04:14.455000),52.0,
S1_Standing_2_extracted,Event_3,JinsGyroscope,JinsGyroscope_Event_3.data,101,4,0,0,0,epoch milliseconds (2018-03-02 09:04:14.455000),52.0,
S1_Standing_2_extracted,Event_3,PhoneAccelerometer,PhoneAccelerometer_Event_3.data,1005,4,0,0,0,epoch milliseconds (2018-03-02 09:04:14.450000),5.0,
S1_Standing_2_extracted,Event_3,PhoneGravity,PhoneGravity_Event_3.data,996,4,0,0,0,epoch milliseconds (2018-03-02 09:04:14.449000),5.0,
S1_Standing_2_extracted,Event_3,PhoneGyroscope,PhoneGyroscope_Event_3.data,998,4,0,0,0,epoch milliseconds (2018-03-02 09:04:14.451000),5.0,
S1_Standing_2_extracted,Event_3,PhoneLinearAccelerometer,PhoneLinearAccelerometer_Event_3.data,998,4,0,0,0,epoch milliseconds (2018-03-02 09:04:14.451000),5.0,
S1_Standing_2_extracted,Event_3,PhoneMagnetometer,PhoneMagnetometer_Event_3.data,499,4,0,0,0,epoch milliseconds (2018-03-02 09:04:14.453000),10.0,
S1_Standing_2_extracted,Event_3,android.sensor.accelerometer,android.sensor.accelerometer_Event_3.data,493,4,0,0,0,epoch milliseconds (2018-03-02 09:04:14.456000),10.0,
S1_Standing_2_extracted,Event_3,android.sensor.gyroscope,android.sensor.gyroscope_Event_3.data,493,4,0,0,0,epoch milliseconds (2018-03-02 09:04:14.455000),10.0,
S1_Standing_2_extracted,Event_4,JinsAccelerometer,JinsAccelerometer_Event_4.data,100,4,0,0,0,epoch milliseconds (2018-03-02 09:04:24.513000),53.0,
S1_Standing_2_extracted,Event_4,JinsBlinkSpeed,JinsBlinkSpeed_Event_4.data,100,2,0,0,0,epoch milliseconds (2018-03-02 09:04:24.513000),53.0,
S1_Standing_2_extracted,Event_4,JinsBlinkStrength,JinsBlinkStrength_Event_4.data,100,2,0,0,0,epoch milliseconds (2018-03-02 09:04:24.513000),53.0,
S1_Standing_2_extracted,Event_4,JinsEyeMovement,JinsEyeMovement_Event_4.data,100,5,0,0,0,epoch milliseconds (2018-03-02 09:04:24.513000),53.0,
S1_Standing_2_extracted,Event_4,JinsGyroscope,JinsGyroscope_Event_4.data,100,4,0,0,0,epoch milliseconds (2018-03-02 09:04:24.513000),53.0,
S1_Standing_2_extracted,Event_4,PhoneAccelerometer,PhoneAccelerometer_Event_4.data,1008,4,0,0,0,epoch milliseconds (2018-03-02 09:04:24.490000),5.0,
S1_Standing_2_extracted,Event_4,PhoneGravity,PhoneGravity_Event_4.data,1006,4,0,0,0,epoch milliseconds (2018-03-02 09:04:24.489000),5.0,
S1_Standing_2_extracted,Event_4,PhoneGyroscope,PhoneGyroscope_Event_4.data,1008,4,0,0,0,epoch milliseconds (2018-03-02 09:04:24.491000),5.0,
S1_Standing_2_extracted,Event_4,PhoneLinearAccelerometer,PhoneLinearAccelerometer_Event_4.data,1008,4,0,0,0,epoch milliseconds (2018-03-02 09:04:24.491000),5.0,
S1_Standing_2_extracted,Event_4,PhoneMagnetometer,PhoneMagnetometer_Event_4.data,504,4,0,0,0,epoch milliseconds (2018-03-02 09:04:24.498000),10.0,
S1_Standing_2_extracted,Event_4,android.sensor.accelerometer,android.sensor.accelerometer_Event_4.data,491,4,0,0,0,epoch milliseconds (2018-03-02 09:04:24.495000),10.0,
S1_Standing_2_extracted,Event_4,android.sensor.gyroscope,android.sensor.gyroscope_Event_4.data,491,4,0,0,0,epoch milliseconds (2018-03-02 09:04:24.493000),10.0,
S1_Standing_2_extracted,Event_5,JinsAccelerometer,JinsAccelerometer_Event_5.data,99,4,0,0,0,epoch milliseconds (2018-03-02 09:04:34.746000),53.0,
S1_Standing_2_extracted,Event_5,JinsBlinkSpeed,JinsBlinkSpeed_Event_5.data,99,2,0,0,0,epoch milliseconds (2018-03-02 09:04:34.746000),53.0,
S1_Standing_2_extracted,Event_5,JinsBlinkStrength,JinsBlinkStrength_Event_5.data,99,2,0,0,0,epoch milliseconds (2018-03-02 09:04:34.746000),53.0,
S1_Standing_2_extracted,Event_5,JinsEyeMovement,JinsEyeMovement_Event_5.data,99,5,0,0,0,epoch milliseconds (2018-03-02 09:04:34.746000),53.0,
S1_Standing_2_extracted,Event_5,JinsGyroscope,JinsGyroscope_Event_5.data,99,4,0,0,0,epoch milliseconds (2018-03-02 09:04:34.746000),53.0,
S1_Standing_2_extracted,Event_5,PhoneAccelerometer,PhoneAccelerometer_Event_5.data,1008,4,0,0,0,epoch milliseconds (2018-03-02 09:04:34.698000),5.0,
S1_Standing_2_extracted,Event_5,PhoneGravity,PhoneGravity_Event_5.data,1004,4,0,0,0,epoch milliseconds (2018-03-02 09:04:34.701000),5.0,
S1_Standing_2_extracted,Event_5,PhoneGyroscope,PhoneGyroscope_Event_5.data,1007,4,0,0,0,epoch milliseconds (2018-03-02 09:04:34.698000),5.0,
S1_Standing_2_extracted,Event_5,PhoneLinearAccelerometer,PhoneLinearAccelerometer_Event_5.data,1005,4,0,0,0,epoch milliseconds (2018-03-02 09:04:34.697000),5.0,
S1_Standing_2_extracted,Event_5,PhoneMagnetometer,PhoneMagnetometer_Event_5.data,500,4,0,0,0,epoch milliseconds (2018-03-02 09:04:34.706000),10.0,
S1_Standing_2_extracted,Event_5,android.sensor.accelerometer,android.sensor.accelerometer_Event_5.data,495,4,0,0,0,epoch milliseconds (2018-03-02 09:04:34.699000),10.0,
S1_Standing_2_extracted,Event_5,android.sensor.gyroscope,android.sensor.gyroscope_Event_5.data,495,4,0,0,0,epoch milliseconds (2018-03-02 09:04:34.703000),10.0,
S1_Standing_2_extracted,Event_6,JinsAccelerometer,JinsAccelerometer_Event_6.data,100,4,0,0,0,epoch milliseconds (2018-03-02 09:04:47.305000),53.0,
S1_Standing_2_extracted,Event_6,JinsBlinkSpeed,JinsBlinkSpeed_Event_6.data,100,2,0,0,0,epoch milliseconds (2018-03-02 09:04:47.305000),53.0,
S1_Standing_2_extracted,Event_6,JinsBlinkStrength,JinsBlinkStrength_Event_6.data,100,2,0,0,0,epoch milliseconds (2018-03-02 09:04:47.305000),53.0,
S1_Standing_2_extracted,Event_6,JinsEyeMovement,JinsEyeMovement_Event_6.data,100,5,0,0,0,epoch milliseconds (2018-03-02 09:04:47.305000),53.0,
S1_Standing_2_extracted,Event_6,JinsGyroscope,JinsGyroscope_Event_6.data,100,4,0,0,0,epoch milliseconds (2018-03-02 09:04:47.305000),53.0,
S1_Standing_2_extracted,Event_6,PhoneAccelerometer,PhoneAccelerometer_Event_6.data,1006,4,0,0,0,epoch milliseconds (2018-03-02 09:04:47.298000),5.0,
S1_Standing_2_extracted,Event_6,PhoneGravity,PhoneGravity_Event_6.data,1007,4,0,0,0,epoch milliseconds (2018-03-02 09:04:47.299000),5.0,
S1_Standing_2_extracted,Event_6,PhoneGyroscope,PhoneGyroscope_Event_6.data,1007,4,0,0,0,epoch milliseconds (2018-03-02 09:04:47.301000),5.0,
S1_Standing_2_extracted,Event_6,PhoneLinearAccelerometer,PhoneLinearAccelerometer_Event_6.data,1007,4,0,0,0,epoch milliseconds (2018-03-02 09:04:47.300000),5.0,
S1_Standing_2_extracted,Event_6,PhoneMagnetometer,PhoneMagnetometer_Event_6.data,501,4,0,0,0,epoch milliseconds (2018-03-02 09:04:47.302000),10.0,
S1_Standing_2_extracted,Event_6,android.sensor.accelerometer,android.sensor.accelerometer_Event_6.data,504,4,0,0,0,epoch milliseconds (2018-03-02 09:04:47.298000),10.0,
S1_Standing_2_extracted,Event_6,android.sensor.gyroscope,android.sensor.gyroscope_Event_6.data,503,4,0,0,0,epoch milliseconds (2018-03-02 09:04:47.305000),10.0,
S1_Standing_2_extracted,Event_7,JinsAccelerometer,JinsAccelerometer_Event_7.data,101,4,0,0,0,epoch milliseconds (2018-03-02 09:04:57.871000),52.0,
S1_Standing_2_extracted,Event_7,JinsBlinkSpeed,JinsBlinkSpeed_Event_7.data,101,2,0,0,0,epoch milliseconds (2018-03-02 09:04:57.871000),52.0,
S1_Standing_2_extracted,Event_7,JinsBlinkStrength,JinsBlinkStrength_Event_7.data,101,2,0,0,0,epoch milliseconds (2018-03-02 09:04:57.871000),52.0,
S1_Standing_2_extracted,Event_7,JinsEyeMovement,JinsEyeMovement_Event_7.data,101,5,0,0,0,epoch milliseconds (2018-03-02 09:04:57.871000),52.0,
S1_Standing_2_extracted,Event_7,JinsGyroscope,JinsGyroscope_Event_7.data,101,4,0,0,0,epoch milliseconds (2018-03-02 09:04:57.871000),52.0,
S1_Standing_2_extracted,Event_7,PhoneAccelerometer,PhoneAccelerometer_Event_7.data,1008,4,0,0,0,epoch milliseconds (2018-03-02 09:04:57.869000),5.0,
S1_Standing_2_extracted,Event_7,PhoneGravity,PhoneGravity_Event_7.data,1009,4,0,0,0,epoch milliseconds (2018-03-02 09:04:57.868000),5.0,
S1_Standing_2_extracted,Event_7,PhoneGyroscope,PhoneGyroscope_Event_7.data,1008,4,0,0,0,epoch milliseconds (2018-03-02 09:04:57.865000),5.0,
S1_Standing_2_extracted,Event_7,PhoneLinearAccelerometer,PhoneLinearAccelerometer_Event_7.data,1010,4,0,0,0,epoch milliseconds (2018-03-02 09:04:57.865000),5.0,
S1_Standing_2_extracted,Event_7,PhoneMagnetometer,PhoneMagnetometer_Event_7.data,501,4,0,0,0,epoch milliseconds (2018-03-02 09:04:57.869000),10.0,
S1_Standing_2_extracted,Event_7,android.sensor.accelerometer,android.sensor.accelerometer_Event_7.data,507,4,0,0,0,epoch milliseconds (2018-03-02 09:04:57.872000),10.0,
S1_Standing_2_extracted,Event_7,android.sensor.gyroscope,android.sensor.gyroscope_Event_7.data,507,4,0,0,0,epoch milliseconds (2018-03-02 09:04:57.865000),10.0,
S1_Standing_2_extracted,Event_8,JinsAccelerometer,JinsAccelerometer_Event_8.data,101,4,0,0,0,epoch milliseconds (2018-03-02 09:05:08.058000),52.0,
S1_Standing_2_extracted,Event_8,JinsBlinkSpeed,JinsBlinkSpeed_Event_8.data,101,2,0,0,0,epoch milliseconds (2018-03-02 09:05:08.058000),52.0,
S1_Standing_2_extracted,Event_8,JinsBlinkStrength,JinsBlinkStrength_Event_8.data,101,2,0,0,0,epoch milliseconds (2018-03-02 09:05:08.058000),52.0,
S1_Standing_2_extracted,Event_8,JinsEyeMovement,JinsEyeMovement_Event_8.data,101,5,0,0,0,epoch milliseconds (2018-03-02 09:05:08.058000),52.0,
S1_Standing_2_extracted,Event_8,JinsGyroscope,JinsGyroscope_Event_8.data,101,4,0,0,0,epoch milliseconds (2018-03-02 09:05:08.058000),52.0,
S1_Standing_2_extracted,Event_8,PhoneAccelerometer,PhoneAccelerometer_Event_8.data,1007,4,0,0,0,epoch milliseconds (2018-03-02 09:05:08.050000),5.0,
S1_Standing_2_extracted,Event_8,PhoneGravity,PhoneGravity_Event_8.data,1007,4,0,0,0,epoch milliseconds (2018-03-02 09:05:08.052000),5.0,
S1_Standing_2_extracted,Event_8,PhoneGyroscope,PhoneGyroscope_Event_8.data,1007,4,0,0,0,epoch milliseconds (2018-03-02 09:05:08.052000),5.0,
S1_Standing_2_extracted,Event_8,PhoneLinearAccelerometer,PhoneLinearAccelerometer_Event_8.data,1007,4,0,0,0,epoch milliseconds (2018-03-02 09:05:08.049000),5.0,
S1_Standing_2_extracted,Event_8,PhoneMagnetometer,PhoneMagnetometer_Event_8.data,502,4,0,0,0,epoch milliseconds (2018-03-02 09:05:08.049000),10.0,
S1_Standing_2_extracted,Event_8,android.sensor.accelerometer,android.sensor.accelerometer_Event_8.data,504,4,0,0,0,epoch milliseconds (2018-03-02 09:05:08.057000),10.0,
S1_Standing_2_extracted,Event_8,android.sensor.gyroscope,android.sensor.gyroscope_Event_8.data,504,4,0,0,0,epoch milliseconds (2018-03-02 09:05:08.052000),10.0,
S1_Standing_2_extracted,Event_9,JinsAccelerometer,JinsAccelerometer_Event_9.data,101,4,0,0,0,epoch milliseconds (2018-03-02 09:05:18.453000),52.0,
S1_Standing_2_extracted,Event_9,JinsBlinkSpeed,JinsBlinkSpeed_Event_9.data,101,2,0,0,0,epoch milliseconds (2018-03-02 09:05:18.453000),52.0,
S1_Standing_2_extracted,Event_9,JinsBlinkStrength,JinsBlinkStrength_Event_9.data,101,2,0,0,0,epoch milliseconds (2018-03-02 09:05:18.453000),52.0,
S1_Standing_2_extracted,Event_9,JinsEyeMovement,JinsEyeMovement_Event_9.data,101,5,0,0,0,epoch milliseconds (2018-03-02 09:05:18.453000),52.0,
S1_Standing_2_extracted,Event_9,JinsGyroscope,JinsGyroscope_Event_9.data,101,4,0,0,0,epoch milliseconds (2018-03-02 09:05:18.453000),52.0,
S1_Standing_2_extracted,Event_9,PhoneAccelerometer,PhoneAccelerometer_Event_9.data,1007,4,0,0,0,epoch milliseconds (2018-03-02 09:05:18.442000),5.0,
S1_Standing_2_extracted,Event_9,PhoneGravity,PhoneGravity_Event_9.data,1006,4,0,0,0,epoch milliseconds (2018-03-02 09:05:18.445000),5.0,
S1_Standing_2_extracted,Event_9,PhoneGyroscope,PhoneGyroscope_Event_9.data,1008,4,0,0,0,epoch milliseconds (2018-03-02 09:05:18.445000),5.0,
S1_Standing_2_extracted,Event_9,PhoneLinearAccelerometer,PhoneLinearAccelerometer_Event_9.data,1008,4,0,0,0,epoch milliseconds (2018-03-02 09:05:18.441000),5.0,
S1_Standing_2_extracted,Event_9,PhoneMagnetometer,PhoneMagnetometer_Event_9.data,500,4,0,0,0,epoch milliseconds (2018-03-02 09:05:18.448000),10.0,
S1_Standing_2_extracted,Event_9,android.sensor.accelerometer,android.sensor.accelerometer_Event_9.data,497,4,0,0,0,epoch milliseconds (2018-03-02 09:05:18.449000),10.0,
S1_Standing_2_extracted,Event_9,android.sensor.gyroscope,android.sensor.gyroscope_Event_9.data,498,4,0,0,0,epoch milliseconds (2018-03-02 09:05:18.445000),10.0,
