original_folder,event,sensor,file,rows,columns,malformed_rows,missing_values,bad_timestamps,timestamp_format,median_interval_ms,error
S5_Bending_1_extracted,Event_0,JinsAccelerometer,JinsAccelerometer_Event_0.data,100,4,0,0,0,epoch milliseconds (2018-03-05 14:42:54.261000),53.0,
S5_Bending_1_extracted,Event_0,JinsBlinkSpeed,JinsBlinkSpeed_Event_0.data,100,2,0,0,0,epoch milliseconds (2018-03-05 14:42:54.261000),53.0,
S5_Bending_1_extracted,Event_0,JinsBlinkStrength,JinsBlinkStrength_Event_0.data,100,2,0,0,0,epoch milliseconds (2018-03-05 14:42:54.261000),53.0,
S5_Bending_1_extracted,Event_0,JinsEyeMovement,JinsEyeMovement_Event_0.data,100,5,0,0,0,epoch milliseconds (2018-03-05 14:42:54.261000),53.0,
S5_Bending_1_extracted,Event_0,JinsGyroscope,JinsGyroscope_Event_0.data,100,4,0,0,0,epoch milliseconds (2018-03-05 14:42:54.261000),53.0,
S5_Bending_1_extracted,Event_0,PhoneAccelerometer,PhoneAccelerometer_Event_0.data,991,4,0,0,0,epoch milliseconds (2018-03-05 14:42:54.220000),5.0,
S5_Bending_1_extracted,Event_0,PhoneGravity,PhoneGravity_Event_0.data,991,4,0,0,0,epoch milliseconds (2018-03-05 14:42:54.216000),5.0,
S5_Bending_1_extracted,Event_0,PhoneGyroscope,PhoneGyroscope_Event_0.data,991,4,0,0,0,epoch milliseconds (2018-03-05 14:42:54.219000),5.0,
S5_Bending_1_extracted,Event_0,PhoneLinearAccelerometer,PhoneLinearAccelerometer_Event_0.data,989,4,0,0,0,epoch milliseconds (2018-03-05 14:42:54.221000),5.0,
S5_Bending_1_extracted,Event_0,PhoneMagnetometer,PhoneMagnetometer_Event_0.data,501,4,0,0,0,epoch milliseconds (2018-03-05 14:42:54.220000),10.0,
S5_Bending_1_extracted,Event_0,android.sensor.accelerometer,android.sensor.accelerometer_Event_0.data,498,4,0,0,0,epoch milliseconds (2018-03-05 14:42:54.224000),10.0,
S5_Bending_1_extracted,Event_0,android.sensor.gyroscope,android.sensor.gyroscope_Event_0.data,498,4,0,0,0,epoch milliseconds (2018-03-05 14:42:54.223000),10.0,
S5_Bending_1_extracted,Event_1,JinsAccelerometer,JinsAccelerometer_Event_1.data,100,4,0,0,0,epoch milliseconds (2018-03-05 14:43:05.350000),53.0,
S5_Bending_1_extracted,Event_1,JinsBlinkSpeed,JinsBlinkSpeed_Event_1.data,100,2,0,0,0,epoch milliseconds (2018-03-05 14:43:05.350000),53.0,
S5_Bending_1_extracted,Event_1,JinsBlinkStrength,JinsBlinkStrength_Event_1.data,100,2,0,0,0,epoch milliseconds (2018-03-05 14:43:05.350000),53.0,
S5_Bending_1_extracted,Event_1,JinsEyeMovement,JinsEyeMovement_Event_1.data,100,5,0,0,0,epoch milliseconds (2018-03-05 14:43:05.350000),53.0,
S5_Bending_1_extracted,Event_1,JinsGyroscope,JinsGyroscope_Event_1.data,100,4,0,0,0,epoch milliseconds (2018-03-05 14:43:05.350000),53.0,
S5_Bending_1_extracted,Event_1,PhoneAccelerometer,PhoneAccelerometer_Event_1.data,993,4,0,0,0,epoch milliseconds (2018-03-05 14:43:05.336000),5.0,
S5_Bending_1_extracted,Event_1,PhoneGravity,PhoneGravity_Event_1.data,990,4,0,0,0,epoch milliseconds (2018-03-05 14:43:05.340000),5.0,
S5_Bending_1_extracted,Event_1,PhoneGyroscope,PhoneGyroscope_Event_1.data,990,4,0,0,0,epoch milliseconds (2018-03-05 14:43:05.336000),5.0,
S5_Bending_1_extracted,Event_1,PhoneLinearAccelerometer,PhoneLinearAccelerometer_Event_1.data,991,4,0,0,0,epoch milliseconds (2018-03-05 14:43:05.338000),5.0,
S5_Bending_1_extracted,Event_1,PhoneMagnetometer,PhoneMagnetometer_Event_1.data,500,4,0,0,0,epoch milliseconds (2018-03-05 14:43:05.345000),10.0,
S5_Bending_1_extracted,Event_1,android.sensor.accelerometer,android.sensor.accelerometer_Event_1.data,500,4,0,0,0,epoch milliseconds (2018-03-05 14:43:05.340000),10.0,
S5_Bending_1_extracted,Event_1,android.sensor.gyroscope,android.sensor.gyroscope_Event_1.data,499,4,0,0,0,epoch milliseconds (2018-03-05 14:43:05.343000),10.0,
S5_Bending_1_extracted,Event_2,JinsAccelerometer,JinsAccelerometer_Event_2.data,100,4,0,0,0,epoch milliseconds (2018-03-05 14:43:16.152000),53.0,
S5_Bending_1_extracted,Event_2,JinsBlinkSpeed,JinsBlinkSpeed_Event_2.data,100,2,0,0,0,epoch milliseconds (2018-03-05 14:43:16.152000),53.0,
S5_Bending_1_extracted,Event_2,JinsBlinkStrength,JinsBlinkStrength_Event_2.data,100,2,0,0,0,epoch milliseconds (2018-03-05 14:43:16.152000),53.0,
S5_Bending_1_extracted,Event_2,JinsEyeMovement,JinsEyeMovement_Event_2.data,100,5,0,0,0,epoch milliseconds (2018-03-05 14:43:16.152000),53.0,
S5_Bending_1_extracted,Event_2,JinsGyroscope,JinsGyroscope_Event_2.data,100,4,0,0,0,epoch milliseconds (2018-03-05 14:43:16.152000),53.0,
S5_Bending_1_extracted,Event_2,PhoneAccelerometer,PhoneAccelerometer_Event_2.data,990,4,0,0,0,epoch milliseconds (2018-03-05 14:43:16.148000),5.0,
S5_Bending_1_extracted,Event_2,PhoneGravity,PhoneGravity_Event_2.data,991,4,0,0,0,epoch milliseconds (2018-03-05 14:43:16.146000),5.0,
S5_Bending_1_extracted,Event_2,PhoneGyroscope,PhoneGyroscope_Event_2.data,990,4,0,0,0,epoch milliseconds (2018-03-05 14:43:16.147000),5.0,
S5_Bending_1_extracted,Event_2,PhoneLinearAccelerometer,PhoneLinearAccelerometer_Event_2.data,990,4,0,0,0,epoch milliseconds (2018-03-05 14:43:16.148000),5.0,
S5_Bending_1_extracted,Event_2,PhoneMagnetometer,PhoneMagnetometer_Event_2.data,500,4,0,0,0,epoch milliseconds (2018-03-05 14:43:16.153000),10.0,
S5_Bending_1_extracted,Event_2,android.sensor.accelerometer,android.sensor.accelerometer_Event_2.data,508,4,0,0,0,epoch milliseconds (2018-03-05 14:43:16.149000),10.0,
S5_Bending_1_extracted,Event_2,android.sensor.gyroscope,android.sensor.gyroscope_Event_2.data,509,4,0,0,0,epoch milliseconds (2018-03-05 14:43:16.150000),10.0,
S5_Bending_1_extracted,Event_3,JinsAccelerometer,JinsAccelerometer_Event_3.data,100,4,0,0,0,epoch milliseconds (2018-03-05 14:43:26.603000),52.0,
S5_Bending_1_extracted,Event_3,JinsBlinkSpeed,JinsBlinkSpeed_Event_3.data,100,2,0,0,0,epoch milliseconds (2018-03-05 14:43:26.603000),52.0,
S5_Bending_1_extracted,Event_3,JinsBlinkStrength,JinsBlinkStrength_Event_3.data,100,2,0,0,0,epoch milliseconds (2018-03-05 14:43:26.603000),52.0,
S5_Bending_1_extracted,Event_3,JinsEyeMovement,JinsEyeMovement_Event_3.data,100,5,0,0,0,epoch milliseconds (2018-03-05 14:43:26.603000),52.0,
S5_Bending_1_extracted,Event_3,JinsGyroscope,JinsGyroscope_Event_3.data,100,4,0,0,0,epoch milliseconds (2018-03-05 14:43:26.603000),52.0,
S5_Bending_1_extracted,Event_3,PhoneAccelerometer,PhoneAccelerometer_Event_3.data,992,4,0,0,0,epoch milliseconds (2018-03-05 14:43:26.569000),5.0,
S5_Bending_1_extracted,Event_3,PhoneGravity,PhoneGravity_Event_3.data,991,4,0,0,0,epoch milliseconds (2018-03-05 14:43:26.568000),5.0,
S5_Bending_1_extracted,Event_3,PhoneGyroscope,PhoneGyroscope_Event_3.data,991,4,0,0,0,epoch milliseconds (2018-03-05 14:43:26.571000),5.0,
S5_Bending_1_extracted,Event_3,PhoneLinearAccelerometer,PhoneLinearAccelerometer_Event_3.data,991,4,0,0,0,epoch milliseconds (2018-03-05 14:43:26.569000),5.0,
S5_Bending_1_extracted,Event_3,PhoneMagnetometer,PhoneMagnetometer_Event_3.data,501,4,0,0,0,epoch milliseconds (2018-03-05 14:43:26.570000),10.0,
S5_Bending_1_extracted,Event_3,android.sensor.accelerometer,android.sensor.accelerometer_Event_3.data,505,4,0,0,0,epoch milliseconds (2018-03-05 14:43:26.570000),10.0,
S5_Bending_1_extracted,Event_3,android.sensor.gyroscope,android.sensor.gyroscope_Event_3.data,504,4,0,0,0,epoch milliseconds (2018-03-05 14:43:26.574000),10.0,
S5_Bending_1_extracted,Event_4,JinsAccelerometer,JinsAccelerometer_Event_4.data,99,4,0,0,0,epoch milliseconds (2018-03-05 14:43:37.497000),52.0,
S5_Bending_1_extracted,Event_4,JinsBlinkSpeed,JinsBlinkSpeed_Event_4.data,99,2,0,0,0,epoch milliseconds (2018-03-05 14:43:37.497000),52.0,
S5_Bending_1_extracted,Event_4,JinsBlinkStrength,JinsBlinkStrength_Event_4.data,99,2,0,0,0,epoch milliseconds (2018-03-05 14:43:37.497000),52.0,
S5_Bending_1_extracted,Event_4,JinsEyeMovement,JinsEyeMovement_Event_4.data,99,5,0,0,0,epoch milliseconds (2018-03-05 14:43:37.497000),52.0,
S5_Bending_1_extracted,Event_4,JinsGyroscope,JinsGyroscope_Event_4.data,99,4,0,0,0,epoch milliseconds (2018-03-05 14:43:37.497000),52.0,
S5_Bending_1_extracted,Event_4,PhoneAccelerometer,PhoneAccelerometer_Event_4.data,991,4,0,0,0,epoch milliseconds (2018-03-05 14:43:37.450000),5.0,
S5_Bending_1_extracted,Event_4,PhoneGravity,PhoneGravity_Event_4.data,992,4,0,0,0,epoch milliseconds (2018-03-05 14:43:37.448000),5.0,
S5_Bending_1_extracted,Event_4,PhoneGyroscope,PhoneGyroscope_Event_4.data,990,4,0,0,0,epoch milliseconds (2018-03-05 14:43:37.450000),5.0,
S5_Bending_1_extracted,Event_4,PhoneLinearAccelerometer,PhoneLinearAccelerometer_Event_4.data,991,4,0,0,0,epoch milliseconds (2018-03-05 14:43:37.450000),5.0,
S5_Bending_1_extracted,Event_4,PhoneMagnetometer,PhoneMagnetometer_Event_4.data,499,4,0,0,0,epoch milliseconds (2018-03-05 14:43:37.454000),10.0,
S5_Bending_1_extracted,Event_4,android.sensor.accelerometer,android.sensor.accelerometer_Event_4.data,502,4,0,0,0,epoch milliseconds (2018-03-05 14:43:37.454000),10.0,
S5_Bending_1_extracted,Event_4,android.sensor.gyroscope,android.sensor.gyroscope_Event_4.data,502,4,0,0,0,epoch milliseconds (2018-03-05 14:43:37.449000),10.0,
S5_Bending_1_extracted,Event_5,JinsAccelerometer,JinsAccelerometer_Event_5.data,100,4,0,0,0,epoch milliseconds (2018-03-05 14:43:47.998000),52.0,
S5_Bending_1_extracted,Event_5,JinsBlinkSpeed,JinsBlinkSpeed_Event_5.data,100,2,0,0,0,epoch milliseconds (2018-03-05 14:43:47.998000),52.0,
S5_Bending_1_extracted,Event_5,JinsBlinkStrength,JinsBlinkStrength_Event_5.data,100,2,0,0,0,epoch milliseconds (2018-03-05 14:43:47.998000),52.0,
S5_Bending_1_extracted,Event_5,JinsEyeMovement,JinsEyeMovement_Event_5.data,100,5,0,0,0,epoch milliseconds (2018-03-05 14:43:47.998000),52.0,
S5_Bending_1_extracted,Event_5,JinsGyroscope,JinsGyroscope_Event_5.data,100,4,0,0,0,epoch milliseconds (2018-03-05 14:43:47.998000),52.0,
S5_Bending_1_extracted,Event_5,PhoneAccelerometer,PhoneAccelerometer_Event_5.data,991,4,0,0,0,epoch milliseconds (2018-03-05 14:43:47.972000),5.0,
S5_Bending_1_extracted,Event_5,PhoneGravity,PhoneGravity_Event_5.data,992,4,0,0,0,epoch milliseconds (2018-03-05 14:43:47.969000),5.0,
S5_Bending_1_extracted,Event_5,PhoneGyroscope,PhoneGyroscope_Event_5.data,992,4,0,0,0,epoch milliseconds (2018-03-05 14:43:47.972000),5.0,
S5_Bending_1_extracted,Event_5,PhoneLinearAccelerometer,PhoneLinearAccelerometer_Event_5.data,991,4,0,0,0,epoch milliseconds (2018-03-05 14:43:47.971000),5.0,
S5_Bending_1_extracted,Event_5,PhoneMagnetometer,PhoneMagnetometer_Event_5.data,501,4,0,0,0,epoch milliseconds (2018-03-05 14:43:47.968000),10.0,
S5_Bending_1_extracted,Event_5,android.sensor.accelerometer,android.sensor.accelerometer_Event_5.data,504,4,0,0,0,epoch milliseconds (2018-03-05 14:43:47.970000),10.0,
S5_Bending_1_extracted,Event_5,android.sensor.gyroscope,android.sensor.gyroscope_Event_5.data,504,4,0,0,0,epoch milliseconds (2018-03-05 14:43:47.968000),10.0,
S5_Bending_1_extracted,Event_6,JinsAccelerometer,JinsAccelerometer_Event_6.data,100,4,0,0,0,epoch milliseconds (2018-03-05 14:43:58.757000),52.0,
S5_Bending_1_extracted,Event_6,JinsBlinkSpeed,JinsBlinkSpeed_Event_6.data,100,2,0,0,0,epoch milliseconds (2018-03-05 14:43:58.757000),52.0,
S5_Bending_1_extracted,Event_6,JinsBlinkStrength,JinsBlinkStrength_Event_6.data,100,2,0,0,0,epoch milliseconds (2018-03-05 14:43:58.757000),52.0,
S5_Bending_1_extracted,Event_6,JinsEyeMovement,JinsEyeMovement_Event_6.data,100,5,0,0,0,epoch milliseconds (2018-03-05 14:43:58.757000),52.0,
S5_Bending_1_extracted,Event_6,JinsGyroscope,JinsGyroscope_Event_6.data,100,4,0,0,0,epoch milliseconds (2018-03-05 14:43:58.757000),52.0,
S5_Bending_1_extracted,Event_6,PhoneAccelerometer,PhoneAccelerometer_Event_6.data,991,4,0,0,0,epoch milliseconds (2018-03-05 14:43:58.747000),5.0,
S5_Bending_1_extracted,Event_6,PhoneGravity,PhoneGravity_Event_6.data,990,4,0,0,0,epoch milliseconds (2018-03-05 14:43:58.748000),5.0,
S5_Bending_1_extracted,Event_6,PhoneGyroscope,PhoneGyroscope_Event_6.data,991,4,0,0,0,epoch milliseconds (2018-03-05 14:43:58.747000),5.0,
S5_Bending_1_extracted,Event_6,PhoneLinearAccelerometer,PhoneLinearAccelerometer_Event_6.data,991,4,0,0,0,epoch milliseconds (2018-03-05 14:43:58.745000),5.0,
S5_Bending_1_extracted,Event_6,PhoneMagnetometer,PhoneMagnetometer_Event_6.data,501,4,0,0,0,epoch milliseconds (2018-03-05 14:43:58.751000),10.0,
S5_Bending_1_extracted,Event_6,android.sensor.accelerometer,android.sensor.accelerometer_Event_6.data,499,4,0,0,0,epoch milliseconds (2018-03-05 14:43:58.745000),10.0,
S5_Bending_1_extracted,Event_6,android.sensor.gyroscope,android.sensor.gyroscope_Event_6.data,499,4,0,0,0,epoch milliseconds (2018-03-05 14:43:58.751000),10.0,
S5_Bending_1_extracted,Event_7,JinsAccelerometer,JinsAccelerometer_Event_7.data,100,4,0,0,0,epoch milliseconds (2018-03-05 14:44:09.365000),52.0,
S5_Bending_1_extracted,Event_7,JinsBlinkSpeed,JinsBlinkSpeed_Event_7.data,100,2,0,0,0,epoch milliseconds (2018-03-05 14:44:09.365000),52.0,
S5_Bending_1_extracted,Event_7,JinsBlinkStrength,JinsBlinkStrength_Event_7.data,100,2,0,0,0,epoch milliseconds (2018-03-05 14:44:09.365000),52.0,
S5_Bending_1_extracted,Event_7,JinsEyeMovement,JinsEyeMovement_Event_7.data,100,5,0,0,0,epoch milliseconds (2018-03-05 14:44:09.365000),52.0,
S5_Bending_1_extracted,Event_7,JinsGyroscope,JinsGyroscope_Event_7.data,100,4,0,0,0,epoch milliseconds (2018-03-05 14:44:09.365000),52.0,
S5_Bending_1_extracted,Event_7,PhoneAccelerometer,PhoneAccelerometer_Event_7.data,990,4,0,0,0,epoch milliseconds (2018-03-05 14:44:09.338000),5.0,
S5_Bending_1_extracted,Event_7,PhoneGravity,PhoneGravity_Event_7.data,990,4,0,0,0,epoch milliseconds (2018-03-05 14:44:09.339000),5.0,
S5_Bending_1_extracted,Event_7,PhoneGyroscope,PhoneGyroscope_Event_7.data,990,4,0,0,0,epoch milliseconds (2018-03-05 14:44:09.339000),5.0,
S5_Bending_1_extracted,Event_7,PhoneLinearAccelerometer,PhoneLinearAccelerometer_Event_7.data,991,4,0,0,0,epoch milliseconds (2018-03-05 14:44:09.337000),5.0,
S5_Bending_1_extracted,Event_7,PhoneMagnetometer,PhoneMagnetometer_Event_7.data,501,4,0,0,0,epoch milliseconds (2018-03-05 14:44:09.341000),10.0,
S5_Bending_1_extracted,Event_7,android.sensor.accelerometer,android.sensor.accelerometer_Event_7.data,502,4,0,0,0,epoch milliseconds (2018-03-05 14:44:09.337000),10.0,
S5_Bending_1_extracted,Event_7,android.sensor.gyroscope,android.sensor.gyroscope_Event_7.data,502,4,0,0,0,epoch milliseconds (2018-03-05 14:44:09.339000),10.0,
S5_Bending_1_extracted,Event_8,JinsAccelerometer,JinsAccelerometer_Event_8.data,100,4,0,0,0,epoch milliseconds (2018-03-05 14:44:20.157000),52.0,
S5_Bending_1_extracted,Event_8,JinsBlinkSpeed,JinsBlinkSpeed_Event_8.data,100,2,0,0,0,epoch milliseconds (2018-03-05 14:44:20.157000),52.0,
S5_Bending_1_extracted,Event_8,JinsBlinkStrength,JinsBlinkStrength_Event_8.data,100,2,0,0,0,epoch milliseconds (2018-03-05 14:44:20.157000),52.0,
S5_Bending_1_extracted,Event_8,JinsEyeMovement,JinsEyeMovement_Event_8.data,100,5,0,0,0,epoch milliseconds (2018-03-05 14:44:20.157000),52.0,
S5_Bending_1_extracted,Event_8,JinsGyroscope,JinsGyroscope_Event_8.data,100,4,0,0,0,epoch milliseconds (2018-03-05 14:44:20.157000),52.0,
S5_Bending_1_extracted,Event_8,PhoneAccelerometer,PhoneAccelerometer_Event_8.data,992,4,0,0,0,epoch milliseconds (2018-03-05 14:44:20.154000),5.0,
S5_Bending_1_extracted,Event_8,PhoneGravity,PhoneGravity_Event_8.data,978,4,0,0,0,epoch milliseconds (2018-03-05 14:44:20.156000),5.0,
S5_Bending_1_extracted,Event_8,PhoneGyroscope,PhoneGyroscope_Event_8.data,977,4,0,0,0,epoch milliseconds (2018-03-05 14:44:20.153000),5.0,
S5_Bending_1_extracted,Event_8,PhoneLinearAccelerometer,PhoneLinearAccelerometer_Event_8.data,979,4,0,0,0,epoch milliseconds (2018-03-05 14:44:20.153000),5.0,
S5_Bending_1_extracted,Event_8,PhoneMagnetometer,PhoneMagnetometer_Event_8.data,502,4,0,0,0,epoch milliseconds (2018-03-05 14:44:20.154000),10.0,
S5_Bending_1_extracted,Event_8,android.sensor.accelerometer,android.sensor.accelerometer_Event_8.data,504,4,0,0,0,epoch milliseconds (2018-03-05 14:44:20.157000),10.0,
S5_Bending_1_extracted,Event_8,android.sensor.gyroscope,android.sensor.gyroscope_Event_8.data,503,4,0,0,0,epoch milliseconds (2018-03-05 14:44:20.160000),10.0,
S5_Bending_1_extracted,Event_9,JinsAccelerometer,JinsAccelerometer_Event_9.data,100,4,0,0,0,epoch milliseconds (2018-03-05 14:44:31.497000),52.0,
S5_Bending_1_extracted,Event_9,JinsBlinkSpeed,JinsBlinkSpeed_Event_9.data,100,2,0,0,0,epoch milliseconds (2018-03-05 14:44:31.497000),52.0,
S5_Bending_1_extracted,Event_9,JinsBlinkStrength,JinsBlinkStrength_Event_9.data,100,2,0,0,0,epoch milliseconds (2018-03-05 14:44:31.497000),52.0,
S5_Bending_1_extracted,Event_9,JinsEyeMovement,JinsEyeMovement_Event_9.data,100,5,0,0,0,epoch milliseconds (2018-03-05 14:44:31.497000),52.0,
S5_Bending_1_extracted,Event_9,JinsGyroscope,JinsGyroscope_Event_9.data,100,4,0,0,0,epoch milliseconds (2018-03-05 14:44:31.497000),52.0,
S5_Bending_1_extracted,Event_9,PhoneAccelerometer,PhoneAccelerometer_Event_9.data,992,4,0,0,0,epoch milliseconds (2018-03-05 14:44:31.472000),5.0,
S5_Bending_1_extracted,Event_9,PhoneGravity,PhoneGravity_Event_9.data,993,4,0,0,0,epoch milliseconds (2018-03-05 14:44:31.472000),5.0,
S5_Bending_1_extracted,Event_9,PhoneGyroscope,PhoneGyroscope_Event_9.data,990,4,0,0,0,epoch milliseconds (2018-03-05 14:44:31.472000),5.0,
S5_Bending_1_extracted,Event_9,PhoneLinearAccelerometer,PhoneLinearAccelerometer_Event_9.data,990,4,0,0,0,epoch milliseconds (2018-03-05 14:44:31.476000),5.0,
S5_Bending_1_extracted,Event_9,PhoneMagnetometer,PhoneMagnetometer_Event_9.data,501,4,0,0,0,epoch milliseconds (2018-03-05 14:44:31.480000),10.0,
S5_Bending_1_extracted,Event_9,android.sensor.accelerometer,android.sensor.accelerometer_Event_9.data,500,4,0,0,0,epoch milliseconds (2018-03-05 14:44:31.478000),10.0,
S5_Bending_1_extracted,Event_9,android.sensor.gyroscope,android.sensor.gyroscope_Event_9.data,499,4,0,0,0,epoch milliseconds (2018-03-05 14:44:31.480000),10.0,
S5_Bending_2_extracted,Event_0,JinsAccelerometer,JinsAccelerometer_Event_0.data,100,4,0,0,0,epoch milliseconds (2018-03-20 08:50:51.896000),52.0,
S5_Bending_2_extracted,Event_0,JinsBlinkSpeed,JinsBlinkSpeed_Event_0.data,100,2,0,0,0,epoch milliseconds (2018-03-20 08:50:51.896000),52.0,
S5_Bending_2_extracted,Event_0,JinsBlinkStrength,JinsBlinkStrength_Event_0.data,100,2,0,0,0,epoch milliseconds (2018-03-20 08:50:51.896000),52.0,
S5_Bending_2_extracted,Event_0,JinsEyeMovement,JinsEyeMovement_Event_0.data,100,5,0,0,0,epoch milliseconds (2018-03-20 08:50:51.896000),52.0,
S5_Bending_2_extracted,Event_0,JinsGyroscope,JinsGyroscope_Event_0.data,100,4,0,0,0,epoch milliseconds (2018-03-20 08:50:51.896000),52.0,
S5_Bending_2_extracted,Event_0,PhoneAccelerometer,PhoneAccelerometer_Event_0.data,993,4,0,0,0,epoch milliseconds (2018-03-20 08:50:51.898000),5.0,
S5_Bending_2_extracted,Event_0,PhoneGravity,PhoneGravity_Event_0.data,982,4,0,0,0,epoch milliseconds (2018-03-20 08:50:51.897000),5.0,
S5_Bending_2_extracted,Event_0,PhoneGyroscope,PhoneGyroscope_Event_0.data,983,4,0,0,0,epoch milliseconds (2018-03-20 08:50:51.895000),5.0,
S5_Bending_2_extracted,Event_0,PhoneLinearAccelerometer,PhoneLinearAccelerometer_Event_0.data,983,4,0,0,0,epoch milliseconds (2018-03-20 08:50:51.898000),5.0,
S5_Bending_2_extracted,Event_0,PhoneMagnetometer,PhoneMagnetometer_Event_0.data,501,4,0,0,0,epoch milliseconds (2018-03-20 08:50:51.895000),10.0,
S5_Bending_2_extracted,Event_0,android.sensor.accelerometer,android.sensor.accelerometer_Event_0.data,513,4,0,0,0,epoch milliseconds (2018-03-20 08:50:51.899000),10.0,
S5_Bending_2_extracted,Event_0,android.sensor.gyroscope,android.sensor.gyroscope_Event_0.data,523,4,0,0,0,epoch milliseconds (2018-03-20 08:50:51.902000),10.0,
S5_Bending_2_extracted,Event_1,JinsAccelerometer,JinsAccelerometer_Event_1.data,100,4,0,0,0,epoch milliseconds (2018-03-20 08:51:03.703000),52.0,
S5_Bending_2_extracted,Event_1,JinsBlinkSpeed,JinsBlinkSpeed_Event_1.data,100,2,0,0,0,epoch milliseconds (2018-03-20 08:51:03.703000),52.0,
S5_Bending_2_extracted,Event_1,JinsBlinkStrength,JinsBlinkStrength_Event_1.data,100,2,0,0,0,epoch milliseconds (2018-03-20 08:51:03.703000),52.0,
S5_Bending_2_extracted,Event_1,JinsEyeMovement,JinsEyeMovement_Event_1.data,100,5,0,0,0,epoch milliseconds (2018-03-20 08:51:03.703000),52.0,
S5_Bending_2_extracted,Event_1,JinsGyroscope,JinsGyroscope_Event_1.data,100,4,0,0,0,epoch milliseconds (2018-03-20 08:51:03.703000),52.0,
S5_Bending_2_extracted,Event_1,PhoneAccelerometer,PhoneAccelerometer_Event_1.data,992,4,0,0,0,epoch milliseconds (2018-03-20 08:51:03.695000),5.0,
S5_Bending_2_extracted,Event_1,PhoneGravity,PhoneGravity_Event_1.data,976,4,0,0,0,epoch milliseconds (2018-03-20 08:51:03.695000),5.0,
S5_Bending_2_extracted,Event_1,PhoneGyroscope,PhoneGyroscope_Event_1.data,985,4,0,0,0,epoch milliseconds (2018-03-20 08:51:03.693000),5.0,
S5_Bending_2_extracted,Event_1,PhoneLinearAccelerometer,PhoneLinearAccelerometer_Event_1.data,977,4,0,0,0,epoch milliseconds (2018-03-20 08:51:03.696000),5.0,
S5_Bending_2_extracted,Event_1,PhoneMagnetometer,PhoneMagnetometer_Event_1.data,496,4,0,0,0,epoch milliseconds (2018-03-20 08:51:03.695000),10.0,
S5_Bending_2_extracted,Event_1,android.sensor.accelerometer,android.sensor.accelerometer_Event_1.data,488,4,0,0,0,epoch milliseconds (2018-03-20 08:51:03.695000),10.0,
S5_Bending_2_extracted,Event_1,android.sensor.gyroscope,android.sensor.gyroscope_Event_1.data,487,4,0,0,0,epoch milliseconds (2018-03-20 08:51:03.699000),10.0,
S5_Bending_2_extracted,Event_2,JinsAccelerometer,JinsAccelerometer_Event_2.data,99,4,0,0,0,epoch milliseconds (2018-03-20 08:51:15.490000),52.5,
S5_Bending_2_extracted,Event_2,JinsBlinkSpeed,JinsBlinkSpeed_Event_2.data,99,2,0,0,0,epoch milliseconds (2018-03-20 08:51:15.490000),52.5,
S5_Bending_2_extracted,Event_2,JinsBlinkStrength,JinsBlinkStrength_Event_2.data,99,2,0,0,0,epoch milliseconds (2018-03-20 08:51:15.490000),52.5,
S5_Bending_2_extracted,Event_2,JinsEyeMovement,JinsEyeMovement_Event_2.data,99,5,0,0,0,epoch milliseconds (2018-03-20 08:51:15.490000),52.5,
S5_Bending_2_extracted,Event_2,JinsGyroscope,JinsGyroscope_Event_2.data,99,4,0,0,0,epoch milliseconds (2018-03-20 08:51:15.490000),52.5,
S5_Bending_2_extracted,Event_2,PhoneAccelerometer,PhoneAccelerometer_Event_2.data,991,4,0,0,0,epoch milliseconds (2018-03-20 08:51:15.442000),5.0,
S5_Bending_2_extracted,Event_2,PhoneGravity,PhoneGravity_Event_2.data,997,4,0,0,0,epoch milliseconds (2018-03-20 08:51:15.442000),5.0,
S5_Bending_2_extracted,Event_2,PhoneGyroscope,PhoneGyroscope_Event_2.data,990,4,0,0,0,epoch milliseconds (2018-03-20 08:51:15.446000),5.0,
S5_Bending_2_extracted,Event_2,PhoneLinearAccelerometer,PhoneLinearAccelerometer_Event_2.data,983,4,0,0,0,epoch milliseconds (2018-03-20 08:51:15.441000),5.0,
S5_Bending_2_extracted,Event_2,PhoneMagnetometer,PhoneMagnetometer_Event_2.data,494,4,0,0,0,epoch milliseconds (2018-03-20 08:51:15.446000),10.0,
S5_Bending_2_extracted,Event_2,android.sensor.accelerometer,android.sensor.accelerometer_Event_2.data,481,4,0,0,0,epoch milliseconds (2018-03-20 08:51:15.441000),10.0,
S5_Bending_2_extracted,Event_2,android.sensor.gyroscope,android.sensor.gyroscope_Event_2.data,480,4,0,0,0,epoch milliseconds (2018-03-20 08:51:15.442000),10.0,
S5_Bending_2_extracted,Event_3,JinsAccelerometer,JinsAccelerometer_Event_3.data,100,4,0,0,0,epoch milliseconds (2018-03-20 08:51:26.279000),52.0,
S5_Bending_2_extracted,Event_3,JinsBlinkSpeed,JinsBlinkSpeed_Event_3.data,100,2,0,0,0,epoch milliseconds (2018-03-20 08:51:26.279000),52.0,
S5_Bending_2_extracted,Event_3,JinsBlinkStrength,JinsBlinkStrength_Event_3.data,100,2,0,0,0,epoch milliseconds (2018-03-20 08:51:26.279000),52.0,
S5_Bending_2_extracted,Event_3,JinsEyeMovement,JinsEyeMovement_Event_3.data,100,5,0,0,0,epoch milliseconds (2018-03-20 08:51:26.279000),52.0,
S5_Bending_2_extracted,Event_3,JinsGyroscope,JinsGyroscope_Event_3.data,100,4,0,0,0,epoch milliseconds (2018-03-20 08:51:26.279000),52.0,
S5_Bending_2_extracted,Event_3,PhoneAccelerometer,PhoneAccelerometer_Event_3.data,1000,4,0,0,0,epoch milliseconds (2018-03-20 08:51:26.257000),5.0,
S5_Bending_2_extracted,Event_3,PhoneGravity,PhoneGravity_Event_3.data,1000,4,0,0,0,epoch milliseconds (2018-03-20 08:51:26.260000),5.0,
S5_Bending_2_extracted,Event_3,PhoneGyroscope,PhoneGyroscope_Event_3.data,982,4,0,0,0,epoch milliseconds (2018-03-20 08:51:26.257000),5.0,
S5_Bending_2_extracted,Event_3,PhoneLinearAccelerometer,PhoneLinearAccelerometer_Event_3.data,982,4,0,0,0,epoch milliseconds (2018-03-20 08:51:26.258000),5.0,
S5_Bending_2_extracted,Event_3,PhoneMagnetometer,PhoneMagnetometer_Event_3.data,501,4,0,0,0,epoch milliseconds (2018-03-20 08:51:26.262000),10.0,
S5_Bending_2_extracted,Event_3,android.sensor.accelerometer,android.sensor.accelerometer_Event_3.data,489,4,0,0,0,epoch milliseconds (2018-03-20 08:51:26.263000),10.0,
S5_Bending_2_extracted,Event_3,android.sensor.gyroscope,android.sensor.gyroscope_Event_3.data,497,4,0,0,0,epoch milliseconds (2018-03-20 08:51:26.264000),10.0,
S5_Bending_2_extracted,Event_4,JinsAccelerometer,JinsAccelerometer_Event_4.data,100,4,0,0,0,epoch milliseconds (2018-03-20 08:51:37.268000),52.0,
S5_Bending_2_extracted,Event_4,JinsBlinkSpeed,JinsBlinkSpeed_Event_4.data,100,2,0,0,0,epoch milliseconds (2018-03-20 08:51:37.268000),52.0,
S5_Bending_2_extracted,Event_4,JinsBlinkStrength,JinsBlinkStrength_Event_4.data,100,2,0,0,0,epoch milliseconds (2018-03-20 08:51:37.268000),52.0,
S5_Bending_2_extracted,Event_4,JinsEyeMovement,JinsEyeMovement_Event_4.data,100,5,0,0,0,epoch milliseconds (2018-03-20 08:51:37.268000),52.0,
S5_Bending_2_extracted,Event_4,JinsGyroscope,JinsGyroscope_Event_4.data,100,4,0,0,0,epoch milliseconds (2018-03-20 08:51:37.268000),52.0,
S5_Bending_2_extracted,Event_4,PhoneAccelerometer,PhoneAccelerometer_Event_4.data,1003,4,0,0,0,epoch milliseconds (2018-03-20 08:51:37.244000),5.0,
S5_Bending_2_extracted,Event_4,PhoneGravity,PhoneGravity_Event_4.data,1001,4,0,0,0,epoch milliseconds (2018-03-20 08:51:37.244000),5.0,
S5_Bending_2_extracted,Event_4,PhoneGyroscope,PhoneGyroscope_Event_4.data,982,4,0,0,0,epoch milliseconds (2018-03-20 08:51:37.241000),5.0,
S5_Bending_2_extracted,Event_4,PhoneLinearAccelerometer,PhoneLinearAccelerometer_Event_4.data,1002,4,0,0,0,epoch milliseconds (2018-03-20 08:51:37.241000),5.0,
S5_Bending_2_extracted,Event_4,PhoneMagnetometer,PhoneMagnetometer_Event_4.data,501,4,0,0,0,epoch milliseconds (2018-03-20 08:51:37.241000),10.0,
S5_Bending_2_extracted,Event_4,android.sensor.accelerometer,android.sensor.accelerometer_Event_4.data,516,4,0,0,0,epoch milliseconds (2018-03-20 08:51:37.250000),10.0,
S5_Bending_2_extracted,Event_4,android.sensor.gyroscope,android.sensor.gyroscope_Event_4.data,514,4,0,0,0,epoch milliseconds (2018-03-20 08:51:37.244000),10.0,
S5_Bending_2_extracted,Event_5,JinsAccelerometer,JinsAccelerometer_Event_5.data,101,4,0,0,0,epoch milliseconds (2018-03-20 08:51:49.444000),52.0,
S5_Bending_2_extracted,Event_5,JinsBlinkSpeed,JinsBlinkSpeed_Event_5.data,101,2,0,0,0,epoch milliseconds (2018-03-20 08:51:49.444000),52.0,
S5_Bending_2_extracted,Event_5,JinsBlinkStrength,JinsBlinkStrength_Event_5.data,101,2,0,0,0,epoch milliseconds (2018-03-20 08:51:49.444000),52.0,
S5_Bending_2_extracted,Event_5,JinsEyeMovement,JinsEyeMovement_Event_5.data,101,5,0,0,0,epoch milliseconds (2018-03-20 08:51:49.444000),52.0,
S5_Bending_2_extracted,Event_5,JinsGyroscope,JinsGyroscope_Event_5.data,101,4,0,0,0,epoch milliseconds (2018-03-20 08:51:49.444000),52.0,
S5_Bending_2_extracted,Event_5,PhoneAccelerometer,PhoneAccelerometer_Event_5.data,991,4,0,0,0,epoch milliseconds (2018-03-20 08:51:49.441000),5.0,
S5_Bending_2_extracted,Event_5,PhoneGravity,PhoneGravity_Event_5.data,981,4,0,0,0,epoch milliseconds (2018-03-20 08:51:49.441000),5.0,
S5_Bending_2_extracted,Event_5,PhoneGyroscope,PhoneGyroscope_Event_5.data,983,4,0,0,0,epoch milliseconds (2018-03-20 08:51:49.439000),5.0,
S5_Bending_2_extracted,Event_5,PhoneLinearAccelerometer,PhoneLinearAccelerometer_Event_5.data,981,4,0,0,0,epoch milliseconds (2018-03-20 08:51:49.443000),5.0,
S5_Bending_2_extracted,Event_5,PhoneMagnetometer,PhoneMagnetometer_Event_5.data,500,4,0,0,0,epoch milliseconds (2018-03-20 08:51:49.439000),10.0,
S5_Bending_2_extracted,Event_5,android.sensor.accelerometer,android.sensor.accelerometer_Event_5.data,477,4,0,0,0,epoch milliseconds (2018-03-20 08:51:49.447000),10.0,
S5_Bending_2_extracted,Event_5,android.sensor.gyroscope,android.sensor.gyroscope_Event_5.data,474,4,0,0,0,epoch milliseconds (2018-03-20 08:51:49.445000),10.0,
S5_Bending_2_extracted,Event_6,JinsAccelerometer,JinsAccelerometer_Event_6.data,101,4,0,0,0,epoch milliseconds (2018-03-20 08:52:00.164000),52.0,
S5_Bending_2_extracted,Event_6,JinsBlinkSpeed,JinsBlinkSpeed_Event_6.data,101,2,0,0,0,epoch milliseconds (2018-03-20 08:52:00.164000),52.0,
S5_Bending_2_extracted,Event_6,JinsBlinkStrength,JinsBlinkStrength_Event_6.data,101,2,0,0,0,epoch milliseconds (2018-03-20 08:52:00.164000),52.0,
S5_Bending_2_extracted,Event_6,JinsEyeMovement,JinsEyeMovement_Event_6.data,101,5,0,0,0,epoch milliseconds (2018-03-20 08:52:00.164000),52.0,
S5_Bending_2_extracted,Event_6,JinsGyroscope,JinsGyroscope_Event_6.data,101,4,0,0,0,epoch milliseconds (2018-03-20 08:52:00.164000),52.0,
S5_Bending_2_extracted,Event_6,PhoneAccelerometer,PhoneAccelerometer_Event_6.data,999,4,0,0,0,epoch milliseconds (2018-03-20 08:52:00.136000),5.0,
S5_Bending_2_extracted,Event_6,PhoneGravity,PhoneGravity_Event_6.data,996,4,0,0,0,epoch milliseconds (2018-03-20 08:52:00.136000),5.0,
S5_Bending_2_extracted,Event_6,PhoneGyroscope,PhoneGyroscope_Event_6.data,1014,4,0,0,0,epoch milliseconds (2018-03-20 08:52:00.133000),5.0,
S5_Bending_2_extracted,Event_6,PhoneLinearAccelerometer,PhoneLinearAccelerometer_Event_6.data,994,4,0,0,0,epoch milliseconds (2018-03-20 08:52:00.134000),5.0,
S5_Bending_2_extracted,Event_6,PhoneMagnetometer,PhoneMagnetometer_Event_6.data,484,4,0,0,0,epoch milliseconds (2018-03-20 08:52:00.138000),10.0,
S5_Bending_2_extracted,Event_6,android.sensor.accelerometer,android.sensor.accelerometer_Event_6.data,490,4,0,0,0,epoch milliseconds (2018-03-20 08:52:00.136000),10.0,
S5_Bending_2_extracted,Event_6,android.sensor.gyroscope,android.sensor.gyroscope_Event_6.data,490,4,0,0,0,epoch milliseconds (2018-03-20 08:52:00.138000),10.0,
S5_Bending_2_extracted,Event_7,JinsAccelerometer,JinsAccelerometer_Event_7.data,99,4,0,0,0,epoch milliseconds (2018-03-20 08:52:11.397000),52.0,
S5_Bending_2_extracted,Event_7,JinsBlinkSpeed,JinsBlinkSpeed_Event_7.data,99,2,0,0,0,epoch milliseconds (2018-03-20 08:52:11.397000),52.0,
S5_Bending_2_extracted,Event_7,JinsBlinkStrength,JinsBlinkStrength_Event_7.data,99,2,0,0,0,epoch milliseconds (2018-03-20 08:52:11.397000),52.0,
S5_Bending_2_extracted,Event_7,JinsEyeMovement,JinsEyeMovement_Event_7.data,99,5,0,0,0,epoch milliseconds (2018-03-20 08:52:11.397000),52.0,
S5_Bending_2_extracted,Event_7,JinsGyroscope,JinsGyroscope_Event_7.data,99,4,0,0,0,epoch milliseconds (2018-03-20 08:52:11.397000),52.0,
S5_Bending_2_extracted,Event_7,PhoneAccelerometer,PhoneAccelerometer_Event_7.data,979,4,0,0,0,epoch milliseconds (2018-03-20 08:52:11.348000),5.0,
S5_Bending_2_extracted,Event_7,PhoneGravity,PhoneGravity_Event_7.data,1001,4,0,0,0,epoch milliseconds (2018-03-20 08:52:11.349000),5.0,
S5_Bending_2_extracted,Event_7,PhoneGyroscope,PhoneGyroscope_Event_7.data,996,4,0,0,0,epoch milliseconds (2018-03-20 08:52:11.348000),5.0,
S5_Bending_2_extracted,Event_7,PhoneLinearAccelerometer,PhoneLinearAccelerometer_Event_7.data,992,4,0,0,0,epoch milliseconds (2018-03-20 08:52:11.349000),5.0,
S5_Bending_2_extracted,Event_7,PhoneMagnetometer,PhoneMagnetometer_Event_7.data,500,4,0,0,0,epoch milliseconds (2018-03-20 08:52:11.346000),10.0,
S5_Bending_2_extracted,Event_7,android.sensor.accelerometer,android.sensor.accelerometer_Event_7.data,502,4,0,0,0,epoch milliseconds (2018-03-20 08:52:11.351000),10.0,
S5_Bending_2_extracted,Event_7,android.sensor.gyroscope,android.sensor.gyroscope_Event_7.data,501,4,0,0,0,epoch milliseconds (2018-03-20 08:52:11.351000),10.0,
S5_Bending_2_extracted,Event_8,JinsAccelerometer,JinsAccelerometer_Event_8.data,101,4,0,0,0,epoch milliseconds (2018-03-20 08:52:22.642000),53.0,
S5_Bending_2_extracted,Event_8,JinsBlinkSpeed,JinsBlinkSpeed_Event_8.data,101,2,0,0,0,epoch milliseconds (2018-03-20 08:52:22.642000),53.0,
S5_Bending_2_extracted,Event_8,JinsBlinkStrength,JinsBlinkStrength_Event_8.data,101,2,0,0,0,epoch milliseconds (2018-03-20 08:52:22.642000),53.0,
S5_Bending_2_extracted,Event_8,JinsEyeMovement,JinsEyeMovement_Event_8.data,101,5,0,0,0,epoch milliseconds (2018-03-20 08:52:22.642000),53.0,
S5_Bending_2_extracted,Event_8,JinsGyroscope,JinsGyroscope_Event_8.data,101,4,0,0,0,epoch milliseconds (2018-03-20 08:52:22.642000),53.0,
S5_Bending_2_extracted,Event_8,PhoneAccelerometer,PhoneAccelerometer_Event_8.data,991,4,0,0,0,epoch milliseconds (2018-03-20 08:52:22.638000),5.0,
S5_Bending_2_extracted,Event_8,PhoneGravity,PhoneGravity_Event_8.data,987,4,0,0,0,epoch milliseconds (2018-03-20 08:52:22.638000),5.0,
S5_Bending_2_extracted,Event_8,PhoneGyroscope,PhoneGyroscope_Event_8.data,991,4,0,0,0,epoch milliseconds (2018-03-20 08:52:22.639000),5.0,
S5_Bending_2_extracted,Event_8,PhoneLinearAccelerometer,PhoneLinearAccelerometer_Event_8.data,982,4,0,0,0,epoch milliseconds (2018-03-20 08:52:22.640000),5.0,
S5_Bending_2_extracted,Event_8,PhoneMagnetometer,PhoneMagnetometer_Event_8.data,494,4,0,0,0,epoch milliseconds (2018-03-20 08:52:22.645000),10.0,
S5_Bending_2_extracted,Event_8,android.sensor.accelerometer,android.sensor.accelerometer_Event_8.data,474,4,0,0,0,epoch milliseconds (2018-03-20 08:52:22.639000),10.0,
S5_Bending_2_extracted,Event_8,android.sensor.gyroscope,android.sensor.gyroscope_Event_8.data,478,4,0,0,0,epoch milliseconds (2018-03-20 08:52:22.646000),10.0,
S5_Bending_2_extracted,Event_9,JinsAccelerometer,JinsAccelerometer_Event_9.data,100,4,0,0,0,epoch milliseconds (2018-03-20 08:52:33.742000),53.0,
S5_Bending_2_extracted,Event_9,JinsBlinkSpeed,JinsBlinkSpeed_Event_9.data,100,2,0,0,0,epoch milliseconds (2018-03-20 08:52:33.742000),53.0,
S5_Bending_2_extracted,Event_9,JinsBlinkStrength,JinsBlinkStrength_Event_9.data,100,2,0,0,0,epoch milliseconds (2018-03-20 08:52:33.742000),53.0,
S5_Bending_2_extracted,Event_9,JinsEyeMovement,JinsEyeMovement_Event_9.data,100,5,0,0,0,epoch milliseconds (2018-03-20 08:52:33.742000),53.0,
S5_Bending_2_extracted,Event_9,JinsGyroscope,JinsGyroscope_Event_9.data,100,4,0,0,0,epoch milliseconds (2018-03-20 08:52:33.742000),53.0,
S5_Bending_2_extracted,Event_9,PhoneAccelerometer,PhoneAccelerometer_Event_9.data,986,4,0,0,0,epoch milliseconds (2018-03-20 08:52:33.723000),5.0,
S5_Bending_2_extracted,Event_9,PhoneGravity,PhoneGravity_Event_9.data,1002,4,0,0,0,epoch milliseconds (2018-03-20 08:52:33.721000),5.0,
S5_Bending_2_extracted,Event_9,PhoneGyroscope,PhoneGyroscope_Event_9.data,1002,4,0,0,0,epoch milliseconds (2018-03-20 08:52:33.721000),5.0,
S5_Bending_2_extracted,Event_9,PhoneLinearAccelerometer,PhoneLinearAccelerometer_Event_9.data,1021,4,0,0,0,epoch milliseconds (2018-03-20 08:52:33.722000),5.0,
S5_Bending_2_extracted,Event_9,PhoneMagnetometer,PhoneMagnetometer_Event_9.data,485,4,0,0,0,epoch milliseconds (2018-03-20 08:52:33.727000),10.0,
S5_Bending_2_extracted,Event_9,android.sensor.accelerometer,android.sensor.accelerometer_Event_9.data,523,4,0,0,0,epoch milliseconds (2018-03-20 08:52:33.730000),10.0,
S5_Bending_2_extracted,Event_9,android.sensor.gyroscope,android.sensor.gyroscope_Event_9.data,518,4,0,0,0,epoch milliseconds (2018-03-20 08:52:33.727000),10.0,
S5_Walking_1_extracted,Event_0,JinsAccelerometer,JinsAccelerometer_Event_0.data,101,4,0,0,0,epoch milliseconds (2018-03-05 14:37:39.516000),52.0,
S5_Walking_1_extracted,Event_0,JinsBlinkSpeed,JinsBlinkSpeed_Event_0.data,101,2,0,0,0,epoch milliseconds (2018-03-05 14:37:39.516000),52.0,
S5_Walking_1_extracted,Event_0,JinsBlinkStrength,JinsBlinkStrength_Event_0.data,101,2,0,0,0,epoch milliseconds (2018-03-05 14:37:39.516000),52.0,
S5_Walking_1_extracted,Event_0,JinsEyeMovement,JinsEyeMovement_Event_0.data,101,5,0,0,0,epoch milliseconds (2018-03-05 14:37:39.516000),52.0,
S5_Walking_1_extracted,Event_0,JinsGyroscope,JinsGyroscope_Event_0.data,101,4,0,0,0,epoch milliseconds (2018-03-05 14:37:39.516000),52.0,
S5_Walking_1_extracted,Event_0,PhoneAccelerometer,PhoneAccelerometer_Event_0.data,991,4,0,0,0,epoch milliseconds (2018-03-05 14:37:39.509000),5.0,
S5_Walking_1_extracted,Event_0,PhoneGravity,PhoneGravity_Event_0.data,991,4,0,0,0,epoch milliseconds (2018-03-05 14:37:39.509000),5.0,
S5_Walking_1_extracted,Event_0,PhoneGyroscope,PhoneGyroscope_Event_0.data,989,4,0,0,0,epoch milliseconds (2018-03-05 14:37:39.512000),5.0,
S5_Walking_1_extracted,Event_0,PhoneLinearAccelerometer,PhoneLinearAccelerometer_Event_0.data,990,4,0,0,0,epoch milliseconds (2018-03-05 14:37:39.508000),5.0,
S5_Walking_1_extracted,Event_0,PhoneMagnetometer,PhoneMagnetometer_Event_0.data,501,4,0,0,0,epoch milliseconds (2018-03-05 14:37:39.513000),10.0,
S5_Walking_1_extracted,Event_0,android.sensor.accelerometer,android.sensor.accelerometer_Event_0.data,505,4,0,0,0,epoch milliseconds (2018-03-05 14:37:39.515000),10.0,
S5_Walking_1_extracted,Event_0,android.sensor.gyroscope,android.sensor.gyroscope_Event_0.data,506,4,0,0,0,epoch milliseconds (2018-03-05 14:37:39.512000),10.0,
S5_Walking_1_extracted,Event_1,JinsAccelerometer,JinsAccelerometer_Event_1.data,100,4,0,0,0,epoch milliseconds (2018-03-05 14:37:50.886000),52.0,
S5_Walking_1_extracted,Event_1,JinsBlinkSpeed,JinsBlinkSpeed_Event_1.data,100,2,0,0,0,epoch milliseconds (2018-03-05 14:37:50.886000),52.0,
S5_Walking_1_extracted,Event_1,JinsBlinkStrength,JinsBlinkStrength_Event_1.data,100,2,0,0,0,epoch milliseconds (2018-03-05 14:37:50.886000),52.0,
S5_Walking_1_extracted,Event_1,JinsEyeMovement,JinsEyeMovement_Event_1.data,100,5,0,0,0,epoch milliseconds (2018-03-05 14:37:50.886000),52.0,
S5_Walking_1_extracted,Event_1,JinsGyroscope,JinsGyroscope_Event_1.data,100,4,0,0,0,epoch milliseconds (2018-03-05 14:37:50.886000),52.0,
S5_Walking_1_extracted,Event_1,PhoneAccelerometer,PhoneAccelerometer_Event_1.data,992,4,0,0,0,epoch milliseconds (2018-03-05 14:37:50.875000),5.0,
S5_Walking_1_extracted,Event_1,PhoneGravity,PhoneGravity_Event_1.data,993,4,0,0,0,epoch milliseconds (2018-03-05 14:37:50.877000),5.0,
S5_Walking_1_extracted,Event_1,PhoneGyroscope,PhoneGyroscope_Event_1.data,992,4,0,0,0,epoch milliseconds (2018-03-05 14:37:50.878000),5.0,
S5_Walking_1_extracted,Event_1,PhoneLinearAccelerometer,PhoneLinearAccelerometer_Event_1.data,991,4,0,0,0,epoch milliseconds (2018-03-05 14:37:50.879000),5.0,
S5_Walking_1_extracted,Event_1,PhoneMagnetometer,PhoneMagnetometer_Event_1.data,502,4,0,0,0,epoch milliseconds (2018-03-05 14:37:50.876000),10.0,
S5_Walking_1_extracted,Event_1,android.sensor.accelerometer,android.sensor.accelerometer_Event_1.data,499,4,0,0,0,epoch milliseconds (2018-03-05 14:37:50.898000),10.0,
S5_Walking_1_extracted,Event_1,android.sensor.gyroscope,android.sensor.gyroscope_Event_1.data,499,4,0,0,0,epoch milliseconds (2018-03-05 14:37:50.905000),10.0,
S5_Walking_1_extracted,Event_2,JinsAccelerometer,JinsAccelerometer_Event_2.data,100,4,0,0,0,epoch milliseconds (2018-03-05 14:38:02.355000),53.0,
S5_Walking_1_extracted,Event_2,JinsBlinkSpeed,JinsBlinkSpeed_Event_2.data,100,2,0,0,0,epoch milliseconds (2018-03-05 14:38:02.355000),53.0,
S5_Walking_1_extracted,Event_2,JinsBlinkStrength,JinsBlinkStrength_Event_2.data,100,2,0,0,0,epoch milliseconds (2018-03-05 14:38:02.355000),53.0,
S5_Walking_1_extracted,Event_2,JinsEyeMovement,JinsEyeMovement_Event_2.data,100,5,0,0,0,epoch milliseconds (2018-03-05 14:38:02.355000),53.0,
S5_Walking_1_extracted,Event_2,JinsGyroscope,JinsGyroscope_Event_2.data,100,4,0,0,0,epoch milliseconds (2018-03-05 14:38:02.355000),53.0,
S5_Walking_1_extracted,Event_2,PhoneAccelerometer,PhoneAccelerometer_Event_2.data,991,4,0,0,0,epoch milliseconds (2018-03-05 14:38:02.308000),5.0,
S5_Walking_1_extracted,Event_2,PhoneGravity,PhoneGravity_Event_2.data,992,4,0,0,0,epoch milliseconds (2018-03-05 14:38:02.307000),5.0,
S5_Walking_1_extracted,Event_2,PhoneGyroscope,PhoneGyroscope_Event_2.data,991,4,0,0,0,epoch milliseconds (2018-03-05 14:38:02.310000),5.0,
S5_Walking_1_extracted,Event_2,PhoneLinearAccelerometer,PhoneLinearAccelerometer_Event_2.data,991,4,0,0,0,epoch milliseconds (2018-03-05 14:38:02.308000),5.0,
S5_Walking_1_extracted,Event_2,PhoneMagnetometer,PhoneMagnetometer_Event_2.data,501,4,0,0,0,epoch milliseconds (2018-03-05 14:38:02.306000),10.0,
S5_Walking_1_extracted,Event_2,android.sensor.accelerometer,android.sensor.accelerometer_Event_2.data,496,4,0,0,0,epoch milliseconds (2018-03-05 14:38:02.307000),10.0,
S5_Walking_1_extracted,Event_2,android.sensor.gyroscope,android.sensor.gyroscope_Event_2.data,495,4,0,0,0,epoch milliseconds (2018-03-05 14:38:02.309000),10.0,
S5_Walking_1_extracted,Event_3,JinsAccelerometer,JinsAccelerometer_Event_3.data,100,4,0,0,0,epoch milliseconds (2018-03-05 14:38:17.789000),52.0,
S5_Walking_1_extracted,Event_3,JinsBlinkSpeed,JinsBlinkSpeed_Event_3.data,100,2,0,0,0,epoch milliseconds (2018-03-05 14:38:17.789000),52.0,
S5_Walking_1_extracted,Event_3,JinsBlinkStrength,JinsBlinkStrength_Event_3.data,100,2,0,0,0,epoch milliseconds (2018-03-05 14:38:17.789000),52.0,
S5_Walking_1_extracted,Event_3,JinsEyeMovement,JinsEyeMovement_Event_3.data,100,5,0,0,0,epoch milliseconds (2018-03-05 14:38:17.789000),52.0,
S5_Walking_1_extracted,Event_3,JinsGyroscope,JinsGyroscope_Event_3.data,100,4,0,0,0,epoch milliseconds (2018-03-05 14:38:17.789000),52.0,
S5_Walking_1_extracted,Event_3,PhoneAccelerometer,PhoneAccelerometer_Event_3.data,992,4,0,0,0,epoch milliseconds (2018-03-05 14:38:17.771000),5.0,
S5_Walking_1_extracted,Event_3,PhoneGravity,PhoneGravity_Event_3.data,991,4,0,0,0,epoch milliseconds (2018-03-05 14:38:17.774000),5.0,
S5_Walking_1_extracted,Event_3,PhoneGyroscope,PhoneGyroscope_Event_3.data,994,4,0,0,0,epoch milliseconds (2018-03-05 14:38:17.773000),5.0,
S5_Walking_1_extracted,Event_3,PhoneLinearAccelerometer,PhoneLinearAccelerometer_Event_3.data,993,4,0,0,0,epoch milliseconds (2018-03-05 14:38:17.772000),5.0,
S5_Walking_1_extracted,Event_3,PhoneMagnetometer,PhoneMagnetometer_Event_3.data,501,4,0,0,0,epoch milliseconds (2018-03-05 14:38:17.773000),10.0,
S5_Walking_1_extracted,Event_3,android.sensor.accelerometer,android.sensor.accelerometer_Event_3.data,503,4,0,0,0,epoch milliseconds (2018-03-05 14:38:17.793000),10.0,
S5_Walking_1_extracted,Event_3,android.sensor.gyroscope,android.sensor.gyroscope_Event_3.data,504,4,0,0,0,epoch milliseconds (2018-03-05 14:38:17.770000),10.0,
S5_Walking_1_extracted,Event_4,JinsAccelerometer,JinsAccelerometer_Event_4.data,99,4,0,0,0,epoch milliseconds (2018-03-05 14:38:30.126000),52.0,
S5_Walking_1_extracted,Event_4,JinsBlinkSpeed,JinsBlinkSpeed_Event_4.data,99,2,0,0,0,epoch milliseconds (2018-03-05 14:38:30.126000),52.0,
S5_Walking_1_extracted,Event_4,JinsBlinkStrength,JinsBlinkStrength_Event_4.data,99,2,0,0,0,epoch milliseconds (2018-03-05 14:38:30.126000),52.0,
S5_Walking_1_extracted,Event_4,JinsEyeMovement,JinsEyeMovement_Event_4.data,99,5,0,0,0,epoch milliseconds (2018-03-05 14:38:30.126000),52.0,
S5_Walking_1_extracted,Event_4,JinsGyroscope,JinsGyroscope_Event_4.data,99,4,0,0,0,epoch milliseconds (2018-03-05 14:38:30.126000),52.0,
S5_Walking_1_extracted,Event_4,PhoneAccelerometer,PhoneAccelerometer_Event_4.data,991,4,0,0,0,epoch milliseconds (2018-03-05 14:38:30.090000),5.0,
S5_Walking_1_extracted,Event_4,PhoneGravity,PhoneGravity_Event_4.data,992,4,0,0,0,epoch milliseconds (2018-03-05 14:38:30.091000),5.0,
S5_Walking_1_extracted,Event_4,PhoneGyroscope,PhoneGyroscope_Event_4.data,990,4,0,0,0,epoch milliseconds (2018-03-05 14:38:30.092000),5.0,
S5_Walking_1_extracted,Event_4,PhoneLinearAccelerometer,PhoneLinearAccelerometer_Event_4.data,992,4,0,0,0,epoch milliseconds (2018-03-05 14:38:30.091000),5.0,
S5_Walking_1_extracted,Event_4,PhoneMagnetometer,PhoneMagnetometer_Event_4.data,501,4,0,0,0,epoch milliseconds (2018-03-05 14:38:30.091000),10.0,
S5_Walking_1_extracted,Event_4,android.sensor.accelerometer,android.sensor.accelerometer_Event_4.data,500,4,0,0,0,epoch milliseconds (2018-03-05 14:38:30.090000),10.0,
S5_Walking_1_extracted,Event_4,android.sensor.gyroscope,android.sensor.gyroscope_Event_4.data,500,4,0,0,0,epoch milliseconds (2018-03-05 14:38:30.096000),10.0,
S5_Walking_1_extracted,Event_5,JinsAccelerometer,JinsAccelerometer_Event_5.data,100,4,0,0,0,epoch milliseconds (2018-03-05 14:38:42.843000),52.0,
S5_Walking_1_extracted,Event_5,JinsBlinkSpeed,JinsBlinkSpeed_Event_5.data,100,2,0,0,0,epoch milliseconds (2018-03-05 14:38:42.843000),52.0,
S5_Walking_1_extracted,Event_5,JinsBlinkStrength,JinsBlinkStrength_Event_5.data,100,2,0,0,0,epoch milliseconds (2018-03-05 14:38:42.843000),52.0,
S5_Walking_1_extracted,Event_5,JinsEyeMovement,JinsEyeMovement_Event_5.data,100,5,0,0,0,epoch milliseconds (2018-03-05 14:38:42.843000),52.0,
S5_Walking_1_extracted,Event_5,JinsGyroscope,JinsGyroscope_Event_5.data,100,4,0,0,0,epoch milliseconds (2018-03-05 14:38:42.843000),52.0,
S5_Walking_1_extracted,Event_5,PhoneAccelerometer,PhoneAccelerometer_Event_5.data,990,4,0,0,0,epoch milliseconds (2018-03-05 14:38:42.830000),5.0,
S5_Walking_1_extracted,Event_5,PhoneGravity,PhoneGravity_Event_5.data,1002,4,0,0,0,epoch milliseconds (2018-03-05 14:38:42.827000),5.0,
S5_Walking_1_extracted,Event_5,PhoneGyroscope,PhoneGyroscope_Event_5.data,1000,4,0,0,0,epoch milliseconds (2018-03-05 14:38:42.827000),5.0,
S5_Walking_1_extracted,Event_5,PhoneLinearAccelerometer,PhoneLinearAccelerometer_Event_5.data,1001,4,0,0,0,epoch milliseconds (2018-03-05 14:38:42.827000),5.0,
S5_Walking_1_extracted,Event_5,PhoneMagnetometer,PhoneMagnetometer_Event_5.data,500,4,0,0,0,epoch milliseconds (2018-03-05 14:38:42.836000),10.0,
S5_Walking_1_extracted,Event_5,android.sensor.accelerometer,android.sensor.accelerometer_Event_5.data,495,4,0,0,0,epoch milliseconds (2018-03-05 14:38:42.827000),10.0,
S5_Walking_1_extracted,Event_5,android.sensor.gyroscope,android.sensor.gyroscope_Event_5.data,494,4,0,0,0,epoch milliseconds (2018-03-05 14:38:42.828000),10.0,
S5_Walking_1_extracted,Event_6,JinsAccelerometer,JinsAccelerometer_Event_6.data,100,4,0,0,0,epoch milliseconds (2018-03-05 14:38:55.931000),53.0,
S5_Walking_1_extracted,Event_6,JinsBlinkSpeed,JinsBlinkSpeed_Event_6.data,100,2,0,0,0,epoch milliseconds (2018-03-05 14:38:55.931000),53.0,
S5_Walking_1_extracted,Event_6,JinsBlinkStrength,JinsBlinkStrength_Event_6.data,100,2,0,0,0,epoch milliseconds (2018-03-05 14:38:55.931000),53.0,
S5_Walking_1_extracted,Event_6,JinsEyeMovement,JinsEyeMovement_Event_6.data,100,5,0,0,0,epoch milliseconds (2018-03-05 14:38:55.931000),53.0,
S5_Walking_1_extracted,Event_6,JinsGyroscope,JinsGyroscope_Event_6.data,100,4,0,0,0,epoch milliseconds (2018-03-05 14:38:55.931000),53.0,
S5_Walking_1_extracted,Event_6,PhoneAccelerometer,PhoneAccelerometer_Event_6.data,986,4,0,0,0,epoch milliseconds (2018-03-05 14:38:55.918000),5.0,
S5_Walking_1_extracted,Event_6,PhoneGravity,PhoneGravity_Event_6.data,991,4,0,0,0,epoch milliseconds (2018-03-05 14:38:55.915000),5.0,
S5_Walking_1_extracted,Event_6,PhoneGyroscope,PhoneGyroscope_Event_6.data,990,4,0,0,0,epoch milliseconds (2018-03-05 14:38:55.918000),5.0,
S5_Walking_1_extracted,Event_6,PhoneLinearAccelerometer,PhoneLinearAccelerometer_Event_6.data,991,4,0,0,0,epoch milliseconds (2018-03-05 14:38:55.918000),5.0,
S5_Walking_1_extracted,Event_6,PhoneMagnetometer,PhoneMagnetometer_Event_6.data,501,4,0,0,0,epoch milliseconds (2018-03-05 14:38:55.923000),10.0,
S5_Walking_1_extracted,Event_6,android.sensor.accelerometer,android.sensor.accelerometer_Event_6.data,506,4,0,0,0,epoch milliseconds (2018-03-05 14:38:55.921000),10.0,
S5_Walking_1_extracted,Event_6,android.sensor.gyroscope,android.sensor.gyroscope_Event_6.data,507,4,0,0,0,epoch milliseconds (2018-03-05 14:38:55.920000),10.0,
S5_Walking_1_extracted,Event_7,JinsAccelerometer,JinsAccelerometer_Event_7.data,100,4,0,0,0,epoch milliseconds (2018-03-05 14:39:09.293000),52.0,
S5_Walking_1_extracted,Event_7,JinsBlinkSpeed,JinsBlinkSpeed_Event_7.data,100,2,0,0,0,epoch milliseconds (2018-03-05 14:39:09.293000),52.0,
S5_Walking_1_extracted,Event_7,JinsBlinkStrength,JinsBlinkStrength_Event_7.data,100,2,0,0,0,epoch milliseconds (2018-03-05 14:39:09.293000),52.0,
S5_Walking_1_extracted,Event_7,JinsEyeMovement,JinsEyeMovement_Event_7.data,100,5,0,0,0,epoch milliseconds (2018-03-05 14:39:09.293000),52.0,
S5_Walking_1_extracted,Event_7,JinsGyroscope,JinsGyroscope_Event_7.data,100,4,0,0,0,epoch milliseconds (2018-03-05 14:39:09.293000),52.0,
S5_Walking_1_extracted,Event_7,PhoneAccelerometer,PhoneAccelerometer_Event_7.data,992,4,0,0,0,epoch milliseconds (2018-03-05 14:39:09.245000),5.0,
S5_Walking_1_extracted,Event_7,PhoneGravity,PhoneGravity_Event_7.data,990,4,0,0,0,epoch milliseconds (2018-03-05 14:39:09.244000),5.0,
S5_Walking_1_extracted,Event_7,PhoneGyroscope,PhoneGyroscope_Event_7.data,990,4,0,0,0,epoch milliseconds (2018-03-05 14:39:09.246000),5.0,
S5_Walking_1_extracted,Event_7,PhoneLinearAccelerometer,PhoneLinearAccelerometer_Event_7.data,990,4,0,0,0,epoch milliseconds (2018-03-05 14:39:09.246000),5.0,
S5_Walking_1_extracted,Event_7,PhoneMagnetometer,PhoneMagnetometer_Event_7.data,502,4,0,0,0,epoch milliseconds (2018-03-05 14:39:09.243000),10.0,
S5_Walking_1_extracted,Event_7,android.sensor.accelerometer,android.sensor.accelerometer_Event_7.data,488,4,0,0,0,epoch milliseconds (2018-03-05 14:39:09.242000),10.0,
S5_Walking_1_extracted,Event_7,android.sensor.gyroscope,android.sensor.gyroscope_Event_7.data,487,4,0,0,0,epoch milliseconds (2018-03-05 14:39:09.246000),10.0,
S5_Walking_1_extracted,Event_8,JinsAccelerometer,JinsAccelerometer_Event_8.data,100,4,0,0,0,epoch milliseconds (2018-03-05 14:39:21.892000),52.0,
S5_Walking_1_extracted,Event_8,JinsBlinkSpeed,JinsBlinkSpeed_Event_8.data,100,2,0,0,0,epoch milliseconds (2018-03-05 14:39:21.892000),52.0,
S5_Walking_1_extracted,Event_8,JinsBlinkStrength,JinsBlinkStrength_Event_8.data,100,2,0,0,0,epoch milliseconds (2018-03-05 14:39:21.892000),52.0,
S5_Walking_1_extracted,Event_8,JinsEyeMovement,JinsEyeMovement_Event_8.data,100,5,0,0,0,epoch milliseconds (2018-03-05 14:39:21.892000),52.0,
S5_Walking_1_extracted,Event_8,JinsGyroscope,JinsGyroscope_Event_8.data,100,4,0,0,0,epoch milliseconds (2018-03-05 14:39:21.892000),52.0,
S5_Walking_1_extracted,Event_8,PhoneAccelerometer,PhoneAccelerometer_Event_8.data,991,4,0,0,0,epoch milliseconds (2018-03-05 14:39:21.869000),5.0,
S5_Walking_1_extracted,Event_8,PhoneGravity,PhoneGravity_Event_8.data,991,4,0,0,0,epoch milliseconds (2018-03-05 14:39:21.867000),5.0,
S5_Walking_1_extracted,Event_8,PhoneGyroscope,PhoneGyroscope_Event_8.data,991,4,0,0,0,epoch milliseconds (2018-03-05 14:39:21.867000),5.0,
S5_Walking_1_extracted,Event_8,PhoneLinearAccelerometer,PhoneLinearAccelerometer_Event_8.data,991,4,0,0,0,epoch milliseconds (2018-03-05 14:39:21.869000),5.0,
S5_Walking_1_extracted,Event_8,PhoneMagnetometer,PhoneMagnetometer_Event_8.data,501,4,0,0,0,epoch milliseconds (2018-03-05 14:39:21.870000),10.0,
S5_Walking_1_extracted,Event_8,android.sensor.accelerometer,android.sensor.accelerometer_Event_8.data,504,4,0,0,0,epoch milliseconds (2018-03-05 14:39:21.867000),10.0,
S5_Walking_1_extracted,Event_8,android.sensor.gyroscope,android.sensor.gyroscope_Event_8.data,504,4,0,0,0,epoch milliseconds (2018-03-05 14:39:21.874000),10.0,
S5_Walking_1_extracted,Event_9,JinsAccelerometer,JinsAccelerometer_Event_9.data,99,4,0,0,0,epoch milliseconds (2018-03-05 14:39:33.733000),53.0,
S5_Walking_1_extracted,Event_9,JinsBlinkSpeed,JinsBlinkSpeed_Event_9.data,99,2,0,0,0,epoch milliseconds (2018-03-05 14:39:33.733000),53.0,
S5_Walking_1_extracted,Event_9,JinsBlinkStrength,JinsBlinkStrength_Event_9.data,99,2,0,0,0,epoch milliseconds (2018-03-05 14:39:33.733000),53.0,
S5_Walking_1_extracted,Event_9,JinsEyeMovement,JinsEyeMovement_Event_9.data,99,5,0,0,0,epoch milliseconds (2018-03-05 14:39:33.733000),53.0,
S5_Walking_1_extracted,Event_9,JinsGyroscope,JinsGyroscope_Event_9.data,99,4,0,0,0,epoch milliseconds (2018-03-05 14:39:33.733000),53.0,
S5_Walking_1_extracted,Event_9,PhoneAccelerometer,PhoneAccelerometer_Event_9.data,991,4,0,0,0,epoch milliseconds (2018-03-05 14:39:33.690000),5.0,
S5_Walking_1_extracted,Event_9,PhoneGravity,PhoneGravity_Event_9.data,991,4,0,0,0,epoch milliseconds (2018-03-05 14:39:33.695000),5.0,
S5_Walking_1_extracted,Event_9,PhoneGyroscope,PhoneGyroscope_Event_9.data,991,4,0,0,0,epoch milliseconds (2018-03-05 14:39:33.692000),5.0,
S5_Walking_1_extracted,Event_9,PhoneLinearAccelerometer,PhoneLinearAccelerometer_Event_9.data,991,4,0,0,0,epoch milliseconds (2018-03-05 14:39:33.691000),5.0,
S5_Walking_1_extracted,Event_9,PhoneMagnetometer,PhoneMagnetometer_Event_9.data,501,4,0,0,0,epoch milliseconds (2018-03-05 14:39:33.695000),10.0,
S5_Walking_1_extracted,Event_9,android.sensor.accelerometer,android.sensor.accelerometer_Event_9.data,500,4,0,0,0,epoch milliseconds (2018-03-05 14:39:33.691000),10.0,
S5_Walking_1_extracted,Event_9,android.sensor.gyroscope,android.sensor.gyroscope_Event_9.data,500,4,0,0,0,epoch milliseconds (2018-03-05 14:39:33.695000),10.0,
S5_Walking_2_extracted,Event_0,JinsAccelerometer,JinsAccelerometer_Event_0.data,100,4,0,0,0,epoch milliseconds (2018-03-12 16:51:57.401000),38.0,
S5_Walking_2_extracted,Event_0,JinsBlinkSpeed,JinsBlinkSpeed_Event_0.data,100,2,0,0,0,epoch milliseconds (2018-03-12 16:51:57.401000),38.0,
S5_Walking_2_extracted,Event_0,JinsBlinkStrength,JinsBlinkStrength_Event_0.data,100,2,0,0,0,epoch milliseconds (2018-03-12 16:51:57.401000),38.0,
S5_Walking_2_extracted,Event_0,JinsEyeMovement,JinsEyeMovement_Event_0.data,100,5,0,0,0,epoch milliseconds (2018-03-12 16:51:57.401000),38.0,
S5_Walking_2_extracted,Event_0,JinsGyroscope,JinsGyroscope_Event_0.data,100,4,0,0,0,epoch milliseconds (2018-03-12 16:51:57.401000),38.0,
S5_Walking_2_extracted,Event_0,PhoneAccelerometer,PhoneAccelerometer_Event_0.data,991,4,0,0,0,epoch milliseconds (2018-03-12 16:51:57.393000),5.0,
S5_Walking_2_extracted,Event_0,PhoneGravity,PhoneGravity_Event_0.data,992,4,0,0,0,epoch milliseconds (2018-03-12 16:51:57.393000),5.0,
S5_Walking_2_extracted,Event_0,PhoneGyroscope,PhoneGyroscope_Event_0.data,991,4,0,0,0,epoch milliseconds (2018-03-12 16:51:57.390000),5.0,
S5_Walking_2_extracted,Event_0,PhoneLinearAccelerometer,PhoneLinearAccelerometer_Event_0.data,991,4,0,0,0,epoch milliseconds (2018-03-12 16:51:57.390000),5.0,
S5_Walking_2_extracted,Event_0,PhoneMagnetometer,PhoneMagnetometer_Event_0.data,500,4,0,0,0,epoch milliseconds (2018-03-12 16:51:57.397000),10.0,
S5_Walking_2_extracted,Event_0,android.sensor.accelerometer,android.sensor.accelerometer_Event_0.data,502,4,0,0,0,epoch milliseconds (2018-03-12 16:51:57.390000),10.0,
S5_Walking_2_extracted,Event_0,android.sensor.gyroscope,android.sensor.gyroscope_Event_0.data,502,4,0,0,0,epoch milliseconds (2018-03-12 16:51:57.398000),10.0,
S5_Walking_2_extracted,Event_1,JinsAccelerometer,JinsAccelerometer_Event_1.data,100,4,0,0,0,epoch milliseconds (2018-03-12 16:52:17.801000),39.0,
S5_Walking_2_extracted,Event_1,JinsBlinkSpeed,JinsBlinkSpeed_Event_1.data,100,2,0,0,0,epoch milliseconds (2018-03-12 16:52:17.801000),39.0,
S5_Walking_2_extracted,Event_1,JinsBlinkStrength,JinsBlinkStrength_Event_1.data,100,2,0,0,0,epoch milliseconds (2018-03-12 16:52:17.801000),39.0,
S5_Walking_2_extracted,Event_1,JinsEyeMovement,JinsEyeMovement_Event_1.data,100,5,0,0,0,epoch milliseconds (2018-03-12 16:52:17.801000),39.0,
S5_Walking_2_extracted,Event_1,JinsGyroscope,JinsGyroscope_Event_1.data,100,4,0,0,0,epoch milliseconds (2018-03-12 16:52:17.801000),39.0,
S5_Walking_2_extracted,Event_1,PhoneAccelerometer,PhoneAccelerometer_Event_1.data,982,4,0,0,0,epoch milliseconds (2018-03-12 16:52:17.775000),5.0,
S5_Walking_2_extracted,Event_1,PhoneGravity,PhoneGravity_Event_1.data,986,4,0,0,0,epoch milliseconds (2018-03-12 16:52:17.774000),5.0,
S5_Walking_2_extracted,Event_1,PhoneGyroscope,PhoneGyroscope_Event_1.data,986,4,0,0,0,epoch milliseconds (2018-03-12 16:52:17.775000),5.0,
S5_Walking_2_extracted,Event_1,PhoneLinearAccelerometer,PhoneLinearAccelerometer_Event_1.data,986,4,0,0,0,epoch milliseconds (2018-03-12 16:52:17.775000),5.0,
S5_Walking_2_extracted,Event_1,PhoneMagnetometer,PhoneMagnetometer_Event_1.data,500,4,0,0,0,epoch milliseconds (2018-03-12 16:52:17.780000),10.0,
S5_Walking_2_extracted,Event_1,android.sensor.accelerometer,android.sensor.accelerometer_Event_1.data,501,4,0,0,0,epoch milliseconds (2018-03-12 16:52:17.782000),10.0,
S5_Walking_2_extracted,Event_1,android.sensor.gyroscope,android.sensor.gyroscope_Event_1.data,502,4,0,0,0,epoch milliseconds (2018-03-12 16:52:17.780000),10.0,
S5_Walking_2_extracted,Event_2,JinsAccelerometer,JinsAccelerometer_Event_2.data,100,4,0,0,0,epoch milliseconds (2018-03-12 16:52:28.493000),38.0,
S5_Walking_2_extracted,Event_2,JinsBlinkSpeed,JinsBlinkSpeed_Event_2.data,100,2,0,0,0,epoch milliseconds (2018-03-12 16:52:28.493000),38.0,
S5_Walking_2_extracted,Event_2,JinsBlinkStrength,JinsBlinkStrength_Event_2.data,100,2,0,0,0,epoch milliseconds (2018-03-12 16:52:28.493000),38.0,
S5_Walking_2_extracted,Event_2,JinsEyeMovement,JinsEyeMovement_Event_2.data,100,5,0,0,0,epoch milliseconds (2018-03-12 16:52:28.493000),38.0,
S5_Walking_2_extracted,Event_2,JinsGyroscope,JinsGyroscope_Event_2.data,100,4,0,0,0,epoch milliseconds (2018-03-12 16:52:28.493000),38.0,
S5_Walking_2_extracted,Event_2,PhoneAccelerometer,PhoneAccelerometer_Event_2.data,991,4,0,0,0,epoch milliseconds (2018-03-12 16:52:28.479000),5.0,
S5_Walking_2_extracted,Event_2,PhoneGravity,PhoneGravity_Event_2.data,993,4,0,0,0,epoch milliseconds (2018-03-12 16:52:28.478000),5.0,
S5_Walking_2_extracted,Event_2,PhoneGyroscope,PhoneGyroscope_Event_2.data,992,4,0,0,0,epoch milliseconds (2018-03-12 16:52:28.478000),5.0,
S5_Walking_2_extracted,Event_2,PhoneLinearAccelerometer,PhoneLinearAccelerometer_Event_2.data,991,4,0,0,0,epoch milliseconds (2018-03-12 16:52:28.481000),5.0,
S5_Walking_2_extracted,Event_2,PhoneMagnetometer,PhoneMagnetometer_Event_2.data,501,4,0,0,0,epoch milliseconds (2018-03-12 16:52:28.478000),10.0,
S5_Walking_2_extracted,Event_2,android.sensor.accelerometer,android.sensor.accelerometer_Event_2.data,501,4,0,0,0,epoch milliseconds (2018-03-12 16:52:28.477000),10.0,
S5_Walking_2_extracted,Event_2,android.sensor.gyroscope,android.sensor.gyroscope_Event_2.data,501,4,0,0,0,epoch milliseconds (2018-03-12 16:52:28.478000),10.0,
S5_Walking_2_extracted,Event_3,JinsAccelerometer,JinsAccelerometer_Event_3.data,100,4,0,0,0,epoch milliseconds (2018-03-12 16:52:39.404000),38.0,
S5_Walking_2_extracted,Event_3,JinsBlinkSpeed,JinsBlinkSpeed_Event_3.data,100,2,0,0,0,epoch milliseconds (2018-03-12 16:52:39.404000),38.0,
S5_Walking_2_extracted,Event_3,JinsBlinkStrength,JinsBlinkStrength_Event_3.data,100,2,0,0,0,epoch milliseconds (2018-03-12 16:52:39.404000),38.0,
S5_Walking_2_extracted,Event_3,JinsEyeMovement,JinsEyeMovement_Event_3.data,100,5,0,0,0,epoch milliseconds (2018-03-12 16:52:39.404000),38.0,
S5_Walking_2_extracted,Event_3,JinsGyroscope,JinsGyroscope_Event_3.data,100,4,0,0,0,epoch milliseconds (2018-03-12 16:52:39.404000),38.0,
S5_Walking_2_extracted,Event_3,PhoneAccelerometer,PhoneAccelerometer_Event_3.data,982,4,0,0,0,epoch milliseconds (2018-03-12 16:52:39.335000),5.0,
S5_Walking_2_extracted,Event_3,PhoneGravity,PhoneGravity_Event_3.data,985,4,0,0,0,epoch milliseconds (2018-03-12 16:52:39.336000),5.0,
S5_Walking_2_extracted,Event_3,PhoneGyroscope,PhoneGyroscope_Event_3.data,987,4,0,0,0,epoch milliseconds (2018-03-12 16:52:39.336000),5.0,
S5_Walking_2_extracted,Event_3,PhoneLinearAccelerometer,PhoneLinearAccelerometer_Event_3.data,985,4,0,0,0,epoch milliseconds (2018-03-12 16:52:39.337000),5.0,
S5_Walking_2_extracted,Event_3,PhoneMagnetometer,PhoneMagnetometer_Event_3.data,501,4,0,0,0,epoch milliseconds (2018-03-12 16:52:39.337000),10.0,
S5_Walking_2_extracted,Event_3,android.sensor.accelerometer,android.sensor.accelerometer_Event_3.data,496,4,0,0,0,epoch milliseconds (2018-03-12 16:52:39.386000),10.0,
S5_Walking_2_extracted,Event_3,android.sensor.gyroscope,android.sensor.gyroscope_Event_3.data,495,4,0,0,0,epoch milliseconds (2018-03-12 16:52:39.392000),10.0,
S5_Walking_2_extracted,Event_4,JinsAccelerometer,JinsAccelerometer_Event_4.data,100,4,0,0,0,epoch milliseconds (2018-03-12 16:52:50.616000),38.0,
S5_Walking_2_extracted,Event_4,JinsBlinkSpeed,JinsBlinkSpeed_Event_4.data,100,2,0,0,0,epoch milliseconds (2018-03-12 16:52:50.616000),38.0,
S5_Walking_2_extracted,Event_4,JinsBlinkStrength,JinsBlinkStrength_Event_4.data,100,2,0,0,0,epoch milliseconds (2018-03-12 16:52:50.616000),38.0,
S5_Walking_2_extracted,Event_4,JinsEyeMovement,JinsEyeMovement_Event_4.data,100,5,0,0,0,epoch milliseconds (2018-03-12 16:52:50.616000),38.0,
S5_Walking_2_extracted,Event_4,JinsGyroscope,JinsGyroscope_Event_4.data,100,4,0,0,0,epoch milliseconds (2018-03-12 16:52:50.616000),38.0,
S5_Walking_2_extracted,Event_4,PhoneAccelerometer,PhoneAccelerometer_Event_4.data,992,4,0,0,0,epoch milliseconds (2018-03-12 16:52:50.597000),5.0,
S5_Walking_2_extracted,Event_4,PhoneGravity,PhoneGravity_Event_4.data,990,4,0,0,0,epoch milliseconds (2018-03-12 16:52:50.599000),5.0,
S5_Walking_2_extracted,Event_4,PhoneGyroscope,PhoneGyroscope_Event_4.data,991,4,0,0,0,epoch milliseconds (2018-03-12 16:52:50.597000),5.0,
S5_Walking_2_extracted,Event_4,PhoneLinearAccelerometer,PhoneLinearAccelerometer_Event_4.data,992,4,0,0,0,epoch milliseconds (2018-03-12 16:52:50.600000),5.0,
S5_Walking_2_extracted,Event_4,PhoneMagnetometer,PhoneMagnetometer_Event_4.data,501,4,0,0,0,epoch milliseconds (2018-03-12 16:52:50.597000),10.0,
S5_Walking_2_extracted,Event_4,android.sensor.accelerometer,android.sensor.accelerometer_Event_4.data,496,4,0,0,0,epoch milliseconds (2018-03-12 16:52:50.602000),10.0,
S5_Walking_2_extracted,Event_4,android.sensor.gyroscope,android.sensor.gyroscope_Event_4.data,495,4,0,0,0,epoch milliseconds (2018-03-12 16:52:50.606000),10.0,
S5_Walking_2_extracted,Event_5,JinsAccelerometer,JinsAccelerometer_Event_5.data,100,4,0,0,0,epoch milliseconds (2018-03-12 16:53:01.906000),38.0,
S5_Walking_2_extracted,Event_5,JinsBlinkSpeed,JinsBlinkSpeed_Event_5.data,100,2,0,0,0,epoch milliseconds (2018-03-12 16:53:01.906000),38.0,
S5_Walking_2_extracted,Event_5,JinsBlinkStrength,JinsBlinkStrength_Event_5.data,100,2,0,0,0,epoch milliseconds (2018-03-12 16:53:01.906000),38.0,
S5_Walking_2_extracted,Event_5,JinsEyeMovement,JinsEyeMovement_Event_5.data,100,5,0,0,0,epoch milliseconds (2018-03-12 16:53:01.906000),38.0,
S5_Walking_2_extracted,Event_5,JinsGyroscope,JinsGyroscope_Event_5.data,100,4,0,0,0,epoch milliseconds (2018-03-12 16:53:01.906000),38.0,
S5_Walking_2_extracted,Event_5,PhoneAccelerometer,PhoneAccelerometer_Event_5.data,993,4,0,0,0,epoch milliseconds (2018-03-12 16:53:01.870000),5.0,
S5_Walking_2_extracted,Event_5,PhoneGravity,PhoneGravity_Event_5.data,992,4,0,0,0,epoch milliseconds (2018-03-12 16:53:01.869000),5.0,
S5_Walking_2_extracted,Event_5,PhoneGyroscope,PhoneGyroscope_Event_5.data,991,4,0,0,0,epoch milliseconds (2018-03-12 16:53:01.870000),5.0,
S5_Walking_2_extracted,Event_5,PhoneLinearAccelerometer,PhoneLinearAccelerometer_Event_5.data,991,4,0,0,0,epoch milliseconds (2018-03-12 16:53:01.873000),5.0,
S5_Walking_2_extracted,Event_5,PhoneMagnetometer,PhoneMagnetometer_Event_5.data,501,4,0,0,0,epoch milliseconds (2018-03-12 16:53:01.877000),10.0,
S5_Walking_2_extracted,Event_5,android.sensor.accelerometer,android.sensor.accelerometer_Event_5.data,500,4,0,0,0,epoch milliseconds (2018-03-12 16:53:01.872000),10.0,
S5_Walking_2_extracted,Event_5,android.sensor.gyroscope,android.sensor.gyroscope_Event_5.data,500,4,0,0,0,epoch milliseconds (2018-03-12 16:53:01.877000),10.0,
S5_Walking_2_extracted,Event_6,JinsAccelerometer,JinsAccelerometer_Event_6.data,101,4,0,0,0,epoch milliseconds (2018-03-12 16:53:15.703000),38.0,
S5_Walking_2_extracted,Event_6,JinsBlinkSpeed,JinsBlinkSpeed_Event_6.data,101,2,0,0,0,epoch milliseconds (2018-03-12 16:53:15.703000),38.0,
S5_Walking_2_extracted,Event_6,JinsBlinkStrength,JinsBlinkStrength_Event_6.data,101,2,0,0,0,epoch milliseconds (2018-03-12 16:53:15.703000),38.0,
S5_Walking_2_extracted,Event_6,JinsEyeMovement,JinsEyeMovement_Event_6.data,101,5,0,0,0,epoch milliseconds (2018-03-12 16:53:15.703000),38.0,
S5_Walking_2_extracted,Event_6,JinsGyroscope,JinsGyroscope_Event_6.data,101,4,0,0,0,epoch milliseconds (2018-03-12 16:53:15.703000),38.0,
S5_Walking_2_extracted,Event_6,PhoneAccelerometer,PhoneAccelerometer_Event_6.data,991,4,0,0,0,epoch milliseconds (2018-03-12 16:53:15.704000),5.0,
S5_Walking_2_extracted,Event_6,PhoneGravity,PhoneGravity_Event_6.data,990,4,0,0,0,epoch milliseconds (2018-03-12 16:53:15.704000),5.0,
S5_Walking_2_extracted,Event_6,PhoneGyroscope,PhoneGyroscope_Event_6.data,992,4,0,0,0,epoch milliseconds (2018-03-12 16:53:15.700000),5.0,
S5_Walking_2_extracted,Event_6,PhoneLinearAccelerometer,PhoneLinearAccelerometer_Event_6.data,992,4,0,0,0,epoch milliseconds (2018-03-12 16:53:15.703000),5.0,
S5_Walking_2_extracted,Event_6,PhoneMagnetometer,PhoneMagnetometer_Event_6.data,501,4,0,0,0,epoch milliseconds (2018-03-12 16:53:15.707000),10.0,
S5_Walking_2_extracted,Event_6,android.sensor.accelerometer,android.sensor.accelerometer_Event_6.data,505,4,0,0,0,epoch milliseconds (2018-03-12 16:53:15.701000),10.0,
S5_Walking_2_extracted,Event_6,android.sensor.gyroscope,android.sensor.gyroscope_Event_6.data,501,4,0,0,0,epoch milliseconds (2018-03-12 16:53:15.702000),10.0,
S5_Walking_2_extracted,Event_7,JinsAccelerometer,JinsAccelerometer_Event_7.data,100,4,0,0,0,epoch milliseconds (2018-03-12 16:53:26.240000),39.0,
S5_Walking_2_extracted,Event_7,JinsBlinkSpeed,JinsBlinkSpeed_Event_7.data,100,2,0,0,0,epoch milliseconds (2018-03-12 16:53:26.240000),39.0,
S5_Walking_2_extracted,Event_7,JinsBlinkStrength,JinsBlinkStrength_Event_7.data,100,2,0,0,0,epoch milliseconds (2018-03-12 16:53:26.240000),39.0,
S5_Walking_2_extracted,Event_7,JinsEyeMovement,JinsEyeMovement_Event_7.data,100,5,0,0,0,epoch milliseconds (2018-03-12 16:53:26.240000),39.0,
S5_Walking_2_extracted,Event_7,JinsGyroscope,JinsGyroscope_Event_7.data,100,4,0,0,0,epoch milliseconds (2018-03-12 16:53:26.240000),39.0,
S5_Walking_2_extracted,Event_7,PhoneAccelerometer,PhoneAccelerometer_Event_7.data,991,4,0,0,0,epoch milliseconds (2018-03-12 16:53:26.231000),5.0,
S5_Walking_2_extracted,Event_7,PhoneGravity,PhoneGravity_Event_7.data,990,4,0,0,0,epoch milliseconds (2018-03-12 16:53:26.230000),5.0,
S5_Walking_2_extracted,Event_7,PhoneGyroscope,PhoneGyroscope_Event_7.data,992,4,0,0,0,epoch milliseconds (2018-03-12 16:53:26.230000),5.0,
S5_Walking_2_extracted,Event_7,PhoneLinearAccelerometer,PhoneLinearAccelerometer_Event_7.data,990,4,0,0,0,epoch milliseconds (2018-03-12 16:53:26.233000),5.0,
S5_Walking_2_extracted,Event_7,PhoneMagnetometer,PhoneMagnetometer_Event_7.data,501,4,0,0,0,epoch milliseconds (2018-03-12 16:53:26.230000),10.0,
S5_Walking_2_extracted,Event_7,android.sensor.accelerometer,android.sensor.accelerometer_Event_7.data,505,4,0,0,0,epoch milliseconds (2018-03-12 16:53:26.235000),10.0,
S5_Walking_2_extracted,Event_7,android.sensor.gyroscope,android.sensor.gyroscope_Event_7.data,506,4,0,0,0,epoch milliseconds (2018-03-12 16:53:26.236000),10.0,
S5_Walking_2_extracted,Event_8,JinsAccelerometer,JinsAccelerometer_Event_8.data,101,4,0,0,0,epoch milliseconds (2018-03-12 16:53:41.770000),38.0,
S5_Walking_2_extracted,Event_8,JinsBlinkSpeed,JinsBlinkSpeed_Event_8.data,101,2,0,0,0,epoch milliseconds (2018-03-12 16:53:41.770000),38.0,
S5_Walking_2_extracted,Event_8,JinsBlinkStrength,JinsBlinkStrength_Event_8.data,101,2,0,0,0,epoch milliseconds (2018-03-12 16:53:41.770000),38.0,
S5_Walking_2_extracted,Event_8,JinsEyeMovement,JinsEyeMovement_Event_8.data,101,5,0,0,0,epoch milliseconds (2018-03-12 16:53:41.770000),38.0,
S5_Walking_2_extracted,Event_8,JinsGyroscope,JinsGyroscope_Event_8.data,101,4,0,0,0,epoch milliseconds (2018-03-12 16:53:41.770000),38.0,
S5_Walking_2_extracted,Event_8,PhoneAccelerometer,PhoneAccelerometer_Event_8.data,990,4,0,0,0,epoch milliseconds (2018-03-12 16:53:41.768000),5.0,
S5_Walking_2_extracted,Event_8,PhoneGravity,PhoneGravity_Event_8.data,991,4,0,0,0,epoch milliseconds (2018-03-12 16:53:41.766000),5.0,
S5_Walking_2_extracted,Event_8,PhoneGyroscope,PhoneGyroscope_Event_8.data,990,4,0,0,0,epoch milliseconds (2018-03-12 16:53:41.767000),5.0,
S5_Walking_2_extracted,Event_8,PhoneLinearAccelerometer,PhoneLinearAccelerometer_Event_8.data,989,4,0,0,0,epoch milliseconds (2018-03-12 16:53:41.768000),5.0,
S5_Walking_2_extracted,Event_8,PhoneMagnetometer,PhoneMagnetometer_Event_8.data,501,4,0,0,0,epoch milliseconds (2018-03-12 16:53:41.767000),10.0,
S5_Walking_2_extracted,Event_8,android.sensor.accelerometer,android.sensor.accelerometer_Event_8.data,491,4,0,0,0,epoch milliseconds (2018-03-12 16:53:41.875000),10.0,
S5_Walking_2_extracted,Event_8,android.sensor.gyroscope,android.sensor.gyroscope_Event_8.data,490,4,0,0,0,epoch milliseconds (2018-03-12 16:53:41.883000),10.0,
S5_Walking_2_extracted,Event_9,JinsAccelerometer,JinsAccelerometer_Event_9.data,99,4,0,0,0,epoch milliseconds (2018-03-12 16:53:53.168000),38.0,
S5_Walking_2_extracted,Event_9,JinsBlinkSpeed,JinsBlinkSpeed_Event_9.data,99,2,0,0,0,epoch milliseconds (2018-03-12 16:53:53.168000),38.0,
S5_Walking_2_extracted,Event_9,JinsBlinkStrength,JinsBlinkStrength_Event_9.data,99,2,0,0,0,epoch milliseconds (2018-03-12 16:53:53.168000),38.0,
S5_Walking_2_extracted,Event_9,JinsEyeMovement,JinsEyeMovement_Event_9.data,99,5,0,0,0,epoch milliseconds (2018-03-12 16:53:53.168000),38.0,
S5_Walking_2_extracted,Event_9,JinsGyroscope,JinsGyroscope_Event_9.data,99,4,0,0,0,epoch milliseconds (2018-03-12 16:53:53.168000),38.0,
S5_Walking_2_extracted,Event_9,PhoneAccelerometer,PhoneAccelerometer_Event_9.data,991,4,0,0,0,epoch milliseconds (2018-03-12 16:53:53.104000),5.0,
S5_Walking_2_extracted,Event_9,PhoneGravity,PhoneGravity_Event_9.data,992,4,0,0,0,epoch milliseconds (2018-03-12 16:53:53.103000),5.0,
S5_Walking_2_extracted,Event_9,PhoneGyroscope,PhoneGyroscope_Event_9.data,992,4,0,0,0,epoch milliseconds (2018-03-12 16:53:53.104000),5.0,
S5_Walking_2_extracted,Event_9,PhoneLinearAccelerometer,PhoneLinearAccelerometer_Event_9.data,993,4,0,0,0,epoch milliseconds (2018-03-12 16:53:53.100000),5.0,
S5_Walking_2_extracted,Event_9,PhoneMagnetometer,PhoneMagnetometer_Event_9.data,501,4,0,0,0,epoch milliseconds (2018-03-12 16:53:53.100000),10.0,
S5_Walking_2_extracted,Event_9,android.sensor.accelerometer,android.sensor.accelerometer_Event_9.data,500,4,0,0,0,epoch milliseconds (2018-03-12 16:53:53.176000),10.0,
S5_Walking_2_extracted,Event_9,android.sensor.gyroscope,android.sensor.gyroscope_Event_9.data,499,4,0,0,0,epoch milliseconds (2018-03-12 16:53:53.178000),10.0,
S5_Sitting_1_extracted,Event_0,JinsAccelerometer,JinsAccelerometer_Event_0.data,100,4,0,0,0,epoch milliseconds (2018-03-05 14:23:01.721000),53.0,
S5_Sitting_1_extracted,Event_0,JinsBlinkSpeed,JinsBlinkSpeed_Event_0.data,100,2,0,0,0,epoch milliseconds (2018-03-05 14:23:01.721000),53.0,
S5_Sitting_1_extracted,Event_0,JinsBlinkStrength,JinsBlinkStrength_Event_0.data,100,2,0,0,0,epoch milliseconds (2018-03-05 14:23:01.721000),53.0,
S5_Sitting_1_extracted,Event_0,JinsEyeMovement,JinsEyeMovement_Event_0.data,100,5,0,0,0,epoch milliseconds (2018-03-05 14:23:01.721000),53.0,
S5_Sitting_1_extracted,Event_0,JinsGyroscope,JinsGyroscope_Event_0.data,100,4,0,0,0,epoch milliseconds (2018-03-05 14:23:01.721000),53.0,
S5_Sitting_1_extracted,Event_0,PhoneAccelerometer,PhoneAccelerometer_Event_0.data,991,4,0,0,0,epoch milliseconds (2018-03-05 14:23:01.722000),5.0,
S5_Sitting_1_extracted,Event_0,PhoneGravity,PhoneGravity_Event_0.data,990,4,0,0,0,epoch milliseconds (2018-03-05 14:23:01.723000),5.0,
S5_Sitting_1_extracted,Event_0,PhoneGyroscope,PhoneGyroscope_Event_0.data,991,4,0,0,0,epoch milliseconds (2018-03-05 14:23:01.721000),5.0,
S5_Sitting_1_extracted,Event_0,PhoneLinearAccelerometer,PhoneLinearAccelerometer_Event_0.data,990,4,0,0,0,epoch milliseconds (2018-03-05 14:23:01.724000),5.0,
S5_Sitting_1_extracted,Event_0,PhoneMagnetometer,PhoneMagnetometer_Event_0.data,500,4,0,0,0,epoch milliseconds (2018-03-05 14:23:01.730000),10.0,
S5_Sitting_1_extracted,Event_0,android.sensor.accelerometer,android.sensor.accelerometer_Event_0.data,497,4,0,0,0,epoch milliseconds (2018-03-05 14:23:01.728000),10.0,
S5_Sitting_1_extracted,Event_0,android.sensor.gyroscope,android.sensor.gyroscope_Event_0.data,497,4,0,0,0,epoch milliseconds (2018-03-05 14:23:01.731000),10.0,
S5_Sitting_1_extracted,Event_1,JinsAccelerometer,JinsAccelerometer_Event_1.data,99,4,0,0,0,epoch milliseconds (2018-03-05 14:23:23.273000),52.0,
S5_Sitting_1_extracted,Event_1,JinsBlinkSpeed,JinsBlinkSpeed_Event_1.data,99,2,0,0,0,epoch milliseconds (2018-03-05 14:23:23.273000),52.0,
S5_Sitting_1_extracted,Event_1,JinsBlinkStrength,JinsBlinkStrength_Event_1.data,99,2,0,0,0,epoch milliseconds (2018-03-05 14:23:23.273000),52.0,
S5_Sitting_1_extracted,Event_1,JinsEyeMovement,JinsEyeMovement_Event_1.data,99,5,0,0,0,epoch milliseconds (2018-03-05 14:23:23.273000),52.0,
S5_Sitting_1_extracted,Event_1,JinsGyroscope,JinsGyroscope_Event_1.data,99,4,0,0,0,epoch milliseconds (2018-03-05 14:23:23.273000),52.0,
S5_Sitting_1_extracted,Event_1,PhoneAccelerometer,PhoneAccelerometer_Event_1.data,990,4,0,0,0,epoch milliseconds (2018-03-05 14:23:23.226000),5.0,
S5_Sitting_1_extracted,Event_1,PhoneGravity,PhoneGravity_Event_1.data,980,4,0,0,0,epoch milliseconds (2018-03-05 14:23:23.225000),5.0,
S5_Sitting_1_extracted,Event_1,PhoneGyroscope,PhoneGyroscope_Event_1.data,991,4,0,0,0,epoch milliseconds (2018-03-05 14:23:23.227000),5.0,
S5_Sitting_1_extracted,Event_1,PhoneLinearAccelerometer,PhoneLinearAccelerometer_Event_1.data,1002,4,0,0,0,epoch milliseconds (2018-03-05 14:23:23.226000),5.0,
S5_Sitting_1_extracted,Event_1,PhoneMagnetometer,PhoneMagnetometer_Event_1.data,501,4,0,0,0,epoch milliseconds (2018-03-05 14:23:23.230000),10.0,
S5_Sitting_1_extracted,Event_1,android.sensor.accelerometer,android.sensor.accelerometer_Event_1.data,498,4,0,0,0,epoch milliseconds (2018-03-05 14:23:23.224000),10.0,
S5_Sitting_1_extracted,Event_1,android.sensor.gyroscope,android.sensor.gyroscope_Event_1.data,498,4,0,0,0,epoch milliseconds (2018-03-05 14:23:23.228000),10.0,
S5_Sitting_1_extracted,Event_2,JinsAccelerometer,JinsAccelerometer_Event_2.data,99,4,0,0,0,epoch milliseconds (2018-03-05 14:23:33.771000),52.0,
S5_Sitting_1_extracted,Event_2,JinsBlinkSpeed,JinsBlinkSpeed_Event_2.data,99,2,0,0,0,epoch milliseconds (2018-03-05 14:23:33.771000),52.0,
S5_Sitting_1_extracted,Event_2,JinsBlinkStrength,JinsBlinkStrength_Event_2.data,99,2,0,0,0,epoch milliseconds (2018-03-05 14:23:33.771000),52.0,
S5_Sitting_1_extracted,Event_2,JinsEyeMovement,JinsEyeMovement_Event_2.data,99,5,0,0,0,epoch milliseconds (2018-03-05 14:23:33.771000),52.0,
S5_Sitting_1_extracted,Event_2,JinsGyroscope,JinsGyroscope_Event_2.data,99,4,0,0,0,epoch milliseconds (2018-03-05 14:23:33.771000),52.0,
S5_Sitting_1_extracted,Event_2,PhoneAccelerometer,PhoneAccelerometer_Event_2.data,991,4,0,0,0,epoch milliseconds (2018-03-05 14:23:33.731000),5.0,
S5_Sitting_1_extracted,Event_2,PhoneGravity,PhoneGravity_Event_2.data,992,4,0,0,0,epoch milliseconds (2018-03-05 14:23:33.728000),5.0,
S5_Sitting_1_extracted,Event_2,PhoneGyroscope,PhoneGyroscope_Event_2.data,991,4,0,0,0,epoch milliseconds (2018-03-05 14:23:33.728000),5.0,
S5_Sitting_1_extracted,Event_2,PhoneLinearAccelerometer,PhoneLinearAccelerometer_Event_2.data,991,4,0,0,0,epoch milliseconds (2018-03-05 14:23:33.732000),5.0,
S5_Sitting_1_extracted,Event_2,PhoneMagnetometer,PhoneMagnetometer_Event_2.data,500,4,0,0,0,epoch milliseconds (2018-03-05 14:23:33.735000),10.0,
S5_Sitting_1_extracted,Event_2,android.sensor.accelerometer,android.sensor.accelerometer_Event_2.data,496,4,0,0,0,epoch milliseconds (2018-03-05 14:23:33.734000),10.0,
S5_Sitting_1_extracted,Event_2,android.sensor.gyroscope,android.sensor.gyroscope_Event_2.data,502,4,0,0,0,epoch milliseconds (2018-03-05 14:23:33.728000),10.0,
S5_Sitting_1_extracted,Event_3,JinsAccelerometer,JinsAccelerometer_Event_3.data,100,4,0,0,0,epoch milliseconds (2018-03-05 14:23:44.987000),52.0,
S5_Sitting_1_extracted,Event_3,JinsBlinkSpeed,JinsBlinkSpeed_Event_3.data,100,2,0,0,0,epoch milliseconds (2018-03-05 14:23:44.987000),52.0,
S5_Sitting_1_extracted,Event_3,JinsBlinkStrength,JinsBlinkStrength_Event_3.data,100,2,0,0,0,epoch milliseconds (2018-03-05 14:23:44.987000),52.0,
S5_Sitting_1_extracted,Event_3,JinsEyeMovement,JinsEyeMovement_Event_3.data,100,5,0,0,0,epoch milliseconds (2018-03-05 14:23:44.987000),52.0,
S5_Sitting_1_extracted,Event_3,JinsGyroscope,JinsGyroscope_Event_3.data,100,4,0,0,0,epoch milliseconds (2018-03-05 14:23:44.987000),52.0,
S5_Sitting_1_extracted,Event_3,PhoneAccelerometer,PhoneAccelerometer_Event_3.data,992,4,0,0,0,epoch milliseconds (2018-03-05 14:23:44.937000),5.0,
S5_Sitting_1_extracted,Event_3,PhoneGravity,PhoneGravity_Event_3.data,991,4,0,0,0,epoch milliseconds (2018-03-05 14:23:44.936000),5.0,
S5_Sitting_1_extracted,Event_3,PhoneGyroscope,PhoneGyroscope_Event_3.data,990,4,0,0,0,epoch milliseconds (2018-03-05 14:23:44.938000),5.0,
S5_Sitting_1_extracted,Event_3,PhoneLinearAccelerometer,PhoneLinearAccelerometer_Event_3.data,990,4,0,0,0,epoch milliseconds (2018-03-05 14:23:44.940000),5.0,
S5_Sitting_1_extracted,Event_3,PhoneMagnetometer,PhoneMagnetometer_Event_3.data,501,4,0,0,0,epoch milliseconds (2018-03-05 14:23:44.943000),10.0,
S5_Sitting_1_extracted,Event_3,android.sensor.accelerometer,android.sensor.accelerometer_Event_3.data,494,4,0,0,0,epoch milliseconds (2018-03-05 14:23:44.939000),10.0,
S5_Sitting_1_extracted,Event_3,android.sensor.gyroscope,android.sensor.gyroscope_Event_3.data,493,4,0,0,0,epoch milliseconds (2018-03-05 14:23:44.940000),10.0,
S5_Sitting_1_extracted,Event_4,JinsAccelerometer,JinsAccelerometer_Event_4.data,99,4,0,0,0,epoch milliseconds (2018-03-05 14:23:54.331000),52.0,
S5_Sitting_1_extracted,Event_4,JinsBlinkSpeed,JinsBlinkSpeed_Event_4.data,99,2,0,0,0,epoch milliseconds (2018-03-05 14:23:54.331000),52.0,
S5_Sitting_1_extracted,Event_4,JinsBlinkStrength,JinsBlinkStrength_Event_4.data,99,2,0,0,0,epoch milliseconds (2018-03-05 14:23:54.331000),52.0,
S5_Sitting_1_extracted,Event_4,JinsEyeMovement,JinsEyeMovement_Event_4.data,99,5,0,0,0,epoch milliseconds (2018-03-05 14:23:54.331000),52.0,
S5_Sitting_1_extracted,Event_4,JinsGyroscope,JinsGyroscope_Event_4.data,99,4,0,0,0,epoch milliseconds (2018-03-05 14:23:54.331000),52.0,
S5_Sitting_1_extracted,Event_4,PhoneAccelerometer,PhoneAccelerometer_Event_4.data,992,4,0,0,0,epoch milliseconds (2018-03-05 14:23:54.281000),5.0,
S5_Sitting_1_extracted,Event_4,PhoneGravity,PhoneGravity_Event_4.data,993,4,0,0,0,epoch milliseconds (2018-03-05 14:23:54.281000),5.0,
S5_Sitting_1_extracted,Event_4,PhoneGyroscope,PhoneGyroscope_Event_4.data,991,4,0,0,0,epoch milliseconds (2018-03-05 14:23:54.282000),5.0,
S5_Sitting_1_extracted,Event_4,PhoneLinearAccelerometer,PhoneLinearAccelerometer_Event_4.data,992,4,0,0,0,epoch milliseconds (2018-03-05 14:23:54.284000),5.0,
S5_Sitting_1_extracted,Event_4,PhoneMagnetometer,PhoneMagnetometer_Event_4.data,501,4,0,0,0,epoch milliseconds (2018-03-05 14:23:54.288000),10.0,
S5_Sitting_1_extracted,Event_4,android.sensor.accelerometer,android.sensor.accelerometer_Event_4.data,501,4,0,0,0,epoch milliseconds (2018-03-05 14:23:54.288000),10.0,
S5_Sitting_1_extracted,Event_4,android.sensor.gyroscope,android.sensor.gyroscope_Event_4.data,502,4,0,0,0,epoch milliseconds (2018-03-05 14:23:54.287000),10.0,
S5_Sitting_1_extracted,Event_5,JinsAccelerometer,JinsAccelerometer_Event_5.data,100,4,0,0,0,epoch milliseconds (2018-03-05 14:24:04.540000),52.0,
S5_Sitting_1_extracted,Event_5,JinsBlinkSpeed,JinsBlinkSpeed_Event_5.data,100,2,0,0,0,epoch milliseconds (2018-03-05 14:24:04.540000),52.0,
S5_Sitting_1_extracted,Event_5,JinsBlinkStrength,JinsBlinkStrength_Event_5.data,100,2,0,0,0,epoch milliseconds (2018-03-05 14:24:04.540000),52.0,
S5_Sitting_1_extracted,Event_5,JinsEyeMovement,JinsEyeMovement_Event_5.data,100,5,0,0,0,epoch milliseconds (2018-03-05 14:24:04.540000),52.0,
S5_Sitting_1_extracted,Event_5,JinsGyroscope,JinsGyroscope_Event_5.data,100,4,0,0,0,epoch milliseconds (2018-03-05 14:24:04.540000),52.0,
S5_Sitting_1_extracted,Event_5,PhoneAccelerometer,PhoneAccelerometer_Event_5.data,991,4,0,0,0,epoch milliseconds (2018-03-05 14:24:04.514000),5.0,
S5_Sitting_1_extracted,Event_5,PhoneGravity,PhoneGravity_Event_5.data,991,4,0,0,0,epoch milliseconds (2018-03-05 14:24:04.514000),5.0,
S5_Sitting_1_extracted,Event_5,PhoneGyroscope,PhoneGyroscope_Event_5.data,991,4,0,0,0,epoch milliseconds (2018-03-05 14:24:04.515000),5.0,
S5_Sitting_1_extracted,Event_5,PhoneLinearAccelerometer,PhoneLinearAccelerometer_Event_5.data,990,4,0,0,0,epoch milliseconds (2018-03-05 14:24:04.517000),5.0,
S5_Sitting_1_extracted,Event_5,PhoneMagnetometer,PhoneMagnetometer_Event_5.data,501,4,0,0,0,epoch milliseconds (2018-03-05 14:24:04.518000),10.0,
S5_Sitting_1_extracted,Event_5,android.sensor.accelerometer,android.sensor.accelerometer_Event_5.data,504,4,0,0,0,epoch milliseconds (2018-03-05 14:24:04.513000),10.0,
S5_Sitting_1_extracted,Event_5,android.sensor.gyroscope,android.sensor.gyroscope_Event_5.data,504,4,0,0,0,epoch milliseconds (2018-03-05 14:24:04.512000),10.0,
S5_Sitting_1_extracted,Event_6,JinsAccelerometer,JinsAccelerometer_Event_6.data,100,4,0,0,0,epoch milliseconds (2018-03-05 14:24:14.538000),52.0,
S5_Sitting_1_extracted,Event_6,JinsBlinkSpeed,JinsBlinkSpeed_Event_6.data,100,2,0,0,0,epoch milliseconds (2018-03-05 14:24:14.538000),52.0,
S5_Sitting_1_extracted,Event_6,JinsBlinkStrength,JinsBlinkStrength_Event_6.data,100,2,0,0,0,epoch milliseconds (2018-03-05 14:24:14.538000),52.0,
S5_Sitting_1_extracted,Event_6,JinsEyeMovement,JinsEyeMovement_Event_6.data,100,5,0,0,0,epoch milliseconds (2018-03-05 14:24:14.538000),52.0,
S5_Sitting_1_extracted,Event_6,JinsGyroscope,JinsGyroscope_Event_6.data,100,4,0,0,0,epoch milliseconds (2018-03-05 14:24:14.538000),52.0,
S5_Sitting_1_extracted,Event_6,PhoneAccelerometer,PhoneAccelerometer_Event_6.data,989,4,0,0,0,epoch milliseconds (2018-03-05 14:24:14.506000),5.0,
S5_Sitting_1_extracted,Event_6,PhoneGravity,PhoneGravity_Event_6.data,990,4,0,0,0,epoch milliseconds (2018-03-05 14:24:14.508000),5.0,
S5_Sitting_1_extracted,Event_6,PhoneGyroscope,PhoneGyroscope_Event_6.data,990,4,0,0,0,epoch milliseconds (2018-03-05 14:24:14.507000),5.0,
S5_Sitting_1_extracted,Event_6,PhoneLinearAccelerometer,PhoneLinearAccelerometer_Event_6.data,991,4,0,0,0,epoch milliseconds (2018-03-05 14:24:14.506000),5.0,
S5_Sitting_1_extracted,Event_6,PhoneMagnetometer,PhoneMagnetometer_Event_6.data,500,4,0,0,0,epoch milliseconds (2018-03-05 14:24:14.510000),10.0,
S5_Sitting_1_extracted,Event_6,android.sensor.accelerometer,android.sensor.accelerometer_Event_6.data,509,4,0,0,0,epoch milliseconds (2018-03-05 14:24:14.508000),10.0,
S5_Sitting_1_extracted,Event_6,android.sensor.gyroscope,android.sensor.gyroscope_Event_6.data,509,4,0,0,0,epoch milliseconds (2018-03-05 14:24:14.512000),10.0,
S5_Sitting_1_extracted,Event_7,JinsAccelerometer,JinsAccelerometer_Event_7.data,100,4,0,0,0,epoch milliseconds (2018-03-05 14:24:24.434000),52.0,
S5_Sitting_1_extracted,Event_7,JinsBlinkSpeed,JinsBlinkSpeed_Event_7.data,100,2,0,0,0,epoch milliseconds (2018-03-05 14:24:24.434000),52.0,
S5_Sitting_1_extracted,Event_7,JinsBlinkStrength,JinsBlinkStrength_Event_7.data,100,2,0,0,0,epoch milliseconds (2018-03-05 14:24:24.434000),52.0,
S5_Sitting_1_extracted,Event_7,JinsEyeMovement,JinsEyeMovement_Event_7.data,100,5,0,0,0,epoch milliseconds (2018-03-05 14:24:24.434000),52.0,
S5_Sitting_1_extracted,Event_7,JinsGyroscope,JinsGyroscope_Event_7.data,100,4,0,0,0,epoch milliseconds (2018-03-05 14:24:24.434000),52.0,
S5_Sitting_1_extracted,Event_7,PhoneAccelerometer,PhoneAccelerometer_Event_7.data,991,4,0,0,0,epoch milliseconds (2018-03-05 14:24:24.393000),5.0,
S5_Sitting_1_extracted,Event_7,PhoneGravity,PhoneGravity_Event_7.data,990,4,0,0,0,epoch milliseconds (2018-03-05 14:24:24.396000),5.0,
S5_Sitting_1_extracted,Event_7,PhoneGyroscope,PhoneGyroscope_Event_7.data,992,4,0,0,0,epoch milliseconds (2018-03-05 14:24:24.395000),5.0,
S5_Sitting_1_extracted,Event_7,PhoneLinearAccelerometer,PhoneLinearAccelerometer_Event_7.data,991,4,0,0,0,epoch milliseconds (2018-03-05 14:24:24.393000),5.0,
S5_Sitting_1_extracted,Event_7,PhoneMagnetometer,PhoneMagnetometer_Event_7.data,501,4,0,0,0,epoch milliseconds (2018-03-05 14:24:24.395000),10.0,
S5_Sitting_1_extracted,Event_7,android.sensor.accelerometer,android.sensor.accelerometer_Event_7.data,496,4,0,0,0,epoch milliseconds (2018-03-05 14:24:24.393000),10.0,
S5_Sitting_1_extracted,Event_7,android.sensor.gyroscope,android.sensor.gyroscope_Event_7.data,497,4,0,0,0,epoch milliseconds (2018-03-05 14:24:24.392000),10.0,
S5_Sitting_1_extracted,Event_8,JinsAccelerometer,JinsAccelerometer_Event_8.data,100,4,0,0,0,epoch milliseconds (2018-03-05 14:24:35.383000),52.0,
S5_Sitting_1_extracted,Event_8,JinsBlinkSpeed,JinsBlinkSpeed_Event_8.data,100,2,0,0,0,epoch milliseconds (2018-03-05 14:24:35.383000),52.0,
S5_Sitting_1_extracted,Event_8,JinsBlinkStrength,JinsBlinkStrength_Event_8.data,100,2,0,0,0,epoch milliseconds (2018-03-05 14:24:35.383000),52.0,
S5_Sitting_1_extracted,Event_8,JinsEyeMovement,JinsEyeMovement_Event_8.data,100,5,0,0,0,epoch milliseconds (2018-03-05 14:24:35.383000),52.0,
S5_Sitting_1_extracted,Event_8,JinsGyroscope,JinsGyroscope_Event_8.data,100,4,0,0,0,epoch milliseconds (2018-03-05 14:24:35.383000),52.0,
S5_Sitting_1_extracted,Event_8,PhoneAccelerometer,PhoneAccelerometer_Event_8.data,991,4,0,0,0,epoch milliseconds (2018-03-05 14:24:35.340000),5.0,
S5_Sitting_1_extracted,Event_8,PhoneGravity,PhoneGravity_Event_8.data,991,4,0,0,0,epoch milliseconds (2018-03-05 14:24:35.336000),5.0,
S5_Sitting_1_extracted,Event_8,PhoneGyroscope,PhoneGyroscope_Event_8.data,990,4,0,0,0,epoch milliseconds (2018-03-05 14:24:35.338000),5.0,
S5_Sitting_1_extracted,Event_8,PhoneLinearAccelerometer,PhoneLinearAccelerometer_Event_8.data,991,4,0,0,0,epoch milliseconds (2018-03-05 14:24:35.339000),5.0,
S5_Sitting_1_extracted,Event_8,PhoneMagnetometer,PhoneMagnetometer_Event_8.data,501,4,0,0,0,epoch milliseconds (2018-03-05 14:24:35.338000),10.0,
S5_Sitting_1_extracted,Event_8,android.sensor.accelerometer,android.sensor.accelerometer_Event_8.data,505,4,0,0,0,epoch milliseconds (2018-03-05 14:24:35.339000),10.0,
S5_Sitting_1_extracted,Event_8,android.sensor.gyroscope,android.sensor.gyroscope_Event_8.data,504,4,0,0,0,epoch milliseconds (2018-03-05 14:24:35.344000),10.0,
S5_Sitting_1_extracted,Event_9,JinsAccelerometer,JinsAccelerometer_Event_9.data,99,4,0,0,0,epoch milliseconds (2018-03-05 14:24:50.033000),52.0,
S5_Sitting_1_extracted,Event_9,JinsBlinkSpeed,JinsBlinkSpeed_Event_9.data,99,2,0,0,0,epoch milliseconds (2018-03-05 14:24:50.033000),52.0,
S5_Sitting_1_extracted,Event_9,JinsBlinkStrength,JinsBlinkStrength_Event_9.data,99,2,0,0,0,epoch milliseconds (2018-03-05 14:24:50.033000),52.0,
S5_Sitting_1_extracted,Event_9,JinsEyeMovement,JinsEyeMovement_Event_9.data,99,5,0,0,0,epoch milliseconds (2018-03-05 14:24:50.033000),52.0,
S5_Sitting_1_extracted,Event_9,JinsGyroscope,JinsGyroscope_Event_9.data,99,4,0,0,0,epoch milliseconds (2018-03-05 14:24:50.033000),52.0,
S5_Sitting_1_extracted,Event_9,PhoneAccelerometer,PhoneAccelerometer_Event_9.data,991,4,0,0,0,epoch milliseconds (2018-03-05 14:24:49.986000),5.0,
S5_Sitting_1_extracted,Event_9,PhoneGravity,PhoneGravity_Event_9.data,992,4,0,0,0,epoch milliseconds (2018-03-05 14:24:49.984000),5.0,
S5_Sitting_1_extracted,Event_9,PhoneGyroscope,PhoneGyroscope_Event_9.data,991,4,0,0,0,epoch milliseconds (2018-03-05 14:24:49.988000),5.0,
S5_Sitting_1_extracted,Event_9,PhoneLinearAccelerometer,PhoneLinearAccelerometer_Event_9.data,991,4,0,0,0,epoch milliseconds (2018-03-05 14:24:49.986000),5.0,
S5_Sitting_1_extracted,Event_9,PhoneMagnetometer,PhoneMagnetometer_Event_9.data,501,4,0,0,0,epoch milliseconds (2018-03-05 14:24:49.989000),10.0,
S5_Sitting_1_extracted,Event_9,android.sensor.accelerometer,android.sensor.accelerometer_Event_9.data,498,4,0,0,0,epoch milliseconds (2018-03-05 14:24:49.991000),10.0,
S5_Sitting_1_extracted,Event_9,android.sensor.gyroscope,android.sensor.gyroscope_Event_9.data,498,4,0,0,0,epoch milliseconds (2018-03-05 14:24:49.992000),10.0,
S5_Sitting_2_extracted,Event_0,JinsAccelerometer,JinsAccelerometer_Event_0.data,99,4,0,0,0,epoch milliseconds (2018-03-12 16:42:55.061000),38.0,
S5_Sitting_2_extracted,Event_0,JinsBlinkSpeed,JinsBlinkSpeed_Event_0.data,99,2,0,0,0,epoch milliseconds (2018-03-12 16:42:55.061000),38.0,
S5_Sitting_2_extracted,Event_0,JinsBlinkStrength,JinsBlinkStrength_Event_0.data,99,2,0,0,0,epoch milliseconds (2018-03-12 16:42:55.061000),38.0,
S5_Sitting_2_extracted,Event_0,JinsEyeMovement,JinsEyeMovement_Event_0.data,99,5,0,0,0,epoch milliseconds (2018-03-12 16:42:55.061000),38.0,
S5_Sitting_2_extracted,Event_0,JinsGyroscope,JinsGyroscope_Event_0.data,99,4,0,0,0,epoch milliseconds (2018-03-12 16:42:55.061000),38.0,
S5_Sitting_2_extracted,Event_0,PhoneAccelerometer,PhoneAccelerometer_Event_0.data,991,4,0,0,0,epoch milliseconds (2018-03-12 16:42:55.028000),5.0,
S5_Sitting_2_extracted,Event_0,PhoneGravity,PhoneGravity_Event_0.data,990,4,0,0,0,epoch milliseconds (2018-03-12 16:42:55.029000),5.0,
S5_Sitting_2_extracted,Event_0,PhoneGyroscope,PhoneGyroscope_Event_0.data,991,4,0,0,0,epoch milliseconds (2018-03-12 16:42:55.027000),5.0,
S5_Sitting_2_extracted,Event_0,PhoneLinearAccelerometer,PhoneLinearAccelerometer_Event_0.data,991,4,0,0,0,epoch milliseconds (2018-03-12 16:42:55.026000),5.0,
S5_Sitting_2_extracted,Event_0,PhoneMagnetometer,PhoneMagnetometer_Event_0.data,501,4,0,0,0,epoch milliseconds (2018-03-12 16:42:55.034000),10.0,
S5_Sitting_2_extracted,Event_0,android.sensor.accelerometer,android.sensor.accelerometer_Event_0.data,504,4,0,0,0,epoch milliseconds (2018-03-12 16:42:55.026000),10.0,
S5_Sitting_2_extracted,Event_0,android.sensor.gyroscope,android.sensor.gyroscope_Event_0.data,504,4,0,0,0,epoch milliseconds (2018-03-12 16:42:55.035000),10.0,
S5_Sitting_2_extracted,Event_1,JinsAccelerometer,JinsAccelerometer_Event_1.data,100,4,0,0,0,epoch milliseconds (2018-03-12 16:43:05.635000),38.0,
S5_Sitting_2_extracted,Event_1,JinsBlinkSpeed,JinsBlinkSpeed_Event_1.data,100,2,0,0,0,epoch milliseconds (2018-03-12 16:43:05.635000),38.0,
S5_Sitting_2_extracted,Event_1,JinsBlinkStrength,JinsBlinkStrength_Event_1.data,100,2,0,0,0,epoch milliseconds (2018-03-12 16:43:05.635000),38.0,
S5_Sitting_2_extracted,Event_1,JinsEyeMovement,JinsEyeMovement_Event_1.data,100,5,0,0,0,epoch milliseconds (2018-03-12 16:43:05.635000),38.0,
S5_Sitting_2_extracted,Event_1,JinsGyroscope,JinsGyroscope_Event_1.data,100,4,0,0,0,epoch milliseconds (2018-03-12 16:43:05.635000),38.0,
S5_Sitting_2_extracted,Event_1,PhoneAccelerometer,PhoneAccelerometer_Event_1.data,991,4,0,0,0,epoch milliseconds (2018-03-12 16:43:05.593000),5.0,
S5_Sitting_2_extracted,Event_1,PhoneGravity,PhoneGravity_Event_1.data,990,4,0,0,0,epoch milliseconds (2018-03-12 16:43:05.596000),5.0,
S5_Sitting_2_extracted,Event_1,PhoneGyroscope,PhoneGyroscope_Event_1.data,992,4,0,0,0,epoch milliseconds (2018-03-12 16:43:05.593000),5.0,
S5_Sitting_2_extracted,Event_1,PhoneLinearAccelerometer,PhoneLinearAccelerometer_Event_1.data,989,4,0,0,0,epoch milliseconds (2018-03-12 16:43:05.597000),5.0,
S5_Sitting_2_extracted,Event_1,PhoneMagnetometer,PhoneMagnetometer_Event_1.data,501,4,0,0,0,epoch milliseconds (2018-03-12 16:43:05.597000),10.0,
S5_Sitting_2_extracted,Event_1,android.sensor.accelerometer,android.sensor.accelerometer_Event_1.data,497,4,0,0,0,epoch milliseconds (2018-03-12 16:43:05.594000),10.0,
S5_Sitting_2_extracted,Event_1,android.sensor.gyroscope,android.sensor.gyroscope_Event_1.data,498,4,0,0,0,epoch milliseconds (2018-03-12 16:43:05.593000),10.0,
S5_Sitting_2_extracted,Event_2,JinsAccelerometer,JinsAccelerometer_Event_2.data,100,4,0,0,0,epoch milliseconds (2018-03-12 16:43:16.139000),38.0,
S5_Sitting_2_extracted,Event_2,JinsBlinkSpeed,JinsBlinkSpeed_Event_2.data,100,2,0,0,0,epoch milliseconds (2018-03-12 16:43:16.139000),38.0,
S5_Sitting_2_extracted,Event_2,JinsBlinkStrength,JinsBlinkStrength_Event_2.data,100,2,0,0,0,epoch milliseconds (2018-03-12 16:43:16.139000),38.0,
S5_Sitting_2_extracted,Event_2,JinsEyeMovement,JinsEyeMovement_Event_2.data,100,5,0,0,0,epoch milliseconds (2018-03-12 16:43:16.139000),38.0,
S5_Sitting_2_extracted,Event_2,JinsGyroscope,JinsGyroscope_Event_2.data,100,4,0,0,0,epoch milliseconds (2018-03-12 16:43:16.139000),38.0,
S5_Sitting_2_extracted,Event_2,PhoneAccelerometer,PhoneAccelerometer_Event_2.data,991,4,0,0,0,epoch milliseconds (2018-03-12 16:43:16.099000),5.0,
S5_Sitting_2_extracted,Event_2,PhoneGravity,PhoneGravity_Event_2.data,990,4,0,0,0,epoch milliseconds (2018-03-12 16:43:16.102000),5.0,
S5_Sitting_2_extracted,Event_2,PhoneGyroscope,PhoneGyroscope_Event_2.data,991,4,0,0,0,epoch milliseconds (2018-03-12 16:43:16.101000),5.0,
S5_Sitting_2_extracted,Event_2,PhoneLinearAccelerometer,PhoneLinearAccelerometer_Event_2.data,991,4,0,0,0,epoch milliseconds (2018-03-12 16:43:16.100000),5.0,
S5_Sitting_2_extracted,Event_2,PhoneMagnetometer,PhoneMagnetometer_Event_2.data,501,4,0,0,0,epoch milliseconds (2018-03-12 16:43:16.097000),10.0,
S5_Sitting_2_extracted,Event_2,android.sensor.accelerometer,android.sensor.accelerometer_Event_2.data,495,4,0,0,0,epoch milliseconds (2018-03-12 16:43:16.103000),10.0,
S5_Sitting_2_extracted,Event_2,android.sensor.gyroscope,android.sensor.gyroscope_Event_2.data,494,4,0,0,0,epoch milliseconds (2018-03-12 16:43:16.105000),10.0,
S5_Sitting_2_extracted,Event_3,JinsAccelerometer,JinsAccelerometer_Event_3.data,100,4,0,0,0,epoch milliseconds (2018-03-12 16:43:26.374000),38.0,
S5_Sitting_2_extracted,Event_3,JinsBlinkSpeed,JinsBlinkSpeed_Event_3.data,100,2,0,0,0,epoch milliseconds (2018-03-12 16:43:26.374000),38.0,
S5_Sitting_2_extracted,Event_3,JinsBlinkStrength,JinsBlinkStrength_Event_3.data,100,2,0,0,0,epoch milliseconds (2018-03-12 16:43:26.374000),38.0,
S5_Sitting_2_extracted,Event_3,JinsEyeMovement,JinsEyeMovement_Event_3.data,100,5,0,0,0,epoch milliseconds (2018-03-12 16:43:26.374000),38.0,
S5_Sitting_2_extracted,Event_3,JinsGyroscope,JinsGyroscope_Event_3.data,100,4,0,0,0,epoch milliseconds (2018-03-12 16:43:26.374000),38.0,
S5_Sitting_2_extracted,Event_3,PhoneAccelerometer,PhoneAccelerometer_Event_3.data,991,4,0,0,0,epoch milliseconds (2018-03-12 16:43:26.354000),5.0,
S5_Sitting_2_extracted,Event_3,PhoneGravity,PhoneGravity_Event_3.data,991,4,0,0,0,epoch milliseconds (2018-03-12 16:43:26.354000),5.0,
S5_Sitting_2_extracted,Event_3,PhoneGyroscope,PhoneGyroscope_Event_3.data,992,4,0,0,0,epoch milliseconds (2018-03-12 16:43:26.354000),5.0,
S5_Sitting_2_extracted,Event_3,PhoneLinearAccelerometer,PhoneLinearAccelerometer_Event_3.data,991,4,0,0,0,epoch milliseconds (2018-03-12 16:43:26.356000),5.0,
S5_Sitting_2_extracted,Event_3,PhoneMagnetometer,PhoneMagnetometer_Event_3.data,501,4,0,0,0,epoch milliseconds (2018-03-12 16:43:26.358000),10.0,
S5_Sitting_2_extracted,Event_3,android.sensor.accelerometer,android.sensor.accelerometer_Event_3.data,493,4,0,0,0,epoch milliseconds (2018-03-12 16:43:26.354000),10.0,
S5_Sitting_2_extracted,Event_3,android.sensor.gyroscope,android.sensor.gyroscope_Event_3.data,492,4,0,0,0,epoch milliseconds (2018-03-12 16:43:26.355000),10.0,
S5_Sitting_2_extracted,Event_4,JinsAccelerometer,JinsAccelerometer_Event_4.data,101,4,0,0,0,epoch milliseconds (2018-03-12 16:43:37.028000),38.0,
S5_Sitting_2_extracted,Event_4,JinsBlinkSpeed,JinsBlinkSpeed_Event_4.data,101,2,0,0,0,epoch milliseconds (2018-03-12 16:43:37.028000),38.0,
S5_Sitting_2_extracted,Event_4,JinsBlinkStrength,JinsBlinkStrength_Event_4.data,101,2,0,0,0,epoch milliseconds (2018-03-12 16:43:37.028000),38.0,
S5_Sitting_2_extracted,Event_4,JinsEyeMovement,JinsEyeMovement_Event_4.data,101,5,0,0,0,epoch milliseconds (2018-03-12 16:43:37.028000),38.0,
S5_Sitting_2_extracted,Event_4,JinsGyroscope,JinsGyroscope_Event_4.data,101,4,0,0,0,epoch milliseconds (2018-03-12 16:43:37.028000),38.0,
S5_Sitting_2_extracted,Event_4,PhoneAccelerometer,PhoneAccelerometer_Event_4.data,991,4,0,0,0,epoch milliseconds (2018-03-12 16:43:37.019000),5.0,
S5_Sitting_2_extracted,Event_4,PhoneGravity,PhoneGravity_Event_4.data,990,4,0,0,0,epoch milliseconds (2018-03-12 16:43:37.020000),5.0,
S5_Sitting_2_extracted,Event_4,PhoneGyroscope,PhoneGyroscope_Event_4.data,991,4,0,0,0,epoch milliseconds (2018-03-12 16:43:37.017000),5.0,
S5_Sitting_2_extracted,Event_4,PhoneLinearAccelerometer,PhoneLinearAccelerometer_Event_4.data,991,4,0,0,0,epoch milliseconds (2018-03-12 16:43:37.021000),5.0,
S5_Sitting_2_extracted,Event_4,PhoneMagnetometer,PhoneMagnetometer_Event_4.data,500,4,0,0,0,epoch milliseconds (2018-03-12 16:43:37.018000),10.0,
S5_Sitting_2_extracted,Event_4,android.sensor.accelerometer,android.sensor.accelerometer_Event_4.data,496,4,0,0,0,epoch milliseconds (2018-03-12 16:43:37.020000),10.0,
S5_Sitting_2_extracted,Event_4,android.sensor.gyroscope,android.sensor.gyroscope_Event_4.data,495,4,0,0,0,epoch milliseconds (2018-03-12 16:43:37.021000),10.0,
S5_Sitting_2_extracted,Event_5,JinsAccelerometer,JinsAccelerometer_Event_5.data,100,4,0,0,0,epoch milliseconds (2018-03-12 16:43:47.223000),38.0,
S5_Sitting_2_extracted,Event_5,JinsBlinkSpeed,JinsBlinkSpeed_Event_5.data,100,2,0,0,0,epoch milliseconds (2018-03-12 16:43:47.223000),38.0,
S5_Sitting_2_extracted,Event_5,JinsBlinkStrength,JinsBlinkStrength_Event_5.data,100,2,0,0,0,epoch milliseconds (2018-03-12 16:43:47.223000),38.0,
S5_Sitting_2_extracted,Event_5,JinsEyeMovement,JinsEyeMovement_Event_5.data,100,5,0,0,0,epoch milliseconds (2018-03-12 16:43:47.223000),38.0,
S5_Sitting_2_extracted,Event_5,JinsGyroscope,JinsGyroscope_Event_5.data,100,4,0,0,0,epoch milliseconds (2018-03-12 16:43:47.223000),38.0,
S5_Sitting_2_extracted,Event_5,PhoneAccelerometer,PhoneAccelerometer_Event_5.data,991,4,0,0,0,epoch milliseconds (2018-03-12 16:43:47.218000),5.0,
S5_Sitting_2_extracted,Event_5,PhoneGravity,PhoneGravity_Event_5.data,991,4,0,0,0,epoch milliseconds (2018-03-12 16:43:47.216000),5.0,
S5_Sitting_2_extracted,Event_5,PhoneGyroscope,PhoneGyroscope_Event_5.data,992,4,0,0,0,epoch milliseconds (2018-03-12 16:43:47.216000),5.0,
S5_Sitting_2_extracted,Event_5,PhoneLinearAccelerometer,PhoneLinearAccelerometer_Event_5.data,990,4,0,0,0,epoch milliseconds (2018-03-12 16:43:47.216000),5.0,
S5_Sitting_2_extracted,Event_5,PhoneMagnetometer,PhoneMagnetometer_Event_5.data,500,4,0,0,0,epoch milliseconds (2018-03-12 16:43:47.223000),10.0,
S5_Sitting_2_extracted,Event_5,android.sensor.accelerometer,android.sensor.accelerometer_Event_5.data,497,4,0,0,0,epoch milliseconds (2018-03-12 16:43:47.279000),10.0,
S5_Sitting_2_extracted,Event_5,android.sensor.gyroscope,android.sensor.gyroscope_Event_5.data,496,4,0,0,0,epoch milliseconds (2018-03-12 16:43:47.288000),10.0,
S5_Sitting_2_extracted,Event_6,JinsAccelerometer,JinsAccelerometer_Event_6.data,99,4,0,0,0,epoch milliseconds (2018-03-12 16:43:57.239000),38.0,
S5_Sitting_2_extracted,Event_6,JinsBlinkSpeed,JinsBlinkSpeed_Event_6.data,99,2,0,0,0,epoch milliseconds (2018-03-12 16:43:57.239000),38.0,
S5_Sitting_2_extracted,Event_6,JinsBlinkStrength,JinsBlinkStrength_Event_6.data,99,2,0,0,0,epoch milliseconds (2018-03-12 16:43:57.239000),38.0,
S5_Sitting_2_extracted,Event_6,JinsEyeMovement,JinsEyeMovement_Event_6.data,99,5,0,0,0,epoch milliseconds (2018-03-12 16:43:57.239000),38.0,
S5_Sitting_2_extracted,Event_6,JinsGyroscope,JinsGyroscope_Event_6.data,99,4,0,0,0,epoch milliseconds (2018-03-12 16:43:57.239000),38.0,
S5_Sitting_2_extracted,Event_6,PhoneAccelerometer,PhoneAccelerometer_Event_6.data,992,4,0,0,0,epoch milliseconds (2018-03-12 16:43:57.179000),5.0,
S5_Sitting_2_extracted,Event_6,PhoneGravity,PhoneGravity_Event_6.data,993,4,0,0,0,epoch milliseconds (2018-03-12 16:43:57.176000),5.0,
S5_Sitting_2_extracted,Event_6,PhoneGyroscope,PhoneGyroscope_Event_6.data,993,4,0,0,0,epoch milliseconds (2018-03-12 16:43:57.177000),5.0,
S5_Sitting_2_extracted,Event_6,PhoneLinearAccelerometer,PhoneLinearAccelerometer_Event_6.data,992,4,0,0,0,epoch milliseconds (2018-03-12 16:43:57.177000),5.0,
S5_Sitting_2_extracted,Event_6,PhoneMagnetometer,PhoneMagnetometer_Event_6.data,501,4,0,0,0,epoch milliseconds (2018-03-12 16:43:57.182000),10.0,
S5_Sitting_2_extracted,Event_6,android.sensor.accelerometer,android.sensor.accelerometer_Event_6.data,496,4,0,0,0,epoch milliseconds (2018-03-12 16:43:57.178000),10.0,
S5_Sitting_2_extracted,Event_6,android.sensor.gyroscope,android.sensor.gyroscope_Event_6.data,496,4,0,0,0,epoch milliseconds (2018-03-12 16:43:57.181000),10.0,
S5_Sitting_2_extracted,Event_7,JinsAccelerometer,JinsAccelerometer_Event_7.data,100,4,0,0,0,epoch milliseconds (2018-03-12 16:44:07.067000),38.0,
S5_Sitting_2_extracted,Event_7,JinsBlinkSpeed,JinsBlinkSpeed_Event_7.data,100,2,0,0,0,epoch milliseconds (2018-03-12 16:44:07.067000),38.0,
S5_Sitting_2_extracted,Event_7,JinsBlinkStrength,JinsBlinkStrength_Event_7.data,100,2,0,0,0,epoch milliseconds (2018-03-12 16:44:07.067000),38.0,
S5_Sitting_2_extracted,Event_7,JinsEyeMovement,JinsEyeMovement_Event_7.data,100,5,0,0,0,epoch milliseconds (2018-03-12 16:44:07.067000),38.0,
S5_Sitting_2_extracted,Event_7,JinsGyroscope,JinsGyroscope_Event_7.data,100,4,0,0,0,epoch milliseconds (2018-03-12 16:44:07.067000),38.0,
S5_Sitting_2_extracted,Event_7,PhoneAccelerometer,PhoneAccelerometer_Event_7.data,992,4,0,0,0,epoch milliseconds (2018-03-12 16:44:07.068000),5.0,
S5_Sitting_2_extracted,Event_7,PhoneGravity,PhoneGravity_Event_7.data,991,4,0,0,0,epoch milliseconds (2018-03-12 16:44:07.067000),5.0,
S5_Sitting_2_extracted,Event_7,PhoneGyroscope,PhoneGyroscope_Event_7.data,991,4,0,0,0,epoch milliseconds (2018-03-12 16:44:07.067000),5.0,
S5_Sitting_2_extracted,Event_7,PhoneLinearAccelerometer,PhoneLinearAccelerometer_Event_7.data,990,4,0,0,0,epoch milliseconds (2018-03-12 16:44:07.067000),5.0,
S5_Sitting_2_extracted,Event_7,PhoneMagnetometer,PhoneMagnetometer_Event_7.data,501,4,0,0,0,epoch milliseconds (2018-03-12 16:44:07.070000),10.0,
S5_Sitting_2_extracted,Event_7,android.sensor.accelerometer,android.sensor.accelerometer_Event_7.data,495,4,0,0,0,epoch milliseconds (2018-03-12 16:44:07.068000),10.0,
S5_Sitting_2_extracted,Event_7,android.sensor.gyroscope,android.sensor.gyroscope_Event_7.data,494,4,0,0,0,epoch milliseconds (2018-03-12 16:44:07.072000),10.0,
S5_Sitting_2_extracted,Event_8,JinsAccelerometer,JinsAccelerometer_Event_8.data,101,4,0,0,0,epoch milliseconds (2018-03-12 16:44:17.374000),38.0,
S5_Sitting_2_extracted,Event_8,JinsBlinkSpeed,JinsBlinkSpeed_Event_8.data,101,2,0,0,0,epoch milliseconds (2018-03-12 16:44:17.374000),38.0,
S5_Sitting_2_extracted,Event_8,JinsBlinkStrength,JinsBlinkStrength_Event_8.data,101,2,0,0,0,epoch milliseconds (2018-03-12 16:44:17.374000),38.0,
S5_Sitting_2_extracted,Event_8,JinsEyeMovement,JinsEyeMovement_Event_8.data,101,5,0,0,0,epoch milliseconds (2018-03-12 16:44:17.374000),38.0,
S5_Sitting_2_extracted,Event_8,JinsGyroscope,JinsGyroscope_Event_8.data,101,4,0,0,0,epoch milliseconds (2018-03-12 16:44:17.374000),38.0,
S5_Sitting_2_extracted,Event_8,PhoneAccelerometer,PhoneAccelerometer_Event_8.data,991,4,0,0,0,epoch milliseconds (2018-03-12 16:44:17.371000),5.0,
S5_Sitting_2_extracted,Event_8,PhoneGravity,PhoneGravity_Event_8.data,991,4,0,0,0,epoch milliseconds (2018-03-12 16:44:17.372000),5.0,
S5_Sitting_2_extracted,Event_8,PhoneGyroscope,PhoneGyroscope_Event_8.data,991,4,0,0,0,epoch milliseconds (2018-03-12 16:44:17.370000),5.0,
S5_Sitting_2_extracted,Event_8,PhoneLinearAccelerometer,PhoneLinearAccelerometer_Event_8.data,992,4,0,0,0,epoch milliseconds (2018-03-12 16:44:17.369000),5.0,
S5_Sitting_2_extracted,Event_8,PhoneMagnetometer,PhoneMagnetometer_Event_8.data,500,4,0,0,0,epoch milliseconds (2018-03-12 16:44:17.371000),10.0,
S5_Sitting_2_extracted,Event_8,android.sensor.accelerometer,android.sensor.accelerometer_Event_8.data,492,4,0,0,0,epoch milliseconds (2018-03-12 16:44:17.369000),10.0,
S5_Sitting_2_extracted,Event_8,android.sensor.gyroscope,android.sensor.gyroscope_Event_8.data,491,4,0,0,0,epoch milliseconds (2018-03-12 16:44:17.373000),10.0,
S5_Sitting_2_extracted,Event_9,JinsAccelerometer,JinsAccelerometer_Event_9.data,100,4,0,0,0,epoch milliseconds (2018-03-12 16:44:27.724000),38.0,
S5_Sitting_2_extracted,Event_9,JinsBlinkSpeed,JinsBlinkSpeed_Event_9.data,100,2,0,0,0,epoch milliseconds (2018-03-12 16:44:27.724000),38.0,
S5_Sitting_2_extracted,Event_9,JinsBlinkStrength,JinsBlinkStrength_Event_9.data,100,2,0,0,0,epoch milliseconds (2018-03-12 16:44:27.724000),38.0,
S5_Sitting_2_extracted,Event_9,JinsEyeMovement,JinsEyeMovement_Event_9.data,100,5,0,0,0,epoch milliseconds (2018-03-12 16:44:27.724000),38.0,
S5_Sitting_2_extracted,Event_9,JinsGyroscope,JinsGyroscope_Event_9.data,100,4,0,0,0,epoch milliseconds (2018-03-12 16:44:27.724000),38.0,
S5_Sitting_2_extracted,Event_9,PhoneAccelerometer,PhoneAccelerometer_Event_9.data,991,4,0,0,0,epoch milliseconds (2018-03-12 16:44:27.700000),5.0,
S5_Sitting_2_extracted,Event_9,PhoneGravity,PhoneGravity_Event_9.data,992,4,0,0,0,epoch milliseconds (2018-03-12 16:44:27.698000),5.0,
S5_Sitting_2_extracted,Event_9,PhoneGyroscope,PhoneGyroscope_Event_9.data,990,4,0,0,0,epoch milliseconds (2018-03-12 16:44:27.698000),5.0,
S5_Sitting_2_extracted,Event_9,PhoneLinearAccelerometer,PhoneLinearAccelerometer_Event_9.data,990,4,0,0,0,epoch milliseconds (2018-03-12 16:44:27.698000),5.0,
S5_Sitting_2_extracted,Event_9,PhoneMagnetometer,PhoneMagnetometer_Event_9.data,501,4,0,0,0,epoch milliseconds (2018-03-12 16:44:27.703000),10.0,
S5_Sitting_2_extracted,Event_9,android.sensor.accelerometer,android.sensor.accelerometer_Event_9.data,504,4,0,0,0,epoch milliseconds (2018-03-12 16:44:27.702000),10.0,
S5_Sitting_2_extracted,Event_9,android.sensor.gyroscope,android.sensor.gyroscope_Event_9.data,505,4,0,0,0,epoch milliseconds (2018-03-12 16:44:27.698000),10.0,
S5_Standing_1_extracted,Event_0,JinsAccelerometer,JinsAccelerometer_Event_0.data,100,4,0,0,0,epoch milliseconds (2018-03-05 14:28:55.054000),52.0,
S5_Standing_1_extracted,Event_0,JinsBlinkSpeed,JinsBlinkSpeed_Event_0.data,100,2,0,0,0,epoch milliseconds (2018-03-05 14:28:55.054000),52.0,
S5_Standing_1_extracted,Event_0,JinsBlinkStrength,JinsBlinkStrength_Event_0.data,100,2,0,0,0,epoch milliseconds (2018-03-05 14:28:55.054000),52.0,
S5_Standing_1_extracted,Event_0,JinsEyeMovement,JinsEyeMovement_Event_0.data,100,5,0,0,0,epoch milliseconds (2018-03-05 14:28:55.054000),52.0,
S5_Standing_1_extracted,Event_0,JinsGyroscope,JinsGyroscope_Event_0.data,100,4,0,0,0,epoch milliseconds (2018-03-05 14:28:55.054000),52.0,
S5_Standing_1_extracted,Event_0,PhoneAccelerometer,PhoneAccelerometer_Event_0.data,992,4,0,0,0,epoch milliseconds (2018-03-05 14:28:55.042000),5.0,
S5_Standing_1_extracted,Event_0,PhoneGravity,PhoneGravity_Event_0.data,991,4,0,0,0,epoch milliseconds (2018-03-05 14:28:55.038000),5.0,
S5_Standing_1_extracted,Event_0,PhoneGyroscope,PhoneGyroscope_Event_0.data,990,4,0,0,0,epoch milliseconds (2018-03-05 14:28:55.041000),5.0,
S5_Standing_1_extracted,Event_0,PhoneLinearAccelerometer,PhoneLinearAccelerometer_Event_0.data,991,4,0,0,0,epoch milliseconds (2018-03-05 14:28:55.038000),5.0,
S5_Standing_1_extracted,Event_0,PhoneMagnetometer,PhoneMagnetometer_Event_0.data,501,4,0,0,0,epoch milliseconds (2018-03-05 14:28:55.042000),10.0,
S5_Standing_1_extracted,Event_0,android.sensor.accelerometer,android.sensor.accelerometer_Event_0.data,496,4,0,0,0,epoch milliseconds (2018-03-05 14:28:55.038000),10.0,
S5_Standing_1_extracted,Event_0,android.sensor.gyroscope,android.sensor.gyroscope_Event_0.data,496,4,0,0,0,epoch milliseconds (2018-03-05 14:28:55.041000),10.0,
S5_Standing_1_extracted,Event_1,JinsAccelerometer,JinsAccelerometer_Event_1.data,100,4,0,0,0,epoch milliseconds (2018-03-05 14:29:06.789000),52.0,
S5_Standing_1_extracted,Event_1,JinsBlinkSpeed,JinsBlinkSpeed_Event_1.data,100,2,0,0,0,epoch milliseconds (2018-03-05 14:29:06.789000),52.0,
S5_Standing_1_extracted,Event_1,JinsBlinkStrength,JinsBlinkStrength_Event_1.data,100,2,0,0,0,epoch milliseconds (2018-03-05 14:29:06.789000),52.0,
S5_Standing_1_extracted,Event_1,JinsEyeMovement,JinsEyeMovement_Event_1.data,100,5,0,0,0,epoch milliseconds (2018-03-05 14:29:06.789000),52.0,
S5_Standing_1_extracted,Event_1,JinsGyroscope,JinsGyroscope_Event_1.data,100,4,0,0,0,epoch milliseconds (2018-03-05 14:29:06.789000),52.0,
S5_Standing_1_extracted,Event_1,PhoneAccelerometer,PhoneAccelerometer_Event_1.data,994,4,0,0,0,epoch milliseconds (2018-03-05 14:29:06.759000),5.0,
S5_Standing_1_extracted,Event_1,PhoneGravity,PhoneGravity_Event_1.data,980,4,0,0,0,epoch milliseconds (2018-03-05 14:29:06.761000),5.0,
S5_Standing_1_extracted,Event_1,PhoneGyroscope,PhoneGyroscope_Event_1.data,980,4,0,0,0,epoch milliseconds (2018-03-05 14:29:06.758000),5.0,
S5_Standing_1_extracted,Event_1,PhoneLinearAccelerometer,PhoneLinearAccelerometer_Event_1.data,980,4,0,0,0,epoch milliseconds (2018-03-05 14:29:06.760000),5.0,
S5_Standing_1_extracted,Event_1,PhoneMagnetometer,PhoneMagnetometer_Event_1.data,501,4,0,0,0,epoch milliseconds (2018-03-05 14:29:06.765000),10.0,
S5_Standing_1_extracted,Event_1,android.sensor.accelerometer,android.sensor.accelerometer_Event_1.data,491,4,0,0,0,epoch milliseconds (2018-03-05 14:29:06.758000),10.0,
S5_Standing_1_extracted,Event_1,android.sensor.gyroscope,android.sensor.gyroscope_Event_1.data,491,4,0,0,0,epoch milliseconds (2018-03-05 14:29:06.764000),10.0,
S5_Standing_1_extracted,Event_2,JinsAccelerometer,JinsAccelerometer_Event_2.data,100,4,0,0,0,epoch milliseconds (2018-03-05 14:29:16.662000),52.0,
S5_Standing_1_extracted,Event_2,JinsBlinkSpeed,JinsBlinkSpeed_Event_2.data,100,2,0,0,0,epoch milliseconds (2018-03-05 14:29:16.662000),52.0,
S5_Standing_1_extracted,Event_2,JinsBlinkStrength,JinsBlinkStrength_Event_2.data,100,2,0,0,0,epoch milliseconds (2018-03-05 14:29:16.662000),52.0,
S5_Standing_1_extracted,Event_2,JinsEyeMovement,JinsEyeMovement_Event_2.data,100,5,0,0,0,epoch milliseconds (2018-03-05 14:29:16.662000),52.0,
S5_Standing_1_extracted,Event_2,JinsGyroscope,JinsGyroscope_Event_2.data,100,4,0,0,0,epoch milliseconds (2018-03-05 14:29:16.662000),52.0,
S5_Standing_1_extracted,Event_2,PhoneAccelerometer,PhoneAccelerometer_Event_2.data,991,4,0,0,0,epoch milliseconds (2018-03-05 14:29:16.639000),5.0,
S5_Standing_1_extracted,Event_2,PhoneGravity,PhoneGravity_Event_2.data,989,4,0,0,0,epoch milliseconds (2018-03-05 14:29:16.640000),5.0,
S5_Standing_1_extracted,Event_2,PhoneGyroscope,PhoneGyroscope_Event_2.data,991,4,0,0,0,epoch milliseconds (2018-03-05 14:29:16.640000),5.0,
S5_Standing_1_extracted,Event_2,PhoneLinearAccelerometer,PhoneLinearAccelerometer_Event_2.data,990,4,0,0,0,epoch milliseconds (2018-03-05 14:29:16.642000),5.0,
S5_Standing_1_extracted,Event_2,PhoneMagnetometer,PhoneMagnetometer_Event_2.data,501,4,0,0,0,epoch milliseconds (2018-03-05 14:29:16.644000),10.0,
S5_Standing_1_extracted,Event_2,android.sensor.accelerometer,android.sensor.accelerometer_Event_2.data,500,4,0,0,0,epoch milliseconds (2018-03-05 14:29:16.644000),10.0,
S5_Standing_1_extracted,Event_2,android.sensor.gyroscope,android.sensor.gyroscope_Event_2.data,499,4,0,0,0,epoch milliseconds (2018-03-05 14:29:16.647000),10.0,
S5_Standing_1_extracted,Event_3,JinsAccelerometer,JinsAccelerometer_Event_3.data,99,4,0,0,0,epoch milliseconds (2018-03-05 14:29:26.844000),53.0,
S5_Standing_1_extracted,Event_3,JinsBlinkSpeed,JinsBlinkSpeed_Event_3.data,99,2,0,0,0,epoch milliseconds (2018-03-05 14:29:26.844000),53.0,
S5_Standing_1_extracted,Event_3,JinsBlinkStrength,JinsBlinkStrength_Event_3.data,99,2,0,0,0,epoch milliseconds (2018-03-05 14:29:26.844000),53.0,
S5_Standing_1_extracted,Event_3,JinsEyeMovement,JinsEyeMovement_Event_3.data,99,5,0,0,0,epoch milliseconds (2018-03-05 14:29:26.844000),53.0,
S5_Standing_1_extracted,Event_3,JinsGyroscope,JinsGyroscope_Event_3.data,99,4,0,0,0,epoch milliseconds (2018-03-05 14:29:26.844000),53.0,
S5_Standing_1_extracted,Event_3,PhoneAccelerometer,PhoneAccelerometer_Event_3.data,991,4,0,0,0,epoch milliseconds (2018-03-05 14:29:26.810000),5.0,
S5_Standing_1_extracted,Event_3,PhoneGravity,PhoneGravity_Event_3.data,992,4,0,0,0,epoch milliseconds (2018-03-05 14:29:26.809000),5.0,
S5_Standing_1_extracted,Event_3,PhoneGyroscope,PhoneGyroscope_Event_3.data,990,4,0,0,0,epoch milliseconds (2018-03-05 14:29:26.810000),5.0,
S5_Standing_1_extracted,Event_3,PhoneLinearAccelerometer,PhoneLinearAccelerometer_Event_3.data,991,4,0,0,0,epoch milliseconds (2018-03-05 14:29:26.808000),5.0,
S5_Standing_1_extracted,Event_3,PhoneMagnetometer,PhoneMagnetometer_Event_3.data,501,4,0,0,0,epoch milliseconds (2018-03-05 14:29:26.812000),10.0,
S5_Standing_1_extracted,Event_3,android.sensor.accelerometer,android.sensor.accelerometer_Event_3.data,499,4,0,0,0,epoch milliseconds (2018-03-05 14:29:26.811000),10.0,
S5_Standing_1_extracted,Event_3,android.sensor.gyroscope,android.sensor.gyroscope_Event_3.data,500,4,0,0,0,epoch milliseconds (2018-03-05 14:29:26.807000),10.0,
S5_Standing_1_extracted,Event_4,JinsAccelerometer,JinsAccelerometer_Event_4.data,100,4,0,0,0,epoch milliseconds (2018-03-05 14:29:37.136000),52.0,
S5_Standing_1_extracted,Event_4,JinsBlinkSpeed,JinsBlinkSpeed_Event_4.data,100,2,0,0,0,epoch milliseconds (2018-03-05 14:29:37.136000),52.0,
S5_Standing_1_extracted,Event_4,JinsBlinkStrength,JinsBlinkStrength_Event_4.data,100,2,0,0,0,epoch milliseconds (2018-03-05 14:29:37.136000),52.0,
S5_Standing_1_extracted,Event_4,JinsEyeMovement,JinsEyeMovement_Event_4.data,100,5,0,0,0,epoch milliseconds (2018-03-05 14:29:37.136000),52.0,
S5_Standing_1_extracted,Event_4,JinsGyroscope,JinsGyroscope_Event_4.data,100,4,0,0,0,epoch milliseconds (2018-03-05 14:29:37.136000),52.0,
S5_Standing_1_extracted,Event_4,PhoneAccelerometer,PhoneAccelerometer_Event_4.data,991,4,0,0,0,epoch milliseconds (2018-03-05 14:29:37.119000),5.0,
S5_Standing_1_extracted,Event_4,PhoneGravity,PhoneGravity_Event_4.data,991,4,0,0,0,epoch milliseconds (2018-03-05 14:29:37.119000),5.0,
S5_Standing_1_extracted,Event_4,PhoneGyroscope,PhoneGyroscope_Event_4.data,991,4,0,0,0,epoch milliseconds (2018-03-05 14:29:37.121000),5.0,
S5_Standing_1_extracted,Event_4,PhoneLinearAccelerometer,PhoneLinearAccelerometer_Event_4.data,992,4,0,0,0,epoch milliseconds (2018-03-05 14:29:37.118000),5.0,
S5_Standing_1_extracted,Event_4,PhoneMagnetometer,PhoneMagnetometer_Event_4.data,501,4,0,0,0,epoch milliseconds (2018-03-05 14:29:37.120000),10.0,
S5_Standing_1_extracted,Event_4,android.sensor.accelerometer,android.sensor.accelerometer_Event_4.data,503,4,0,0,0,epoch milliseconds (2018-03-05 14:29:37.125000),10.0,
S5_Standing_1_extracted,Event_4,android.sensor.gyroscope,android.sensor.gyroscope_Event_4.data,503,4,0,0,0,epoch milliseconds (2018-03-05 14:29:37.120000),10.0,
S5_Standing_1_extracted,Event_5,JinsAccelerometer,JinsAccelerometer_Event_5.data,100,4,0,0,0,epoch milliseconds (2018-03-05 14:29:47.504000),52.0,
S5_Standing_1_extracted,Event_5,JinsBlinkSpeed,JinsBlinkSpeed_Event_5.data,100,2,0,0,0,epoch milliseconds (2018-03-05 14:29:47.504000),52.0,
S5_Standing_1_extracted,Event_5,JinsBlinkStrength,JinsBlinkStrength_Event_5.data,100,2,0,0,0,epoch milliseconds (2018-03-05 14:29:47.504000),52.0,
S5_Standing_1_extracted,Event_5,JinsEyeMovement,JinsEyeMovement_Event_5.data,100,5,0,0,0,epoch milliseconds (2018-03-05 14:29:47.504000),52.0,
S5_Standing_1_extracted,Event_5,JinsGyroscope,JinsGyroscope_Event_5.data,100,4,0,0,0,epoch milliseconds (2018-03-05 14:29:47.504000),52.0,
S5_Standing_1_extracted,Event_5,PhoneAccelerometer,PhoneAccelerometer_Event_5.data,991,4,0,0,0,epoch milliseconds (2018-03-05 14:29:47.471000),5.0,
S5_Standing_1_extracted,Event_5,PhoneGravity,PhoneGravity_Event_5.data,991,4,0,0,0,epoch milliseconds (2018-03-05 14:29:47.471000),5.0,
S5_Standing_1_extracted,Event_5,PhoneGyroscope,PhoneGyroscope_Event_5.data,991,4,0,0,0,epoch milliseconds (2018-03-05 14:29:47.472000),5.0,
S5_Standing_1_extracted,Event_5,PhoneLinearAccelerometer,PhoneLinearAccelerometer_Event_5.data,991,4,0,0,0,epoch milliseconds (2018-03-05 14:29:47.473000),5.0,
S5_Standing_1_extracted,Event_5,PhoneMagnetometer,PhoneMagnetometer_Event_5.data,501,4,0,0,0,epoch milliseconds (2018-03-05 14:29:47.474000),10.0,
S5_Standing_1_extracted,Event_5,android.sensor.accelerometer,android.sensor.accelerometer_Event_5.data,496,4,0,0,0,epoch milliseconds (2018-03-05 14:29:47.475000),10.0,
S5_Standing_1_extracted,Event_5,android.sensor.gyroscope,android.sensor.gyroscope_Event_5.data,495,4,0,0,0,epoch milliseconds (2018-03-05 14:29:47.476000),10.0,
S5_Standing_1_extracted,Event_6,JinsAccelerometer,JinsAccelerometer_Event_6.data,101,4,0,0,0,epoch milliseconds (2018-03-05 14:29:58.162000),52.0,
S5_Standing_1_extracted,Event_6,JinsBlinkSpeed,JinsBlinkSpeed_Event_6.data,101,2,0,0,0,epoch milliseconds (2018-03-05 14:29:58.162000),52.0,
S5_Standing_1_extracted,Event_6,JinsBlinkStrength,JinsBlinkStrength_Event_6.data,101,2,0,0,0,epoch milliseconds (2018-03-05 14:29:58.162000),52.0,
S5_Standing_1_extracted,Event_6,JinsEyeMovement,JinsEyeMovement_Event_6.data,101,5,0,0,0,epoch milliseconds (2018-03-05 14:29:58.162000),52.0,
S5_Standing_1_extracted,Event_6,JinsGyroscope,JinsGyroscope_Event_6.data,101,4,0,0,0,epoch milliseconds (2018-03-05 14:29:58.162000),52.0,
S5_Standing_1_extracted,Event_6,PhoneAccelerometer,PhoneAccelerometer_Event_6.data,990,4,0,0,0,epoch milliseconds (2018-03-05 14:29:58.161000),5.0,
S5_Standing_1_extracted,Event_6,PhoneGravity,PhoneGravity_Event_6.data,991,4,0,0,0,epoch milliseconds (2018-03-05 14:29:58.160000),5.0,
S5_Standing_1_extracted,Event_6,PhoneGyroscope,PhoneGyroscope_Event_6.data,992,4,0,0,0,epoch milliseconds (2018-03-05 14:29:58.159000),5.0,
S5_Standing_1_extracted,Event_6,PhoneLinearAccelerometer,PhoneLinearAccelerometer_Event_6.data,992,4,0,0,0,epoch milliseconds (2018-03-05 14:29:58.158000),5.0,
S5_Standing_1_extracted,Event_6,PhoneMagnetometer,PhoneMagnetometer_Event_6.data,502,4,0,0,0,epoch milliseconds (2018-03-05 14:29:58.163000),10.0,
S5_Standing_1_extracted,Event_6,android.sensor.accelerometer,android.sensor.accelerometer_Event_6.data,489,4,0,0,0,epoch milliseconds (2018-03-05 14:29:58.167000),10.0,
S5_Standing_1_extracted,Event_6,android.sensor.gyroscope,android.sensor.gyroscope_Event_6.data,489,4,0,0,0,epoch milliseconds (2018-03-05 14:29:58.158000),10.0,
S5_Standing_1_extracted,Event_7,JinsAccelerometer,JinsAccelerometer_Event_7.data,99,4,0,0,0,epoch milliseconds (2018-03-05 14:30:11.529000),52.0,
S5_Standing_1_extracted,Event_7,JinsBlinkSpeed,JinsBlinkSpeed_Event_7.data,99,2,0,0,0,epoch milliseconds (2018-03-05 14:30:11.529000),52.0,
S5_Standing_1_extracted,Event_7,JinsBlinkStrength,JinsBlinkStrength_Event_7.data,99,2,0,0,0,epoch milliseconds (2018-03-05 14:30:11.529000),52.0,
S5_Standing_1_extracted,Event_7,JinsEyeMovement,JinsEyeMovement_Event_7.data,99,5,0,0,0,epoch milliseconds (2018-03-05 14:30:11.529000),52.0,
S5_Standing_1_extracted,Event_7,JinsGyroscope,JinsGyroscope_Event_7.data,99,4,0,0,0,epoch milliseconds (2018-03-05 14:30:11.529000),52.0,
S5_Standing_1_extracted,Event_7,PhoneAccelerometer,PhoneAccelerometer_Event_7.data,990,4,0,0,0,epoch milliseconds (2018-03-05 14:30:11.479000),5.0,
S5_Standing_1_extracted,Event_7,PhoneGravity,PhoneGravity_Event_7.data,991,4,0,0,0,epoch milliseconds (2018-03-05 14:30:11.478000),5.0,
S5_Standing_1_extracted,Event_7,PhoneGyroscope,PhoneGyroscope_Event_7.data,991,4,0,0,0,epoch milliseconds (2018-03-05 14:30:11.478000),5.0,
S5_Standing_1_extracted,Event_7,PhoneLinearAccelerometer,PhoneLinearAccelerometer_Event_7.data,991,4,0,0,0,epoch milliseconds (2018-03-05 14:30:11.481000),5.0,
S5_Standing_1_extracted,Event_7,PhoneMagnetometer,PhoneMagnetometer_Event_7.data,501,4,0,0,0,epoch milliseconds (2018-03-05 14:30:11.479000),10.0,
S5_Standing_1_extracted,Event_7,android.sensor.accelerometer,android.sensor.accelerometer_Event_7.data,495,4,0,0,0,epoch milliseconds (2018-03-05 14:30:11.484000),10.0,
S5_Standing_1_extracted,Event_7,android.sensor.gyroscope,android.sensor.gyroscope_Event_7.data,495,4,0,0,0,epoch milliseconds (2018-03-05 14:30:11.487000),10.0,
S5_Standing_1_extracted,Event_8,JinsAccelerometer,JinsAccelerometer_Event_8.data,101,4,0,0,0,epoch milliseconds (2018-03-05 14:30:22.709000),52.0,
S5_Standing_1_extracted,Event_8,JinsBlinkSpeed,JinsBlinkSpeed_Event_8.data,101,2,0,0,0,epoch milliseconds (2018-03-05 14:30:22.709000),52.0,
S5_Standing_1_extracted,Event_8,JinsBlinkStrength,JinsBlinkStrength_Event_8.data,101,2,0,0,0,epoch milliseconds (2018-03-05 14:30:22.709000),52.0,
S5_Standing_1_extracted,Event_8,JinsEyeMovement,JinsEyeMovement_Event_8.data,101,5,0,0,0,epoch milliseconds (2018-03-05 14:30:22.709000),52.0,
S5_Standing_1_extracted,Event_8,JinsGyroscope,JinsGyroscope_Event_8.data,101,4,0,0,0,epoch milliseconds (2018-03-05 14:30:22.709000),52.0,
S5_Standing_1_extracted,Event_8,PhoneAccelerometer,PhoneAccelerometer_Event_8.data,992,4,0,0,0,epoch milliseconds (2018-03-05 14:30:22.705000),5.0,
S5_Standing_1_extracted,Event_8,PhoneGravity,PhoneGravity_Event_8.data,991,4,0,0,0,epoch milliseconds (2018-03-05 14:30:22.705000),5.0,
S5_Standing_1_extracted,Event_8,PhoneGyroscope,PhoneGyroscope_Event_8.data,990,4,0,0,0,epoch milliseconds (2018-03-05 14:30:22.705000),5.0,
S5_Standing_1_extracted,Event_8,PhoneLinearAccelerometer,PhoneLinearAccelerometer_Event_8.data,990,4,0,0,0,epoch milliseconds (2018-03-05 14:30:22.705000),5.0,
S5_Standing_1_extracted,Event_8,PhoneMagnetometer,PhoneMagnetometer_Event_8.data,500,4,0,0,0,epoch milliseconds (2018-03-05 14:30:22.706000),10.0,
S5_Standing_1_extracted,Event_8,android.sensor.accelerometer,android.sensor.accelerometer_Event_8.data,505,4,0,0,0,epoch milliseconds (2018-03-05 14:30:22.710000),10.0,
S5_Standing_1_extracted,Event_8,android.sensor.gyroscope,android.sensor.gyroscope_Event_8.data,506,4,0,0,0,epoch milliseconds (2018-03-05 14:30:22.709000),10.0,
S5_Standing_1_extracted,Event_9,JinsAccelerometer,JinsAccelerometer_Event_9.data,101,4,0,0,0,epoch milliseconds (2018-03-05 14:30:34.259000),53.0,
S5_Standing_1_extracted,Event_9,JinsBlinkSpeed,JinsBlinkSpeed_Event_9.data,101,2,0,0,0,epoch milliseconds (2018-03-05 14:30:34.259000),53.0,
S5_Standing_1_extracted,Event_9,JinsBlinkStrength,JinsBlinkStrength_Event_9.data,101,2,0,0,0,epoch milliseconds (2018-03-05 14:30:34.259000),53.0,
S5_Standing_1_extracted,Event_9,JinsEyeMovement,JinsEyeMovement_Event_9.data,101,5,0,0,0,epoch milliseconds (2018-03-05 14:30:34.259000),53.0,
S5_Standing_1_extracted,Event_9,JinsGyroscope,JinsGyroscope_Event_9.data,101,4,0,0,0,epoch milliseconds (2018-03-05 14:30:34.259000),53.0,
S5_Standing_1_extracted,Event_9,PhoneAccelerometer,PhoneAccelerometer_Event_9.data,991,4,0,0,0,epoch milliseconds (2018-03-05 14:30:34.257000),5.0,
S5_Standing_1_extracted,Event_9,PhoneGravity,PhoneGravity_Event_9.data,992,4,0,0,0,epoch milliseconds (2018-03-05 14:30:34.254000),5.0,
S5_Standing_1_extracted,Event_9,PhoneGyroscope,PhoneGyroscope_Event_9.data,990,4,0,0,0,epoch milliseconds (2018-03-05 14:30:34.257000),5.0,
S5_Standing_1_extracted,Event_9,PhoneLinearAccelerometer,PhoneLinearAccelerometer_Event_9.data,989,4,0,0,0,epoch milliseconds (2018-03-05 14:30:34.258000),5.0,
S5_Standing_1_extracted,Event_9,PhoneMagnetometer,PhoneMagnetometer_Event_9.data,501,4,0,0,0,epoch milliseconds (2018-03-05 14:30:34.255000),10.0,
S5_Standing_1_extracted,Event_9,android.sensor.accelerometer,android.sensor.accelerometer_Event_9.data,498,4,0,0,0,epoch milliseconds (2018-03-05 14:30:34.253000),10.0,
S5_Standing_1_extracted,Event_9,android.sensor.gyroscope,android.sensor.gyroscope_Event_9.data,497,4,0,0,0,epoch milliseconds (2018-03-05 14:30:34.255000),10.0,
S5_Standing_2_extracted,Event_0,JinsAccelerometer,JinsAccelerometer_Event_0.data,100,4,0,0,0,epoch milliseconds (2018-03-12 16:39:20.258000),38.0,
S5_Standing_2_extracted,Event_0,JinsBlinkSpeed,JinsBlinkSpeed_Event_0.data,100,2,0,0,0,epoch milliseconds (2018-03-12 16:39:20.258000),38.0,
S5_Standing_2_extracted,Event_0,JinsBlinkStrength,JinsBlinkStrength_Event_0.data,100,2,0,0,0,epoch milliseconds (2018-03-12 16:39:20.258000),38.0,
S5_Standing_2_extracted,Event_0,JinsEyeMovement,JinsEyeMovement_Event_0.data,100,5,0,0,0,epoch milliseconds (2018-03-12 16:39:20.258000),38.0,
S5_Standing_2_extracted,Event_0,JinsGyroscope,JinsGyroscope_Event_0.data,100,4,0,0,0,epoch milliseconds (2018-03-12 16:39:20.258000),38.0,
S5_Standing_2_extracted,Event_0,PhoneAccelerometer,PhoneAccelerometer_Event_0.data,991,4,0,0,0,epoch milliseconds (2018-03-12 16:39:20.241000),5.0,
S5_Standing_2_extracted,Event_0,PhoneGravity,PhoneGravity_Event_0.data,991,4,0,0,0,epoch milliseconds (2018-03-12 16:39:20.241000),5.0,
S5_Standing_2_extracted,Event_0,PhoneGyroscope,PhoneGyroscope_Event_0.data,990,4,0,0,0,epoch milliseconds (2018-03-12 16:39:20.239000),5.0,
S5_Standing_2_extracted,Event_0,PhoneLinearAccelerometer,PhoneLinearAccelerometer_Event_0.data,992,4,0,0,0,epoch milliseconds (2018-03-12 16:39:20.238000),5.0,
S5_Standing_2_extracted,Event_0,PhoneMagnetometer,PhoneMagnetometer_Event_0.data,501,4,0,0,0,epoch milliseconds (2018-03-12 16:39:20.246000),10.0,
S5_Standing_2_extracted,Event_0,android.sensor.accelerometer,android.sensor.accelerometer_Event_0.data,495,4,0,0,0,epoch milliseconds (2018-03-12 16:39:20.244000),10.0,
S5_Standing_2_extracted,Event_0,android.sensor.gyroscope,android.sensor.gyroscope_Event_0.data,496,4,0,0,0,epoch milliseconds (2018-03-12 16:39:20.241000),10.0,
S5_Standing_2_extracted,Event_1,JinsAccelerometer,JinsAccelerometer_Event_1.data,100,4,0,0,0,epoch milliseconds (2018-03-12 16:39:35.297000),38.0,
S5_Standing_2_extracted,Event_1,JinsBlinkSpeed,JinsBlinkSpeed_Event_1.data,100,2,0,0,0,epoch milliseconds (2018-03-12 16:39:35.297000),38.0,
S5_Standing_2_extracted,Event_1,JinsBlinkStrength,JinsBlinkStrength_Event_1.data,100,2,0,0,0,epoch milliseconds (2018-03-12 16:39:35.297000),38.0,
S5_Standing_2_extracted,Event_1,JinsEyeMovement,JinsEyeMovement_Event_1.data,100,5,0,0,0,epoch milliseconds (2018-03-12 16:39:35.297000),38.0,
S5_Standing_2_extracted,Event_1,JinsGyroscope,JinsGyroscope_Event_1.data,100,4,0,0,0,epoch milliseconds (2018-03-12 16:39:35.297000),38.0,
S5_Standing_2_extracted,Event_1,PhoneAccelerometer,PhoneAccelerometer_Event_1.data,992,4,0,0,0,epoch milliseconds (2018-03-12 16:39:35.282000),5.0,
S5_Standing_2_extracted,Event_1,PhoneGravity,PhoneGravity_Event_1.data,992,4,0,0,0,epoch milliseconds (2018-03-12 16:39:35.283000),5.0,
S5_Standing_2_extracted,Event_1,PhoneGyroscope,PhoneGyroscope_Event_1.data,992,4,0,0,0,epoch milliseconds (2018-03-12 16:39:35.284000),5.0,
S5_Standing_2_extracted,Event_1,PhoneLinearAccelerometer,PhoneLinearAccelerometer_Event_1.data,992,4,0,0,0,epoch milliseconds (2018-03-12 16:39:35.284000),5.0,
S5_Standing_2_extracted,Event_1,PhoneMagnetometer,PhoneMagnetometer_Event_1.data,501,4,0,0,0,epoch milliseconds (2018-03-12 16:39:35.291000),10.0,
S5_Standing_2_extracted,Event_1,android.sensor.accelerometer,android.sensor.accelerometer_Event_1.data,510,4,0,0,0,epoch milliseconds (2018-03-12 16:39:35.290000),10.0,
S5_Standing_2_extracted,Event_1,android.sensor.gyroscope,android.sensor.gyroscope_Event_1.data,509,4,0,0,0,epoch milliseconds (2018-03-12 16:39:35.290000),10.0,
S5_Standing_2_extracted,Event_2,JinsAccelerometer,JinsAccelerometer_Event_2.data,100,4,0,0,0,epoch milliseconds (2018-03-12 16:39:46.472000),38.0,
S5_Standing_2_extracted,Event_2,JinsBlinkSpeed,JinsBlinkSpeed_Event_2.data,100,2,0,0,0,epoch milliseconds (2018-03-12 16:39:46.472000),38.0,
S5_Standing_2_extracted,Event_2,JinsBlinkStrength,JinsBlinkStrength_Event_2.data,100,2,0,0,0,epoch milliseconds (2018-03-12 16:39:46.472000),38.0,
S5_Standing_2_extracted,Event_2,JinsEyeMovement,JinsEyeMovement_Event_2.data,100,5,0,0,0,epoch milliseconds (2018-03-12 16:39:46.472000),38.0,
S5_Standing_2_extracted,Event_2,JinsGyroscope,JinsGyroscope_Event_2.data,100,4,0,0,0,epoch milliseconds (2018-03-12 16:39:46.472000),38.0,
S5_Standing_2_extracted,Event_2,PhoneAccelerometer,PhoneAccelerometer_Event_2.data,992,4,0,0,0,epoch milliseconds (2018-03-12 16:39:46.445000),5.0,
S5_Standing_2_extracted,Event_2,PhoneGravity,PhoneGravity_Event_2.data,991,4,0,0,0,epoch milliseconds (2018-03-12 16:39:46.443000),5.0,
S5_Standing_2_extracted,Event_2,PhoneGyroscope,PhoneGyroscope_Event_2.data,991,4,0,0,0,epoch milliseconds (2018-03-12 16:39:46.445000),5.0,
S5_Standing_2_extracted,Event_2,PhoneLinearAccelerometer,PhoneLinearAccelerometer_Event_2.data,992,4,0,0,0,epoch milliseconds (2018-03-12 16:39:46.446000),5.0,
S5_Standing_2_extracted,Event_2,PhoneMagnetometer,PhoneMagnetometer_Event_2.data,500,4,0,0,0,epoch milliseconds (2018-03-12 16:39:46.445000),10.0,
S5_Standing_2_extracted,Event_2,android.sensor.accelerometer,android.sensor.accelerometer_Event_2.data,497,4,0,0,0,epoch milliseconds (2018-03-12 16:39:46.446000),10.0,
S5_Standing_2_extracted,Event_2,android.sensor.gyroscope,android.sensor.gyroscope_Event_2.data,498,4,0,0,0,epoch milliseconds (2018-03-12 16:39:46.445000),10.0,
S5_Standing_2_extracted,Event_3,JinsAccelerometer,JinsAccelerometer_Event_3.data,100,4,0,0,0,epoch milliseconds (2018-03-12 16:39:57.569000),39.0,
S5_Standing_2_extracted,Event_3,JinsBlinkSpeed,JinsBlinkSpeed_Event_3.data,100,2,0,0,0,epoch milliseconds (2018-03-12 16:39:57.569000),39.0,
S5_Standing_2_extracted,Event_3,JinsBlinkStrength,JinsBlinkStrength_Event_3.data,100,2,0,0,0,epoch milliseconds (2018-03-12 16:39:57.569000),39.0,
S5_Standing_2_extracted,Event_3,JinsEyeMovement,JinsEyeMovement_Event_3.data,100,5,0,0,0,epoch milliseconds (2018-03-12 16:39:57.569000),39.0,
S5_Standing_2_extracted,Event_3,JinsGyroscope,JinsGyroscope_Event_3.data,100,4,0,0,0,epoch milliseconds (2018-03-12 16:39:57.569000),39.0,
S5_Standing_2_extracted,Event_3,PhoneAccelerometer,PhoneAccelerometer_Event_3.data,992,4,0,0,0,epoch milliseconds (2018-03-12 16:39:57.524000),5.0,
S5_Standing_2_extracted,Event_3,PhoneGravity,PhoneGravity_Event_3.data,991,4,0,0,0,epoch milliseconds (2018-03-12 16:39:57.523000),5.0,
S5_Standing_2_extracted,Event_3,PhoneGyroscope,PhoneGyroscope_Event_3.data,990,4,0,0,0,epoch milliseconds (2018-03-12 16:39:57.526000),5.0,
S5_Standing_2_extracted,Event_3,PhoneLinearAccelerometer,PhoneLinearAccelerometer_Event_3.data,992,4,0,0,0,epoch milliseconds (2018-03-12 16:39:57.526000),5.0,
S5_Standing_2_extracted,Event_3,PhoneMagnetometer,PhoneMagnetometer_Event_3.data,501,4,0,0,0,epoch milliseconds (2018-03-12 16:39:57.527000),10.0,
S5_Standing_2_extracted,Event_3,android.sensor.accelerometer,android.sensor.accelerometer_Event_3.data,503,4,0,0,0,epoch milliseconds (2018-03-12 16:39:57.522000),10.0,
S5_Standing_2_extracted,Event_3,android.sensor.gyroscope,android.sensor.gyroscope_Event_3.data,503,4,0,0,0,epoch milliseconds (2018-03-12 16:39:57.524000),10.0,
S5_Standing_2_extracted,Event_4,JinsAccelerometer,JinsAccelerometer_Event_4.data,99,4,0,0,0,epoch milliseconds (2018-03-12 16:40:11.067000),38.0,
S5_Standing_2_extracted,Event_4,JinsBlinkSpeed,JinsBlinkSpeed_Event_4.data,99,2,0,0,0,epoch milliseconds (2018-03-12 16:40:11.067000),38.0,
S5_Standing_2_extracted,Event_4,JinsBlinkStrength,JinsBlinkStrength_Event_4.data,99,2,0,0,0,epoch milliseconds (2018-03-12 16:40:11.067000),38.0,
S5_Standing_2_extracted,Event_4,JinsEyeMovement,JinsEyeMovement_Event_4.data,99,5,0,0,0,epoch milliseconds (2018-03-12 16:40:11.067000),38.0,
S5_Standing_2_extracted,Event_4,JinsGyroscope,JinsGyroscope_Event_4.data,99,4,0,0,0,epoch milliseconds (2018-03-12 16:40:11.067000),38.0,
S5_Standing_2_extracted,Event_4,PhoneAccelerometer,PhoneAccelerometer_Event_4.data,990,4,0,0,0,epoch milliseconds (2018-03-12 16:40:11.007000),5.0,
S5_Standing_2_extracted,Event_4,PhoneGravity,PhoneGravity_Event_4.data,991,4,0,0,0,epoch milliseconds (2018-03-12 16:40:11.003000),5.0,
S5_Standing_2_extracted,Event_4,PhoneGyroscope,PhoneGyroscope_Event_4.data,992,4,0,0,0,epoch milliseconds (2018-03-12 16:40:11.004000),5.0,
S5_Standing_2_extracted,Event_4,PhoneLinearAccelerometer,PhoneLinearAccelerometer_Event_4.data,991,4,0,0,0,epoch milliseconds (2018-03-12 16:40:11.002000),5.0,
S5_Standing_2_extracted,Event_4,PhoneMagnetometer,PhoneMagnetometer_Event_4.data,501,4,0,0,0,epoch milliseconds (2018-03-12 16:40:11.005000),10.0,
S5_Standing_2_extracted,Event_4,android.sensor.accelerometer,android.sensor.accelerometer_Event_4.data,498,4,0,0,0,epoch milliseconds (2018-03-12 16:40:11.007000),10.0,
S5_Standing_2_extracted,Event_4,android.sensor.gyroscope,android.sensor.gyroscope_Event_4.data,498,4,0,0,0,epoch milliseconds (2018-03-12 16:40:11.006000),10.0,
S5_Standing_2_extracted,Event_5,JinsAccelerometer,JinsAccelerometer_Event_5.data,99,4,0,0,0,epoch milliseconds (2018-03-12 16:40:22.026000),38.0,
S5_Standing_2_extracted,Event_5,JinsBlinkSpeed,JinsBlinkSpeed_Event_5.data,99,2,0,0,0,epoch milliseconds (2018-03-12 16:40:22.026000),38.0,
S5_Standing_2_extracted,Event_5,JinsBlinkStrength,JinsBlinkStrength_Event_5.data,99,2,0,0,0,epoch milliseconds (2018-03-12 16:40:22.026000),38.0,
S5_Standing_2_extracted,Event_5,JinsEyeMovement,JinsEyeMovement_Event_5.data,99,5,0,0,0,epoch milliseconds (2018-03-12 16:40:22.026000),38.0,
S5_Standing_2_extracted,Event_5,JinsGyroscope,JinsGyroscope_Event_5.data,99,4,0,0,0,epoch milliseconds (2018-03-12 16:40:22.026000),38.0,
S5_Standing_2_extracted,Event_5,PhoneAccelerometer,PhoneAccelerometer_Event_5.data,991,4,0,0,0,epoch milliseconds (2018-03-12 16:40:21.963000),5.0,
S5_Standing_2_extracted,Event_5,PhoneGravity,PhoneGravity_Event_5.data,991,4,0,0,0,epoch milliseconds (2018-03-12 16:40:21.964000),5.0,
S5_Standing_2_extracted,Event_5,PhoneGyroscope,PhoneGyroscope_Event_5.data,990,4,0,0,0,epoch milliseconds (2018-03-12 16:40:21.963000),5.0,
S5_Standing_2_extracted,Event_5,PhoneLinearAccelerometer,PhoneLinearAccelerometer_Event_5.data,992,4,0,0,0,epoch milliseconds (2018-03-12 16:40:21.963000),5.0,
S5_Standing_2_extracted,Event_5,PhoneMagnetometer,PhoneMagnetometer_Event_5.data,499,4,0,0,0,epoch milliseconds (2018-03-12 16:40:21.962000),10.0,
S5_Standing_2_extracted,Event_5,android.sensor.accelerometer,android.sensor.accelerometer_Event_5.data,502,4,0,0,0,epoch milliseconds (2018-03-12 16:40:21.965000),10.0,
S5_Standing_2_extracted,Event_5,android.sensor.gyroscope,android.sensor.gyroscope_Event_5.data,501,4,0,0,0,epoch milliseconds (2018-03-12 16:40:21.967000),10.0,
S5_Standing_2_extracted,Event_6,JinsAccelerometer,JinsAccelerometer_Event_6.data,100,4,0,0,0,epoch milliseconds (2018-03-12 16:40:32.374000),38.0,
S5_Standing_2_extracted,Event_6,JinsBlinkSpeed,JinsBlinkSpeed_Event_6.data,100,2,0,0,0,epoch milliseconds (2018-03-12 16:40:32.374000),38.0,
S5_Standing_2_extracted,Event_6,JinsBlinkStrength,JinsBlinkStrength_Event_6.data,100,2,0,0,0,epoch milliseconds (2018-03-12 16:40:32.374000),38.0,
S5_Standing_2_extracted,Event_6,JinsEyeMovement,JinsEyeMovement_Event_6.data,100,5,0,0,0,epoch milliseconds (2018-03-12 16:40:32.374000),38.0,
S5_Standing_2_extracted,Event_6,JinsGyroscope,JinsGyroscope_Event_6.data,100,4,0,0,0,epoch milliseconds (2018-03-12 16:40:32.374000),38.0,
S5_Standing_2_extracted,Event_6,PhoneAccelerometer,PhoneAccelerometer_Event_6.data,991,4,0,0,0,epoch milliseconds (2018-03-12 16:40:32.355000),5.0,
S5_Standing_2_extracted,Event_6,PhoneGravity,PhoneGravity_Event_6.data,990,4,0,0,0,epoch milliseconds (2018-03-12 16:40:32.355000),5.0,
S5_Standing_2_extracted,Event_6,PhoneGyroscope,PhoneGyroscope_Event_6.data,993,4,0,0,0,epoch milliseconds (2018-03-12 16:40:32.356000),5.0,
S5_Standing_2_extracted,Event_6,PhoneLinearAccelerometer,PhoneLinearAccelerometer_Event_6.data,992,4,0,0,0,epoch milliseconds (2018-03-12 16:40:32.354000),5.0,
S5_Standing_2_extracted,Event_6,PhoneMagnetometer,PhoneMagnetometer_Event_6.data,501,4,0,0,0,epoch milliseconds (2018-03-12 16:40:32.354000),10.0,
S5_Standing_2_extracted,Event_6,android.sensor.accelerometer,android.sensor.accelerometer_Event_6.data,495,4,0,0,0,epoch milliseconds (2018-03-12 16:40:32.354000),10.0,
S5_Standing_2_extracted,Event_6,android.sensor.gyroscope,android.sensor.gyroscope_Event_6.data,494,4,0,0,0,epoch milliseconds (2018-03-12 16:40:32.360000),10.0,
S5_Standing_2_extracted,Event_7,JinsAccelerometer,JinsAccelerometer_Event_7.data,100,4,0,0,0,epoch milliseconds (2018-03-12 16:40:42.645000),38.0,
S5_Standing_2_extracted,Event_7,JinsBlinkSpeed,JinsBlinkSpeed_Event_7.data,100,2,0,0,0,epoch milliseconds (2018-03-12 16:40:42.645000),38.0,
S5_Standing_2_extracted,Event_7,JinsBlinkStrength,JinsBlinkStrength_Event_7.data,100,2,0,0,0,epoch milliseconds (2018-03-12 16:40:42.645000),38.0,
S5_Standing_2_extracted,Event_7,JinsEyeMovement,JinsEyeMovement_Event_7.data,100,5,0,0,0,epoch milliseconds (2018-03-12 16:40:42.645000),38.0,
S5_Standing_2_extracted,Event_7,JinsGyroscope,JinsGyroscope_Event_7.data,100,4,0,0,0,epoch milliseconds (2018-03-12 16:40:42.645000),38.0,
S5_Standing_2_extracted,Event_7,PhoneAccelerometer,PhoneAccelerometer_Event_7.data,992,4,0,0,0,epoch milliseconds (2018-03-12 16:40:42.636000),5.0,
S5_Standing_2_extracted,Event_7,PhoneGravity,PhoneGravity_Event_7.data,991,4,0,0,0,epoch milliseconds (2018-03-12 16:40:42.635000),5.0,
S5_Standing_2_extracted,Event_7,PhoneGyroscope,PhoneGyroscope_Event_7.data,992,4,0,0,0,epoch milliseconds (2018-03-12 16:40:42.638000),5.0,
S5_Standing_2_extracted,Event_7,PhoneLinearAccelerometer,PhoneLinearAccelerometer_Event_7.data,991,4,0,0,0,epoch milliseconds (2018-03-12 16:40:42.634000),5.0,
S5_Standing_2_extracted,Event_7,PhoneMagnetometer,PhoneMagnetometer_Event_7.data,501,4,0,0,0,epoch milliseconds (2018-03-12 16:40:42.635000),10.0,
S5_Standing_2_extracted,Event_7,android.sensor.accelerometer,android.sensor.accelerometer_Event_7.data,496,4,0,0,0,epoch milliseconds (2018-03-12 16:40:42.643000),10.0,
S5_Standing_2_extracted,Event_7,android.sensor.gyroscope,android.sensor.gyroscope_Event_7.data,498,4,0,0,0,epoch milliseconds (2018-03-12 16:40:42.637000),10.0,
S5_Standing_2_extracted,Event_8,JinsAccelerometer,JinsAccelerometer_Event_8.data,100,4,0,0,0,epoch milliseconds (2018-03-12 16:40:53.108000),38.0,
S5_Standing_2_extracted,Event_8,JinsBlinkSpeed,JinsBlinkSpeed_Event_8.data,100,2,0,0,0,epoch milliseconds (2018-03-12 16:40:53.108000),38.0,
S5_Standing_2_extracted,Event_8,JinsBlinkStrength,JinsBlinkStrength_Event_8.data,100,2,0,0,0,epoch milliseconds (2018-03-12 16:40:53.108000),38.0,
S5_Standing_2_extracted,Event_8,JinsEyeMovement,JinsEyeMovement_Event_8.data,100,5,0,0,0,epoch milliseconds (2018-03-12 16:40:53.108000),38.0,
S5_Standing_2_extracted,Event_8,JinsGyroscope,JinsGyroscope_Event_8.data,100,4,0,0,0,epoch milliseconds (2018-03-12 16:40:53.108000),38.0,
S5_Standing_2_extracted,Event_8,PhoneAccelerometer,PhoneAccelerometer_Event_8.data,991,4,0,0,0,epoch milliseconds (2018-03-12 16:40:53.086000),5.0,
S5_Standing_2_extracted,Event_8,PhoneGravity,PhoneGravity_Event_8.data,991,4,0,0,0,epoch milliseconds (2018-03-12 16:40:53.082000),5.0,
S5_Standing_2_extracted,Event_8,PhoneGyroscope,PhoneGyroscope_Event_8.data,992,4,0,0,0,epoch milliseconds (2018-03-12 16:40:53.084000),5.0,
S5_Standing_2_extracted,Event_8,PhoneLinearAccelerometer,PhoneLinearAccelerometer_Event_8.data,991,4,0,0,0,epoch milliseconds (2018-03-12 16:40:53.086000),5.0,
S5_Standing_2_extracted,Event_8,PhoneMagnetometer,PhoneMagnetometer_Event_8.data,500,4,0,0,0,epoch milliseconds (2018-03-12 16:40:53.088000),10.0,
S5_Standing_2_extracted,Event_8,android.sensor.accelerometer,android.sensor.accelerometer_Event_8.data,498,4,0,0,0,epoch milliseconds (2018-03-12 16:40:53.082000),10.0,
S5_Standing_2_extracted,Event_8,android.sensor.gyroscope,android.sensor.gyroscope_Event_8.data,499,4,0,0,0,epoch milliseconds (2018-03-12 16:40:53.082000),10.0,
S5_Standing_2_extracted,Event_9,JinsAccelerometer,JinsAccelerometer_Event_9.data,100,4,0,0,0,epoch milliseconds (2018-03-12 16:41:03.421000),38.0,
S5_Standing_2_extracted,Event_9,JinsBlinkSpeed,JinsBlinkSpeed_Event_9.data,100,2,0,0,0,epoch milliseconds (2018-03-12 16:41:03.421000),38.0,
S5_Standing_2_extracted,Event_9,JinsBlinkStrength,JinsBlinkStrength_Event_9.data,100,2,0,0,0,epoch milliseconds (2018-03-12 16:41:03.421000),38.0,
S5_Standing_2_extracted,Event_9,JinsEyeMovement,JinsEyeMovement_Event_9.data,100,5,0,0,0,epoch milliseconds (2018-03-12 16:41:03.421000),38.0,
S5_Standing_2_extracted,Event_9,JinsGyroscope,JinsGyroscope_Event_9.data,100,4,0,0,0,epoch milliseconds (2018-03-12 16:41:03.421000),38.0,
S5_Standing_2_extracted,Event_9,PhoneAccelerometer,PhoneAccelerometer_Event_9.data,991,4,0,0,0,epoch milliseconds (2018-03-12 16:41:03.395000),5.0,
S5_Standing_2_extracted,Event_9,PhoneGravity,PhoneGravity_Event_9.data,990,4,0,0,0,epoch milliseconds (2018-03-12 16:41:03.396000),5.0,
S5_Standing_2_extracted,Event_9,PhoneGyroscope,PhoneGyroscope_Event_9.data,992,4,0,0,0,epoch milliseconds (2018-03-12 16:41:03.398000),5.0,
S5_Standing_2_extracted,Event_9,PhoneLinearAccelerometer,PhoneLinearAccelerometer_Event_9.data,993,4,0,0,0,epoch milliseconds (2018-03-12 16:41:03.395000),5.0,
S5_Standing_2_extracted,Event_9,PhoneMagnetometer,PhoneMagnetometer_Event_9.data,500,4,0,0,0,epoch milliseconds (2018-03-12 16:41:03.397000),10.0,
S5_Standing_2_extracted,Event_9,android.sensor.accelerometer,android.sensor.accelerometer_Event_9.data,491,4,0,0,0,epoch milliseconds (2018-03-12 16:41:03.403000),10.0,
S5_Standing_2_extracted,Event_9,android.sensor.gyroscope,android.sensor.gyroscope_Event_9.data,492,4,0,0,0,epoch milliseconds (2018-03-12 16:41:03.403000),10.0,
