original_folder,event,sensor,file,rows,columns,malformed_rows,missing_values,bad_timestamps,timestamp_format,median_interval_ms,error
S7_Bending_1_extracted,Event_0,JinsAccelerometer,JinsAccelerometer_Event_0.data,100,4,0,0,0,epoch milliseconds (2018-03-05 11:03:53.826000),52.0,
S7_Bending_1_extracted,Event_0,JinsBlinkSpeed,JinsBlinkSpeed_Event_0.data,100,2,0,0,0,epoch milliseconds (2018-03-05 11:03:53.826000),52.0,
S7_Bending_1_extracted,Event_0,JinsBlinkStrength,JinsBlinkStrength_Event_0.data,100,2,0,0,0,epoch milliseconds (2018-03-05 11:03:53.826000),52.0,
S7_Bending_1_extracted,Event_0,JinsEyeMovement,JinsEyeMovement_Event_0.data,100,5,0,0,0,epoch milliseconds (2018-03-05 11:03:53.826000),52.0,
S7_Bending_1_extracted,Event_0,JinsGyroscope,JinsGyroscope_Event_0.data,100,4,0,0,0,epoch milliseconds (2018-03-05 11:03:53.826000),52.0,
S7_Bending_1_extracted,Event_0,PhoneAccelerometer,PhoneAccelerometer_Event_0.data,1002,4,0,0,0,epoch milliseconds (2018-03-05 11:03:53.801000),5.0,
S7_Bending_1_extracted,Event_0,PhoneGravity,PhoneGravity_Event_0.data,1003,4,0,0,0,epoch milliseconds (2018-03-05 11:03:53.798000),5.0,
S7_Bending_1_extracted,Event_0,PhoneGyroscope,PhoneGyroscope_Event_0.data,1004,4,0,0,0,epoch milliseconds (2018-03-05 11:03:53.801000),5.0,
S7_Bending_1_extracted,Event_0,PhoneLinearAccelerometer,PhoneLinearAccelerometer_Event_0.data,1003,4,0,0,0,epoch milliseconds (2018-03-05 11:03:53.801000),5.0,
S7_Bending_1_extracted,Event_0,PhoneMagnetometer,PhoneMagnetometer_Event_0.data,501,4,0,0,0,epoch milliseconds (2018-03-05 11:03:53.805000),10.0,
S7_Bending_1_extracted,Event_0,android.sensor.accelerometer,android.sensor.accelerometer_Event_0.data,491,4,0,0,0,epoch milliseconds (2018-03-05 11:03:53.805000),10.0,
S7_Bending_1_extracted,Event_0,android.sensor.gyroscope,android.sensor.gyroscope_Event_0.data,491,4,0,0,0,epoch milliseconds (2018-03-05 11:03:53.800000),10.0,
S7_Bending_1_extracted,Event_1,JinsAccelerometer,JinsAccelerometer_Event_1.data,100,4,0,0,0,epoch milliseconds (2018-03-05 11:04:02.226000),52.0,
S7_Bending_1_extracted,Event_1,JinsBlinkSpeed,JinsBlinkSpeed_Event_1.data,100,2,0,0,0,epoch milliseconds (2018-03-05 11:04:02.226000),52.0,
S7_Bending_1_extracted,Event_1,JinsBlinkStrength,JinsBlinkStrength_Event_1.data,100,2,0,0,0,epoch milliseconds (2018-03-05 11:04:02.226000),52.0,
S7_Bending_1_extracted,Event_1,JinsEyeMovement,JinsEyeMovement_Event_1.data,100,5,0,0,0,epoch milliseconds (2018-03-05 11:04:02.226000),52.0,
S7_Bending_1_extracted,Event_1,JinsGyroscope,JinsGyroscope_Event_1.data,100,4,0,0,0,epoch milliseconds (2018-03-05 11:04:02.226000),52.0,
S7_Bending_1_extracted,Event_1,PhoneAccelerometer,PhoneAccelerometer_Event_1.data,1004,4,0,0,0,epoch milliseconds (2018-03-05 11:04:02.217000),5.0,
S7_Bending_1_extracted,Event_1,PhoneGravity,PhoneGravity_Event_1.data,1010,4,0,0,0,epoch milliseconds (2018-03-05 11:04:02.215000),5.0,
S7_Bending_1_extracted,Event_1,PhoneGyroscope,PhoneGyroscope_Event_1.data,1009,4,0,0,0,epoch milliseconds (2018-03-05 11:04:02.217000),5.0,
S7_Bending_1_extracted,Event_1,PhoneLinearAccelerometer,PhoneLinearAccelerometer_Event_1.data,1011,4,0,0,0,epoch milliseconds (2018-03-05 11:04:02.216000),5.0,
S7_Bending_1_extracted,Event_1,PhoneMagnetometer,PhoneMagnetometer_Event_1.data,500,4,0,0,0,epoch milliseconds (2018-03-05 11:04:02.223000),10.0,
S7_Bending_1_extracted,Event_1,android.sensor.accelerometer,android.sensor.accelerometer_Event_1.data,497,4,0,0,0,epoch milliseconds (2018-03-05 11:04:02.217000),10.0,
S7_Bending_1_extracted,Event_1,android.sensor.gyroscope,android.sensor.gyroscope_Event_1.data,496,4,0,0,0,epoch milliseconds (2018-03-05 11:04:02.220000),10.0,
S7_Bending_1_extracted,Event_2,JinsAccelerometer,JinsAccelerometer_Event_2.data,100,4,0,0,0,epoch milliseconds (2018-03-05 11:04:10.625000),52.0,
S7_Bending_1_extracted,Event_2,JinsBlinkSpeed,JinsBlinkSpeed_Event_2.data,100,2,0,0,0,epoch milliseconds (2018-03-05 11:04:10.625000),52.0,
S7_Bending_1_extracted,Event_2,JinsBlinkStrength,JinsBlinkStrength_Event_2.data,100,2,0,0,0,epoch milliseconds (2018-03-05 11:04:10.625000),52.0,
S7_Bending_1_extracted,Event_2,JinsEyeMovement,JinsEyeMovement_Event_2.data,100,5,0,0,0,epoch milliseconds (2018-03-05 11:04:10.625000),52.0,
S7_Bending_1_extracted,Event_2,JinsGyroscope,JinsGyroscope_Event_2.data,100,4,0,0,0,epoch milliseconds (2018-03-05 11:04:10.625000),52.0,
S7_Bending_1_extracted,Event_2,PhoneAccelerometer,PhoneAccelerometer_Event_2.data,1003,4,0,0,0,epoch milliseconds (2018-03-05 11:04:10.599000),5.0,
S7_Bending_1_extracted,Event_2,PhoneGravity,PhoneGravity_Event_2.data,1002,4,0,0,0,epoch milliseconds (2018-03-05 11:04:10.598000),5.0,
S7_Bending_1_extracted,Event_2,PhoneGyroscope,PhoneGyroscope_Event_2.data,1005,4,0,0,0,epoch milliseconds (2018-03-05 11:04:10.599000),5.0,
S7_Bending_1_extracted,Event_2,PhoneLinearAccelerometer,PhoneLinearAccelerometer_Event_2.data,1005,4,0,0,0,epoch milliseconds (2018-03-05 11:04:10.598000),5.0,
S7_Bending_1_extracted,Event_2,PhoneMagnetometer,PhoneMagnetometer_Event_2.data,500,4,0,0,0,epoch milliseconds (2018-03-05 11:04:10.604000),10.0,
S7_Bending_1_extracted,Event_2,android.sensor.accelerometer,android.sensor.accelerometer_Event_2.data,506,4,0,0,0,epoch milliseconds (2018-03-05 11:04:10.597000),10.0,
S7_Bending_1_extracted,Event_2,android.sensor.gyroscope,android.sensor.gyroscope_Event_2.data,507,4,0,0,0,epoch milliseconds (2018-03-05 11:04:10.595000),10.0,
S7_Bending_1_extracted,Event_3,JinsAccelerometer,JinsAccelerometer_Event_3.data,100,4,0,0,0,epoch milliseconds (2018-03-05 11:04:19.170000),53.0,
S7_Bending_1_extracted,Event_3,JinsBlinkSpeed,JinsBlinkSpeed_Event_3.data,100,2,0,0,0,epoch milliseconds (2018-03-05 11:04:19.170000),53.0,
S7_Bending_1_extracted,Event_3,JinsBlinkStrength,JinsBlinkStrength_Event_3.data,100,2,0,0,0,epoch milliseconds (2018-03-05 11:04:19.170000),53.0,
S7_Bending_1_extracted,Event_3,JinsEyeMovement,JinsEyeMovement_Event_3.data,100,5,0,0,0,epoch milliseconds (2018-03-05 11:04:19.170000),53.0,
S7_Bending_1_extracted,Event_3,JinsGyroscope,JinsGyroscope_Event_3.data,100,4,0,0,0,epoch milliseconds (2018-03-05 11:04:19.170000),53.0,
S7_Bending_1_extracted,Event_3,PhoneAccelerometer,PhoneAccelerometer_Event_3.data,1003,4,0,0,0,epoch milliseconds (2018-03-05 11:04:19.125000),5.0,
S7_Bending_1_extracted,Event_3,PhoneGravity,PhoneGravity_Event_3.data,1000,4,0,0,0,epoch milliseconds (2018-03-05 11:04:19.124000),5.0,
S7_Bending_1_extracted,Event_3,PhoneGyroscope,PhoneGyroscope_Event_3.data,1001,4,0,0,0,epoch milliseconds (2018-03-05 11:04:19.124000),5.0,
S7_Bending_1_extracted,Event_3,PhoneLinearAccelerometer,PhoneLinearAccelerometer_Event_3.data,999,4,0,0,0,epoch milliseconds (2018-03-05 11:04:19.127000),5.0,
S7_Bending_1_extracted,Event_3,PhoneMagnetometer,PhoneMagnetometer_Event_3.data,498,4,0,0,0,epoch milliseconds (2018-03-05 11:04:19.133000),10.0,
S7_Bending_1_extracted,Event_3,android.sensor.accelerometer,android.sensor.accelerometer_Event_3.data,500,4,0,0,0,epoch milliseconds (2018-03-05 11:04:19.131000),10.0,
S7_Bending_1_extracted,Event_3,android.sensor.gyroscope,android.sensor.gyroscope_Event_3.data,501,4,0,0,0,epoch milliseconds (2018-03-05 11:04:19.127000),10.0,
S7_Bending_1_extracted,Event_4,JinsAccelerometer,JinsAccelerometer_Event_4.data,100,4,0,0,0,epoch milliseconds (2018-03-05 11:04:27.661000),52.0,
S7_Bending_1_extracted,Event_4,JinsBlinkSpeed,JinsBlinkSpeed_Event_4.data,100,2,0,0,0,epoch milliseconds (2018-03-05 11:04:27.661000),52.0,
S7_Bending_1_extracted,Event_4,JinsBlinkStrength,JinsBlinkStrength_Event_4.data,100,2,0,0,0,epoch milliseconds (2018-03-05 11:04:27.661000),52.0,
S7_Bending_1_extracted,Event_4,JinsEyeMovement,JinsEyeMovement_Event_4.data,100,5,0,0,0,epoch milliseconds (2018-03-05 11:04:27.661000),52.0,
S7_Bending_1_extracted,Event_4,JinsGyroscope,JinsGyroscope_Event_4.data,100,4,0,0,0,epoch milliseconds (2018-03-05 11:04:27.661000),52.0,
S7_Bending_1_extracted,Event_4,PhoneAccelerometer,PhoneAccelerometer_Event_4.data,1002,4,0,0,0,epoch milliseconds (2018-03-05 11:04:27.655000),5.0,
S7_Bending_1_extracted,Event_4,PhoneGravity,PhoneGravity_Event_4.data,1007,4,0,0,0,epoch milliseconds (2018-03-05 11:04:27.658000),5.0,
S7_Bending_1_extracted,Event_4,PhoneGyroscope,PhoneGyroscope_Event_4.data,1005,4,0,0,0,epoch milliseconds (2018-03-05 11:04:27.659000),5.0,
S7_Bending_1_extracted,Event_4,PhoneLinearAccelerometer,PhoneLinearAccelerometer_Event_4.data,1006,4,0,0,0,epoch milliseconds (2018-03-05 11:04:27.660000),5.0,
S7_Bending_1_extracted,Event_4,PhoneMagnetometer,PhoneMagnetometer_Event_4.data,501,4,0,0,0,epoch milliseconds (2018-03-05 11:04:27.661000),10.0,
S7_Bending_1_extracted,Event_4,android.sensor.accelerometer,android.sensor.accelerometer_Event_4.data,500,4,0,0,0,epoch milliseconds (2018-03-05 11:04:27.664000),10.0,
S7_Bending_1_extracted,Event_4,android.sensor.gyroscope,android.sensor.gyroscope_Event_4.data,500,4,0,0,0,epoch milliseconds (2018-03-05 11:04:27.659000),10.0,
S7_Bending_1_extracted,Event_5,JinsAccelerometer,JinsAccelerometer_Event_5.data,100,4,0,0,0,epoch milliseconds (2018-03-05 11:04:36.008000),53.0,
S7_Bending_1_extracted,Event_5,JinsBlinkSpeed,JinsBlinkSpeed_Event_5.data,100,2,0,0,0,epoch milliseconds (2018-03-05 11:04:36.008000),53.0,
S7_Bending_1_extracted,Event_5,JinsBlinkStrength,JinsBlinkStrength_Event_5.data,100,2,0,0,0,epoch milliseconds (2018-03-05 11:04:36.008000),53.0,
S7_Bending_1_extracted,Event_5,JinsEyeMovement,JinsEyeMovement_Event_5.data,100,5,0,0,0,epoch milliseconds (2018-03-05 11:04:36.008000),53.0,
S7_Bending_1_extracted,Event_5,JinsGyroscope,JinsGyroscope_Event_5.data,100,4,0,0,0,epoch milliseconds (2018-03-05 11:04:36.008000),53.0,
S7_Bending_1_extracted,Event_5,PhoneAccelerometer,PhoneAccelerometer_Event_5.data,1004,4,0,0,0,epoch milliseconds (2018-03-05 11:04:36.005000),5.0,
S7_Bending_1_extracted,Event_5,PhoneGravity,PhoneGravity_Event_5.data,1002,4,0,0,0,epoch milliseconds (2018-03-05 11:04:36.002000),5.0,
S7_Bending_1_extracted,Event_5,PhoneGyroscope,PhoneGyroscope_Event_5.data,1002,4,0,0,0,epoch milliseconds (2018-03-05 11:04:36.002000),5.0,
S7_Bending_1_extracted,Event_5,PhoneLinearAccelerometer,PhoneLinearAccelerometer_Event_5.data,1005,4,0,0,0,epoch milliseconds (2018-03-05 11:04:36.004000),5.0,
S7_Bending_1_extracted,Event_5,PhoneMagnetometer,PhoneMagnetometer_Event_5.data,501,4,0,0,0,epoch milliseconds (2018-03-05 11:04:36.002000),10.0,
S7_Bending_1_extracted,Event_5,android.sensor.accelerometer,android.sensor.accelerometer_Event_5.data,496,4,0,0,0,epoch milliseconds (2018-03-05 11:04:36.002000),10.0,
S7_Bending_1_extracted,Event_5,android.sensor.gyroscope,android.sensor.gyroscope_Event_5.data,496,4,0,0,0,epoch milliseconds (2018-03-05 11:04:36.005000),10.0,
S7_Bending_1_extracted,Event_6,JinsAccelerometer,JinsAccelerometer_Event_6.data,99,4,0,0,0,epoch milliseconds (2018-03-05 11:04:44.409000),53.0,
S7_Bending_1_extracted,Event_6,JinsBlinkSpeed,JinsBlinkSpeed_Event_6.data,99,2,0,0,0,epoch milliseconds (2018-03-05 11:04:44.409000),53.0,
S7_Bending_1_extracted,Event_6,JinsBlinkStrength,JinsBlinkStrength_Event_6.data,99,2,0,0,0,epoch milliseconds (2018-03-05 11:04:44.409000),53.0,
S7_Bending_1_extracted,Event_6,JinsEyeMovement,JinsEyeMovement_Event_6.data,99,5,0,0,0,epoch milliseconds (2018-03-05 11:04:44.409000),53.0,
S7_Bending_1_extracted,Event_6,JinsGyroscope,JinsGyroscope_Event_6.data,99,4,0,0,0,epoch milliseconds (2018-03-05 11:04:44.409000),53.0,
S7_Bending_1_extracted,Event_6,PhoneAccelerometer,PhoneAccelerometer_Event_6.data,1004,4,0,0,0,epoch milliseconds (2018-03-05 11:04:44.359000),5.0,
S7_Bending_1_extracted,Event_6,PhoneGravity,PhoneGravity_Event_6.data,1004,4,0,0,0,epoch milliseconds (2018-03-05 11:04:44.359000),5.0,
S7_Bending_1_extracted,Event_6,PhoneGyroscope,PhoneGyroscope_Event_6.data,1003,4,0,0,0,epoch milliseconds (2018-03-05 11:04:44.360000),5.0,
S7_Bending_1_extracted,Event_6,PhoneLinearAccelerometer,PhoneLinearAccelerometer_Event_6.data,1002,4,0,0,0,epoch milliseconds (2018-03-05 11:04:44.357000),5.0,
S7_Bending_1_extracted,Event_6,PhoneMagnetometer,PhoneMagnetometer_Event_6.data,501,4,0,0,0,epoch milliseconds (2018-03-05 11:04:44.361000),10.0,
S7_Bending_1_extracted,Event_6,android.sensor.accelerometer,android.sensor.accelerometer_Event_6.data,502,4,0,0,0,epoch milliseconds (2018-03-05 11:04:44.357000),10.0,
S7_Bending_1_extracted,Event_6,android.sensor.gyroscope,android.sensor.gyroscope_Event_6.data,501,4,0,0,0,epoch milliseconds (2018-03-05 11:04:44.361000),10.0,
S7_Bending_1_extracted,Event_7,JinsAccelerometer,JinsAccelerometer_Event_7.data,100,4,0,0,0,epoch milliseconds (2018-03-05 11:04:53.177000),52.0,
S7_Bending_1_extracted,Event_7,JinsBlinkSpeed,JinsBlinkSpeed_Event_7.data,100,2,0,0,0,epoch milliseconds (2018-03-05 11:04:53.177000),52.0,
S7_Bending_1_extracted,Event_7,JinsBlinkStrength,JinsBlinkStrength_Event_7.data,100,2,0,0,0,epoch milliseconds (2018-03-05 11:04:53.177000),52.0,
S7_Bending_1_extracted,Event_7,JinsEyeMovement,JinsEyeMovement_Event_7.data,100,5,0,0,0,epoch milliseconds (2018-03-05 11:04:53.177000),52.0,
S7_Bending_1_extracted,Event_7,JinsGyroscope,JinsGyroscope_Event_7.data,100,4,0,0,0,epoch milliseconds (2018-03-05 11:04:53.177000),52.0,
S7_Bending_1_extracted,Event_7,PhoneAccelerometer,PhoneAccelerometer_Event_7.data,1012,4,0,0,0,epoch milliseconds (2018-03-05 11:04:53.139000),5.0,
S7_Bending_1_extracted,Event_7,PhoneGravity,PhoneGravity_Event_7.data,998,4,0,0,0,epoch milliseconds (2018-03-05 11:04:53.138000),5.0,
S7_Bending_1_extracted,Event_7,PhoneGyroscope,PhoneGyroscope_Event_7.data,997,4,0,0,0,epoch milliseconds (2018-03-05 11:04:53.138000),5.0,
S7_Bending_1_extracted,Event_7,PhoneLinearAccelerometer,PhoneLinearAccelerometer_Event_7.data,999,4,0,0,0,epoch milliseconds (2018-03-05 11:04:53.139000),5.0,
S7_Bending_1_extracted,Event_7,PhoneMagnetometer,PhoneMagnetometer_Event_7.data,501,4,0,0,0,epoch milliseconds (2018-03-05 11:04:53.141000),10.0,
S7_Bending_1_extracted,Event_7,android.sensor.accelerometer,android.sensor.accelerometer_Event_7.data,501,4,0,0,0,epoch milliseconds (2018-03-05 11:04:53.141000),10.0,
S7_Bending_1_extracted,Event_7,android.sensor.gyroscope,android.sensor.gyroscope_Event_7.data,502,4,0,0,0,epoch milliseconds (2018-03-05 11:04:53.136000),10.0,
S7_Bending_1_extracted,Event_8,JinsAccelerometer,JinsAccelerometer_Event_8.data,100,4,0,0,0,epoch milliseconds (2018-03-05 11:05:02.073000),52.0,
S7_Bending_1_extracted,Event_8,JinsBlinkSpeed,JinsBlinkSpeed_Event_8.data,100,2,0,0,0,epoch milliseconds (2018-03-05 11:05:02.073000),52.0,
S7_Bending_1_extracted,Event_8,JinsBlinkStrength,JinsBlinkStrength_Event_8.data,100,2,0,0,0,epoch milliseconds (2018-03-05 11:05:02.073000),52.0,
S7_Bending_1_extracted,Event_8,JinsEyeMovement,JinsEyeMovement_Event_8.data,100,5,0,0,0,epoch milliseconds (2018-03-05 11:05:02.073000),52.0,
S7_Bending_1_extracted,Event_8,JinsGyroscope,JinsGyroscope_Event_8.data,100,4,0,0,0,epoch milliseconds (2018-03-05 11:05:02.073000),52.0,
S7_Bending_1_extracted,Event_8,PhoneAccelerometer,PhoneAccelerometer_Event_8.data,1004,4,0,0,0,epoch milliseconds (2018-03-05 11:05:02.041000),5.0,
S7_Bending_1_extracted,Event_8,PhoneGravity,PhoneGravity_Event_8.data,1005,4,0,0,0,epoch milliseconds (2018-03-05 11:05:02.040000),5.0,
S7_Bending_1_extracted,Event_8,PhoneGyroscope,PhoneGyroscope_Event_8.data,1002,4,0,0,0,epoch milliseconds (2018-03-05 11:05:02.044000),5.0,
S7_Bending_1_extracted,Event_8,PhoneLinearAccelerometer,PhoneLinearAccelerometer_Event_8.data,1005,4,0,0,0,epoch milliseconds (2018-03-05 11:05:02.043000),5.0,
S7_Bending_1_extracted,Event_8,PhoneMagnetometer,PhoneMagnetometer_Event_8.data,501,4,0,0,0,epoch milliseconds (2018-03-05 11:05:02.047000),10.0,
S7_Bending_1_extracted,Event_8,android.sensor.accelerometer,android.sensor.accelerometer_Event_8.data,499,4,0,0,0,epoch milliseconds (2018-03-05 11:05:02.045000),10.0,
S7_Bending_1_extracted,Event_8,android.sensor.gyroscope,android.sensor.gyroscope_Event_8.data,498,4,0,0,0,epoch milliseconds (2018-03-05 11:05:02.048000),10.0,
S7_Bending_1_extracted,Event_9,JinsAccelerometer,JinsAccelerometer_Event_9.data,100,4,0,0,0,epoch milliseconds (2018-03-05 11:05:10.612000),53.0,
S7_Bending_1_extracted,Event_9,JinsBlinkSpeed,JinsBlinkSpeed_Event_9.data,100,2,0,0,0,epoch milliseconds (2018-03-05 11:05:10.612000),53.0,
S7_Bending_1_extracted,Event_9,JinsBlinkStrength,JinsBlinkStrength_Event_9.data,100,2,0,0,0,epoch milliseconds (2018-03-05 11:05:10.612000),53.0,
S7_Bending_1_extracted,Event_9,JinsEyeMovement,JinsEyeMovement_Event_9.data,100,5,0,0,0,epoch milliseconds (2018-03-05 11:05:10.612000),53.0,
S7_Bending_1_extracted,Event_9,JinsGyroscope,JinsGyroscope_Event_9.data,100,4,0,0,0,epoch milliseconds (2018-03-05 11:05:10.612000),53.0,
S7_Bending_1_extracted,Event_9,PhoneAccelerometer,PhoneAccelerometer_Event_9.data,1003,4,0,0,0,epoch milliseconds (2018-03-05 11:05:10.604000),5.0,
S7_Bending_1_extracted,Event_9,PhoneGravity,PhoneGravity_Event_9.data,1004,4,0,0,0,epoch milliseconds (2018-03-05 11:05:10.607000),5.0,
S7_Bending_1_extracted,Event_9,PhoneGyroscope,PhoneGyroscope_Event_9.data,1004,4,0,0,0,epoch milliseconds (2018-03-05 11:05:10.607000),5.0,
S7_Bending_1_extracted,Event_9,PhoneLinearAccelerometer,PhoneLinearAccelerometer_Event_9.data,1004,4,0,0,0,epoch milliseconds (2018-03-05 11:05:10.604000),5.0,
S7_Bending_1_extracted,Event_9,PhoneMagnetometer,PhoneMagnetometer_Event_9.data,500,4,0,0,0,epoch milliseconds (2018-03-05 11:05:10.610000),10.0,
S7_Bending_1_extracted,Event_9,android.sensor.accelerometer,android.sensor.accelerometer_Event_9.data,497,4,0,0,0,epoch milliseconds (2018-03-05 11:05:10.609000),10.0,
S7_Bending_1_extracted,Event_9,android.sensor.gyroscope,android.sensor.gyroscope_Event_9.data,496,4,0,0,0,epoch milliseconds (2018-03-05 11:05:10.611000),10.0,
S7_Bending_2_extracted,Event_0,JinsAccelerometer,JinsAccelerometer_Event_0.data,100,4,0,0,0,epoch milliseconds (2018-03-05 11:06:45.207000),52.0,
S7_Bending_2_extracted,Event_0,JinsBlinkSpeed,JinsBlinkSpeed_Event_0.data,100,2,0,0,0,epoch milliseconds (2018-03-05 11:06:45.207000),52.0,
S7_Bending_2_extracted,Event_0,JinsBlinkStrength,JinsBlinkStrength_Event_0.data,100,2,0,0,0,epoch milliseconds (2018-03-05 11:06:45.207000),52.0,
S7_Bending_2_extracted,Event_0,JinsEyeMovement,JinsEyeMovement_Event_0.data,100,5,0,0,0,epoch milliseconds (2018-03-05 11:06:45.207000),52.0,
S7_Bending_2_extracted,Event_0,JinsGyroscope,JinsGyroscope_Event_0.data,100,4,0,0,0,epoch milliseconds (2018-03-05 11:06:45.207000),52.0,
S7_Bending_2_extracted,Event_0,PhoneAccelerometer,PhoneAccelerometer_Event_0.data,1001,4,0,0,0,epoch milliseconds (2018-03-05 11:06:45.201000),5.0,
S7_Bending_2_extracted,Event_0,PhoneGravity,PhoneGravity_Event_0.data,1004,4,0,0,0,epoch milliseconds (2018-03-05 11:06:45.202000),5.0,
S7_Bending_2_extracted,Event_0,PhoneGyroscope,PhoneGyroscope_Event_0.data,1003,4,0,0,0,epoch milliseconds (2018-03-05 11:06:45.203000),5.0,
S7_Bending_2_extracted,Event_0,PhoneLinearAccelerometer,PhoneLinearAccelerometer_Event_0.data,1002,4,0,0,0,epoch milliseconds (2018-03-05 11:06:45.204000),5.0,
S7_Bending_2_extracted,Event_0,PhoneMagnetometer,PhoneMagnetometer_Event_0.data,505,4,0,0,0,epoch milliseconds (2018-03-05 11:06:45.209000),10.0,
S7_Bending_2_extracted,Event_0,android.sensor.accelerometer,android.sensor.accelerometer_Event_0.data,495,4,0,0,0,epoch milliseconds (2018-03-05 11:06:45.202000),10.0,
S7_Bending_2_extracted,Event_0,android.sensor.gyroscope,android.sensor.gyroscope_Event_0.data,494,4,0,0,0,epoch milliseconds (2018-03-05 11:06:45.209000),10.0,
S7_Bending_2_extracted,Event_1,JinsAccelerometer,JinsAccelerometer_Event_1.data,101,4,0,0,0,epoch milliseconds (2018-03-05 11:06:53.796000),52.0,
S7_Bending_2_extracted,Event_1,JinsBlinkSpeed,JinsBlinkSpeed_Event_1.data,101,2,0,0,0,epoch milliseconds (2018-03-05 11:06:53.796000),52.0,
S7_Bending_2_extracted,Event_1,JinsBlinkStrength,JinsBlinkStrength_Event_1.data,101,2,0,0,0,epoch milliseconds (2018-03-05 11:06:53.796000),52.0,
S7_Bending_2_extracted,Event_1,JinsEyeMovement,JinsEyeMovement_Event_1.data,101,5,0,0,0,epoch milliseconds (2018-03-05 11:06:53.796000),52.0,
S7_Bending_2_extracted,Event_1,JinsGyroscope,JinsGyroscope_Event_1.data,101,4,0,0,0,epoch milliseconds (2018-03-05 11:06:53.796000),52.0,
S7_Bending_2_extracted,Event_1,PhoneAccelerometer,PhoneAccelerometer_Event_1.data,1005,4,0,0,0,epoch milliseconds (2018-03-05 11:06:53.792000),5.0,
S7_Bending_2_extracted,Event_1,PhoneGravity,PhoneGravity_Event_1.data,1003,4,0,0,0,epoch milliseconds (2018-03-05 11:06:53.793000),5.0,
S7_Bending_2_extracted,Event_1,PhoneGyroscope,PhoneGyroscope_Event_1.data,1004,4,0,0,0,epoch milliseconds (2018-03-05 11:06:53.795000),5.0,
S7_Bending_2_extracted,Event_1,PhoneLinearAccelerometer,PhoneLinearAccelerometer_Event_1.data,1003,4,0,0,0,epoch milliseconds (2018-03-05 11:06:53.796000),5.0,
S7_Bending_2_extracted,Event_1,PhoneMagnetometer,PhoneMagnetometer_Event_1.data,501,4,0,0,0,epoch milliseconds (2018-03-05 11:06:53.799000),10.0,
S7_Bending_2_extracted,Event_1,android.sensor.accelerometer,android.sensor.accelerometer_Event_1.data,496,4,0,0,0,epoch milliseconds (2018-03-05 11:06:53.793000),10.0,
S7_Bending_2_extracted,Event_1,android.sensor.gyroscope,android.sensor.gyroscope_Event_1.data,494,4,0,0,0,epoch milliseconds (2018-03-05 11:06:53.798000),10.0,
S7_Bending_2_extracted,Event_2,JinsAccelerometer,JinsAccelerometer_Event_2.data,99,4,0,0,0,epoch milliseconds (2018-03-05 11:07:02.114000),52.0,
S7_Bending_2_extracted,Event_2,JinsBlinkSpeed,JinsBlinkSpeed_Event_2.data,99,2,0,0,0,epoch milliseconds (2018-03-05 11:07:02.114000),52.0,
S7_Bending_2_extracted,Event_2,JinsBlinkStrength,JinsBlinkStrength_Event_2.data,99,2,0,0,0,epoch milliseconds (2018-03-05 11:07:02.114000),52.0,
S7_Bending_2_extracted,Event_2,JinsEyeMovement,JinsEyeMovement_Event_2.data,99,5,0,0,0,epoch milliseconds (2018-03-05 11:07:02.114000),52.0,
S7_Bending_2_extracted,Event_2,JinsGyroscope,JinsGyroscope_Event_2.data,99,4,0,0,0,epoch milliseconds (2018-03-05 11:07:02.114000),52.0,
S7_Bending_2_extracted,Event_2,PhoneAccelerometer,PhoneAccelerometer_Event_2.data,1003,4,0,0,0,epoch milliseconds (2018-03-05 11:07:02.076000),5.0,
S7_Bending_2_extracted,Event_2,PhoneGravity,PhoneGravity_Event_2.data,1002,4,0,0,0,epoch milliseconds (2018-03-05 11:07:02.075000),5.0,
S7_Bending_2_extracted,Event_2,PhoneGyroscope,PhoneGyroscope_Event_2.data,1002,4,0,0,0,epoch milliseconds (2018-03-05 11:07:02.077000),5.0,
S7_Bending_2_extracted,Event_2,PhoneLinearAccelerometer,PhoneLinearAccelerometer_Event_2.data,1004,4,0,0,0,epoch milliseconds (2018-03-05 11:07:02.077000),5.0,
S7_Bending_2_extracted,Event_2,PhoneMagnetometer,PhoneMagnetometer_Event_2.data,501,4,0,0,0,epoch milliseconds (2018-03-05 11:07:02.082000),10.0,
S7_Bending_2_extracted,Event_2,android.sensor.accelerometer,android.sensor.accelerometer_Event_2.data,504,4,0,0,0,epoch milliseconds (2018-03-05 11:07:02.077000),10.0,
S7_Bending_2_extracted,Event_2,android.sensor.gyroscope,android.sensor.gyroscope_Event_2.data,503,4,0,0,0,epoch milliseconds (2018-03-05 11:07:02.083000),10.0,
S7_Bending_2_extracted,Event_3,JinsAccelerometer,JinsAccelerometer_Event_3.data,100,4,0,0,0,epoch milliseconds (2018-03-05 11:07:10.224000),53.0,
S7_Bending_2_extracted,Event_3,JinsBlinkSpeed,JinsBlinkSpeed_Event_3.data,100,2,0,0,0,epoch milliseconds (2018-03-05 11:07:10.224000),53.0,
S7_Bending_2_extracted,Event_3,JinsBlinkStrength,JinsBlinkStrength_Event_3.data,100,2,0,0,0,epoch milliseconds (2018-03-05 11:07:10.224000),53.0,
S7_Bending_2_extracted,Event_3,JinsEyeMovement,JinsEyeMovement_Event_3.data,100,5,0,0,0,epoch milliseconds (2018-03-05 11:07:10.224000),53.0,
S7_Bending_2_extracted,Event_3,JinsGyroscope,JinsGyroscope_Event_3.data,100,4,0,0,0,epoch milliseconds (2018-03-05 11:07:10.224000),53.0,
S7_Bending_2_extracted,Event_3,PhoneAccelerometer,PhoneAccelerometer_Event_3.data,1001,4,0,0,0,epoch milliseconds (2018-03-05 11:07:10.194000),5.0,
S7_Bending_2_extracted,Event_3,PhoneGravity,PhoneGravity_Event_3.data,1001,4,0,0,0,epoch milliseconds (2018-03-05 11:07:10.193000),5.0,
S7_Bending_2_extracted,Event_3,PhoneGyroscope,PhoneGyroscope_Event_3.data,1002,4,0,0,0,epoch milliseconds (2018-03-05 11:07:10.190000),5.0,
S7_Bending_2_extracted,Event_3,PhoneLinearAccelerometer,PhoneLinearAccelerometer_Event_3.data,998,4,0,0,0,epoch milliseconds (2018-03-05 11:07:10.193000),5.0,
S7_Bending_2_extracted,Event_3,PhoneMagnetometer,PhoneMagnetometer_Event_3.data,494,4,0,0,0,epoch milliseconds (2018-03-05 11:07:10.192000),10.0,
S7_Bending_2_extracted,Event_3,android.sensor.accelerometer,android.sensor.accelerometer_Event_3.data,501,4,0,0,0,epoch milliseconds (2018-03-05 11:07:10.190000),10.0,
S7_Bending_2_extracted,Event_3,android.sensor.gyroscope,android.sensor.gyroscope_Event_3.data,501,4,0,0,0,epoch milliseconds (2018-03-05 11:07:10.191000),10.0,
S7_Bending_2_extracted,Event_4,JinsAccelerometer,JinsAccelerometer_Event_4.data,100,4,0,0,0,epoch milliseconds (2018-03-05 11:07:18.623000),52.0,
S7_Bending_2_extracted,Event_4,JinsBlinkSpeed,JinsBlinkSpeed_Event_4.data,100,2,0,0,0,epoch milliseconds (2018-03-05 11:07:18.623000),52.0,
S7_Bending_2_extracted,Event_4,JinsBlinkStrength,JinsBlinkStrength_Event_4.data,100,2,0,0,0,epoch milliseconds (2018-03-05 11:07:18.623000),52.0,
S7_Bending_2_extracted,Event_4,JinsEyeMovement,JinsEyeMovement_Event_4.data,100,5,0,0,0,epoch milliseconds (2018-03-05 11:07:18.623000),52.0,
S7_Bending_2_extracted,Event_4,JinsGyroscope,JinsGyroscope_Event_4.data,100,4,0,0,0,epoch milliseconds (2018-03-05 11:07:18.623000),52.0,
S7_Bending_2_extracted,Event_4,PhoneAccelerometer,PhoneAccelerometer_Event_4.data,1003,4,0,0,0,epoch milliseconds (2018-03-05 11:07:18.608000),5.0,
S7_Bending_2_extracted,Event_4,PhoneGravity,PhoneGravity_Event_4.data,1004,4,0,0,0,epoch milliseconds (2018-03-05 11:07:18.607000),5.0,
S7_Bending_2_extracted,Event_4,PhoneGyroscope,PhoneGyroscope_Event_4.data,1004,4,0,0,0,epoch milliseconds (2018-03-05 11:07:18.609000),5.0,
S7_Bending_2_extracted,Event_4,PhoneLinearAccelerometer,PhoneLinearAccelerometer_Event_4.data,1005,4,0,0,0,epoch milliseconds (2018-03-05 11:07:18.608000),5.0,
S7_Bending_2_extracted,Event_4,PhoneMagnetometer,PhoneMagnetometer_Event_4.data,501,4,0,0,0,epoch milliseconds (2018-03-05 11:07:18.607000),10.0,
S7_Bending_2_extracted,Event_4,android.sensor.accelerometer,android.sensor.accelerometer_Event_4.data,492,4,0,0,0,epoch milliseconds (2018-03-05 11:07:18.608000),10.0,
S7_Bending_2_extracted,Event_4,android.sensor.gyroscope,android.sensor.gyroscope_Event_4.data,492,4,0,0,0,epoch milliseconds (2018-03-05 11:07:18.611000),10.0,
S7_Bending_2_extracted,Event_5,JinsAccelerometer,JinsAccelerometer_Event_5.data,99,4,0,0,0,epoch milliseconds (2018-03-05 11:07:26.870000),52.5,
S7_Bending_2_extracted,Event_5,JinsBlinkSpeed,JinsBlinkSpeed_Event_5.data,99,2,0,0,0,epoch milliseconds (2018-03-05 11:07:26.870000),52.5,
S7_Bending_2_extracted,Event_5,JinsBlinkStrength,JinsBlinkStrength_Event_5.data,99,2,0,0,0,epoch milliseconds (2018-03-05 11:07:26.870000),52.5,
S7_Bending_2_extracted,Event_5,JinsEyeMovement,JinsEyeMovement_Event_5.data,99,5,0,0,0,epoch milliseconds (2018-03-05 11:07:26.870000),52.5,
S7_Bending_2_extracted,Event_5,JinsGyroscope,JinsGyroscope_Event_5.data,99,4,0,0,0,epoch milliseconds (2018-03-05 11:07:26.870000),52.5,
S7_Bending_2_extracted,Event_5,PhoneAccelerometer,PhoneAccelerometer_Event_5.data,1006,4,0,0,0,epoch milliseconds (2018-03-05 11:07:26.826000),5.0,
S7_Bending_2_extracted,Event_5,PhoneGravity,PhoneGravity_Event_5.data,1010,4,0,0,0,epoch milliseconds (2018-03-05 11:07:26.825000),5.0,
S7_Bending_2_extracted,Event_5,PhoneGyroscope,PhoneGyroscope_Event_5.data,1010,4,0,0,0,epoch milliseconds (2018-03-05 11:07:26.825000),5.0,
S7_Bending_2_extracted,Event_5,PhoneLinearAccelerometer,PhoneLinearAccelerometer_Event_5.data,1006,4,0,0,0,epoch milliseconds (2018-03-05 11:07:26.827000),5.0,
S7_Bending_2_extracted,Event_5,PhoneMagnetometer,PhoneMagnetometer_Event_5.data,505,4,0,0,0,epoch milliseconds (2018-03-05 11:07:26.827000),10.0,
S7_Bending_2_extracted,Event_5,android.sensor.accelerometer,android.sensor.accelerometer_Event_5.data,500,4,0,0,0,epoch milliseconds (2018-03-05 11:07:26.826000),10.0,
S7_Bending_2_extracted,Event_5,android.sensor.gyroscope,android.sensor.gyroscope_Event_5.data,499,4,0,0,0,epoch milliseconds (2018-03-05 11:07:26.833000),10.0,
S7_Bending_2_extracted,Event_6,JinsAccelerometer,JinsAccelerometer_Event_6.data,100,4,0,0,0,epoch milliseconds (2018-03-05 11:07:35.266000),52.0,
S7_Bending_2_extracted,Event_6,JinsBlinkSpeed,JinsBlinkSpeed_Event_6.data,100,2,0,0,0,epoch milliseconds (2018-03-05 11:07:35.266000),52.0,
S7_Bending_2_extracted,Event_6,JinsBlinkStrength,JinsBlinkStrength_Event_6.data,100,2,0,0,0,epoch milliseconds (2018-03-05 11:07:35.266000),52.0,
S7_Bending_2_extracted,Event_6,JinsEyeMovement,JinsEyeMovement_Event_6.data,100,5,0,0,0,epoch milliseconds (2018-03-05 11:07:35.266000),52.0,
S7_Bending_2_extracted,Event_6,JinsGyroscope,JinsGyroscope_Event_6.data,100,4,0,0,0,epoch milliseconds (2018-03-05 11:07:35.266000),52.0,
S7_Bending_2_extracted,Event_6,PhoneAccelerometer,PhoneAccelerometer_Event_6.data,990,4,0,0,0,epoch milliseconds (2018-03-05 11:07:35.265000),5.0,
S7_Bending_2_extracted,Event_6,PhoneGravity,PhoneGravity_Event_6.data,997,4,0,0,0,epoch milliseconds (2018-03-05 11:07:35.263000),5.0,
S7_Bending_2_extracted,Event_6,PhoneGyroscope,PhoneGyroscope_Event_6.data,998,4,0,0,0,epoch milliseconds (2018-03-05 11:07:35.261000),5.0,
S7_Bending_2_extracted,Event_6,PhoneLinearAccelerometer,PhoneLinearAccelerometer_Event_6.data,998,4,0,0,0,epoch milliseconds (2018-03-05 11:07:35.262000),5.0,
S7_Bending_2_extracted,Event_6,PhoneMagnetometer,PhoneMagnetometer_Event_6.data,502,4,0,0,0,epoch milliseconds (2018-03-05 11:07:35.261000),10.0,
S7_Bending_2_extracted,Event_6,android.sensor.accelerometer,android.sensor.accelerometer_Event_6.data,491,4,0,0,0,epoch milliseconds (2018-03-05 11:07:35.270000),10.0,
S7_Bending_2_extracted,Event_6,android.sensor.gyroscope,android.sensor.gyroscope_Event_6.data,492,4,0,0,0,epoch milliseconds (2018-03-05 11:07:35.263000),10.0,
S7_Bending_2_extracted,Event_7,JinsAccelerometer,JinsAccelerometer_Event_7.data,99,4,0,0,0,epoch milliseconds (2018-03-05 11:07:43.722000),52.0,
S7_Bending_2_extracted,Event_7,JinsBlinkSpeed,JinsBlinkSpeed_Event_7.data,99,2,0,0,0,epoch milliseconds (2018-03-05 11:07:43.722000),52.0,
S7_Bending_2_extracted,Event_7,JinsBlinkStrength,JinsBlinkStrength_Event_7.data,99,2,0,0,0,epoch milliseconds (2018-03-05 11:07:43.722000),52.0,
S7_Bending_2_extracted,Event_7,JinsEyeMovement,JinsEyeMovement_Event_7.data,99,5,0,0,0,epoch milliseconds (2018-03-05 11:07:43.722000),52.0,
S7_Bending_2_extracted,Event_7,JinsGyroscope,JinsGyroscope_Event_7.data,99,4,0,0,0,epoch milliseconds (2018-03-05 11:07:43.722000),52.0,
S7_Bending_2_extracted,Event_7,PhoneAccelerometer,PhoneAccelerometer_Event_7.data,1003,4,0,0,0,epoch milliseconds (2018-03-05 11:07:43.685000),5.0,
S7_Bending_2_extracted,Event_7,PhoneGravity,PhoneGravity_Event_7.data,1004,4,0,0,0,epoch milliseconds (2018-03-05 11:07:43.682000),5.0,
S7_Bending_2_extracted,Event_7,PhoneGyroscope,PhoneGyroscope_Event_7.data,1003,4,0,0,0,epoch milliseconds (2018-03-05 11:07:43.683000),5.0,
S7_Bending_2_extracted,Event_7,PhoneLinearAccelerometer,PhoneLinearAccelerometer_Event_7.data,1003,4,0,0,0,epoch milliseconds (2018-03-05 11:07:43.683000),5.0,
S7_Bending_2_extracted,Event_7,PhoneMagnetometer,PhoneMagnetometer_Event_7.data,501,4,0,0,0,epoch milliseconds (2018-03-05 11:07:43.682000),10.0,
S7_Bending_2_extracted,Event_7,android.sensor.accelerometer,android.sensor.accelerometer_Event_7.data,478,4,0,0,0,epoch milliseconds (2018-03-05 11:07:43.683000),10.0,
S7_Bending_2_extracted,Event_7,android.sensor.gyroscope,android.sensor.gyroscope_Event_7.data,477,4,0,0,0,epoch milliseconds (2018-03-05 11:07:43.689000),10.0,
S7_Bending_2_extracted,Event_8,JinsAccelerometer,JinsAccelerometer_Event_8.data,100,4,0,0,0,epoch milliseconds (2018-03-05 11:07:51.830000),53.0,
S7_Bending_2_extracted,Event_8,JinsBlinkSpeed,JinsBlinkSpeed_Event_8.data,100,2,0,0,0,epoch milliseconds (2018-03-05 11:07:51.830000),53.0,
S7_Bending_2_extracted,Event_8,JinsBlinkStrength,JinsBlinkStrength_Event_8.data,100,2,0,0,0,epoch milliseconds (2018-03-05 11:07:51.830000),53.0,
S7_Bending_2_extracted,Event_8,JinsEyeMovement,JinsEyeMovement_Event_8.data,100,5,0,0,0,epoch milliseconds (2018-03-05 11:07:51.830000),53.0,
S7_Bending_2_extracted,Event_8,JinsGyroscope,JinsGyroscope_Event_8.data,100,4,0,0,0,epoch milliseconds (2018-03-05 11:07:51.830000),53.0,
S7_Bending_2_extracted,Event_8,PhoneAccelerometer,PhoneAccelerometer_Event_8.data,1003,4,0,0,0,epoch milliseconds (2018-03-05 11:07:51.785000),5.0,
S7_Bending_2_extracted,Event_8,PhoneGravity,PhoneGravity_Event_8.data,1001,4,0,0,0,epoch milliseconds (2018-03-05 11:07:51.784000),5.0,
S7_Bending_2_extracted,Event_8,PhoneGyroscope,PhoneGyroscope_Event_8.data,1004,4,0,0,0,epoch milliseconds (2018-03-05 11:07:51.782000),5.0,
S7_Bending_2_extracted,Event_8,PhoneLinearAccelerometer,PhoneLinearAccelerometer_Event_8.data,1004,4,0,0,0,epoch milliseconds (2018-03-05 11:07:51.781000),5.0,
S7_Bending_2_extracted,Event_8,PhoneMagnetometer,PhoneMagnetometer_Event_8.data,501,4,0,0,0,epoch milliseconds (2018-03-05 11:07:51.784000),10.0,
S7_Bending_2_extracted,Event_8,android.sensor.accelerometer,android.sensor.accelerometer_Event_8.data,509,4,0,0,0,epoch milliseconds (2018-03-05 11:07:51.786000),10.0,
S7_Bending_2_extracted,Event_8,android.sensor.gyroscope,android.sensor.gyroscope_Event_8.data,509,4,0,0,0,epoch milliseconds (2018-03-05 11:07:51.783000),10.0,
S7_Bending_2_extracted,Event_9,JinsAccelerometer,JinsAccelerometer_Event_9.data,99,4,0,0,0,epoch milliseconds (2018-03-05 11:07:59.967000),52.0,
S7_Bending_2_extracted,Event_9,JinsBlinkSpeed,JinsBlinkSpeed_Event_9.data,99,2,0,0,0,epoch milliseconds (2018-03-05 11:07:59.967000),52.0,
S7_Bending_2_extracted,Event_9,JinsBlinkStrength,JinsBlinkStrength_Event_9.data,99,2,0,0,0,epoch milliseconds (2018-03-05 11:07:59.967000),52.0,
S7_Bending_2_extracted,Event_9,JinsEyeMovement,JinsEyeMovement_Event_9.data,99,5,0,0,0,epoch milliseconds (2018-03-05 11:07:59.967000),52.0,
S7_Bending_2_extracted,Event_9,JinsGyroscope,JinsGyroscope_Event_9.data,99,4,0,0,0,epoch milliseconds (2018-03-05 11:07:59.967000),52.0,
S7_Bending_2_extracted,Event_9,PhoneAccelerometer,PhoneAccelerometer_Event_9.data,1004,4,0,0,0,epoch milliseconds (2018-03-05 11:07:59.931000),5.0,
S7_Bending_2_extracted,Event_9,PhoneGravity,PhoneGravity_Event_9.data,1004,4,0,0,0,epoch milliseconds (2018-03-05 11:07:59.928000),5.0,
S7_Bending_2_extracted,Event_9,PhoneGyroscope,PhoneGyroscope_Event_9.data,1005,4,0,0,0,epoch milliseconds (2018-03-05 11:07:59.930000),5.0,
S7_Bending_2_extracted,Event_9,PhoneLinearAccelerometer,PhoneLinearAccelerometer_Event_9.data,1004,4,0,0,0,epoch milliseconds (2018-03-05 11:07:59.927000),5.0,
S7_Bending_2_extracted,Event_9,PhoneMagnetometer,PhoneMagnetometer_Event_9.data,501,4,0,0,0,epoch milliseconds (2018-03-05 11:07:59.931000),10.0,
S7_Bending_2_extracted,Event_9,android.sensor.accelerometer,android.sensor.accelerometer_Event_9.data,498,4,0,0,0,epoch milliseconds (2018-03-05 11:07:59.936000),10.0,
S7_Bending_2_extracted,Event_9,android.sensor.gyroscope,android.sensor.gyroscope_Event_9.data,499,4,0,0,0,epoch milliseconds (2018-03-05 11:07:59.931000),10.0,
S7_Walking_1_extracted,Event_0,JinsAccelerometer,JinsAccelerometer_Event_0.data,100,4,0,0,0,epoch milliseconds (2018-03-05 10:56:13.747000),52.0,
S7_Walking_1_extracted,Event_0,JinsBlinkSpeed,JinsBlinkSpeed_Event_0.data,100,2,0,0,0,epoch milliseconds (2018-03-05 10:56:13.747000),52.0,
S7_Walking_1_extracted,Event_0,JinsBlinkStrength,JinsBlinkStrength_Event_0.data,100,2,0,0,0,epoch milliseconds (2018-03-05 10:56:13.747000),52.0,
S7_Walking_1_extracted,Event_0,JinsEyeMovement,JinsEyeMovement_Event_0.data,100,5,0,0,0,epoch milliseconds (2018-03-05 10:56:13.747000),52.0,
S7_Walking_1_extracted,Event_0,JinsGyroscope,JinsGyroscope_Event_0.data,100,4,0,0,0,epoch milliseconds (2018-03-05 10:56:13.747000),52.0,
S7_Walking_1_extracted,Event_0,PhoneAccelerometer,PhoneAccelerometer_Event_0.data,1001,4,0,0,0,epoch milliseconds (2018-03-05 10:56:13.724000),5.0,
S7_Walking_1_extracted,Event_0,PhoneGravity,PhoneGravity_Event_0.data,1002,4,0,0,0,epoch milliseconds (2018-03-05 10:56:13.724000),5.0,
S7_Walking_1_extracted,Event_0,PhoneGyroscope,PhoneGyroscope_Event_0.data,1001,4,0,0,0,epoch milliseconds (2018-03-05 10:56:13.723000),5.0,
S7_Walking_1_extracted,Event_0,PhoneLinearAccelerometer,PhoneLinearAccelerometer_Event_0.data,1003,4,0,0,0,epoch milliseconds (2018-03-05 10:56:13.721000),5.0,
S7_Walking_1_extracted,Event_0,PhoneMagnetometer,PhoneMagnetometer_Event_0.data,496,4,0,0,0,epoch milliseconds (2018-03-05 10:56:13.729000),10.0,
S7_Walking_1_extracted,Event_0,android.sensor.accelerometer,android.sensor.accelerometer_Event_0.data,499,4,0,0,0,epoch milliseconds (2018-03-05 10:56:13.726000),10.0,
S7_Walking_1_extracted,Event_0,android.sensor.gyroscope,android.sensor.gyroscope_Event_0.data,499,4,0,0,0,epoch milliseconds (2018-03-05 10:56:13.728000),10.0,
S7_Walking_1_extracted,Event_1,JinsAccelerometer,JinsAccelerometer_Event_1.data,100,4,0,0,0,epoch milliseconds (2018-03-05 10:56:27.061000),52.0,
S7_Walking_1_extracted,Event_1,JinsBlinkSpeed,JinsBlinkSpeed_Event_1.data,100,2,0,0,0,epoch milliseconds (2018-03-05 10:56:27.061000),52.0,
S7_Walking_1_extracted,Event_1,JinsBlinkStrength,JinsBlinkStrength_Event_1.data,100,2,0,0,0,epoch milliseconds (2018-03-05 10:56:27.061000),52.0,
S7_Walking_1_extracted,Event_1,JinsEyeMovement,JinsEyeMovement_Event_1.data,100,5,0,0,0,epoch milliseconds (2018-03-05 10:56:27.061000),52.0,
S7_Walking_1_extracted,Event_1,JinsGyroscope,JinsGyroscope_Event_1.data,100,4,0,0,0,epoch milliseconds (2018-03-05 10:56:27.061000),52.0,
S7_Walking_1_extracted,Event_1,PhoneAccelerometer,PhoneAccelerometer_Event_1.data,1004,4,0,0,0,epoch milliseconds (2018-03-05 10:56:27.042000),5.0,
S7_Walking_1_extracted,Event_1,PhoneGravity,PhoneGravity_Event_1.data,996,4,0,0,0,epoch milliseconds (2018-03-05 10:56:27.044000),5.0,
S7_Walking_1_extracted,Event_1,PhoneGyroscope,PhoneGyroscope_Event_1.data,995,4,0,0,0,epoch milliseconds (2018-03-05 10:56:27.042000),5.0,
S7_Walking_1_extracted,Event_1,PhoneLinearAccelerometer,PhoneLinearAccelerometer_Event_1.data,999,4,0,0,0,epoch milliseconds (2018-03-05 10:56:27.043000),5.0,
S7_Walking_1_extracted,Event_1,PhoneMagnetometer,PhoneMagnetometer_Event_1.data,501,4,0,0,0,epoch milliseconds (2018-03-05 10:56:27.047000),10.0,
S7_Walking_1_extracted,Event_1,android.sensor.accelerometer,android.sensor.accelerometer_Event_1.data,496,4,0,0,0,epoch milliseconds (2018-03-05 10:56:27.124000),10.0,
S7_Walking_1_extracted,Event_1,android.sensor.gyroscope,android.sensor.gyroscope_Event_1.data,496,4,0,0,0,epoch milliseconds (2018-03-05 10:56:27.117000),10.0,
S7_Walking_1_extracted,Event_2,JinsAccelerometer,JinsAccelerometer_Event_2.data,100,4,0,0,0,epoch milliseconds (2018-03-05 10:56:38.822000),52.0,
S7_Walking_1_extracted,Event_2,JinsBlinkSpeed,JinsBlinkSpeed_Event_2.data,100,2,0,0,0,epoch milliseconds (2018-03-05 10:56:38.822000),52.0,
S7_Walking_1_extracted,Event_2,JinsBlinkStrength,JinsBlinkStrength_Event_2.data,100,2,0,0,0,epoch milliseconds (2018-03-05 10:56:38.822000),52.0,
S7_Walking_1_extracted,Event_2,JinsEyeMovement,JinsEyeMovement_Event_2.data,100,5,0,0,0,epoch milliseconds (2018-03-05 10:56:38.822000),52.0,
S7_Walking_1_extracted,Event_2,JinsGyroscope,JinsGyroscope_Event_2.data,100,4,0,0,0,epoch milliseconds (2018-03-05 10:56:38.822000),52.0,
S7_Walking_1_extracted,Event_2,PhoneAccelerometer,PhoneAccelerometer_Event_2.data,1006,4,0,0,0,epoch milliseconds (2018-03-05 10:56:38.770000),5.0,
S7_Walking_1_extracted,Event_2,PhoneGravity,PhoneGravity_Event_2.data,1006,4,0,0,0,epoch milliseconds (2018-03-05 10:56:38.770000),5.0,
S7_Walking_1_extracted,Event_2,PhoneGyroscope,PhoneGyroscope_Event_2.data,1006,4,0,0,0,epoch milliseconds (2018-03-05 10:56:38.772000),5.0,
S7_Walking_1_extracted,Event_2,PhoneLinearAccelerometer,PhoneLinearAccelerometer_Event_2.data,1001,4,0,0,0,epoch milliseconds (2018-03-05 10:56:38.769000),5.0,
S7_Walking_1_extracted,Event_2,PhoneMagnetometer,PhoneMagnetometer_Event_2.data,502,4,0,0,0,epoch milliseconds (2018-03-05 10:56:38.770000),10.0,
S7_Walking_1_extracted,Event_2,android.sensor.accelerometer,android.sensor.accelerometer_Event_2.data,496,4,0,0,0,epoch milliseconds (2018-03-05 10:56:38.769000),10.0,
S7_Walking_1_extracted,Event_2,android.sensor.gyroscope,android.sensor.gyroscope_Event_2.data,495,4,0,0,0,epoch milliseconds (2018-03-05 10:56:38.775000),10.0,
S7_Walking_1_extracted,Event_3,JinsAccelerometer,JinsAccelerometer_Event_3.data,100,4,0,0,0,epoch milliseconds (2018-03-05 10:56:51.705000),52.0,
S7_Walking_1_extracted,Event_3,JinsBlinkSpeed,JinsBlinkSpeed_Event_3.data,100,2,0,0,0,epoch milliseconds (2018-03-05 10:56:51.705000),52.0,
S7_Walking_1_extracted,Event_3,JinsBlinkStrength,JinsBlinkStrength_Event_3.data,100,2,0,0,0,epoch milliseconds (2018-03-05 10:56:51.705000),52.0,
S7_Walking_1_extracted,Event_3,JinsEyeMovement,JinsEyeMovement_Event_3.data,100,5,0,0,0,epoch milliseconds (2018-03-05 10:56:51.705000),52.0,
S7_Walking_1_extracted,Event_3,JinsGyroscope,JinsGyroscope_Event_3.data,100,4,0,0,0,epoch milliseconds (2018-03-05 10:56:51.705000),52.0,
S7_Walking_1_extracted,Event_3,PhoneAccelerometer,PhoneAccelerometer_Event_3.data,1004,4,0,0,0,epoch milliseconds (2018-03-05 10:56:51.703000),5.0,
S7_Walking_1_extracted,Event_3,PhoneGravity,PhoneGravity_Event_3.data,1002,4,0,0,0,epoch milliseconds (2018-03-05 10:56:51.701000),5.0,
S7_Walking_1_extracted,Event_3,PhoneGyroscope,PhoneGyroscope_Event_3.data,1004,4,0,0,0,epoch milliseconds (2018-03-05 10:56:51.704000),5.0,
S7_Walking_1_extracted,Event_3,PhoneLinearAccelerometer,PhoneLinearAccelerometer_Event_3.data,1002,4,0,0,0,epoch milliseconds (2018-03-05 10:56:51.702000),5.0,
S7_Walking_1_extracted,Event_3,PhoneMagnetometer,PhoneMagnetometer_Event_3.data,501,4,0,0,0,epoch milliseconds (2018-03-05 10:56:51.707000),10.0,
S7_Walking_1_extracted,Event_3,android.sensor.accelerometer,android.sensor.accelerometer_Event_3.data,505,4,0,0,0,epoch milliseconds (2018-03-05 10:56:51.706000),10.0,
S7_Walking_1_extracted,Event_3,android.sensor.gyroscope,android.sensor.gyroscope_Event_3.data,505,4,0,0,0,epoch milliseconds (2018-03-05 10:56:51.701000),10.0,
S7_Walking_1_extracted,Event_4,JinsAccelerometer,JinsAccelerometer_Event_4.data,100,4,0,0,0,epoch milliseconds (2018-03-05 10:57:02.833000),52.0,
S7_Walking_1_extracted,Event_4,JinsBlinkSpeed,JinsBlinkSpeed_Event_4.data,100,2,0,0,0,epoch milliseconds (2018-03-05 10:57:02.833000),52.0,
S7_Walking_1_extracted,Event_4,JinsBlinkStrength,JinsBlinkStrength_Event_4.data,100,2,0,0,0,epoch milliseconds (2018-03-05 10:57:02.833000),52.0,
S7_Walking_1_extracted,Event_4,JinsEyeMovement,JinsEyeMovement_Event_4.data,100,5,0,0,0,epoch milliseconds (2018-03-05 10:57:02.833000),52.0,
S7_Walking_1_extracted,Event_4,JinsGyroscope,JinsGyroscope_Event_4.data,100,4,0,0,0,epoch milliseconds (2018-03-05 10:57:02.833000),52.0,
S7_Walking_1_extracted,Event_4,PhoneAccelerometer,PhoneAccelerometer_Event_4.data,1001,4,0,0,0,epoch milliseconds (2018-03-05 10:57:02.786000),5.0,
S7_Walking_1_extracted,Event_4,PhoneGravity,PhoneGravity_Event_4.data,994,4,0,0,0,epoch milliseconds (2018-03-05 10:57:02.786000),5.0,
S7_Walking_1_extracted,Event_4,PhoneGyroscope,PhoneGyroscope_Event_4.data,995,4,0,0,0,epoch milliseconds (2018-03-05 10:57:02.787000),5.0,
S7_Walking_1_extracted,Event_4,PhoneLinearAccelerometer,PhoneLinearAccelerometer_Event_4.data,995,4,0,0,0,epoch milliseconds (2018-03-05 10:57:02.787000),5.0,
S7_Walking_1_extracted,Event_4,PhoneMagnetometer,PhoneMagnetometer_Event_4.data,501,4,0,0,0,epoch milliseconds (2018-03-05 10:57:02.787000),10.0,
S7_Walking_1_extracted,Event_4,android.sensor.accelerometer,android.sensor.accelerometer_Event_4.data,497,4,0,0,0,epoch milliseconds (2018-03-05 10:57:02.787000),10.0,
S7_Walking_1_extracted,Event_4,android.sensor.gyroscope,android.sensor.gyroscope_Event_4.data,497,4,0,0,0,epoch milliseconds (2018-03-05 10:57:02.785000),10.0,
S7_Walking_1_extracted,Event_5,JinsAccelerometer,JinsAccelerometer_Event_5.data,100,4,0,0,0,epoch milliseconds (2018-03-05 10:57:14.433000),52.0,
S7_Walking_1_extracted,Event_5,JinsBlinkSpeed,JinsBlinkSpeed_Event_5.data,100,2,0,0,0,epoch milliseconds (2018-03-05 10:57:14.433000),52.0,
S7_Walking_1_extracted,Event_5,JinsBlinkStrength,JinsBlinkStrength_Event_5.data,100,2,0,0,0,epoch milliseconds (2018-03-05 10:57:14.433000),52.0,
S7_Walking_1_extracted,Event_5,JinsEyeMovement,JinsEyeMovement_Event_5.data,100,5,0,0,0,epoch milliseconds (2018-03-05 10:57:14.433000),52.0,
S7_Walking_1_extracted,Event_5,JinsGyroscope,JinsGyroscope_Event_5.data,100,4,0,0,0,epoch milliseconds (2018-03-05 10:57:14.433000),52.0,
S7_Walking_1_extracted,Event_5,PhoneAccelerometer,PhoneAccelerometer_Event_5.data,1014,4,0,0,0,epoch milliseconds (2018-03-05 10:57:14.372000),5.0,
S7_Walking_1_extracted,Event_5,PhoneGravity,PhoneGravity_Event_5.data,1009,4,0,0,0,epoch milliseconds (2018-03-05 10:57:14.373000),5.0,
S7_Walking_1_extracted,Event_5,PhoneGyroscope,PhoneGyroscope_Event_5.data,1011,4,0,0,0,epoch milliseconds (2018-03-05 10:57:14.374000),5.0,
S7_Walking_1_extracted,Event_5,PhoneLinearAccelerometer,PhoneLinearAccelerometer_Event_5.data,1012,4,0,0,0,epoch milliseconds (2018-03-05 10:57:14.373000),5.0,
S7_Walking_1_extracted,Event_5,PhoneMagnetometer,PhoneMagnetometer_Event_5.data,508,4,0,0,0,epoch milliseconds (2018-03-05 10:57:14.373000),10.0,
S7_Walking_1_extracted,Event_5,android.sensor.accelerometer,android.sensor.accelerometer_Event_5.data,511,4,0,0,0,epoch milliseconds (2018-03-05 10:57:14.382000),10.0,
S7_Walking_1_extracted,Event_5,android.sensor.gyroscope,android.sensor.gyroscope_Event_5.data,510,4,0,0,0,epoch milliseconds (2018-03-05 10:57:14.378000),10.0,
S7_Walking_1_extracted,Event_6,JinsAccelerometer,JinsAccelerometer_Event_6.data,100,4,0,0,0,epoch milliseconds (2018-03-05 10:57:25.617000),52.0,
S7_Walking_1_extracted,Event_6,JinsBlinkSpeed,JinsBlinkSpeed_Event_6.data,100,2,0,0,0,epoch milliseconds (2018-03-05 10:57:25.617000),52.0,
S7_Walking_1_extracted,Event_6,JinsBlinkStrength,JinsBlinkStrength_Event_6.data,100,2,0,0,0,epoch milliseconds (2018-03-05 10:57:25.617000),52.0,
S7_Walking_1_extracted,Event_6,JinsEyeMovement,JinsEyeMovement_Event_6.data,100,5,0,0,0,epoch milliseconds (2018-03-05 10:57:25.617000),52.0,
S7_Walking_1_extracted,Event_6,JinsGyroscope,JinsGyroscope_Event_6.data,100,4,0,0,0,epoch milliseconds (2018-03-05 10:57:25.617000),52.0,
S7_Walking_1_extracted,Event_6,PhoneAccelerometer,PhoneAccelerometer_Event_6.data,1000,4,0,0,0,epoch milliseconds (2018-03-05 10:57:25.573000),5.0,
S7_Walking_1_extracted,Event_6,PhoneGravity,PhoneGravity_Event_6.data,1005,4,0,0,0,epoch milliseconds (2018-03-05 10:57:25.576000),5.0,
S7_Walking_1_extracted,Event_6,PhoneGyroscope,PhoneGyroscope_Event_6.data,1003,4,0,0,0,epoch milliseconds (2018-03-05 10:57:25.575000),5.0,
S7_Walking_1_extracted,Event_6,PhoneLinearAccelerometer,PhoneLinearAccelerometer_Event_6.data,1005,4,0,0,0,epoch milliseconds (2018-03-05 10:57:25.574000),5.0,
S7_Walking_1_extracted,Event_6,PhoneMagnetometer,PhoneMagnetometer_Event_6.data,501,4,0,0,0,epoch milliseconds (2018-03-05 10:57:25.581000),10.0,
S7_Walking_1_extracted,Event_6,android.sensor.accelerometer,android.sensor.accelerometer_Event_6.data,505,4,0,0,0,epoch milliseconds (2018-03-05 10:57:25.581000),10.0,
S7_Walking_1_extracted,Event_6,android.sensor.gyroscope,android.sensor.gyroscope_Event_6.data,505,4,0,0,0,epoch milliseconds (2018-03-05 10:57:25.582000),10.0,
S7_Walking_1_extracted,Event_7,JinsAccelerometer,JinsAccelerometer_Event_7.data,100,4,0,0,0,epoch milliseconds (2018-03-05 10:57:36.456000),52.0,
S7_Walking_1_extracted,Event_7,JinsBlinkSpeed,JinsBlinkSpeed_Event_7.data,100,2,0,0,0,epoch milliseconds (2018-03-05 10:57:36.456000),52.0,
S7_Walking_1_extracted,Event_7,JinsBlinkStrength,JinsBlinkStrength_Event_7.data,100,2,0,0,0,epoch milliseconds (2018-03-05 10:57:36.456000),52.0,
S7_Walking_1_extracted,Event_7,JinsEyeMovement,JinsEyeMovement_Event_7.data,100,5,0,0,0,epoch milliseconds (2018-03-05 10:57:36.456000),52.0,
S7_Walking_1_extracted,Event_7,JinsGyroscope,JinsGyroscope_Event_7.data,100,4,0,0,0,epoch milliseconds (2018-03-05 10:57:36.456000),52.0,
S7_Walking_1_extracted,Event_7,PhoneAccelerometer,PhoneAccelerometer_Event_7.data,1003,4,0,0,0,epoch milliseconds (2018-03-05 10:57:36.391000),5.0,
S7_Walking_1_extracted,Event_7,PhoneGravity,PhoneGravity_Event_7.data,1004,4,0,0,0,epoch milliseconds (2018-03-05 10:57:36.387000),5.0,
S7_Walking_1_extracted,Event_7,PhoneGyroscope,PhoneGyroscope_Event_7.data,1004,4,0,0,0,epoch milliseconds (2018-03-05 10:57:36.388000),5.0,
S7_Walking_1_extracted,Event_7,PhoneLinearAccelerometer,PhoneLinearAccelerometer_Event_7.data,1005,4,0,0,0,epoch milliseconds (2018-03-05 10:57:36.389000),5.0,
S7_Walking_1_extracted,Event_7,PhoneMagnetometer,PhoneMagnetometer_Event_7.data,501,4,0,0,0,epoch milliseconds (2018-03-05 10:57:36.390000),10.0,
S7_Walking_1_extracted,Event_7,android.sensor.accelerometer,android.sensor.accelerometer_Event_7.data,503,4,0,0,0,epoch milliseconds (2018-03-05 10:57:36.398000),10.0,
S7_Walking_1_extracted,Event_7,android.sensor.gyroscope,android.sensor.gyroscope_Event_7.data,502,4,0,0,0,epoch milliseconds (2018-03-05 10:57:36.394000),10.0,
S7_Walking_1_extracted,Event_8,JinsAccelerometer,JinsAccelerometer_Event_8.data,100,4,0,0,0,epoch milliseconds (2018-03-05 10:57:52.866000),52.0,
S7_Walking_1_extracted,Event_8,JinsBlinkSpeed,JinsBlinkSpeed_Event_8.data,100,2,0,0,0,epoch milliseconds (2018-03-05 10:57:52.866000),52.0,
S7_Walking_1_extracted,Event_8,JinsBlinkStrength,JinsBlinkStrength_Event_8.data,100,2,0,0,0,epoch milliseconds (2018-03-05 10:57:52.866000),52.0,
S7_Walking_1_extracted,Event_8,JinsEyeMovement,JinsEyeMovement_Event_8.data,100,5,0,0,0,epoch milliseconds (2018-03-05 10:57:52.866000),52.0,
S7_Walking_1_extracted,Event_8,JinsGyroscope,JinsGyroscope_Event_8.data,100,4,0,0,0,epoch milliseconds (2018-03-05 10:57:52.866000),52.0,
S7_Walking_1_extracted,Event_8,PhoneAccelerometer,PhoneAccelerometer_Event_8.data,1004,4,0,0,0,epoch milliseconds (2018-03-05 10:57:52.832000),5.0,
S7_Walking_1_extracted,Event_8,PhoneGravity,PhoneGravity_Event_8.data,1004,4,0,0,0,epoch milliseconds (2018-03-05 10:57:52.831000),5.0,
S7_Walking_1_extracted,Event_8,PhoneGyroscope,PhoneGyroscope_Event_8.data,1003,4,0,0,0,epoch milliseconds (2018-03-05 10:57:52.831000),5.0,
S7_Walking_1_extracted,Event_8,PhoneLinearAccelerometer,PhoneLinearAccelerometer_Event_8.data,1001,4,0,0,0,epoch milliseconds (2018-03-05 10:57:52.832000),5.0,
S7_Walking_1_extracted,Event_8,PhoneMagnetometer,PhoneMagnetometer_Event_8.data,501,4,0,0,0,epoch milliseconds (2018-03-05 10:57:52.838000),10.0,
S7_Walking_1_extracted,Event_8,android.sensor.accelerometer,android.sensor.accelerometer_Event_8.data,494,4,0,0,0,epoch milliseconds (2018-03-05 10:57:52.836000),10.0,
S7_Walking_1_extracted,Event_8,android.sensor.gyroscope,android.sensor.gyroscope_Event_8.data,494,4,0,0,0,epoch milliseconds (2018-03-05 10:57:52.834000),10.0,
S7_Walking_1_extracted,Event_9,JinsAccelerometer,JinsAccelerometer_Event_9.data,95,4,0,0,0,epoch milliseconds (2018-03-05 10:58:04.678000),51.0,
S7_Walking_1_extracted,Event_9,JinsBlinkSpeed,JinsBlinkSpeed_Event_9.data,95,2,0,0,0,epoch milliseconds (2018-03-05 10:58:04.678000),51.0,
S7_Walking_1_extracted,Event_9,JinsBlinkStrength,JinsBlinkStrength_Event_9.data,95,2,0,0,0,epoch milliseconds (2018-03-05 10:58:04.678000),51.0,
S7_Walking_1_extracted,Event_9,JinsEyeMovement,JinsEyeMovement_Event_9.data,95,5,0,0,0,epoch milliseconds (2018-03-05 10:58:04.678000),51.0,
S7_Walking_1_extracted,Event_9,JinsGyroscope,JinsGyroscope_Event_9.data,95,4,0,0,0,epoch milliseconds (2018-03-05 10:58:04.678000),51.0,
S7_Walking_1_extracted,Event_9,PhoneAccelerometer,PhoneAccelerometer_Event_9.data,1003,4,0,0,0,epoch milliseconds (2018-03-05 10:58:04.625000),5.0,
S7_Walking_1_extracted,Event_9,PhoneGravity,PhoneGravity_Event_9.data,1004,4,0,0,0,epoch milliseconds (2018-03-05 10:58:04.624000),5.0,
S7_Walking_1_extracted,Event_9,PhoneGyroscope,PhoneGyroscope_Event_9.data,1004,4,0,0,0,epoch milliseconds (2018-03-05 10:58:04.624000),5.0,
S7_Walking_1_extracted,Event_9,PhoneLinearAccelerometer,PhoneLinearAccelerometer_Event_9.data,1003,4,0,0,0,epoch milliseconds (2018-03-05 10:58:04.624000),5.0,
S7_Walking_1_extracted,Event_9,PhoneMagnetometer,PhoneMagnetometer_Event_9.data,500,4,0,0,0,epoch milliseconds (2018-03-05 10:58:04.629000),10.0,
S7_Walking_1_extracted,Event_9,android.sensor.accelerometer,android.sensor.accelerometer_Event_9.data,503,4,0,0,0,epoch milliseconds (2018-03-05 10:58:04.624000),10.0,
S7_Walking_1_extracted,Event_9,android.sensor.gyroscope,android.sensor.gyroscope_Event_9.data,502,4,0,0,0,epoch milliseconds (2018-03-05 10:58:04.629000),10.0,
S7_Walking_2_extracted,Event_0,JinsAccelerometer,JinsAccelerometer_Event_0.data,99,4,0,0,0,epoch milliseconds (2018-03-05 10:59:40.306000),53.0,
S7_Walking_2_extracted,Event_0,JinsBlinkSpeed,JinsBlinkSpeed_Event_0.data,99,2,0,0,0,epoch milliseconds (2018-03-05 10:59:40.306000),53.0,
S7_Walking_2_extracted,Event_0,JinsBlinkStrength,JinsBlinkStrength_Event_0.data,99,2,0,0,0,epoch milliseconds (2018-03-05 10:59:40.306000),53.0,
S7_Walking_2_extracted,Event_0,JinsEyeMovement,JinsEyeMovement_Event_0.data,99,5,0,0,0,epoch milliseconds (2018-03-05 10:59:40.306000),53.0,
S7_Walking_2_extracted,Event_0,JinsGyroscope,JinsGyroscope_Event_0.data,99,4,0,0,0,epoch milliseconds (2018-03-05 10:59:40.306000),53.0,
S7_Walking_2_extracted,Event_0,PhoneAccelerometer,PhoneAccelerometer_Event_0.data,1004,4,0,0,0,epoch milliseconds (2018-03-05 10:59:40.294000),5.0,
S7_Walking_2_extracted,Event_0,PhoneGravity,PhoneGravity_Event_0.data,1003,4,0,0,0,epoch milliseconds (2018-03-05 10:59:40.290000),5.0,
S7_Walking_2_extracted,Event_0,PhoneGyroscope,PhoneGyroscope_Event_0.data,1002,4,0,0,0,epoch milliseconds (2018-03-05 10:59:40.289000),5.0,
S7_Walking_2_extracted,Event_0,PhoneLinearAccelerometer,PhoneLinearAccelerometer_Event_0.data,1005,4,0,0,0,epoch milliseconds (2018-03-05 10:59:40.290000),5.0,
S7_Walking_2_extracted,Event_0,PhoneMagnetometer,PhoneMagnetometer_Event_0.data,501,4,0,0,0,epoch milliseconds (2018-03-05 10:59:40.292000),10.0,
S7_Walking_2_extracted,Event_0,android.sensor.accelerometer,android.sensor.accelerometer_Event_0.data,498,4,0,0,0,epoch milliseconds (2018-03-05 10:59:40.291000),10.0,
S7_Walking_2_extracted,Event_0,android.sensor.gyroscope,android.sensor.gyroscope_Event_0.data,497,4,0,0,0,epoch milliseconds (2018-03-05 10:59:40.298000),10.0,
S7_Walking_2_extracted,Event_1,JinsAccelerometer,JinsAccelerometer_Event_1.data,99,4,0,0,0,epoch milliseconds (2018-03-05 10:59:50.521000),52.0,
S7_Walking_2_extracted,Event_1,JinsBlinkSpeed,JinsBlinkSpeed_Event_1.data,99,2,0,0,0,epoch milliseconds (2018-03-05 10:59:50.521000),52.0,
S7_Walking_2_extracted,Event_1,JinsBlinkStrength,JinsBlinkStrength_Event_1.data,99,2,0,0,0,epoch milliseconds (2018-03-05 10:59:50.521000),52.0,
S7_Walking_2_extracted,Event_1,JinsEyeMovement,JinsEyeMovement_Event_1.data,99,5,0,0,0,epoch milliseconds (2018-03-05 10:59:50.521000),52.0,
S7_Walking_2_extracted,Event_1,JinsGyroscope,JinsGyroscope_Event_1.data,99,4,0,0,0,epoch milliseconds (2018-03-05 10:59:50.521000),52.0,
S7_Walking_2_extracted,Event_1,PhoneAccelerometer,PhoneAccelerometer_Event_1.data,1003,4,0,0,0,epoch milliseconds (2018-03-05 10:59:50.477000),5.0,
S7_Walking_2_extracted,Event_1,PhoneGravity,PhoneGravity_Event_1.data,1005,4,0,0,0,epoch milliseconds (2018-03-05 10:59:50.477000),5.0,
S7_Walking_2_extracted,Event_1,PhoneGyroscope,PhoneGyroscope_Event_1.data,1004,4,0,0,0,epoch milliseconds (2018-03-05 10:59:50.476000),5.0,
S7_Walking_2_extracted,Event_1,PhoneLinearAccelerometer,PhoneLinearAccelerometer_Event_1.data,1003,4,0,0,0,epoch milliseconds (2018-03-05 10:59:50.477000),5.0,
S7_Walking_2_extracted,Event_1,PhoneMagnetometer,PhoneMagnetometer_Event_1.data,501,4,0,0,0,epoch milliseconds (2018-03-05 10:59:50.482000),10.0,
S7_Walking_2_extracted,Event_1,android.sensor.accelerometer,android.sensor.accelerometer_Event_1.data,495,4,0,0,0,epoch milliseconds (2018-03-05 10:59:50.482000),10.0,
S7_Walking_2_extracted,Event_1,android.sensor.gyroscope,android.sensor.gyroscope_Event_1.data,497,4,0,0,0,epoch milliseconds (2018-03-05 10:59:50.477000),10.0,
S7_Walking_2_extracted,Event_2,JinsAccelerometer,JinsAccelerometer_Event_2.data,99,4,0,0,0,epoch milliseconds (2018-03-05 11:00:01.357000),52.0,
S7_Walking_2_extracted,Event_2,JinsBlinkSpeed,JinsBlinkSpeed_Event_2.data,99,2,0,0,0,epoch milliseconds (2018-03-05 11:00:01.357000),52.0,
S7_Walking_2_extracted,Event_2,JinsBlinkStrength,JinsBlinkStrength_Event_2.data,99,2,0,0,0,epoch milliseconds (2018-03-05 11:00:01.357000),52.0,
S7_Walking_2_extracted,Event_2,JinsEyeMovement,JinsEyeMovement_Event_2.data,99,5,0,0,0,epoch milliseconds (2018-03-05 11:00:01.357000),52.0,
S7_Walking_2_extracted,Event_2,JinsGyroscope,JinsGyroscope_Event_2.data,99,4,0,0,0,epoch milliseconds (2018-03-05 11:00:01.357000),52.0,
S7_Walking_2_extracted,Event_2,PhoneAccelerometer,PhoneAccelerometer_Event_2.data,1003,4,0,0,0,epoch milliseconds (2018-03-05 11:00:01.312000),5.0,
S7_Walking_2_extracted,Event_2,PhoneGravity,PhoneGravity_Event_2.data,1005,4,0,0,0,epoch milliseconds (2018-03-05 11:00:01.312000),5.0,
S7_Walking_2_extracted,Event_2,PhoneGyroscope,PhoneGyroscope_Event_2.data,1000,4,0,0,0,epoch milliseconds (2018-03-05 11:00:01.315000),5.0,
S7_Walking_2_extracted,Event_2,PhoneLinearAccelerometer,PhoneLinearAccelerometer_Event_2.data,1002,4,0,0,0,epoch milliseconds (2018-03-05 11:00:01.312000),5.0,
S7_Walking_2_extracted,Event_2,PhoneMagnetometer,PhoneMagnetometer_Event_2.data,500,4,0,0,0,epoch milliseconds (2018-03-05 11:00:01.312000),10.0,
S7_Walking_2_extracted,Event_2,android.sensor.accelerometer,android.sensor.accelerometer_Event_2.data,502,4,0,0,0,epoch milliseconds (2018-03-05 11:00:01.317000),10.0,
S7_Walking_2_extracted,Event_2,android.sensor.gyroscope,android.sensor.gyroscope_Event_2.data,502,4,0,0,0,epoch milliseconds (2018-03-05 11:00:01.313000),10.0,
S7_Walking_2_extracted,Event_3,JinsAccelerometer,JinsAccelerometer_Event_3.data,101,4,0,0,0,epoch milliseconds (2018-03-05 11:00:14.617000),52.0,
S7_Walking_2_extracted,Event_3,JinsBlinkSpeed,JinsBlinkSpeed_Event_3.data,101,2,0,0,0,epoch milliseconds (2018-03-05 11:00:14.617000),52.0,
S7_Walking_2_extracted,Event_3,JinsBlinkStrength,JinsBlinkStrength_Event_3.data,101,2,0,0,0,epoch milliseconds (2018-03-05 11:00:14.617000),52.0,
S7_Walking_2_extracted,Event_3,JinsEyeMovement,JinsEyeMovement_Event_3.data,101,5,0,0,0,epoch milliseconds (2018-03-05 11:00:14.617000),52.0,
S7_Walking_2_extracted,Event_3,JinsGyroscope,JinsGyroscope_Event_3.data,101,4,0,0,0,epoch milliseconds (2018-03-05 11:00:14.617000),52.0,
S7_Walking_2_extracted,Event_3,PhoneAccelerometer,PhoneAccelerometer_Event_3.data,1003,4,0,0,0,epoch milliseconds (2018-03-05 11:00:14.589000),5.0,
S7_Walking_2_extracted,Event_3,PhoneGravity,PhoneGravity_Event_3.data,1002,4,0,0,0,epoch milliseconds (2018-03-05 11:00:14.587000),5.0,
S7_Walking_2_extracted,Event_3,PhoneGyroscope,PhoneGyroscope_Event_3.data,1000,4,0,0,0,epoch milliseconds (2018-03-05 11:00:14.586000),5.0,
S7_Walking_2_extracted,Event_3,PhoneLinearAccelerometer,PhoneLinearAccelerometer_Event_3.data,999,4,0,0,0,epoch milliseconds (2018-03-05 11:00:14.588000),5.0,
S7_Walking_2_extracted,Event_3,PhoneMagnetometer,PhoneMagnetometer_Event_3.data,501,4,0,0,0,epoch milliseconds (2018-03-05 11:00:14.592000),10.0,
S7_Walking_2_extracted,Event_3,android.sensor.accelerometer,android.sensor.accelerometer_Event_3.data,491,4,0,0,0,epoch milliseconds (2018-03-05 11:00:14.587000),10.0,
S7_Walking_2_extracted,Event_3,android.sensor.gyroscope,android.sensor.gyroscope_Event_3.data,491,4,0,0,0,epoch milliseconds (2018-03-05 11:00:14.591000),10.0,
S7_Walking_2_extracted,Event_4,JinsAccelerometer,JinsAccelerometer_Event_4.data,100,4,0,0,0,epoch milliseconds (2018-03-05 11:00:26.219000),52.0,
S7_Walking_2_extracted,Event_4,JinsBlinkSpeed,JinsBlinkSpeed_Event_4.data,100,2,0,0,0,epoch milliseconds (2018-03-05 11:00:26.219000),52.0,
S7_Walking_2_extracted,Event_4,JinsBlinkStrength,JinsBlinkStrength_Event_4.data,100,2,0,0,0,epoch milliseconds (2018-03-05 11:00:26.219000),52.0,
S7_Walking_2_extracted,Event_4,JinsEyeMovement,JinsEyeMovement_Event_4.data,100,5,0,0,0,epoch milliseconds (2018-03-05 11:00:26.219000),52.0,
S7_Walking_2_extracted,Event_4,JinsGyroscope,JinsGyroscope_Event_4.data,100,4,0,0,0,epoch milliseconds (2018-03-05 11:00:26.219000),52.0,
S7_Walking_2_extracted,Event_4,PhoneAccelerometer,PhoneAccelerometer_Event_4.data,1000,4,0,0,0,epoch milliseconds (2018-03-05 11:00:26.180000),5.0,
S7_Walking_2_extracted,Event_4,PhoneGravity,PhoneGravity_Event_4.data,1001,4,0,0,0,epoch milliseconds (2018-03-05 11:00:26.177000),5.0,
S7_Walking_2_extracted,Event_4,PhoneGyroscope,PhoneGyroscope_Event_4.data,997,4,0,0,0,epoch milliseconds (2018-03-05 11:00:26.179000),5.0,
S7_Walking_2_extracted,Event_4,PhoneLinearAccelerometer,PhoneLinearAccelerometer_Event_4.data,1004,4,0,0,0,epoch milliseconds (2018-03-05 11:00:26.177000),5.0,
S7_Walking_2_extracted,Event_4,PhoneMagnetometer,PhoneMagnetometer_Event_4.data,500,4,0,0,0,epoch milliseconds (2018-03-05 11:00:26.176000),10.0,
S7_Walking_2_extracted,Event_4,android.sensor.accelerometer,android.sensor.accelerometer_Event_4.data,503,4,0,0,0,epoch milliseconds (2018-03-05 11:00:26.176000),10.0,
S7_Walking_2_extracted,Event_4,android.sensor.gyroscope,android.sensor.gyroscope_Event_4.data,502,4,0,0,0,epoch milliseconds (2018-03-05 11:00:26.205000),10.0,
S7_Walking_2_extracted,Event_5,JinsAccelerometer,JinsAccelerometer_Event_5.data,100,4,0,0,0,epoch milliseconds (2018-03-05 11:00:37.895000),52.0,
S7_Walking_2_extracted,Event_5,JinsBlinkSpeed,JinsBlinkSpeed_Event_5.data,100,2,0,0,0,epoch milliseconds (2018-03-05 11:00:37.895000),52.0,
S7_Walking_2_extracted,Event_5,JinsBlinkStrength,JinsBlinkStrength_Event_5.data,100,2,0,0,0,epoch milliseconds (2018-03-05 11:00:37.895000),52.0,
S7_Walking_2_extracted,Event_5,JinsEyeMovement,JinsEyeMovement_Event_5.data,100,5,0,0,0,epoch milliseconds (2018-03-05 11:00:37.895000),52.0,
S7_Walking_2_extracted,Event_5,JinsGyroscope,JinsGyroscope_Event_5.data,100,4,0,0,0,epoch milliseconds (2018-03-05 11:00:37.895000),52.0,
S7_Walking_2_extracted,Event_5,PhoneAccelerometer,PhoneAccelerometer_Event_5.data,1003,4,0,0,0,epoch milliseconds (2018-03-05 11:00:37.829000),5.0,
S7_Walking_2_extracted,Event_5,PhoneGravity,PhoneGravity_Event_5.data,1005,4,0,0,0,epoch milliseconds (2018-03-05 11:00:37.828000),5.0,
S7_Walking_2_extracted,Event_5,PhoneGyroscope,PhoneGyroscope_Event_5.data,1006,4,0,0,0,epoch milliseconds (2018-03-05 11:00:37.827000),5.0,
S7_Walking_2_extracted,Event_5,PhoneLinearAccelerometer,PhoneLinearAccelerometer_Event_5.data,1004,4,0,0,0,epoch milliseconds (2018-03-05 11:00:37.826000),5.0,
S7_Walking_2_extracted,Event_5,PhoneMagnetometer,PhoneMagnetometer_Event_5.data,501,4,0,0,0,epoch milliseconds (2018-03-05 11:00:37.829000),10.0,
S7_Walking_2_extracted,Event_5,android.sensor.accelerometer,android.sensor.accelerometer_Event_5.data,504,4,0,0,0,epoch milliseconds (2018-03-05 11:00:37.832000),10.0,
S7_Walking_2_extracted,Event_5,android.sensor.gyroscope,android.sensor.gyroscope_Event_5.data,503,4,0,0,0,epoch milliseconds (2018-03-05 11:00:37.835000),10.0,
S7_Walking_2_extracted,Event_6,JinsAccelerometer,JinsAccelerometer_Event_6.data,100,4,0,0,0,epoch milliseconds (2018-03-05 11:00:47.949000),52.0,
S7_Walking_2_extracted,Event_6,JinsBlinkSpeed,JinsBlinkSpeed_Event_6.data,100,2,0,0,0,epoch milliseconds (2018-03-05 11:00:47.949000),52.0,
S7_Walking_2_extracted,Event_6,JinsBlinkStrength,JinsBlinkStrength_Event_6.data,100,2,0,0,0,epoch milliseconds (2018-03-05 11:00:47.949000),52.0,
S7_Walking_2_extracted,Event_6,JinsEyeMovement,JinsEyeMovement_Event_6.data,100,5,0,0,0,epoch milliseconds (2018-03-05 11:00:47.949000),52.0,
S7_Walking_2_extracted,Event_6,JinsGyroscope,JinsGyroscope_Event_6.data,100,4,0,0,0,epoch milliseconds (2018-03-05 11:00:47.949000),52.0,
S7_Walking_2_extracted,Event_6,PhoneAccelerometer,PhoneAccelerometer_Event_6.data,1013,4,0,0,0,epoch milliseconds (2018-03-05 11:00:47.920000),5.0,
S7_Walking_2_extracted,Event_6,PhoneGravity,PhoneGravity_Event_6.data,1004,4,0,0,0,epoch milliseconds (2018-03-05 11:00:47.922000),5.0,
S7_Walking_2_extracted,Event_6,PhoneGyroscope,PhoneGyroscope_Event_6.data,1003,4,0,0,0,epoch milliseconds (2018-03-05 11:00:47.923000),5.0,
S7_Walking_2_extracted,Event_6,PhoneLinearAccelerometer,PhoneLinearAccelerometer_Event_6.data,1007,4,0,0,0,epoch milliseconds (2018-03-05 11:00:47.922000),5.0,
S7_Walking_2_extracted,Event_6,PhoneMagnetometer,PhoneMagnetometer_Event_6.data,501,4,0,0,0,epoch milliseconds (2018-03-05 11:00:47.920000),10.0,
S7_Walking_2_extracted,Event_6,android.sensor.accelerometer,android.sensor.accelerometer_Event_6.data,513,4,0,0,0,epoch milliseconds (2018-03-05 11:00:47.926000),10.0,
S7_Walking_2_extracted,Event_6,android.sensor.gyroscope,android.sensor.gyroscope_Event_6.data,512,4,0,0,0,epoch milliseconds (2018-03-05 11:00:47.926000),10.0,
S7_Walking_2_extracted,Event_7,JinsAccelerometer,JinsAccelerometer_Event_7.data,99,4,0,0,0,epoch milliseconds (2018-03-05 11:00:58.876000),52.0,
S7_Walking_2_extracted,Event_7,JinsBlinkSpeed,JinsBlinkSpeed_Event_7.data,99,2,0,0,0,epoch milliseconds (2018-03-05 11:00:58.876000),52.0,
S7_Walking_2_extracted,Event_7,JinsBlinkStrength,JinsBlinkStrength_Event_7.data,99,2,0,0,0,epoch milliseconds (2018-03-05 11:00:58.876000),52.0,
S7_Walking_2_extracted,Event_7,JinsEyeMovement,JinsEyeMovement_Event_7.data,99,5,0,0,0,epoch milliseconds (2018-03-05 11:00:58.876000),52.0,
S7_Walking_2_extracted,Event_7,JinsGyroscope,JinsGyroscope_Event_7.data,99,4,0,0,0,epoch milliseconds (2018-03-05 11:00:58.876000),52.0,
S7_Walking_2_extracted,Event_7,PhoneAccelerometer,PhoneAccelerometer_Event_7.data,1000,4,0,0,0,epoch milliseconds (2018-03-05 11:00:58.857000),5.0,
S7_Walking_2_extracted,Event_7,PhoneGravity,PhoneGravity_Event_7.data,1003,4,0,0,0,epoch milliseconds (2018-03-05 11:00:58.837000),5.0,
S7_Walking_2_extracted,Event_7,PhoneGyroscope,PhoneGyroscope_Event_7.data,1002,4,0,0,0,epoch milliseconds (2018-03-05 11:00:58.840000),5.0,
S7_Walking_2_extracted,Event_7,PhoneLinearAccelerometer,PhoneLinearAccelerometer_Event_7.data,1003,4,0,0,0,epoch milliseconds (2018-03-05 11:00:58.838000),5.0,
S7_Walking_2_extracted,Event_7,PhoneMagnetometer,PhoneMagnetometer_Event_7.data,495,4,0,0,0,epoch milliseconds (2018-03-05 11:00:58.845000),10.0,
S7_Walking_2_extracted,Event_7,android.sensor.accelerometer,android.sensor.accelerometer_Event_7.data,498,4,0,0,0,epoch milliseconds (2018-03-05 11:00:58.843000),10.0,
S7_Walking_2_extracted,Event_7,android.sensor.gyroscope,android.sensor.gyroscope_Event_7.data,498,4,0,0,0,epoch milliseconds (2018-03-05 11:00:58.839000),10.0,
S7_Walking_2_extracted,Event_8,JinsAccelerometer,JinsAccelerometer_Event_8.data,98,4,0,0,0,epoch milliseconds (2018-03-05 11:01:09.113000),52.5,
S7_Walking_2_extracted,Event_8,JinsBlinkSpeed,JinsBlinkSpeed_Event_8.data,98,2,0,0,0,epoch milliseconds (2018-03-05 11:01:09.113000),52.5,
S7_Walking_2_extracted,Event_8,JinsBlinkStrength,JinsBlinkStrength_Event_8.data,98,2,0,0,0,epoch milliseconds (2018-03-05 11:01:09.113000),52.5,
S7_Walking_2_extracted,Event_8,JinsEyeMovement,JinsEyeMovement_Event_8.data,98,5,0,0,0,epoch milliseconds (2018-03-05 11:01:09.113000),52.5,
S7_Walking_2_extracted,Event_8,JinsGyroscope,JinsGyroscope_Event_8.data,98,4,0,0,0,epoch milliseconds (2018-03-05 11:01:09.113000),52.5,
S7_Walking_2_extracted,Event_8,PhoneAccelerometer,PhoneAccelerometer_Event_8.data,1003,4,0,0,0,epoch milliseconds (2018-03-05 11:01:09.110000),5.0,
S7_Walking_2_extracted,Event_8,PhoneGravity,PhoneGravity_Event_8.data,1013,4,0,0,0,epoch milliseconds (2018-03-05 11:01:09.107000),5.0,
S7_Walking_2_extracted,Event_8,PhoneGyroscope,PhoneGyroscope_Event_8.data,1012,4,0,0,0,epoch milliseconds (2018-03-05 11:01:09.107000),5.0,
S7_Walking_2_extracted,Event_8,PhoneLinearAccelerometer,PhoneLinearAccelerometer_Event_8.data,1014,4,0,0,0,epoch milliseconds (2018-03-05 11:01:09.108000),5.0,
S7_Walking_2_extracted,Event_8,PhoneMagnetometer,PhoneMagnetometer_Event_8.data,494,4,0,0,0,epoch milliseconds (2018-03-05 11:01:09.108000),10.0,
S7_Walking_2_extracted,Event_8,android.sensor.accelerometer,android.sensor.accelerometer_Event_8.data,495,4,0,0,0,epoch milliseconds (2018-03-05 11:01:09.109000),10.0,
S7_Walking_2_extracted,Event_8,android.sensor.gyroscope,android.sensor.gyroscope_Event_8.data,494,4,0,0,0,epoch milliseconds (2018-03-05 11:01:09.112000),10.0,
S7_Walking_2_extracted,Event_9,JinsAccelerometer,JinsAccelerometer_Event_9.data,100,4,0,0,0,epoch milliseconds (2018-03-05 11:01:18.459000),52.0,
S7_Walking_2_extracted,Event_9,JinsBlinkSpeed,JinsBlinkSpeed_Event_9.data,100,2,0,0,0,epoch milliseconds (2018-03-05 11:01:18.459000),52.0,
S7_Walking_2_extracted,Event_9,JinsBlinkStrength,JinsBlinkStrength_Event_9.data,100,2,0,0,0,epoch milliseconds (2018-03-05 11:01:18.459000),52.0,
S7_Walking_2_extracted,Event_9,JinsEyeMovement,JinsEyeMovement_Event_9.data,100,5,0,0,0,epoch milliseconds (2018-03-05 11:01:18.459000),52.0,
S7_Walking_2_extracted,Event_9,JinsGyroscope,JinsGyroscope_Event_9.data,100,4,0,0,0,epoch milliseconds (2018-03-05 11:01:18.459000),52.0,
S7_Walking_2_extracted,Event_9,PhoneAccelerometer,PhoneAccelerometer_Event_9.data,1002,4,0,0,0,epoch milliseconds (2018-03-05 11:01:18.423000),5.0,
S7_Walking_2_extracted,Event_9,PhoneGravity,PhoneGravity_Event_9.data,1004,4,0,0,0,epoch milliseconds (2018-03-05 11:01:18.421000),5.0,
S7_Walking_2_extracted,Event_9,PhoneGyroscope,PhoneGyroscope_Event_9.data,1003,4,0,0,0,epoch milliseconds (2018-03-05 11:01:18.423000),5.0,
S7_Walking_2_extracted,Event_9,PhoneLinearAccelerometer,PhoneLinearAccelerometer_Event_9.data,1002,4,0,0,0,epoch milliseconds (2018-03-05 11:01:18.421000),5.0,
S7_Walking_2_extracted,Event_9,PhoneMagnetometer,PhoneMagnetometer_Event_9.data,501,4,0,0,0,epoch milliseconds (2018-03-05 11:01:18.425000),10.0,
S7_Walking_2_extracted,Event_9,android.sensor.accelerometer,android.sensor.accelerometer_Event_9.data,503,4,0,0,0,epoch milliseconds (2018-03-05 11:01:18.427000),10.0,
S7_Walking_2_extracted,Event_9,android.sensor.gyroscope,android.sensor.gyroscope_Event_9.data,504,4,0,0,0,epoch milliseconds (2018-03-05 11:01:18.428000),10.0,
S7_Sitting_1_extracted,Event_2,JinsAccelerometer,JinsAccelerometer_Event_2.data,95,4,0,0,0,epoch milliseconds (2018-03-05 10:24:42.043000),52.0,
S7_Sitting_1_extracted,Event_2,JinsBlinkSpeed,JinsBlinkSpeed_Event_2.data,95,2,0,0,0,epoch milliseconds (2018-03-05 10:24:42.043000),52.0,
S7_Sitting_1_extracted,Event_2,JinsBlinkStrength,JinsBlinkStrength_Event_2.data,95,2,0,0,0,epoch milliseconds (2018-03-05 10:24:42.043000),52.0,
S7_Sitting_1_extracted,Event_2,JinsEyeMovement,JinsEyeMovement_Event_2.data,95,5,0,0,0,epoch milliseconds (2018-03-05 10:24:42.043000),52.0,
S7_Sitting_1_extracted,Event_2,JinsGyroscope,JinsGyroscope_Event_2.data,95,4,0,0,0,epoch milliseconds (2018-03-05 10:24:42.043000),52.0,
S7_Sitting_1_extracted,Event_2,PhoneAccelerometer,PhoneAccelerometer_Event_2.data,1003,4,0,0,0,epoch milliseconds (2018-03-05 10:24:41.997000),5.0,
S7_Sitting_1_extracted,Event_2,PhoneGravity,PhoneGravity_Event_2.data,1003,4,0,0,0,epoch milliseconds (2018-03-05 10:24:41.995000),5.0,
S7_Sitting_1_extracted,Event_2,PhoneGyroscope,PhoneGyroscope_Event_2.data,1003,4,0,0,0,epoch milliseconds (2018-03-05 10:24:41.997000),5.0,
S7_Sitting_1_extracted,Event_2,PhoneLinearAccelerometer,PhoneLinearAccelerometer_Event_2.data,1003,4,0,0,0,epoch milliseconds (2018-03-05 10:24:41.995000),5.0,
S7_Sitting_1_extracted,Event_2,PhoneMagnetometer,PhoneMagnetometer_Event_2.data,501,4,0,0,0,epoch milliseconds (2018-03-05 10:24:41.998000),10.0,
S7_Sitting_1_extracted,Event_2,android.sensor.accelerometer,android.sensor.accelerometer_Event_2.data,496,4,0,0,0,epoch milliseconds (2018-03-05 10:24:42.002000),10.0,
S7_Sitting_1_extracted,Event_2,android.sensor.gyroscope,android.sensor.gyroscope_Event_2.data,496,4,0,0,0,epoch milliseconds (2018-03-05 10:24:41.994000),10.0,
S7_Sitting_1_extracted,Event_3,JinsAccelerometer,JinsAccelerometer_Event_3.data,100,4,0,0,0,epoch milliseconds (2018-03-05 10:24:52.361000),53.0,
S7_Sitting_1_extracted,Event_3,JinsBlinkSpeed,JinsBlinkSpeed_Event_3.data,100,2,0,0,0,epoch milliseconds (2018-03-05 10:24:52.361000),53.0,
S7_Sitting_1_extracted,Event_3,JinsBlinkStrength,JinsBlinkStrength_Event_3.data,100,2,0,0,0,epoch milliseconds (2018-03-05 10:24:52.361000),53.0,
S7_Sitting_1_extracted,Event_3,JinsEyeMovement,JinsEyeMovement_Event_3.data,100,5,0,0,0,epoch milliseconds (2018-03-05 10:24:52.361000),53.0,
S7_Sitting_1_extracted,Event_3,JinsGyroscope,JinsGyroscope_Event_3.data,100,4,0,0,0,epoch milliseconds (2018-03-05 10:24:52.361000),53.0,
S7_Sitting_1_extracted,Event_3,PhoneAccelerometer,PhoneAccelerometer_Event_3.data,999,4,0,0,0,epoch milliseconds (2018-03-05 10:24:52.342000),5.0,
S7_Sitting_1_extracted,Event_3,PhoneGravity,PhoneGravity_Event_3.data,1004,4,0,0,0,epoch milliseconds (2018-03-05 10:24:52.342000),5.0,
S7_Sitting_1_extracted,Event_3,PhoneGyroscope,PhoneGyroscope_Event_3.data,1005,4,0,0,0,epoch milliseconds (2018-03-05 10:24:52.342000),5.0,
S7_Sitting_1_extracted,Event_3,PhoneLinearAccelerometer,PhoneLinearAccelerometer_Event_3.data,1004,4,0,0,0,epoch milliseconds (2018-03-05 10:24:52.340000),5.0,
S7_Sitting_1_extracted,Event_3,PhoneMagnetometer,PhoneMagnetometer_Event_3.data,501,4,0,0,0,epoch milliseconds (2018-03-05 10:24:52.345000),10.0,
S7_Sitting_1_extracted,Event_3,android.sensor.accelerometer,android.sensor.accelerometer_Event_3.data,497,4,0,0,0,epoch milliseconds (2018-03-05 10:24:52.340000),10.0,
S7_Sitting_1_extracted,Event_3,android.sensor.gyroscope,android.sensor.gyroscope_Event_3.data,496,4,0,0,0,epoch milliseconds (2018-03-05 10:24:52.342000),10.0,
S7_Sitting_1_extracted,Event_4,JinsAccelerometer,JinsAccelerometer_Event_4.data,100,4,0,0,0,epoch milliseconds (2018-03-05 10:25:02.256000),52.0,
S7_Sitting_1_extracted,Event_4,JinsBlinkSpeed,JinsBlinkSpeed_Event_4.data,100,2,0,0,0,epoch milliseconds (2018-03-05 10:25:02.256000),52.0,
S7_Sitting_1_extracted,Event_4,JinsBlinkStrength,JinsBlinkStrength_Event_4.data,100,2,0,0,0,epoch milliseconds (2018-03-05 10:25:02.256000),52.0,
S7_Sitting_1_extracted,Event_4,JinsEyeMovement,JinsEyeMovement_Event_4.data,100,5,0,0,0,epoch milliseconds (2018-03-05 10:25:02.256000),52.0,
S7_Sitting_1_extracted,Event_4,JinsGyroscope,JinsGyroscope_Event_4.data,100,4,0,0,0,epoch milliseconds (2018-03-05 10:25:02.256000),52.0,
S7_Sitting_1_extracted,Event_4,PhoneAccelerometer,PhoneAccelerometer_Event_4.data,1003,4,0,0,0,epoch milliseconds (2018-03-05 10:25:02.230000),5.0,
S7_Sitting_1_extracted,Event_4,PhoneGravity,PhoneGravity_Event_4.data,1002,4,0,0,0,epoch milliseconds (2018-03-05 10:25:02.228000),5.0,
S7_Sitting_1_extracted,Event_4,PhoneGyroscope,PhoneGyroscope_Event_4.data,1001,4,0,0,0,epoch milliseconds (2018-03-05 10:25:02.229000),5.0,
S7_Sitting_1_extracted,Event_4,PhoneLinearAccelerometer,PhoneLinearAccelerometer_Event_4.data,1001,4,0,0,0,epoch milliseconds (2018-03-05 10:25:02.230000),5.0,
S7_Sitting_1_extracted,Event_4,PhoneMagnetometer,PhoneMagnetometer_Event_4.data,501,4,0,0,0,epoch milliseconds (2018-03-05 10:25:02.227000),10.0,
S7_Sitting_1_extracted,Event_4,android.sensor.accelerometer,android.sensor.accelerometer_Event_4.data,497,4,0,0,0,epoch milliseconds (2018-03-05 10:25:02.231000),10.0,
S7_Sitting_1_extracted,Event_4,android.sensor.gyroscope,android.sensor.gyroscope_Event_4.data,497,4,0,0,0,epoch milliseconds (2018-03-05 10:25:02.228000),10.0,
S7_Sitting_1_extracted,Event_5,JinsAccelerometer,JinsAccelerometer_Event_5.data,100,4,0,0,0,epoch milliseconds (2018-03-05 10:25:12.310000),52.0,
S7_Sitting_1_extracted,Event_5,JinsBlinkSpeed,JinsBlinkSpeed_Event_5.data,100,2,0,0,0,epoch milliseconds (2018-03-05 10:25:12.310000),52.0,
S7_Sitting_1_extracted,Event_5,JinsBlinkStrength,JinsBlinkStrength_Event_5.data,100,2,0,0,0,epoch milliseconds (2018-03-05 10:25:12.310000),52.0,
S7_Sitting_1_extracted,Event_5,JinsEyeMovement,JinsEyeMovement_Event_5.data,100,5,0,0,0,epoch milliseconds (2018-03-05 10:25:12.310000),52.0,
S7_Sitting_1_extracted,Event_5,JinsGyroscope,JinsGyroscope_Event_5.data,100,4,0,0,0,epoch milliseconds (2018-03-05 10:25:12.310000),52.0,
S7_Sitting_1_extracted,Event_5,PhoneAccelerometer,PhoneAccelerometer_Event_5.data,997,4,0,0,0,epoch milliseconds (2018-03-05 10:25:12.277000),5.0,
S7_Sitting_1_extracted,Event_5,PhoneGravity,PhoneGravity_Event_5.data,998,4,0,0,0,epoch milliseconds (2018-03-05 10:25:12.276000),5.0,
S7_Sitting_1_extracted,Event_5,PhoneGyroscope,PhoneGyroscope_Event_5.data,997,4,0,0,0,epoch milliseconds (2018-03-05 10:25:12.277000),5.0,
S7_Sitting_1_extracted,Event_5,PhoneLinearAccelerometer,PhoneLinearAccelerometer_Event_5.data,998,4,0,0,0,epoch milliseconds (2018-03-05 10:25:12.276000),5.0,
S7_Sitting_1_extracted,Event_5,PhoneMagnetometer,PhoneMagnetometer_Event_5.data,498,4,0,0,0,epoch milliseconds (2018-03-05 10:25:12.275000),10.0,
S7_Sitting_1_extracted,Event_5,android.sensor.accelerometer,android.sensor.accelerometer_Event_5.data,486,4,0,0,0,epoch milliseconds (2018-03-05 10:25:12.282000),10.0,
S7_Sitting_1_extracted,Event_5,android.sensor.gyroscope,android.sensor.gyroscope_Event_5.data,495,4,0,0,0,epoch milliseconds (2018-03-05 10:25:12.283000),10.0,
S7_Sitting_1_extracted,Event_6,JinsAccelerometer,JinsAccelerometer_Event_6.data,100,4,0,0,0,epoch milliseconds (2018-03-05 10:25:23.807000),52.0,
S7_Sitting_1_extracted,Event_6,JinsBlinkSpeed,JinsBlinkSpeed_Event_6.data,100,2,0,0,0,epoch milliseconds (2018-03-05 10:25:23.807000),52.0,
S7_Sitting_1_extracted,Event_6,JinsBlinkStrength,JinsBlinkStrength_Event_6.data,100,2,0,0,0,epoch milliseconds (2018-03-05 10:25:23.807000),52.0,
S7_Sitting_1_extracted,Event_6,JinsEyeMovement,JinsEyeMovement_Event_6.data,100,5,0,0,0,epoch milliseconds (2018-03-05 10:25:23.807000),52.0,
S7_Sitting_1_extracted,Event_6,JinsGyroscope,JinsGyroscope_Event_6.data,100,4,0,0,0,epoch milliseconds (2018-03-05 10:25:23.807000),52.0,
S7_Sitting_1_extracted,Event_6,PhoneAccelerometer,PhoneAccelerometer_Event_6.data,1004,4,0,0,0,epoch milliseconds (2018-03-05 10:25:23.799000),5.0,
S7_Sitting_1_extracted,Event_6,PhoneGravity,PhoneGravity_Event_6.data,1003,4,0,0,0,epoch milliseconds (2018-03-05 10:25:23.799000),5.0,
S7_Sitting_1_extracted,Event_6,PhoneGyroscope,PhoneGyroscope_Event_6.data,1002,4,0,0,0,epoch milliseconds (2018-03-05 10:25:23.799000),5.0,
S7_Sitting_1_extracted,Event_6,PhoneLinearAccelerometer,PhoneLinearAccelerometer_Event_6.data,1002,4,0,0,0,epoch milliseconds (2018-03-05 10:25:23.800000),5.0,
S7_Sitting_1_extracted,Event_6,PhoneMagnetometer,PhoneMagnetometer_Event_6.data,501,4,0,0,0,epoch milliseconds (2018-03-05 10:25:23.802000),10.0,
S7_Sitting_1_extracted,Event_6,android.sensor.accelerometer,android.sensor.accelerometer_Event_6.data,499,4,0,0,0,epoch milliseconds (2018-03-05 10:25:23.798000),10.0,
S7_Sitting_1_extracted,Event_6,android.sensor.gyroscope,android.sensor.gyroscope_Event_6.data,498,4,0,0,0,epoch milliseconds (2018-03-05 10:25:23.806000),10.0,
S7_Sitting_1_extracted,Event_7,JinsAccelerometer,JinsAccelerometer_Event_7.data,90,4,0,0,0,epoch milliseconds (2018-03-05 10:25:34.543000),52.0,
S7_Sitting_1_extracted,Event_7,JinsBlinkSpeed,JinsBlinkSpeed_Event_7.data,90,2,0,0,0,epoch milliseconds (2018-03-05 10:25:34.543000),52.0,
S7_Sitting_1_extracted,Event_7,JinsBlinkStrength,JinsBlinkStrength_Event_7.data,90,2,0,0,0,epoch milliseconds (2018-03-05 10:25:34.543000),52.0,
S7_Sitting_1_extracted,Event_7,JinsEyeMovement,JinsEyeMovement_Event_7.data,90,5,0,0,0,epoch milliseconds (2018-03-05 10:25:34.543000),52.0,
S7_Sitting_1_extracted,Event_7,JinsGyroscope,JinsGyroscope_Event_7.data,90,4,0,0,0,epoch milliseconds (2018-03-05 10:25:34.543000),52.0,
S7_Sitting_1_extracted,Event_7,PhoneAccelerometer,PhoneAccelerometer_Event_7.data,1004,4,0,0,0,epoch milliseconds (2018-03-05 10:25:34.541000),5.0,
S7_Sitting_1_extracted,Event_7,PhoneGravity,PhoneGravity_Event_7.data,1002,4,0,0,0,epoch milliseconds (2018-03-05 10:25:34.540000),5.0,
S7_Sitting_1_extracted,Event_7,PhoneGyroscope,PhoneGyroscope_Event_7.data,1003,4,0,0,0,epoch milliseconds (2018-03-05 10:25:34.543000),5.0,
S7_Sitting_1_extracted,Event_7,PhoneLinearAccelerometer,PhoneLinearAccelerometer_Event_7.data,1004,4,0,0,0,epoch milliseconds (2018-03-05 10:25:34.541000),5.0,
S7_Sitting_1_extracted,Event_7,PhoneMagnetometer,PhoneMagnetometer_Event_7.data,501,4,0,0,0,epoch milliseconds (2018-03-05 10:25:34.540000),10.0,
S7_Sitting_1_extracted,Event_7,android.sensor.accelerometer,android.sensor.accelerometer_Event_7.data,504,4,0,0,0,epoch milliseconds (2018-03-05 10:25:34.543000),10.0,
S7_Sitting_1_extracted,Event_7,android.sensor.gyroscope,android.sensor.gyroscope_Event_7.data,504,4,0,0,0,epoch milliseconds (2018-03-05 10:25:34.540000),10.0,
S7_Sitting_1_extracted,Event_8,JinsAccelerometer,JinsAccelerometer_Event_8.data,99,4,0,0,0,epoch milliseconds (2018-03-05 10:25:53.994000),52.0,
S7_Sitting_1_extracted,Event_8,JinsBlinkSpeed,JinsBlinkSpeed_Event_8.data,99,2,0,0,0,epoch milliseconds (2018-03-05 10:25:53.994000),52.0,
S7_Sitting_1_extracted,Event_8,JinsBlinkStrength,JinsBlinkStrength_Event_8.data,99,2,0,0,0,epoch milliseconds (2018-03-05 10:25:53.994000),52.0,
S7_Sitting_1_extracted,Event_8,JinsEyeMovement,JinsEyeMovement_Event_8.data,99,5,0,0,0,epoch milliseconds (2018-03-05 10:25:53.994000),52.0,
S7_Sitting_1_extracted,Event_8,JinsGyroscope,JinsGyroscope_Event_8.data,99,4,0,0,0,epoch milliseconds (2018-03-05 10:25:53.994000),52.0,
S7_Sitting_1_extracted,Event_8,PhoneAccelerometer,PhoneAccelerometer_Event_8.data,1003,4,0,0,0,epoch milliseconds (2018-03-05 10:25:53.949000),5.0,
S7_Sitting_1_extracted,Event_8,PhoneGravity,PhoneGravity_Event_8.data,1000,4,0,0,0,epoch milliseconds (2018-03-05 10:25:53.952000),5.0,
S7_Sitting_1_extracted,Event_8,PhoneGyroscope,PhoneGyroscope_Event_8.data,1000,4,0,0,0,epoch milliseconds (2018-03-05 10:25:53.952000),5.0,
S7_Sitting_1_extracted,Event_8,PhoneLinearAccelerometer,PhoneLinearAccelerometer_Event_8.data,1001,4,0,0,0,epoch milliseconds (2018-03-05 10:25:53.950000),5.0,
S7_Sitting_1_extracted,Event_8,PhoneMagnetometer,PhoneMagnetometer_Event_8.data,500,4,0,0,0,epoch milliseconds (2018-03-05 10:25:53.958000),10.0,
S7_Sitting_1_extracted,Event_8,android.sensor.accelerometer,android.sensor.accelerometer_Event_8.data,502,4,0,0,0,epoch milliseconds (2018-03-05 10:25:53.957000),10.0,
S7_Sitting_1_extracted,Event_8,android.sensor.gyroscope,android.sensor.gyroscope_Event_8.data,502,4,0,0,0,epoch milliseconds (2018-03-05 10:25:53.955000),10.0,
S7_Sitting_1_extracted,Event_9,JinsAccelerometer,JinsAccelerometer_Event_9.data,100,4,0,0,0,epoch milliseconds (2018-03-05 10:26:03.949000),52.0,
S7_Sitting_1_extracted,Event_9,JinsBlinkSpeed,JinsBlinkSpeed_Event_9.data,100,2,0,0,0,epoch milliseconds (2018-03-05 10:26:03.949000),52.0,
S7_Sitting_1_extracted,Event_9,JinsBlinkStrength,JinsBlinkStrength_Event_9.data,100,2,0,0,0,epoch milliseconds (2018-03-05 10:26:03.949000),52.0,
S7_Sitting_1_extracted,Event_9,JinsEyeMovement,JinsEyeMovement_Event_9.data,100,5,0,0,0,epoch milliseconds (2018-03-05 10:26:03.949000),52.0,
S7_Sitting_1_extracted,Event_9,JinsGyroscope,JinsGyroscope_Event_9.data,100,4,0,0,0,epoch milliseconds (2018-03-05 10:26:03.949000),52.0,
S7_Sitting_1_extracted,Event_9,PhoneAccelerometer,PhoneAccelerometer_Event_9.data,1005,4,0,0,0,epoch milliseconds (2018-03-05 10:26:03.922000),5.0,
S7_Sitting_1_extracted,Event_9,PhoneGravity,PhoneGravity_Event_9.data,1004,4,0,0,0,epoch milliseconds (2018-03-05 10:26:03.923000),5.0,
S7_Sitting_1_extracted,Event_9,PhoneGyroscope,PhoneGyroscope_Event_9.data,1005,4,0,0,0,epoch milliseconds (2018-03-05 10:26:03.926000),5.0,
S7_Sitting_1_extracted,Event_9,PhoneLinearAccelerometer,PhoneLinearAccelerometer_Event_9.data,1005,4,0,0,0,epoch milliseconds (2018-03-05 10:26:03.923000),5.0,
S7_Sitting_1_extracted,Event_9,PhoneMagnetometer,PhoneMagnetometer_Event_9.data,501,4,0,0,0,epoch milliseconds (2018-03-05 10:26:03.928000),10.0,
S7_Sitting_1_extracted,Event_9,android.sensor.accelerometer,android.sensor.accelerometer_Event_9.data,516,4,0,0,0,epoch milliseconds (2018-03-05 10:26:03.927000),10.0,
S7_Sitting_1_extracted,Event_9,android.sensor.gyroscope,android.sensor.gyroscope_Event_9.data,517,4,0,0,0,epoch milliseconds (2018-03-05 10:26:03.924000),10.0,
S7_Sitting_2_extracted,Event_1,JinsAccelerometer,JinsAccelerometer_Event_1.data,100,4,0,0,0,epoch milliseconds (2018-03-05 10:28:12.464000),52.5,
S7_Sitting_2_extracted,Event_1,JinsBlinkSpeed,JinsBlinkSpeed_Event_1.data,100,2,0,0,0,epoch milliseconds (2018-03-05 10:28:12.464000),52.5,
S7_Sitting_2_extracted,Event_1,JinsBlinkStrength,JinsBlinkStrength_Event_1.data,100,2,0,0,0,epoch milliseconds (2018-03-05 10:28:12.464000),52.5,
S7_Sitting_2_extracted,Event_1,JinsEyeMovement,JinsEyeMovement_Event_1.data,100,5,0,0,0,epoch milliseconds (2018-03-05 10:28:12.464000),52.5,
S7_Sitting_2_extracted,Event_1,JinsGyroscope,JinsGyroscope_Event_1.data,100,4,0,0,0,epoch milliseconds (2018-03-05 10:28:12.464000),52.5,
S7_Sitting_2_extracted,Event_1,PhoneAccelerometer,PhoneAccelerometer_Event_1.data,1004,4,0,0,0,epoch milliseconds (2018-03-05 10:28:12.415000),5.0,
S7_Sitting_2_extracted,Event_1,PhoneGravity,PhoneGravity_Event_1.data,1005,4,0,0,0,epoch milliseconds (2018-03-05 10:28:12.417000),5.0,
S7_Sitting_2_extracted,Event_1,PhoneGyroscope,PhoneGyroscope_Event_1.data,1002,4,0,0,0,epoch milliseconds (2018-03-05 10:28:12.419000),5.0,
S7_Sitting_2_extracted,Event_1,PhoneLinearAccelerometer,PhoneLinearAccelerometer_Event_1.data,1004,4,0,0,0,epoch milliseconds (2018-03-05 10:28:12.417000),5.0,
S7_Sitting_2_extracted,Event_1,PhoneMagnetometer,PhoneMagnetometer_Event_1.data,501,4,0,0,0,epoch milliseconds (2018-03-05 10:28:12.421000),10.0,
S7_Sitting_2_extracted,Event_1,android.sensor.accelerometer,android.sensor.accelerometer_Event_1.data,499,4,0,0,0,epoch milliseconds (2018-03-05 10:28:12.416000),10.0,
S7_Sitting_2_extracted,Event_1,android.sensor.gyroscope,android.sensor.gyroscope_Event_1.data,498,4,0,0,0,epoch milliseconds (2018-03-05 10:28:12.423000),10.0,
S7_Sitting_2_extracted,Event_2,JinsAccelerometer,JinsAccelerometer_Event_2.data,99,4,0,0,0,epoch milliseconds (2018-03-05 10:28:22.543000),53.0,
S7_Sitting_2_extracted,Event_2,JinsBlinkSpeed,JinsBlinkSpeed_Event_2.data,99,2,0,0,0,epoch milliseconds (2018-03-05 10:28:22.543000),53.0,
S7_Sitting_2_extracted,Event_2,JinsBlinkStrength,JinsBlinkStrength_Event_2.data,99,2,0,0,0,epoch milliseconds (2018-03-05 10:28:22.543000),53.0,
S7_Sitting_2_extracted,Event_2,JinsEyeMovement,JinsEyeMovement_Event_2.data,99,5,0,0,0,epoch milliseconds (2018-03-05 10:28:22.543000),53.0,
S7_Sitting_2_extracted,Event_2,JinsGyroscope,JinsGyroscope_Event_2.data,99,4,0,0,0,epoch milliseconds (2018-03-05 10:28:22.543000),53.0,
S7_Sitting_2_extracted,Event_2,PhoneAccelerometer,PhoneAccelerometer_Event_2.data,1003,4,0,0,0,epoch milliseconds (2018-03-05 10:28:22.494000),5.0,
S7_Sitting_2_extracted,Event_2,PhoneGravity,PhoneGravity_Event_2.data,1003,4,0,0,0,epoch milliseconds (2018-03-05 10:28:22.496000),5.0,
S7_Sitting_2_extracted,Event_2,PhoneGyroscope,PhoneGyroscope_Event_2.data,1004,4,0,0,0,epoch milliseconds (2018-03-05 10:28:22.494000),5.0,
S7_Sitting_2_extracted,Event_2,PhoneLinearAccelerometer,PhoneLinearAccelerometer_Event_2.data,1003,4,0,0,0,epoch milliseconds (2018-03-05 10:28:22.494000),5.0,
S7_Sitting_2_extracted,Event_2,PhoneMagnetometer,PhoneMagnetometer_Event_2.data,502,4,0,0,0,epoch milliseconds (2018-03-05 10:28:22.491000),10.0,
S7_Sitting_2_extracted,Event_2,android.sensor.accelerometer,android.sensor.accelerometer_Event_2.data,503,4,0,0,0,epoch milliseconds (2018-03-05 10:28:22.492000),10.0,
S7_Sitting_2_extracted,Event_2,android.sensor.gyroscope,android.sensor.gyroscope_Event_2.data,502,4,0,0,0,epoch milliseconds (2018-03-05 10:28:22.500000),10.0,
S7_Sitting_2_extracted,Event_3,JinsAccelerometer,JinsAccelerometer_Event_3.data,100,4,0,0,0,epoch milliseconds (2018-03-05 10:28:32.652000),52.0,
S7_Sitting_2_extracted,Event_3,JinsBlinkSpeed,JinsBlinkSpeed_Event_3.data,100,2,0,0,0,epoch milliseconds (2018-03-05 10:28:32.652000),52.0,
S7_Sitting_2_extracted,Event_3,JinsBlinkStrength,JinsBlinkStrength_Event_3.data,100,2,0,0,0,epoch milliseconds (2018-03-05 10:28:32.652000),52.0,
S7_Sitting_2_extracted,Event_3,JinsEyeMovement,JinsEyeMovement_Event_3.data,100,5,0,0,0,epoch milliseconds (2018-03-05 10:28:32.652000),52.0,
S7_Sitting_2_extracted,Event_3,JinsGyroscope,JinsGyroscope_Event_3.data,100,4,0,0,0,epoch milliseconds (2018-03-05 10:28:32.652000),52.0,
S7_Sitting_2_extracted,Event_3,PhoneAccelerometer,PhoneAccelerometer_Event_3.data,1004,4,0,0,0,epoch milliseconds (2018-03-05 10:28:32.650000),5.0,
S7_Sitting_2_extracted,Event_3,PhoneGravity,PhoneGravity_Event_3.data,1004,4,0,0,0,epoch milliseconds (2018-03-05 10:28:32.650000),5.0,
S7_Sitting_2_extracted,Event_3,PhoneGyroscope,PhoneGyroscope_Event_3.data,1003,4,0,0,0,epoch milliseconds (2018-03-05 10:28:32.651000),5.0,
S7_Sitting_2_extracted,Event_3,PhoneLinearAccelerometer,PhoneLinearAccelerometer_Event_3.data,1003,4,0,0,0,epoch milliseconds (2018-03-05 10:28:32.652000),5.0,
S7_Sitting_2_extracted,Event_3,PhoneMagnetometer,PhoneMagnetometer_Event_3.data,497,4,0,0,0,epoch milliseconds (2018-03-05 10:28:32.657000),10.0,
S7_Sitting_2_extracted,Event_3,android.sensor.accelerometer,android.sensor.accelerometer_Event_3.data,491,4,0,0,0,epoch milliseconds (2018-03-05 10:28:32.650000),10.0,
S7_Sitting_2_extracted,Event_3,android.sensor.gyroscope,android.sensor.gyroscope_Event_3.data,491,4,0,0,0,epoch milliseconds (2018-03-05 10:28:32.653000),10.0,
S7_Sitting_2_extracted,Event_4,JinsAccelerometer,JinsAccelerometer_Event_4.data,100,4,0,0,0,epoch milliseconds (2018-03-05 10:28:42.758000),52.0,
S7_Sitting_2_extracted,Event_4,JinsBlinkSpeed,JinsBlinkSpeed_Event_4.data,100,2,0,0,0,epoch milliseconds (2018-03-05 10:28:42.758000),52.0,
S7_Sitting_2_extracted,Event_4,JinsBlinkStrength,JinsBlinkStrength_Event_4.data,100,2,0,0,0,epoch milliseconds (2018-03-05 10:28:42.758000),52.0,
S7_Sitting_2_extracted,Event_4,JinsEyeMovement,JinsEyeMovement_Event_4.data,100,5,0,0,0,epoch milliseconds (2018-03-05 10:28:42.758000),52.0,
S7_Sitting_2_extracted,Event_4,JinsGyroscope,JinsGyroscope_Event_4.data,100,4,0,0,0,epoch milliseconds (2018-03-05 10:28:42.758000),52.0,
S7_Sitting_2_extracted,Event_4,PhoneAccelerometer,PhoneAccelerometer_Event_4.data,1004,4,0,0,0,epoch milliseconds (2018-03-05 10:28:42.735000),5.0,
S7_Sitting_2_extracted,Event_4,PhoneGravity,PhoneGravity_Event_4.data,1002,4,0,0,0,epoch milliseconds (2018-03-05 10:28:42.736000),5.0,
S7_Sitting_2_extracted,Event_4,PhoneGyroscope,PhoneGyroscope_Event_4.data,1002,4,0,0,0,epoch milliseconds (2018-03-05 10:28:42.735000),5.0,
S7_Sitting_2_extracted,Event_4,PhoneLinearAccelerometer,PhoneLinearAccelerometer_Event_4.data,1002,4,0,0,0,epoch milliseconds (2018-03-05 10:28:42.734000),5.0,
S7_Sitting_2_extracted,Event_4,PhoneMagnetometer,PhoneMagnetometer_Event_4.data,501,4,0,0,0,epoch milliseconds (2018-03-05 10:28:42.737000),10.0,
S7_Sitting_2_extracted,Event_4,android.sensor.accelerometer,android.sensor.accelerometer_Event_4.data,493,4,0,0,0,epoch milliseconds (2018-03-05 10:28:42.732000),10.0,
S7_Sitting_2_extracted,Event_4,android.sensor.gyroscope,android.sensor.gyroscope_Event_4.data,493,4,0,0,0,epoch milliseconds (2018-03-05 10:28:42.733000),10.0,
S7_Sitting_2_extracted,Event_5,JinsAccelerometer,JinsAccelerometer_Event_5.data,101,4,0,0,0,epoch milliseconds (2018-03-05 10:28:52.261000),52.0,
S7_Sitting_2_extracted,Event_5,JinsBlinkSpeed,JinsBlinkSpeed_Event_5.data,101,2,0,0,0,epoch milliseconds (2018-03-05 10:28:52.261000),52.0,
S7_Sitting_2_extracted,Event_5,JinsBlinkStrength,JinsBlinkStrength_Event_5.data,101,2,0,0,0,epoch milliseconds (2018-03-05 10:28:52.261000),52.0,
S7_Sitting_2_extracted,Event_5,JinsEyeMovement,JinsEyeMovement_Event_5.data,101,5,0,0,0,epoch milliseconds (2018-03-05 10:28:52.261000),52.0,
S7_Sitting_2_extracted,Event_5,JinsGyroscope,JinsGyroscope_Event_5.data,101,4,0,0,0,epoch milliseconds (2018-03-05 10:28:52.261000),52.0,
S7_Sitting_2_extracted,Event_5,PhoneAccelerometer,PhoneAccelerometer_Event_5.data,1005,4,0,0,0,epoch milliseconds (2018-03-05 10:28:52.256000),5.0,
S7_Sitting_2_extracted,Event_5,PhoneGravity,PhoneGravity_Event_5.data,1004,4,0,0,0,epoch milliseconds (2018-03-05 10:28:52.257000),5.0,
S7_Sitting_2_extracted,Event_5,PhoneGyroscope,PhoneGyroscope_Event_5.data,1002,4,0,0,0,epoch milliseconds (2018-03-05 10:28:52.257000),5.0,
S7_Sitting_2_extracted,Event_5,PhoneLinearAccelerometer,PhoneLinearAccelerometer_Event_5.data,1003,4,0,0,0,epoch milliseconds (2018-03-05 10:28:52.257000),5.0,
S7_Sitting_2_extracted,Event_5,PhoneMagnetometer,PhoneMagnetometer_Event_5.data,501,4,0,0,0,epoch milliseconds (2018-03-05 10:28:52.259000),10.0,
S7_Sitting_2_extracted,Event_5,android.sensor.accelerometer,android.sensor.accelerometer_Event_5.data,497,4,0,0,0,epoch milliseconds (2018-03-05 10:28:52.264000),10.0,
S7_Sitting_2_extracted,Event_5,android.sensor.gyroscope,android.sensor.gyroscope_Event_5.data,498,4,0,0,0,epoch milliseconds (2018-03-05 10:28:52.258000),10.0,
S7_Sitting_2_extracted,Event_6,JinsAccelerometer,JinsAccelerometer_Event_6.data,100,4,0,0,0,epoch milliseconds (2018-03-05 10:29:01.709000),52.0,
S7_Sitting_2_extracted,Event_6,JinsBlinkSpeed,JinsBlinkSpeed_Event_6.data,100,2,0,0,0,epoch milliseconds (2018-03-05 10:29:01.709000),52.0,
S7_Sitting_2_extracted,Event_6,JinsBlinkStrength,JinsBlinkStrength_Event_6.data,100,2,0,0,0,epoch milliseconds (2018-03-05 10:29:01.709000),52.0,
S7_Sitting_2_extracted,Event_6,JinsEyeMovement,JinsEyeMovement_Event_6.data,100,5,0,0,0,epoch milliseconds (2018-03-05 10:29:01.709000),52.0,
S7_Sitting_2_extracted,Event_6,JinsGyroscope,JinsGyroscope_Event_6.data,100,4,0,0,0,epoch milliseconds (2018-03-05 10:29:01.709000),52.0,
S7_Sitting_2_extracted,Event_6,PhoneAccelerometer,PhoneAccelerometer_Event_6.data,1003,4,0,0,0,epoch milliseconds (2018-03-05 10:29:01.702000),5.0,
S7_Sitting_2_extracted,Event_6,PhoneGravity,PhoneGravity_Event_6.data,1005,4,0,0,0,epoch milliseconds (2018-03-05 10:29:01.700000),5.0,
S7_Sitting_2_extracted,Event_6,PhoneGyroscope,PhoneGyroscope_Event_6.data,1005,4,0,0,0,epoch milliseconds (2018-03-05 10:29:01.699000),5.0,
S7_Sitting_2_extracted,Event_6,PhoneLinearAccelerometer,PhoneLinearAccelerometer_Event_6.data,1003,4,0,0,0,epoch milliseconds (2018-03-05 10:29:01.702000),5.0,
S7_Sitting_2_extracted,Event_6,PhoneMagnetometer,PhoneMagnetometer_Event_6.data,501,4,0,0,0,epoch milliseconds (2018-03-05 10:29:01.700000),10.0,
S7_Sitting_2_extracted,Event_6,android.sensor.accelerometer,android.sensor.accelerometer_Event_6.data,500,4,0,0,0,epoch milliseconds (2018-03-05 10:29:01.732000),10.0,
S7_Sitting_2_extracted,Event_6,android.sensor.gyroscope,android.sensor.gyroscope_Event_6.data,500,4,0,0,0,epoch milliseconds (2018-03-05 10:29:01.726000),10.0,
S7_Sitting_2_extracted,Event_7,JinsAccelerometer,JinsAccelerometer_Event_7.data,101,4,0,0,0,epoch milliseconds (2018-03-05 10:29:12.647000),52.0,
S7_Sitting_2_extracted,Event_7,JinsBlinkSpeed,JinsBlinkSpeed_Event_7.data,101,2,0,0,0,epoch milliseconds (2018-03-05 10:29:12.647000),52.0,
S7_Sitting_2_extracted,Event_7,JinsBlinkStrength,JinsBlinkStrength_Event_7.data,101,2,0,0,0,epoch milliseconds (2018-03-05 10:29:12.647000),52.0,
S7_Sitting_2_extracted,Event_7,JinsEyeMovement,JinsEyeMovement_Event_7.data,101,5,0,0,0,epoch milliseconds (2018-03-05 10:29:12.647000),52.0,
S7_Sitting_2_extracted,Event_7,JinsGyroscope,JinsGyroscope_Event_7.data,101,4,0,0,0,epoch milliseconds (2018-03-05 10:29:12.647000),52.0,
S7_Sitting_2_extracted,Event_7,PhoneAccelerometer,PhoneAccelerometer_Event_7.data,995,4,0,0,0,epoch milliseconds (2018-03-05 10:29:12.619000),5.0,
S7_Sitting_2_extracted,Event_7,PhoneGravity,PhoneGravity_Event_7.data,998,4,0,0,0,epoch milliseconds (2018-03-05 10:29:12.619000),5.0,
S7_Sitting_2_extracted,Event_7,PhoneGyroscope,PhoneGyroscope_Event_7.data,997,4,0,0,0,epoch milliseconds (2018-03-05 10:29:12.622000),5.0,
S7_Sitting_2_extracted,Event_7,PhoneLinearAccelerometer,PhoneLinearAccelerometer_Event_7.data,999,4,0,0,0,epoch milliseconds (2018-03-05 10:29:12.619000),5.0,
S7_Sitting_2_extracted,Event_7,PhoneMagnetometer,PhoneMagnetometer_Event_7.data,503,4,0,0,0,epoch milliseconds (2018-03-05 10:29:12.621000),10.0,
S7_Sitting_2_extracted,Event_7,android.sensor.accelerometer,android.sensor.accelerometer_Event_7.data,507,4,0,0,0,epoch milliseconds (2018-03-05 10:29:12.618000),10.0,
S7_Sitting_2_extracted,Event_7,android.sensor.gyroscope,android.sensor.gyroscope_Event_7.data,507,4,0,0,0,epoch milliseconds (2018-03-05 10:29:12.625000),10.0,
S7_Sitting_2_extracted,Event_8,JinsAccelerometer,JinsAccelerometer_Event_8.data,100,4,0,0,0,epoch milliseconds (2018-03-05 10:29:22.448000),53.0,
S7_Sitting_2_extracted,Event_8,JinsBlinkSpeed,JinsBlinkSpeed_Event_8.data,100,2,0,0,0,epoch milliseconds (2018-03-05 10:29:22.448000),53.0,
S7_Sitting_2_extracted,Event_8,JinsBlinkStrength,JinsBlinkStrength_Event_8.data,100,2,0,0,0,epoch milliseconds (2018-03-05 10:29:22.448000),53.0,
S7_Sitting_2_extracted,Event_8,JinsEyeMovement,JinsEyeMovement_Event_8.data,100,5,0,0,0,epoch milliseconds (2018-03-05 10:29:22.448000),53.0,
S7_Sitting_2_extracted,Event_8,JinsGyroscope,JinsGyroscope_Event_8.data,100,4,0,0,0,epoch milliseconds (2018-03-05 10:29:22.448000),53.0,
S7_Sitting_2_extracted,Event_8,PhoneAccelerometer,PhoneAccelerometer_Event_8.data,1002,4,0,0,0,epoch milliseconds (2018-03-05 10:29:22.434000),5.0,
S7_Sitting_2_extracted,Event_8,PhoneGravity,PhoneGravity_Event_8.data,1005,4,0,0,0,epoch milliseconds (2018-03-05 10:29:22.434000),5.0,
S7_Sitting_2_extracted,Event_8,PhoneGyroscope,PhoneGyroscope_Event_8.data,1003,4,0,0,0,epoch milliseconds (2018-03-05 10:29:22.434000),5.0,
S7_Sitting_2_extracted,Event_8,PhoneLinearAccelerometer,PhoneLinearAccelerometer_Event_8.data,1004,4,0,0,0,epoch milliseconds (2018-03-05 10:29:22.436000),5.0,
S7_Sitting_2_extracted,Event_8,PhoneMagnetometer,PhoneMagnetometer_Event_8.data,501,4,0,0,0,epoch milliseconds (2018-03-05 10:29:22.435000),10.0,
S7_Sitting_2_extracted,Event_8,android.sensor.accelerometer,android.sensor.accelerometer_Event_8.data,503,4,0,0,0,epoch milliseconds (2018-03-05 10:29:22.434000),10.0,
S7_Sitting_2_extracted,Event_8,android.sensor.gyroscope,android.sensor.gyroscope_Event_8.data,503,4,0,0,0,epoch milliseconds (2018-03-05 10:29:22.440000),10.0,
S7_Sitting_2_extracted,Event_9,JinsAccelerometer,JinsAccelerometer_Event_9.data,100,4,0,0,0,epoch milliseconds (2018-03-05 10:29:32.001000),52.0,
S7_Sitting_2_extracted,Event_9,JinsBlinkSpeed,JinsBlinkSpeed_Event_9.data,100,2,0,0,0,epoch milliseconds (2018-03-05 10:29:32.001000),52.0,
S7_Sitting_2_extracted,Event_9,JinsBlinkStrength,JinsBlinkStrength_Event_9.data,100,2,0,0,0,epoch milliseconds (2018-03-05 10:29:32.001000),52.0,
S7_Sitting_2_extracted,Event_9,JinsEyeMovement,JinsEyeMovement_Event_9.data,100,5,0,0,0,epoch milliseconds (2018-03-05 10:29:32.001000),52.0,
S7_Sitting_2_extracted,Event_9,JinsGyroscope,JinsGyroscope_Event_9.data,100,4,0,0,0,epoch milliseconds (2018-03-05 10:29:32.001000),52.0,
S7_Sitting_2_extracted,Event_9,PhoneAccelerometer,PhoneAccelerometer_Event_9.data,1003,4,0,0,0,epoch milliseconds (2018-03-05 10:29:31.980000),5.0,
S7_Sitting_2_extracted,Event_9,PhoneGravity,PhoneGravity_Event_9.data,1003,4,0,0,0,epoch milliseconds (2018-03-05 10:29:31.978000),5.0,
S7_Sitting_2_extracted,Event_9,PhoneGyroscope,PhoneGyroscope_Event_9.data,1004,4,0,0,0,epoch milliseconds (2018-03-05 10:29:31.979000),5.0,
S7_Sitting_2_extracted,Event_9,PhoneLinearAccelerometer,PhoneLinearAccelerometer_Event_9.data,1003,4,0,0,0,epoch milliseconds (2018-03-05 10:29:31.980000),5.0,
S7_Sitting_2_extracted,Event_9,PhoneMagnetometer,PhoneMagnetometer_Event_9.data,501,4,0,0,0,epoch milliseconds (2018-03-05 10:29:31.976000),10.0,
S7_Sitting_2_extracted,Event_9,android.sensor.accelerometer,android.sensor.accelerometer_Event_9.data,502,4,0,0,0,epoch milliseconds (2018-03-05 10:29:31.983000),10.0,
S7_Sitting_2_extracted,Event_9,android.sensor.gyroscope,android.sensor.gyroscope_Event_9.data,502,4,0,0,0,epoch milliseconds (2018-03-05 10:29:31.983000),10.0,
S7_Standing_1_extracted,Event_0,JinsAccelerometer,JinsAccelerometer_Event_0.data,100,4,0,0,0,epoch milliseconds (2018-03-05 10:14:35.466000),52.0,
S7_Standing_1_extracted,Event_0,JinsBlinkSpeed,JinsBlinkSpeed_Event_0.data,100,2,0,0,0,epoch milliseconds (2018-03-05 10:14:35.466000),52.0,
S7_Standing_1_extracted,Event_0,JinsBlinkStrength,JinsBlinkStrength_Event_0.data,100,2,0,0,0,epoch milliseconds (2018-03-05 10:14:35.466000),52.0,
S7_Standing_1_extracted,Event_0,JinsEyeMovement,JinsEyeMovement_Event_0.data,100,5,0,0,0,epoch milliseconds (2018-03-05 10:14:35.466000),52.0,
S7_Standing_1_extracted,Event_0,JinsGyroscope,JinsGyroscope_Event_0.data,100,4,0,0,0,epoch milliseconds (2018-03-05 10:14:35.466000),52.0,
S7_Standing_1_extracted,Event_0,PhoneAccelerometer,PhoneAccelerometer_Event_0.data,1003,4,0,0,0,epoch milliseconds (2018-03-05 10:14:35.405000),5.0,
S7_Standing_1_extracted,Event_0,PhoneGravity,PhoneGravity_Event_0.data,1003,4,0,0,0,epoch milliseconds (2018-03-05 10:14:35.408000),5.0,
S7_Standing_1_extracted,Event_0,PhoneGyroscope,PhoneGyroscope_Event_0.data,1002,4,0,0,0,epoch milliseconds (2018-03-05 10:14:35.409000),5.0,
S7_Standing_1_extracted,Event_0,PhoneLinearAccelerometer,PhoneLinearAccelerometer_Event_0.data,1003,4,0,0,0,epoch milliseconds (2018-03-05 10:14:35.409000),5.0,
S7_Standing_1_extracted,Event_0,PhoneMagnetometer,PhoneMagnetometer_Event_0.data,504,4,0,0,0,epoch milliseconds (2018-03-05 10:14:35.414000),10.0,
S7_Standing_1_extracted,Event_0,android.sensor.accelerometer,android.sensor.accelerometer_Event_0.data,498,4,0,0,0,epoch milliseconds (2018-03-05 10:14:35.414000),10.0,
S7_Standing_1_extracted,Event_0,android.sensor.gyroscope,android.sensor.gyroscope_Event_0.data,499,4,0,0,0,epoch milliseconds (2018-03-05 10:14:35.407000),10.0,
S7_Standing_1_extracted,Event_1,JinsAccelerometer,JinsAccelerometer_Event_1.data,100,4,0,0,0,epoch milliseconds (2018-03-05 10:14:55.068000),52.0,
S7_Standing_1_extracted,Event_1,JinsBlinkSpeed,JinsBlinkSpeed_Event_1.data,100,2,0,0,0,epoch milliseconds (2018-03-05 10:14:55.068000),52.0,
S7_Standing_1_extracted,Event_1,JinsBlinkStrength,JinsBlinkStrength_Event_1.data,100,2,0,0,0,epoch milliseconds (2018-03-05 10:14:55.068000),52.0,
S7_Standing_1_extracted,Event_1,JinsEyeMovement,JinsEyeMovement_Event_1.data,100,5,0,0,0,epoch milliseconds (2018-03-05 10:14:55.068000),52.0,
S7_Standing_1_extracted,Event_1,JinsGyroscope,JinsGyroscope_Event_1.data,100,4,0,0,0,epoch milliseconds (2018-03-05 10:14:55.068000),52.0,
S7_Standing_1_extracted,Event_1,PhoneAccelerometer,PhoneAccelerometer_Event_1.data,1003,4,0,0,0,epoch milliseconds (2018-03-05 10:14:55.050000),5.0,
S7_Standing_1_extracted,Event_1,PhoneGravity,PhoneGravity_Event_1.data,1003,4,0,0,0,epoch milliseconds (2018-03-05 10:14:55.045000),5.0,
S7_Standing_1_extracted,Event_1,PhoneGyroscope,PhoneGyroscope_Event_1.data,1003,4,0,0,0,epoch milliseconds (2018-03-05 10:14:55.046000),5.0,
S7_Standing_1_extracted,Event_1,PhoneLinearAccelerometer,PhoneLinearAccelerometer_Event_1.data,1004,4,0,0,0,epoch milliseconds (2018-03-05 10:14:55.048000),5.0,
S7_Standing_1_extracted,Event_1,PhoneMagnetometer,PhoneMagnetometer_Event_1.data,501,4,0,0,0,epoch milliseconds (2018-03-05 10:14:55.051000),10.0,
S7_Standing_1_extracted,Event_1,android.sensor.accelerometer,android.sensor.accelerometer_Event_1.data,501,4,0,0,0,epoch milliseconds (2018-03-05 10:14:55.053000),10.0,
S7_Standing_1_extracted,Event_1,android.sensor.gyroscope,android.sensor.gyroscope_Event_1.data,502,4,0,0,0,epoch milliseconds (2018-03-05 10:14:55.045000),10.0,
S7_Standing_1_extracted,Event_2,JinsAccelerometer,JinsAccelerometer_Event_2.data,101,4,0,0,0,epoch milliseconds (2018-03-05 10:15:05.490000),52.0,
S7_Standing_1_extracted,Event_2,JinsBlinkSpeed,JinsBlinkSpeed_Event_2.data,101,2,0,0,0,epoch milliseconds (2018-03-05 10:15:05.490000),52.0,
S7_Standing_1_extracted,Event_2,JinsBlinkStrength,JinsBlinkStrength_Event_2.data,101,2,0,0,0,epoch milliseconds (2018-03-05 10:15:05.490000),52.0,
S7_Standing_1_extracted,Event_2,JinsEyeMovement,JinsEyeMovement_Event_2.data,101,5,0,0,0,epoch milliseconds (2018-03-05 10:15:05.490000),52.0,
S7_Standing_1_extracted,Event_2,JinsGyroscope,JinsGyroscope_Event_2.data,101,4,0,0,0,epoch milliseconds (2018-03-05 10:15:05.490000),52.0,
S7_Standing_1_extracted,Event_2,PhoneAccelerometer,PhoneAccelerometer_Event_2.data,1002,4,0,0,0,epoch milliseconds (2018-03-05 10:15:05.490000),5.0,
S7_Standing_1_extracted,Event_2,PhoneGravity,PhoneGravity_Event_2.data,1004,4,0,0,0,epoch milliseconds (2018-03-05 10:15:05.488000),5.0,
S7_Standing_1_extracted,Event_2,PhoneGyroscope,PhoneGyroscope_Event_2.data,1004,4,0,0,0,epoch milliseconds (2018-03-05 10:15:05.492000),5.0,
S7_Standing_1_extracted,Event_2,PhoneLinearAccelerometer,PhoneLinearAccelerometer_Event_2.data,1005,4,0,0,0,epoch milliseconds (2018-03-05 10:15:05.491000),5.0,
S7_Standing_1_extracted,Event_2,PhoneMagnetometer,PhoneMagnetometer_Event_2.data,501,4,0,0,0,epoch milliseconds (2018-03-05 10:15:05.491000),10.0,
S7_Standing_1_extracted,Event_2,android.sensor.accelerometer,android.sensor.accelerometer_Event_2.data,505,4,0,0,0,epoch milliseconds (2018-03-05 10:15:05.495000),10.0,
S7_Standing_1_extracted,Event_2,android.sensor.gyroscope,android.sensor.gyroscope_Event_2.data,505,4,0,0,0,epoch milliseconds (2018-03-05 10:15:05.488000),10.0,
S7_Standing_1_extracted,Event_3,JinsAccelerometer,JinsAccelerometer_Event_3.data,101,4,0,0,0,epoch milliseconds (2018-03-05 10:15:15.547000),52.0,
S7_Standing_1_extracted,Event_3,JinsBlinkSpeed,JinsBlinkSpeed_Event_3.data,101,2,0,0,0,epoch milliseconds (2018-03-05 10:15:15.547000),52.0,
S7_Standing_1_extracted,Event_3,JinsBlinkStrength,JinsBlinkStrength_Event_3.data,101,2,0,0,0,epoch milliseconds (2018-03-05 10:15:15.547000),52.0,
S7_Standing_1_extracted,Event_3,JinsEyeMovement,JinsEyeMovement_Event_3.data,101,5,0,0,0,epoch milliseconds (2018-03-05 10:15:15.547000),52.0,
S7_Standing_1_extracted,Event_3,JinsGyroscope,JinsGyroscope_Event_3.data,101,4,0,0,0,epoch milliseconds (2018-03-05 10:15:15.547000),52.0,
S7_Standing_1_extracted,Event_3,PhoneAccelerometer,PhoneAccelerometer_Event_3.data,1012,4,0,0,0,epoch milliseconds (2018-03-05 10:15:15.533000),5.0,
S7_Standing_1_extracted,Event_3,PhoneGravity,PhoneGravity_Event_3.data,1008,4,0,0,0,epoch milliseconds (2018-03-05 10:15:15.531000),5.0,
S7_Standing_1_extracted,Event_3,PhoneGyroscope,PhoneGyroscope_Event_3.data,1008,4,0,0,0,epoch milliseconds (2018-03-05 10:15:15.531000),5.0,
S7_Standing_1_extracted,Event_3,PhoneLinearAccelerometer,PhoneLinearAccelerometer_Event_3.data,1008,4,0,0,0,epoch milliseconds (2018-03-05 10:15:15.534000),5.0,
S7_Standing_1_extracted,Event_3,PhoneMagnetometer,PhoneMagnetometer_Event_3.data,501,4,0,0,0,epoch milliseconds (2018-03-05 10:15:15.534000),10.0,
S7_Standing_1_extracted,Event_3,android.sensor.accelerometer,android.sensor.accelerometer_Event_3.data,506,4,0,0,0,epoch milliseconds (2018-03-05 10:15:15.536000),10.0,
S7_Standing_1_extracted,Event_3,android.sensor.gyroscope,android.sensor.gyroscope_Event_3.data,506,4,0,0,0,epoch milliseconds (2018-03-05 10:15:15.538000),10.0,
S7_Standing_1_extracted,Event_4,JinsAccelerometer,JinsAccelerometer_Event_4.data,100,4,0,0,0,epoch milliseconds (2018-03-05 10:15:25.837000),53.0,
S7_Standing_1_extracted,Event_4,JinsBlinkSpeed,JinsBlinkSpeed_Event_4.data,100,2,0,0,0,epoch milliseconds (2018-03-05 10:15:25.837000),53.0,
S7_Standing_1_extracted,Event_4,JinsBlinkStrength,JinsBlinkStrength_Event_4.data,100,2,0,0,0,epoch milliseconds (2018-03-05 10:15:25.837000),53.0,
S7_Standing_1_extracted,Event_4,JinsEyeMovement,JinsEyeMovement_Event_4.data,100,5,0,0,0,epoch milliseconds (2018-03-05 10:15:25.837000),53.0,
S7_Standing_1_extracted,Event_4,JinsGyroscope,JinsGyroscope_Event_4.data,100,4,0,0,0,epoch milliseconds (2018-03-05 10:15:25.837000),53.0,
S7_Standing_1_extracted,Event_4,PhoneAccelerometer,PhoneAccelerometer_Event_4.data,1000,4,0,0,0,epoch milliseconds (2018-03-05 10:15:25.822000),5.0,
S7_Standing_1_extracted,Event_4,PhoneGravity,PhoneGravity_Event_4.data,1000,4,0,0,0,epoch milliseconds (2018-03-05 10:15:25.819000),5.0,
S7_Standing_1_extracted,Event_4,PhoneGyroscope,PhoneGyroscope_Event_4.data,998,4,0,0,0,epoch milliseconds (2018-03-05 10:15:25.823000),5.0,
S7_Standing_1_extracted,Event_4,PhoneLinearAccelerometer,PhoneLinearAccelerometer_Event_4.data,1000,4,0,0,0,epoch milliseconds (2018-03-05 10:15:25.823000),5.0,
S7_Standing_1_extracted,Event_4,PhoneMagnetometer,PhoneMagnetometer_Event_4.data,501,4,0,0,0,epoch milliseconds (2018-03-05 10:15:25.820000),10.0,
S7_Standing_1_extracted,Event_4,android.sensor.accelerometer,android.sensor.accelerometer_Event_4.data,504,4,0,0,0,epoch milliseconds (2018-03-05 10:15:25.821000),10.0,
S7_Standing_1_extracted,Event_4,android.sensor.gyroscope,android.sensor.gyroscope_Event_4.data,503,4,0,0,0,epoch milliseconds (2018-03-05 10:15:25.825000),10.0,
S7_Standing_1_extracted,Event_5,JinsAccelerometer,JinsAccelerometer_Event_5.data,100,4,0,0,0,epoch milliseconds (2018-03-05 10:15:36.150000),52.0,
S7_Standing_1_extracted,Event_5,JinsBlinkSpeed,JinsBlinkSpeed_Event_5.data,100,2,0,0,0,epoch milliseconds (2018-03-05 10:15:36.150000),52.0,
S7_Standing_1_extracted,Event_5,JinsBlinkStrength,JinsBlinkStrength_Event_5.data,100,2,0,0,0,epoch milliseconds (2018-03-05 10:15:36.150000),52.0,
S7_Standing_1_extracted,Event_5,JinsEyeMovement,JinsEyeMovement_Event_5.data,100,5,0,0,0,epoch milliseconds (2018-03-05 10:15:36.150000),52.0,
S7_Standing_1_extracted,Event_5,JinsGyroscope,JinsGyroscope_Event_5.data,100,4,0,0,0,epoch milliseconds (2018-03-05 10:15:36.150000),52.0,
S7_Standing_1_extracted,Event_5,PhoneAccelerometer,PhoneAccelerometer_Event_5.data,1002,4,0,0,0,epoch milliseconds (2018-03-05 10:15:36.103000),5.0,
S7_Standing_1_extracted,Event_5,PhoneGravity,PhoneGravity_Event_5.data,1005,4,0,0,0,epoch milliseconds (2018-03-05 10:15:36.100000),5.0,
S7_Standing_1_extracted,Event_5,PhoneGyroscope,PhoneGyroscope_Event_5.data,1003,4,0,0,0,epoch milliseconds (2018-03-05 10:15:36.102000),5.0,
S7_Standing_1_extracted,Event_5,PhoneLinearAccelerometer,PhoneLinearAccelerometer_Event_5.data,1003,4,0,0,0,epoch milliseconds (2018-03-05 10:15:36.103000),5.0,
S7_Standing_1_extracted,Event_5,PhoneMagnetometer,PhoneMagnetometer_Event_5.data,502,4,0,0,0,epoch milliseconds (2018-03-05 10:15:36.100000),10.0,
S7_Standing_1_extracted,Event_5,android.sensor.accelerometer,android.sensor.accelerometer_Event_5.data,500,4,0,0,0,epoch milliseconds (2018-03-05 10:15:36.102000),10.0,
S7_Standing_1_extracted,Event_5,android.sensor.gyroscope,android.sensor.gyroscope_Event_5.data,500,4,0,0,0,epoch milliseconds (2018-03-05 10:15:36.102000),10.0,
S7_Standing_1_extracted,Event_6,JinsAccelerometer,JinsAccelerometer_Event_6.data,100,4,0,0,0,epoch milliseconds (2018-03-05 10:15:46.126000),52.5,
S7_Standing_1_extracted,Event_6,JinsBlinkSpeed,JinsBlinkSpeed_Event_6.data,100,2,0,0,0,epoch milliseconds (2018-03-05 10:15:46.126000),52.5,
S7_Standing_1_extracted,Event_6,JinsBlinkStrength,JinsBlinkStrength_Event_6.data,100,2,0,0,0,epoch milliseconds (2018-03-05 10:15:46.126000),52.5,
S7_Standing_1_extracted,Event_6,JinsEyeMovement,JinsEyeMovement_Event_6.data,100,5,0,0,0,epoch milliseconds (2018-03-05 10:15:46.126000),52.5,
S7_Standing_1_extracted,Event_6,JinsGyroscope,JinsGyroscope_Event_6.data,100,4,0,0,0,epoch milliseconds (2018-03-05 10:15:46.126000),52.5,
S7_Standing_1_extracted,Event_6,PhoneAccelerometer,PhoneAccelerometer_Event_6.data,1004,4,0,0,0,epoch milliseconds (2018-03-05 10:15:46.124000),5.0,
S7_Standing_1_extracted,Event_6,PhoneGravity,PhoneGravity_Event_6.data,1001,4,0,0,0,epoch milliseconds (2018-03-05 10:15:46.127000),5.0,
S7_Standing_1_extracted,Event_6,PhoneGyroscope,PhoneGyroscope_Event_6.data,1003,4,0,0,0,epoch milliseconds (2018-03-05 10:15:46.124000),5.0,
S7_Standing_1_extracted,Event_6,PhoneLinearAccelerometer,PhoneLinearAccelerometer_Event_6.data,1001,4,0,0,0,epoch milliseconds (2018-03-05 10:15:46.124000),5.0,
S7_Standing_1_extracted,Event_6,PhoneMagnetometer,PhoneMagnetometer_Event_6.data,501,4,0,0,0,epoch milliseconds (2018-03-05 10:15:46.129000),10.0,
S7_Standing_1_extracted,Event_6,android.sensor.accelerometer,android.sensor.accelerometer_Event_6.data,497,4,0,0,0,epoch milliseconds (2018-03-05 10:15:46.124000),10.0,
S7_Standing_1_extracted,Event_6,android.sensor.gyroscope,android.sensor.gyroscope_Event_6.data,497,4,0,0,0,epoch milliseconds (2018-03-05 10:15:46.128000),10.0,
S7_Standing_1_extracted,Event_7,JinsAccelerometer,JinsAccelerometer_Event_7.data,101,4,0,0,0,epoch milliseconds (2018-03-05 10:15:56.492000),52.0,
S7_Standing_1_extracted,Event_7,JinsBlinkSpeed,JinsBlinkSpeed_Event_7.data,101,2,0,0,0,epoch milliseconds (2018-03-05 10:15:56.492000),52.0,
S7_Standing_1_extracted,Event_7,JinsBlinkStrength,JinsBlinkStrength_Event_7.data,101,2,0,0,0,epoch milliseconds (2018-03-05 10:15:56.492000),52.0,
S7_Standing_1_extracted,Event_7,JinsEyeMovement,JinsEyeMovement_Event_7.data,101,5,0,0,0,epoch milliseconds (2018-03-05 10:15:56.492000),52.0,
S7_Standing_1_extracted,Event_7,JinsGyroscope,JinsGyroscope_Event_7.data,101,4,0,0,0,epoch milliseconds (2018-03-05 10:15:56.492000),52.0,
S7_Standing_1_extracted,Event_7,PhoneAccelerometer,PhoneAccelerometer_Event_7.data,1004,4,0,0,0,epoch milliseconds (2018-03-05 10:15:56.457000),5.0,
S7_Standing_1_extracted,Event_7,PhoneGravity,PhoneGravity_Event_7.data,1004,4,0,0,0,epoch milliseconds (2018-03-05 10:15:56.457000),5.0,
S7_Standing_1_extracted,Event_7,PhoneGyroscope,PhoneGyroscope_Event_7.data,1003,4,0,0,0,epoch milliseconds (2018-03-05 10:15:56.461000),5.0,
S7_Standing_1_extracted,Event_7,PhoneLinearAccelerometer,PhoneLinearAccelerometer_Event_7.data,1004,4,0,0,0,epoch milliseconds (2018-03-05 10:15:56.457000),5.0,
S7_Standing_1_extracted,Event_7,PhoneMagnetometer,PhoneMagnetometer_Event_7.data,500,4,0,0,0,epoch milliseconds (2018-03-05 10:15:56.465000),10.0,
S7_Standing_1_extracted,Event_7,android.sensor.accelerometer,android.sensor.accelerometer_Event_7.data,503,4,0,0,0,epoch milliseconds (2018-03-05 10:15:56.463000),10.0,
S7_Standing_1_extracted,Event_7,android.sensor.gyroscope,android.sensor.gyroscope_Event_7.data,504,4,0,0,0,epoch milliseconds (2018-03-05 10:15:56.460000),10.0,
S7_Standing_1_extracted,Event_8,JinsAccelerometer,JinsAccelerometer_Event_8.data,100,4,0,0,0,epoch milliseconds (2018-03-05 10:16:06.837000),53.0,
S7_Standing_1_extracted,Event_8,JinsBlinkSpeed,JinsBlinkSpeed_Event_8.data,100,2,0,0,0,epoch milliseconds (2018-03-05 10:16:06.837000),53.0,
S7_Standing_1_extracted,Event_8,JinsBlinkStrength,JinsBlinkStrength_Event_8.data,100,2,0,0,0,epoch milliseconds (2018-03-05 10:16:06.837000),53.0,
S7_Standing_1_extracted,Event_8,JinsEyeMovement,JinsEyeMovement_Event_8.data,100,5,0,0,0,epoch milliseconds (2018-03-05 10:16:06.837000),53.0,
S7_Standing_1_extracted,Event_8,JinsGyroscope,JinsGyroscope_Event_8.data,100,4,0,0,0,epoch milliseconds (2018-03-05 10:16:06.837000),53.0,
S7_Standing_1_extracted,Event_8,PhoneAccelerometer,PhoneAccelerometer_Event_8.data,1004,4,0,0,0,epoch milliseconds (2018-03-05 10:16:06.795000),5.0,
S7_Standing_1_extracted,Event_8,PhoneGravity,PhoneGravity_Event_8.data,1004,4,0,0,0,epoch milliseconds (2018-03-05 10:16:06.797000),5.0,
S7_Standing_1_extracted,Event_8,PhoneGyroscope,PhoneGyroscope_Event_8.data,1004,4,0,0,0,epoch milliseconds (2018-03-05 10:16:06.798000),5.0,
S7_Standing_1_extracted,Event_8,PhoneLinearAccelerometer,PhoneLinearAccelerometer_Event_8.data,1002,4,0,0,0,epoch milliseconds (2018-03-05 10:16:06.796000),5.0,
S7_Standing_1_extracted,Event_8,PhoneMagnetometer,PhoneMagnetometer_Event_8.data,501,4,0,0,0,epoch milliseconds (2018-03-05 10:16:06.799000),10.0,
S7_Standing_1_extracted,Event_8,android.sensor.accelerometer,android.sensor.accelerometer_Event_8.data,501,4,0,0,0,epoch milliseconds (2018-03-05 10:16:06.797000),10.0,
S7_Standing_1_extracted,Event_8,android.sensor.gyroscope,android.sensor.gyroscope_Event_8.data,501,4,0,0,0,epoch milliseconds (2018-03-05 10:16:06.804000),10.0,
S7_Standing_1_extracted,Event_9,JinsAccelerometer,JinsAccelerometer_Event_9.data,100,4,0,0,0,epoch milliseconds (2018-03-05 10:16:16.837000),52.0,
S7_Standing_1_extracted,Event_9,JinsBlinkSpeed,JinsBlinkSpeed_Event_9.data,100,2,0,0,0,epoch milliseconds (2018-03-05 10:16:16.837000),52.0,
S7_Standing_1_extracted,Event_9,JinsBlinkStrength,JinsBlinkStrength_Event_9.data,100,2,0,0,0,epoch milliseconds (2018-03-05 10:16:16.837000),52.0,
S7_Standing_1_extracted,Event_9,JinsEyeMovement,JinsEyeMovement_Event_9.data,100,5,0,0,0,epoch milliseconds (2018-03-05 10:16:16.837000),52.0,
S7_Standing_1_extracted,Event_9,JinsGyroscope,JinsGyroscope_Event_9.data,100,4,0,0,0,epoch milliseconds (2018-03-05 10:16:16.837000),52.0,
S7_Standing_1_extracted,Event_9,PhoneAccelerometer,PhoneAccelerometer_Event_9.data,1004,4,0,0,0,epoch milliseconds (2018-03-05 10:16:16.808000),5.0,
S7_Standing_1_extracted,Event_9,PhoneGravity,PhoneGravity_Event_9.data,1006,4,0,0,0,epoch milliseconds (2018-03-05 10:16:16.809000),5.0,
S7_Standing_1_extracted,Event_9,PhoneGyroscope,PhoneGyroscope_Event_9.data,1003,4,0,0,0,epoch milliseconds (2018-03-05 10:16:16.808000),5.0,
S7_Standing_1_extracted,Event_9,PhoneLinearAccelerometer,PhoneLinearAccelerometer_Event_9.data,1005,4,0,0,0,epoch milliseconds (2018-03-05 10:16:16.808000),5.0,
S7_Standing_1_extracted,Event_9,PhoneMagnetometer,PhoneMagnetometer_Event_9.data,500,4,0,0,0,epoch milliseconds (2018-03-05 10:16:16.814000),10.0,
S7_Standing_1_extracted,Event_9,android.sensor.accelerometer,android.sensor.accelerometer_Event_9.data,502,4,0,0,0,epoch milliseconds (2018-03-05 10:16:16.811000),10.0,
S7_Standing_1_extracted,Event_9,android.sensor.gyroscope,android.sensor.gyroscope_Event_9.data,502,4,0,0,0,epoch milliseconds (2018-03-05 10:16:16.815000),10.0,
S7_Standing_2_extracted,Event_0,JinsAccelerometer,JinsAccelerometer_Event_0.data,100,4,0,0,0,epoch milliseconds (2018-03-05 10:18:52.422000),52.0,
S7_Standing_2_extracted,Event_0,JinsBlinkSpeed,JinsBlinkSpeed_Event_0.data,100,2,0,0,0,epoch milliseconds (2018-03-05 10:18:52.422000),52.0,
S7_Standing_2_extracted,Event_0,JinsBlinkStrength,JinsBlinkStrength_Event_0.data,100,2,0,0,0,epoch milliseconds (2018-03-05 10:18:52.422000),52.0,
S7_Standing_2_extracted,Event_0,JinsEyeMovement,JinsEyeMovement_Event_0.data,100,5,0,0,0,epoch milliseconds (2018-03-05 10:18:52.422000),52.0,
S7_Standing_2_extracted,Event_0,JinsGyroscope,JinsGyroscope_Event_0.data,100,4,0,0,0,epoch milliseconds (2018-03-05 10:18:52.422000),52.0,
S7_Standing_2_extracted,Event_0,PhoneAccelerometer,PhoneAccelerometer_Event_0.data,1004,4,0,0,0,epoch milliseconds (2018-03-05 10:18:52.368000),5.0,
S7_Standing_2_extracted,Event_0,PhoneGravity,PhoneGravity_Event_0.data,1004,4,0,0,0,epoch milliseconds (2018-03-05 10:18:52.368000),5.0,
S7_Standing_2_extracted,Event_0,PhoneGyroscope,PhoneGyroscope_Event_0.data,1004,4,0,0,0,epoch milliseconds (2018-03-05 10:18:52.366000),5.0,
S7_Standing_2_extracted,Event_0,PhoneLinearAccelerometer,PhoneLinearAccelerometer_Event_0.data,1004,4,0,0,0,epoch milliseconds (2018-03-05 10:18:52.368000),5.0,
S7_Standing_2_extracted,Event_0,PhoneMagnetometer,PhoneMagnetometer_Event_0.data,502,4,0,0,0,epoch milliseconds (2018-03-05 10:18:52.367000),10.0,
S7_Standing_2_extracted,Event_0,android.sensor.accelerometer,android.sensor.accelerometer_Event_0.data,493,4,0,0,0,epoch milliseconds (2018-03-05 10:18:52.369000),10.0,
S7_Standing_2_extracted,Event_0,android.sensor.gyroscope,android.sensor.gyroscope_Event_0.data,493,4,0,0,0,epoch milliseconds (2018-03-05 10:18:52.372000),10.0,
S7_Standing_2_extracted,Event_1,JinsAccelerometer,JinsAccelerometer_Event_1.data,99,4,0,0,0,epoch milliseconds (2018-03-05 10:19:02.735000),53.0,
S7_Standing_2_extracted,Event_1,JinsBlinkSpeed,JinsBlinkSpeed_Event_1.data,99,2,0,0,0,epoch milliseconds (2018-03-05 10:19:02.735000),53.0,
S7_Standing_2_extracted,Event_1,JinsBlinkStrength,JinsBlinkStrength_Event_1.data,99,2,0,0,0,epoch milliseconds (2018-03-05 10:19:02.735000),53.0,
S7_Standing_2_extracted,Event_1,JinsEyeMovement,JinsEyeMovement_Event_1.data,99,5,0,0,0,epoch milliseconds (2018-03-05 10:19:02.735000),53.0,
S7_Standing_2_extracted,Event_1,JinsGyroscope,JinsGyroscope_Event_1.data,99,4,0,0,0,epoch milliseconds (2018-03-05 10:19:02.735000),53.0,
S7_Standing_2_extracted,Event_1,PhoneAccelerometer,PhoneAccelerometer_Event_1.data,1003,4,0,0,0,epoch milliseconds (2018-03-05 10:19:02.688000),5.0,
S7_Standing_2_extracted,Event_1,PhoneGravity,PhoneGravity_Event_1.data,1003,4,0,0,0,epoch milliseconds (2018-03-05 10:19:02.685000),5.0,
S7_Standing_2_extracted,Event_1,PhoneGyroscope,PhoneGyroscope_Event_1.data,1006,4,0,0,0,epoch milliseconds (2018-03-05 10:19:02.685000),5.0,
S7_Standing_2_extracted,Event_1,PhoneLinearAccelerometer,PhoneLinearAccelerometer_Event_1.data,1003,4,0,0,0,epoch milliseconds (2018-03-05 10:19:02.689000),5.0,
S7_Standing_2_extracted,Event_1,PhoneMagnetometer,PhoneMagnetometer_Event_1.data,501,4,0,0,0,epoch milliseconds (2018-03-05 10:19:02.691000),10.0,
S7_Standing_2_extracted,Event_1,android.sensor.accelerometer,android.sensor.accelerometer_Event_1.data,507,4,0,0,0,epoch milliseconds (2018-03-05 10:19:02.686000),10.0,
S7_Standing_2_extracted,Event_1,android.sensor.gyroscope,android.sensor.gyroscope_Event_1.data,506,4,0,0,0,epoch milliseconds (2018-03-05 10:19:02.691000),10.0,
S7_Standing_2_extracted,Event_2,JinsAccelerometer,JinsAccelerometer_Event_2.data,101,4,0,0,0,epoch milliseconds (2018-03-05 10:19:12.650000),52.0,
S7_Standing_2_extracted,Event_2,JinsBlinkSpeed,JinsBlinkSpeed_Event_2.data,101,2,0,0,0,epoch milliseconds (2018-03-05 10:19:12.650000),52.0,
S7_Standing_2_extracted,Event_2,JinsBlinkStrength,JinsBlinkStrength_Event_2.data,101,2,0,0,0,epoch milliseconds (2018-03-05 10:19:12.650000),52.0,
S7_Standing_2_extracted,Event_2,JinsEyeMovement,JinsEyeMovement_Event_2.data,101,5,0,0,0,epoch milliseconds (2018-03-05 10:19:12.650000),52.0,
S7_Standing_2_extracted,Event_2,JinsGyroscope,JinsGyroscope_Event_2.data,101,4,0,0,0,epoch milliseconds (2018-03-05 10:19:12.650000),52.0,
S7_Standing_2_extracted,Event_2,PhoneAccelerometer,PhoneAccelerometer_Event_2.data,1003,4,0,0,0,epoch milliseconds (2018-03-05 10:19:12.631000),5.0,
S7_Standing_2_extracted,Event_2,PhoneGravity,PhoneGravity_Event_2.data,1004,4,0,0,0,epoch milliseconds (2018-03-05 10:19:12.629000),5.0,
S7_Standing_2_extracted,Event_2,PhoneGyroscope,PhoneGyroscope_Event_2.data,1010,4,0,0,0,epoch milliseconds (2018-03-05 10:19:12.634000),5.0,
S7_Standing_2_extracted,Event_2,PhoneLinearAccelerometer,PhoneLinearAccelerometer_Event_2.data,1003,4,0,0,0,epoch milliseconds (2018-03-05 10:19:12.632000),5.0,
S7_Standing_2_extracted,Event_2,PhoneMagnetometer,PhoneMagnetometer_Event_2.data,503,4,0,0,0,epoch milliseconds (2018-03-05 10:19:12.633000),10.0,
S7_Standing_2_extracted,Event_2,android.sensor.accelerometer,android.sensor.accelerometer_Event_2.data,505,4,0,0,0,epoch milliseconds (2018-03-05 10:19:12.632000),10.0,
S7_Standing_2_extracted,Event_2,android.sensor.gyroscope,android.sensor.gyroscope_Event_2.data,505,4,0,0,0,epoch milliseconds (2018-03-05 10:19:12.635000),10.0,
S7_Standing_2_extracted,Event_3,JinsAccelerometer,JinsAccelerometer_Event_3.data,100,4,0,0,0,epoch milliseconds (2018-03-05 10:19:32.949000),52.0,
S7_Standing_2_extracted,Event_3,JinsBlinkSpeed,JinsBlinkSpeed_Event_3.data,100,2,0,0,0,epoch milliseconds (2018-03-05 10:19:32.949000),52.0,
S7_Standing_2_extracted,Event_3,JinsBlinkStrength,JinsBlinkStrength_Event_3.data,100,2,0,0,0,epoch milliseconds (2018-03-05 10:19:32.949000),52.0,
S7_Standing_2_extracted,Event_3,JinsEyeMovement,JinsEyeMovement_Event_3.data,100,5,0,0,0,epoch milliseconds (2018-03-05 10:19:32.949000),52.0,
S7_Standing_2_extracted,Event_3,JinsGyroscope,JinsGyroscope_Event_3.data,100,4,0,0,0,epoch milliseconds (2018-03-05 10:19:32.949000),52.0,
S7_Standing_2_extracted,Event_3,PhoneAccelerometer,PhoneAccelerometer_Event_3.data,1003,4,0,0,0,epoch milliseconds (2018-03-05 10:19:32.932000),5.0,
S7_Standing_2_extracted,Event_3,PhoneGravity,PhoneGravity_Event_3.data,1003,4,0,0,0,epoch milliseconds (2018-03-05 10:19:32.934000),5.0,
S7_Standing_2_extracted,Event_3,PhoneGyroscope,PhoneGyroscope_Event_3.data,1002,4,0,0,0,epoch milliseconds (2018-03-05 10:19:32.933000),5.0,
S7_Standing_2_extracted,Event_3,PhoneLinearAccelerometer,PhoneLinearAccelerometer_Event_3.data,1003,4,0,0,0,epoch milliseconds (2018-03-05 10:19:32.934000),5.0,
S7_Standing_2_extracted,Event_3,PhoneMagnetometer,PhoneMagnetometer_Event_3.data,500,4,0,0,0,epoch milliseconds (2018-03-05 10:19:32.940000),10.0,
S7_Standing_2_extracted,Event_3,android.sensor.accelerometer,android.sensor.accelerometer_Event_3.data,503,4,0,0,0,epoch milliseconds (2018-03-05 10:19:32.932000),10.0,
S7_Standing_2_extracted,Event_3,android.sensor.gyroscope,android.sensor.gyroscope_Event_3.data,502,4,0,0,0,epoch milliseconds (2018-03-05 10:19:32.935000),10.0,
S7_Standing_2_extracted,Event_4,JinsAccelerometer,JinsAccelerometer_Event_4.data,98,4,0,0,0,epoch milliseconds (2018-03-05 10:19:43.605000),52.0,
S7_Standing_2_extracted,Event_4,JinsBlinkSpeed,JinsBlinkSpeed_Event_4.data,98,2,0,0,0,epoch milliseconds (2018-03-05 10:19:43.605000),52.0,
S7_Standing_2_extracted,Event_4,JinsBlinkStrength,JinsBlinkStrength_Event_4.data,98,2,0,0,0,epoch milliseconds (2018-03-05 10:19:43.605000),52.0,
S7_Standing_2_extracted,Event_4,JinsEyeMovement,JinsEyeMovement_Event_4.data,98,5,0,0,0,epoch milliseconds (2018-03-05 10:19:43.605000),52.0,
S7_Standing_2_extracted,Event_4,JinsGyroscope,JinsGyroscope_Event_4.data,98,4,0,0,0,epoch milliseconds (2018-03-05 10:19:43.605000),52.0,
S7_Standing_2_extracted,Event_4,PhoneAccelerometer,PhoneAccelerometer_Event_4.data,1002,4,0,0,0,epoch milliseconds (2018-03-05 10:19:43.556000),5.0,
S7_Standing_2_extracted,Event_4,PhoneGravity,PhoneGravity_Event_4.data,1003,4,0,0,0,epoch milliseconds (2018-03-05 10:19:43.556000),5.0,
S7_Standing_2_extracted,Event_4,PhoneGyroscope,PhoneGyroscope_Event_4.data,1003,4,0,0,0,epoch milliseconds (2018-03-05 10:19:43.555000),5.0,
S7_Standing_2_extracted,Event_4,PhoneLinearAccelerometer,PhoneLinearAccelerometer_Event_4.data,1004,4,0,0,0,epoch milliseconds (2018-03-05 10:19:43.554000),5.0,
S7_Standing_2_extracted,Event_4,PhoneMagnetometer,PhoneMagnetometer_Event_4.data,501,4,0,0,0,epoch milliseconds (2018-03-05 10:19:43.557000),10.0,
S7_Standing_2_extracted,Event_4,android.sensor.accelerometer,android.sensor.accelerometer_Event_4.data,503,4,0,0,0,epoch milliseconds (2018-03-05 10:19:43.592000),10.0,
S7_Standing_2_extracted,Event_4,android.sensor.gyroscope,android.sensor.gyroscope_Event_4.data,502,4,0,0,0,epoch milliseconds (2018-03-05 10:19:43.585000),10.0,
S7_Standing_2_extracted,Event_5,JinsAccelerometer,JinsAccelerometer_Event_5.data,100,4,0,0,0,epoch milliseconds (2018-03-05 10:19:54.473000),52.0,
S7_Standing_2_extracted,Event_5,JinsBlinkSpeed,JinsBlinkSpeed_Event_5.data,100,2,0,0,0,epoch milliseconds (2018-03-05 10:19:54.473000),52.0,
S7_Standing_2_extracted,Event_5,JinsBlinkStrength,JinsBlinkStrength_Event_5.data,100,2,0,0,0,epoch milliseconds (2018-03-05 10:19:54.473000),52.0,
S7_Standing_2_extracted,Event_5,JinsEyeMovement,JinsEyeMovement_Event_5.data,100,5,0,0,0,epoch milliseconds (2018-03-05 10:19:54.473000),52.0,
S7_Standing_2_extracted,Event_5,JinsGyroscope,JinsGyroscope_Event_5.data,100,4,0,0,0,epoch milliseconds (2018-03-05 10:19:54.473000),52.0,
S7_Standing_2_extracted,Event_5,PhoneAccelerometer,PhoneAccelerometer_Event_5.data,1005,4,0,0,0,epoch milliseconds (2018-03-05 10:19:54.432000),5.0,
S7_Standing_2_extracted,Event_5,PhoneGravity,PhoneGravity_Event_5.data,1004,4,0,0,0,epoch milliseconds (2018-03-05 10:19:54.430000),5.0,
S7_Standing_2_extracted,Event_5,PhoneGyroscope,PhoneGyroscope_Event_5.data,1003,4,0,0,0,epoch milliseconds (2018-03-05 10:19:54.430000),5.0,
S7_Standing_2_extracted,Event_5,PhoneLinearAccelerometer,PhoneLinearAccelerometer_Event_5.data,1004,4,0,0,0,epoch milliseconds (2018-03-05 10:19:54.430000),5.0,
S7_Standing_2_extracted,Event_5,PhoneMagnetometer,PhoneMagnetometer_Event_5.data,501,4,0,0,0,epoch milliseconds (2018-03-05 10:19:54.438000),10.0,
S7_Standing_2_extracted,Event_5,android.sensor.accelerometer,android.sensor.accelerometer_Event_5.data,486,4,0,0,0,epoch milliseconds (2018-03-05 10:19:54.438000),10.0,
S7_Standing_2_extracted,Event_5,android.sensor.gyroscope,android.sensor.gyroscope_Event_5.data,487,4,0,0,0,epoch milliseconds (2018-03-05 10:19:54.436000),10.0,
S7_Standing_2_extracted,Event_6,JinsAccelerometer,JinsAccelerometer_Event_6.data,100,4,0,0,0,epoch milliseconds (2018-03-05 10:20:04.081000),53.0,
S7_Standing_2_extracted,Event_6,JinsBlinkSpeed,JinsBlinkSpeed_Event_6.data,100,2,0,0,0,epoch milliseconds (2018-03-05 10:20:04.081000),53.0,
S7_Standing_2_extracted,Event_6,JinsBlinkStrength,JinsBlinkStrength_Event_6.data,100,2,0,0,0,epoch milliseconds (2018-03-05 10:20:04.081000),53.0,
S7_Standing_2_extracted,Event_6,JinsEyeMovement,JinsEyeMovement_Event_6.data,100,5,0,0,0,epoch milliseconds (2018-03-05 10:20:04.081000),53.0,
S7_Standing_2_extracted,Event_6,JinsGyroscope,JinsGyroscope_Event_6.data,100,4,0,0,0,epoch milliseconds (2018-03-05 10:20:04.081000),53.0,
S7_Standing_2_extracted,Event_6,PhoneAccelerometer,PhoneAccelerometer_Event_6.data,1004,4,0,0,0,epoch milliseconds (2018-03-05 10:20:04.065000),5.0,
S7_Standing_2_extracted,Event_6,PhoneGravity,PhoneGravity_Event_6.data,1003,4,0,0,0,epoch milliseconds (2018-03-05 10:20:04.065000),5.0,
S7_Standing_2_extracted,Event_6,PhoneGyroscope,PhoneGyroscope_Event_6.data,1004,4,0,0,0,epoch milliseconds (2018-03-05 10:20:04.064000),5.0,
S7_Standing_2_extracted,Event_6,PhoneLinearAccelerometer,PhoneLinearAccelerometer_Event_6.data,1004,4,0,0,0,epoch milliseconds (2018-03-05 10:20:04.066000),5.0,
S7_Standing_2_extracted,Event_6,PhoneMagnetometer,PhoneMagnetometer_Event_6.data,501,4,0,0,0,epoch milliseconds (2018-03-05 10:20:04.065000),10.0,
S7_Standing_2_extracted,Event_6,android.sensor.accelerometer,android.sensor.accelerometer_Event_6.data,498,4,0,0,0,epoch milliseconds (2018-03-05 10:20:04.067000),10.0,
S7_Standing_2_extracted,Event_6,android.sensor.gyroscope,android.sensor.gyroscope_Event_6.data,498,4,0,0,0,epoch milliseconds (2018-03-05 10:20:04.066000),10.0,
S7_Standing_2_extracted,Event_7,JinsAccelerometer,JinsAccelerometer_Event_7.data,101,4,0,0,0,epoch milliseconds (2018-03-05 10:20:12.270000),52.0,
S7_Standing_2_extracted,Event_7,JinsBlinkSpeed,JinsBlinkSpeed_Event_7.data,101,2,0,0,0,epoch milliseconds (2018-03-05 10:20:12.270000),52.0,
S7_Standing_2_extracted,Event_7,JinsBlinkStrength,JinsBlinkStrength_Event_7.data,101,2,0,0,0,epoch milliseconds (2018-03-05 10:20:12.270000),52.0,
S7_Standing_2_extracted,Event_7,JinsEyeMovement,JinsEyeMovement_Event_7.data,101,5,0,0,0,epoch milliseconds (2018-03-05 10:20:12.270000),52.0,
S7_Standing_2_extracted,Event_7,JinsGyroscope,JinsGyroscope_Event_7.data,101,4,0,0,0,epoch milliseconds (2018-03-05 10:20:12.270000),52.0,
S7_Standing_2_extracted,Event_7,PhoneAccelerometer,PhoneAccelerometer_Event_7.data,1003,4,0,0,0,epoch milliseconds (2018-03-05 10:20:12.237000),5.0,
S7_Standing_2_extracted,Event_7,PhoneGravity,PhoneGravity_Event_7.data,1004,4,0,0,0,epoch milliseconds (2018-03-05 10:20:12.236000),5.0,
S7_Standing_2_extracted,Event_7,PhoneGyroscope,PhoneGyroscope_Event_7.data,1004,4,0,0,0,epoch milliseconds (2018-03-05 10:20:12.238000),5.0,
S7_Standing_2_extracted,Event_7,PhoneLinearAccelerometer,PhoneLinearAccelerometer_Event_7.data,1004,4,0,0,0,epoch milliseconds (2018-03-05 10:20:12.237000),5.0,
S7_Standing_2_extracted,Event_7,PhoneMagnetometer,PhoneMagnetometer_Event_7.data,501,4,0,0,0,epoch milliseconds (2018-03-05 10:20:12.239000),10.0,
S7_Standing_2_extracted,Event_7,android.sensor.accelerometer,android.sensor.accelerometer_Event_7.data,497,4,0,0,0,epoch milliseconds (2018-03-05 10:20:12.242000),10.0,
S7_Standing_2_extracted,Event_7,android.sensor.gyroscope,android.sensor.gyroscope_Event_7.data,498,4,0,0,0,epoch milliseconds (2018-03-05 10:20:12.238000),10.0,
S7_Standing_2_extracted,Event_8,JinsAccelerometer,JinsAccelerometer_Event_8.data,99,4,0,0,0,epoch milliseconds (2018-03-05 10:20:20.434000),52.0,
S7_Standing_2_extracted,Event_8,JinsBlinkSpeed,JinsBlinkSpeed_Event_8.data,99,2,0,0,0,epoch milliseconds (2018-03-05 10:20:20.434000),52.0,
S7_Standing_2_extracted,Event_8,JinsBlinkStrength,JinsBlinkStrength_Event_8.data,99,2,0,0,0,epoch milliseconds (2018-03-05 10:20:20.434000),52.0,
S7_Standing_2_extracted,Event_8,JinsEyeMovement,JinsEyeMovement_Event_8.data,99,5,0,0,0,epoch milliseconds (2018-03-05 10:20:20.434000),52.0,
S7_Standing_2_extracted,Event_8,JinsGyroscope,JinsGyroscope_Event_8.data,99,4,0,0,0,epoch milliseconds (2018-03-05 10:20:20.434000),52.0,
S7_Standing_2_extracted,Event_8,PhoneAccelerometer,PhoneAccelerometer_Event_8.data,1004,4,0,0,0,epoch milliseconds (2018-03-05 10:20:20.410000),5.0,
S7_Standing_2_extracted,Event_8,PhoneGravity,PhoneGravity_Event_8.data,1003,4,0,0,0,epoch milliseconds (2018-03-05 10:20:20.408000),5.0,
S7_Standing_2_extracted,Event_8,PhoneGyroscope,PhoneGyroscope_Event_8.data,1004,4,0,0,0,epoch milliseconds (2018-03-05 10:20:20.408000),5.0,
S7_Standing_2_extracted,Event_8,PhoneLinearAccelerometer,PhoneLinearAccelerometer_Event_8.data,1003,4,0,0,0,epoch milliseconds (2018-03-05 10:20:20.410000),5.0,
S7_Standing_2_extracted,Event_8,PhoneMagnetometer,PhoneMagnetometer_Event_8.data,501,4,0,0,0,epoch milliseconds (2018-03-05 10:20:20.410000),10.0,
S7_Standing_2_extracted,Event_8,android.sensor.accelerometer,android.sensor.accelerometer_Event_8.data,495,4,0,0,0,epoch milliseconds (2018-03-05 10:20:20.415000),10.0,
S7_Standing_2_extracted,Event_8,android.sensor.gyroscope,android.sensor.gyroscope_Event_8.data,496,4,0,0,0,epoch milliseconds (2018-03-05 10:20:20.411000),10.0,
S7_Standing_2_extracted,Event_9,JinsAccelerometer,JinsAccelerometer_Event_9.data,100,4,0,0,0,epoch milliseconds (2018-03-05 10:20:39.495000),53.0,
S7_Standing_2_extracted,Event_9,JinsBlinkSpeed,JinsBlinkSpeed_Event_9.data,100,2,0,0,0,epoch milliseconds (2018-03-05 10:20:39.495000),53.0,
S7_Standing_2_extracted,Event_9,JinsBlinkStrength,JinsBlinkStrength_Event_9.data,100,2,0,0,0,epoch milliseconds (2018-03-05 10:20:39.495000),53.0,
S7_Standing_2_extracted,Event_9,JinsEyeMovement,JinsEyeMovement_Event_9.data,100,5,0,0,0,epoch milliseconds (2018-03-05 10:20:39.495000),53.0,
S7_Standing_2_extracted,Event_9,JinsGyroscope,JinsGyroscope_Event_9.data,100,4,0,0,0,epoch milliseconds (2018-03-05 10:20:39.495000),53.0,
S7_Standing_2_extracted,Event_9,PhoneAccelerometer,PhoneAccelerometer_Event_9.data,1004,4,0,0,0,epoch milliseconds (2018-03-05 10:20:39.451000),5.0,
S7_Standing_2_extracted,Event_9,PhoneGravity,PhoneGravity_Event_9.data,1005,4,0,0,0,epoch milliseconds (2018-03-05 10:20:39.455000),5.0,
S7_Standing_2_extracted,Event_9,PhoneGyroscope,PhoneGyroscope_Event_9.data,1003,4,0,0,0,epoch milliseconds (2018-03-05 10:20:39.451000),5.0,
S7_Standing_2_extracted,Event_9,PhoneLinearAccelerometer,PhoneLinearAccelerometer_Event_9.data,1003,4,0,0,0,epoch milliseconds (2018-03-05 10:20:39.451000),5.0,
S7_Standing_2_extracted,Event_9,PhoneMagnetometer,PhoneMagnetometer_Event_9.data,501,4,0,0,0,epoch milliseconds (2018-03-05 10:20:39.453000),10.0,
S7_Standing_2_extracted,Event_9,android.sensor.accelerometer,android.sensor.accelerometer_Event_9.data,505,4,0,0,0,epoch milliseconds (2018-03-05 10:20:39.452000),10.0,
S7_Standing_2_extracted,Event_9,android.sensor.gyroscope,android.sensor.gyroscope_Event_9.data,504,4,0,0,0,epoch milliseconds (2018-03-05 10:20:39.454000),10.0,
