original_folder,event,sensor,file,rows,columns,malformed_rows,missing_values,bad_timestamps,timestamp_format,median_interval_ms,error
S2_Bending_1_extracted,Event_1,JinsAccelerometer,JinsAccelerometer_Event_1.data,101,4,0,0,0,epoch milliseconds (2018-03-01 15:49:38.293000),38.0,
S2_Bending_1_extracted,Event_1,JinsBlinkSpeed,JinsBlinkSpeed_Event_1.data,101,2,0,0,0,epoch milliseconds (2018-03-01 15:49:38.293000),38.0,
S2_Bending_1_extracted,Event_1,JinsBlinkStrength,JinsBlinkStrength_Event_1.data,101,2,0,0,0,epoch milliseconds (2018-03-01 15:49:38.293000),38.0,
S2_Bending_1_extracted,Event_1,JinsEyeMovement,JinsEyeMovement_Event_1.data,101,5,0,0,0,epoch milliseconds (2018-03-01 15:49:38.293000),38.0,
S2_Bending_1_extracted,Event_1,JinsGyroscope,JinsGyroscope_Event_1.data,101,4,0,0,0,epoch milliseconds (2018-03-01 15:49:38.293000),38.0,
S2_Bending_1_extracted,Event_1,PhoneAccelerometer,PhoneAccelerometer_Event_1.data,991,4,0,0,0,epoch milliseconds (2018-03-01 15:49:38.290000),5.0,
S2_Bending_1_extracted,Event_1,PhoneGravity,PhoneGravity_Event_1.data,994,4,0,0,0,epoch milliseconds (2018-03-01 15:49:38.292000),5.0,
S2_Bending_1_extracted,Event_1,PhoneGyroscope,PhoneGyroscope_Event_1.data,990,4,0,0,0,epoch milliseconds (2018-03-01 15:49:38.294000),5.0,
S2_Bending_1_extracted,Event_1,PhoneLinearAccelerometer,PhoneLinearAccelerometer_Event_1.data,994,4,0,0,0,epoch milliseconds (2018-03-01 15:49:38.292000),5.0,
S2_Bending_1_extracted,Event_1,PhoneMagnetometer,PhoneMagnetometer_Event_1.data,497,4,0,0,0,epoch milliseconds (2018-03-01 15:49:38.298000),10.0,
S2_Bending_1_extracted,Event_1,android.sensor.accelerometer,android.sensor.accelerometer_Event_1.data,508,4,0,0,0,epoch milliseconds (2018-03-01 15:49:38.290000),10.0,
S2_Bending_1_extracted,Event_1,android.sensor.gyroscope,android.sensor.gyroscope_Event_1.data,507,4,0,0,0,epoch milliseconds (2018-03-01 15:49:38.292000),10.0,
S2_Bending_1_extracted,Event_2,JinsAccelerometer,JinsAccelerometer_Event_2.data,100,4,0,0,0,epoch milliseconds (2018-03-01 15:49:49.808000),38.0,
S2_Bending_1_extracted,Event_2,JinsBlinkSpeed,JinsBlinkSpeed_Event_2.data,100,2,0,0,0,epoch milliseconds (2018-03-01 15:49:49.808000),38.0,
S2_Bending_1_extracted,Event_2,JinsBlinkStrength,JinsBlinkStrength_Event_2.data,100,2,0,0,0,epoch milliseconds (2018-03-01 15:49:49.808000),38.0,
S2_Bending_1_extracted,Event_2,JinsEyeMovement,JinsEyeMovement_Event_2.data,100,5,0,0,0,epoch milliseconds (2018-03-01 15:49:49.808000),38.0,
S2_Bending_1_extracted,Event_2,JinsGyroscope,JinsGyroscope_Event_2.data,100,4,0,0,0,epoch milliseconds (2018-03-01 15:49:49.808000),38.0,
S2_Bending_1_extracted,Event_2,PhoneAccelerometer,PhoneAccelerometer_Event_2.data,991,4,0,0,0,epoch milliseconds (2018-03-01 15:49:49.773000),5.0,
S2_Bending_1_extracted,Event_2,PhoneGravity,PhoneGravity_Event_2.data,993,4,0,0,0,epoch milliseconds (2018-03-01 15:49:49.772000),5.0,
S2_Bending_1_extracted,Event_2,PhoneGyroscope,PhoneGyroscope_Event_2.data,991,4,0,0,0,epoch milliseconds (2018-03-01 15:49:49.772000),5.0,
S2_Bending_1_extracted,Event_2,PhoneLinearAccelerometer,PhoneLinearAccelerometer_Event_2.data,991,4,0,0,0,epoch milliseconds (2018-03-01 15:49:49.774000),5.0,
S2_Bending_1_extracted,Event_2,PhoneMagnetometer,PhoneMagnetometer_Event_2.data,501,4,0,0,0,epoch milliseconds (2018-03-01 15:49:49.770000),10.0,
S2_Bending_1_extracted,Event_2,android.sensor.accelerometer,android.sensor.accelerometer_Event_2.data,495,4,0,0,0,epoch milliseconds (2018-03-01 15:49:49.778000),10.0,
S2_Bending_1_extracted,Event_2,android.sensor.gyroscope,android.sensor.gyroscope_Event_2.data,496,4,0,0,0,epoch milliseconds (2018-03-01 15:49:49.770000),10.0,
S2_Bending_1_extracted,Event_3,JinsAccelerometer,JinsAccelerometer_Event_3.data,100,4,0,0,0,epoch milliseconds (2018-03-01 15:50:00.986000),38.0,
S2_Bending_1_extracted,Event_3,JinsBlinkSpeed,JinsBlinkSpeed_Event_3.data,100,2,0,0,0,epoch milliseconds (2018-03-01 15:50:00.986000),38.0,
S2_Bending_1_extracted,Event_3,JinsBlinkStrength,JinsBlinkStrength_Event_3.data,100,2,0,0,0,epoch milliseconds (2018-03-01 15:50:00.986000),38.0,
S2_Bending_1_extracted,Event_3,JinsEyeMovement,JinsEyeMovement_Event_3.data,100,5,0,0,0,epoch milliseconds (2018-03-01 15:50:00.986000),38.0,
S2_Bending_1_extracted,Event_3,JinsGyroscope,JinsGyroscope_Event_3.data,100,4,0,0,0,epoch milliseconds (2018-03-01 15:50:00.986000),38.0,
S2_Bending_1_extracted,Event_3,PhoneAccelerometer,PhoneAccelerometer_Event_3.data,991,4,0,0,0,epoch milliseconds (2018-03-01 15:50:00.982000),5.0,
S2_Bending_1_extracted,Event_3,PhoneGravity,PhoneGravity_Event_3.data,991,4,0,0,0,epoch milliseconds (2018-03-01 15:50:00.981000),5.0,
S2_Bending_1_extracted,Event_3,PhoneGyroscope,PhoneGyroscope_Event_3.data,992,4,0,0,0,epoch milliseconds (2018-03-01 15:50:00.982000),5.0,
S2_Bending_1_extracted,Event_3,PhoneLinearAccelerometer,PhoneLinearAccelerometer_Event_3.data,990,4,0,0,0,epoch milliseconds (2018-03-01 15:50:00.982000),5.0,
S2_Bending_1_extracted,Event_3,PhoneMagnetometer,PhoneMagnetometer_Event_3.data,501,4,0,0,0,epoch milliseconds (2018-03-01 15:50:00.986000),10.0,
S2_Bending_1_extracted,Event_3,android.sensor.accelerometer,android.sensor.accelerometer_Event_3.data,497,4,0,0,0,epoch milliseconds (2018-03-01 15:50:00.979000),10.0,
S2_Bending_1_extracted,Event_3,android.sensor.gyroscope,android.sensor.gyroscope_Event_3.data,497,4,0,0,0,epoch milliseconds (2018-03-01 15:50:00.986000),10.0,
S2_Bending_1_extracted,Event_4,JinsAccelerometer,JinsAccelerometer_Event_4.data,100,4,0,0,0,epoch milliseconds (2018-03-01 15:50:16.738000),38.0,
S2_Bending_1_extracted,Event_4,JinsBlinkSpeed,JinsBlinkSpeed_Event_4.data,100,2,0,0,0,epoch milliseconds (2018-03-01 15:50:16.738000),38.0,
S2_Bending_1_extracted,Event_4,JinsBlinkStrength,JinsBlinkStrength_Event_4.data,100,2,0,0,0,epoch milliseconds (2018-03-01 15:50:16.738000),38.0,
S2_Bending_1_extracted,Event_4,JinsEyeMovement,JinsEyeMovement_Event_4.data,100,5,0,0,0,epoch milliseconds (2018-03-01 15:50:16.738000),38.0,
S2_Bending_1_extracted,Event_4,JinsGyroscope,JinsGyroscope_Event_4.data,100,4,0,0,0,epoch milliseconds (2018-03-01 15:50:16.738000),38.0,
S2_Bending_1_extracted,Event_4,PhoneAccelerometer,PhoneAccelerometer_Event_4.data,990,4,0,0,0,epoch milliseconds (2018-03-01 15:50:16.709000),5.0,
S2_Bending_1_extracted,Event_4,PhoneGravity,PhoneGravity_Event_4.data,992,4,0,0,0,epoch milliseconds (2018-03-01 15:50:16.706000),5.0,
S2_Bending_1_extracted,Event_4,PhoneGyroscope,PhoneGyroscope_Event_4.data,992,4,0,0,0,epoch milliseconds (2018-03-01 15:50:16.707000),5.0,
S2_Bending_1_extracted,Event_4,PhoneLinearAccelerometer,PhoneLinearAccelerometer_Event_4.data,992,4,0,0,0,epoch milliseconds (2018-03-01 15:50:16.706000),5.0,
S2_Bending_1_extracted,Event_4,PhoneMagnetometer,PhoneMagnetometer_Event_4.data,501,4,0,0,0,epoch milliseconds (2018-03-01 15:50:16.707000),10.0,
S2_Bending_1_extracted,Event_4,android.sensor.accelerometer,android.sensor.accelerometer_Event_4.data,506,4,0,0,0,epoch milliseconds (2018-03-01 15:50:16.711000),10.0,
S2_Bending_1_extracted,Event_4,android.sensor.gyroscope,android.sensor.gyroscope_Event_4.data,505,4,0,0,0,epoch milliseconds (2018-03-01 15:50:16.715000),10.0,
S2_Bending_1_extracted,Event_5,JinsAccelerometer,JinsAccelerometer_Event_5.data,100,4,0,0,0,epoch milliseconds (2018-03-01 15:50:55.815000),38.0,
S2_Bending_1_extracted,Event_5,JinsBlinkSpeed,JinsBlinkSpeed_Event_5.data,100,2,0,0,0,epoch milliseconds (2018-03-01 15:50:55.815000),38.0,
S2_Bending_1_extracted,Event_5,JinsBlinkStrength,JinsBlinkStrength_Event_5.data,100,2,0,0,0,epoch milliseconds (2018-03-01 15:50:55.815000),38.0,
S2_Bending_1_extracted,Event_5,JinsEyeMovement,JinsEyeMovement_Event_5.data,100,5,0,0,0,epoch milliseconds (2018-03-01 15:50:55.815000),38.0,
S2_Bending_1_extracted,Event_5,JinsGyroscope,JinsGyroscope_Event_5.data,100,4,0,0,0,epoch milliseconds (2018-03-01 15:50:55.815000),38.0,
S2_Bending_1_extracted,Event_5,PhoneAccelerometer,PhoneAccelerometer_Event_5.data,991,4,0,0,0,epoch milliseconds (2018-03-01 15:50:55.778000),5.0,
S2_Bending_1_extracted,Event_5,PhoneGravity,PhoneGravity_Event_5.data,1002,4,0,0,0,epoch milliseconds (2018-03-01 15:50:55.782000),5.0,
S2_Bending_1_extracted,Event_5,PhoneGyroscope,PhoneGyroscope_Event_5.data,1002,4,0,0,0,epoch milliseconds (2018-03-01 15:50:55.781000),5.0,
S2_Bending_1_extracted,Event_5,PhoneLinearAccelerometer,PhoneLinearAccelerometer_Event_5.data,1003,4,0,0,0,epoch milliseconds (2018-03-01 15:50:55.779000),5.0,
S2_Bending_1_extracted,Event_5,PhoneMagnetometer,PhoneMagnetometer_Event_5.data,501,4,0,0,0,epoch milliseconds (2018-03-01 15:50:55.783000),10.0,
S2_Bending_1_extracted,Event_5,android.sensor.accelerometer,android.sensor.accelerometer_Event_5.data,497,4,0,0,0,epoch milliseconds (2018-03-01 15:50:55.778000),10.0,
S2_Bending_1_extracted,Event_5,android.sensor.gyroscope,android.sensor.gyroscope_Event_5.data,497,4,0,0,0,epoch milliseconds (2018-03-01 15:50:55.785000),10.0,
S2_Bending_1_extracted,Event_6,JinsAccelerometer,JinsAccelerometer_Event_6.data,100,4,0,0,0,epoch milliseconds (2018-03-01 15:51:08.146000),38.0,
S2_Bending_1_extracted,Event_6,JinsBlinkSpeed,JinsBlinkSpeed_Event_6.data,100,2,0,0,0,epoch milliseconds (2018-03-01 15:51:08.146000),38.0,
S2_Bending_1_extracted,Event_6,JinsBlinkStrength,JinsBlinkStrength_Event_6.data,100,2,0,0,0,epoch milliseconds (2018-03-01 15:51:08.146000),38.0,
S2_Bending_1_extracted,Event_6,JinsEyeMovement,JinsEyeMovement_Event_6.data,100,5,0,0,0,epoch milliseconds (2018-03-01 15:51:08.146000),38.0,
S2_Bending_1_extracted,Event_6,JinsGyroscope,JinsGyroscope_Event_6.data,100,4,0,0,0,epoch milliseconds (2018-03-01 15:51:08.146000),38.0,
S2_Bending_1_extracted,Event_6,PhoneAccelerometer,PhoneAccelerometer_Event_6.data,991,4,0,0,0,epoch milliseconds (2018-03-01 15:51:08.133000),5.0,
S2_Bending_1_extracted,Event_6,PhoneGravity,PhoneGravity_Event_6.data,990,4,0,0,0,epoch milliseconds (2018-03-01 15:51:08.134000),5.0,
S2_Bending_1_extracted,Event_6,PhoneGyroscope,PhoneGyroscope_Event_6.data,991,4,0,0,0,epoch milliseconds (2018-03-01 15:51:08.131000),5.0,
S2_Bending_1_extracted,Event_6,PhoneLinearAccelerometer,PhoneLinearAccelerometer_Event_6.data,990,4,0,0,0,epoch milliseconds (2018-03-01 15:51:08.134000),5.0,
S2_Bending_1_extracted,Event_6,PhoneMagnetometer,PhoneMagnetometer_Event_6.data,501,4,0,0,0,epoch milliseconds (2018-03-01 15:51:08.133000),10.0,
S2_Bending_1_extracted,Event_6,android.sensor.accelerometer,android.sensor.accelerometer_Event_6.data,509,4,0,0,0,epoch milliseconds (2018-03-01 15:51:08.149000),10.0,
S2_Bending_1_extracted,Event_6,android.sensor.gyroscope,android.sensor.gyroscope_Event_6.data,509,4,0,0,0,epoch milliseconds (2018-03-01 15:51:08.146000),10.0,
S2_Bending_1_extracted,Event_7,JinsAccelerometer,JinsAccelerometer_Event_7.data,100,4,0,0,0,epoch milliseconds (2018-03-01 15:51:19.960000),38.0,
S2_Bending_1_extracted,Event_7,JinsBlinkSpeed,JinsBlinkSpeed_Event_7.data,100,2,0,0,0,epoch milliseconds (2018-03-01 15:51:19.960000),38.0,
S2_Bending_1_extracted,Event_7,JinsBlinkStrength,JinsBlinkStrength_Event_7.data,100,2,0,0,0,epoch milliseconds (2018-03-01 15:51:19.960000),38.0,
S2_Bending_1_extracted,Event_7,JinsEyeMovement,JinsEyeMovement_Event_7.data,100,5,0,0,0,epoch milliseconds (2018-03-01 15:51:19.960000),38.0,
S2_Bending_1_extracted,Event_7,JinsGyroscope,JinsGyroscope_Event_7.data,100,4,0,0,0,epoch milliseconds (2018-03-01 15:51:19.960000),38.0,
S2_Bending_1_extracted,Event_7,PhoneAccelerometer,PhoneAccelerometer_Event_7.data,992,4,0,0,0,epoch milliseconds (2018-03-01 15:51:19.955000),5.0,
S2_Bending_1_extracted,Event_7,PhoneGravity,PhoneGravity_Event_7.data,990,4,0,0,0,epoch milliseconds (2018-03-01 15:51:19.956000),5.0,
S2_Bending_1_extracted,Event_7,PhoneGyroscope,PhoneGyroscope_Event_7.data,990,4,0,0,0,epoch milliseconds (2018-03-01 15:51:19.957000),5.0,
S2_Bending_1_extracted,Event_7,PhoneLinearAccelerometer,PhoneLinearAccelerometer_Event_7.data,990,4,0,0,0,epoch milliseconds (2018-03-01 15:51:19.954000),5.0,
S2_Bending_1_extracted,Event_7,PhoneMagnetometer,PhoneMagnetometer_Event_7.data,501,4,0,0,0,epoch milliseconds (2018-03-01 15:51:19.958000),10.0,
S2_Bending_1_extracted,Event_7,android.sensor.accelerometer,android.sensor.accelerometer_Event_7.data,503,4,0,0,0,epoch milliseconds (2018-03-01 15:51:19.956000),10.0,
S2_Bending_1_extracted,Event_7,android.sensor.gyroscope,android.sensor.gyroscope_Event_7.data,504,4,0,0,0,epoch milliseconds (2018-03-01 15:51:19.954000),10.0,
S2_Bending_1_extracted,Event_8,JinsAccelerometer,JinsAccelerometer_Event_8.data,100,4,0,0,0,epoch milliseconds (2018-03-01 15:51:32.334000),38.0,
S2_Bending_1_extracted,Event_8,JinsBlinkSpeed,JinsBlinkSpeed_Event_8.data,100,2,0,0,0,epoch milliseconds (2018-03-01 15:51:32.334000),38.0,
S2_Bending_1_extracted,Event_8,JinsBlinkStrength,JinsBlinkStrength_Event_8.data,100,2,0,0,0,epoch milliseconds (2018-03-01 15:51:32.334000),38.0,
S2_Bending_1_extracted,Event_8,JinsEyeMovement,JinsEyeMovement_Event_8.data,100,5,0,0,0,epoch milliseconds (2018-03-01 15:51:32.334000),38.0,
S2_Bending_1_extracted,Event_8,JinsGyroscope,JinsGyroscope_Event_8.data,100,4,0,0,0,epoch milliseconds (2018-03-01 15:51:32.334000),38.0,
S2_Bending_1_extracted,Event_8,PhoneAccelerometer,PhoneAccelerometer_Event_8.data,989,4,0,0,0,epoch milliseconds (2018-03-01 15:51:32.326000),5.0,
S2_Bending_1_extracted,Event_8,PhoneGravity,PhoneGravity_Event_8.data,991,4,0,0,0,epoch milliseconds (2018-03-01 15:51:32.324000),5.0,
S2_Bending_1_extracted,Event_8,PhoneGyroscope,PhoneGyroscope_Event_8.data,991,4,0,0,0,epoch milliseconds (2018-03-01 15:51:32.324000),5.0,
S2_Bending_1_extracted,Event_8,PhoneLinearAccelerometer,PhoneLinearAccelerometer_Event_8.data,991,4,0,0,0,epoch milliseconds (2018-03-01 15:51:32.321000),5.0,
S2_Bending_1_extracted,Event_8,PhoneMagnetometer,PhoneMagnetometer_Event_8.data,501,4,0,0,0,epoch milliseconds (2018-03-01 15:51:32.327000),10.0,
S2_Bending_1_extracted,Event_8,android.sensor.accelerometer,android.sensor.accelerometer_Event_8.data,498,4,0,0,0,epoch milliseconds (2018-03-01 15:51:32.326000),10.0,
S2_Bending_1_extracted,Event_8,android.sensor.gyroscope,android.sensor.gyroscope_Event_8.data,497,4,0,0,0,epoch milliseconds (2018-03-01 15:51:32.327000),10.0,
S2_Bending_1_extracted,Event_9,JinsAccelerometer,JinsAccelerometer_Event_9.data,100,4,0,0,0,epoch milliseconds (2018-03-01 15:51:56.445000),38.0,
S2_Bending_1_extracted,Event_9,JinsBlinkSpeed,JinsBlinkSpeed_Event_9.data,100,2,0,0,0,epoch milliseconds (2018-03-01 15:51:56.445000),38.0,
S2_Bending_1_extracted,Event_9,JinsBlinkStrength,JinsBlinkStrength_Event_9.data,100,2,0,0,0,epoch milliseconds (2018-03-01 15:51:56.445000),38.0,
S2_Bending_1_extracted,Event_9,JinsEyeMovement,JinsEyeMovement_Event_9.data,100,5,0,0,0,epoch milliseconds (2018-03-01 15:51:56.445000),38.0,
S2_Bending_1_extracted,Event_9,JinsGyroscope,JinsGyroscope_Event_9.data,100,4,0,0,0,epoch milliseconds (2018-03-01 15:51:56.445000),38.0,
S2_Bending_1_extracted,Event_9,PhoneAccelerometer,PhoneAccelerometer_Event_9.data,991,4,0,0,0,epoch milliseconds (2018-03-01 15:51:56.418000),5.0,
S2_Bending_1_extracted,Event_9,PhoneGravity,PhoneGravity_Event_9.data,990,4,0,0,0,epoch milliseconds (2018-03-01 15:51:56.420000),5.0,
S2_Bending_1_extracted,Event_9,PhoneGyroscope,PhoneGyroscope_Event_9.data,991,4,0,0,0,epoch milliseconds (2018-03-01 15:51:56.421000),5.0,
S2_Bending_1_extracted,Event_9,PhoneLinearAccelerometer,PhoneLinearAccelerometer_Event_9.data,991,4,0,0,0,epoch milliseconds (2018-03-01 15:51:56.421000),5.0,
S2_Bending_1_extracted,Event_9,PhoneMagnetometer,PhoneMagnetometer_Event_9.data,501,4,0,0,0,epoch milliseconds (2018-03-01 15:51:56.420000),10.0,
S2_Bending_1_extracted,Event_9,android.sensor.accelerometer,android.sensor.accelerometer_Event_9.data,496,4,0,0,0,epoch milliseconds (2018-03-01 15:51:56.419000),10.0,
S2_Bending_1_extracted,Event_9,android.sensor.gyroscope,android.sensor.gyroscope_Event_9.data,496,4,0,0,0,epoch milliseconds (2018-03-01 15:51:56.419000),10.0,
S2_Bending_1_extracted,Event_10,JinsAccelerometer,JinsAccelerometer_Event_10.data,99,4,0,0,0,epoch milliseconds (2018-03-01 15:52:08.410000),38.0,
S2_Bending_1_extracted,Event_10,JinsBlinkSpeed,JinsBlinkSpeed_Event_10.data,99,2,0,0,0,epoch milliseconds (2018-03-01 15:52:08.410000),38.0,
S2_Bending_1_extracted,Event_10,JinsBlinkStrength,JinsBlinkStrength_Event_10.data,99,2,0,0,0,epoch milliseconds (2018-03-01 15:52:08.410000),38.0,
S2_Bending_1_extracted,Event_10,JinsEyeMovement,JinsEyeMovement_Event_10.data,99,5,0,0,0,epoch milliseconds (2018-03-01 15:52:08.410000),38.0,
S2_Bending_1_extracted,Event_10,JinsGyroscope,JinsGyroscope_Event_10.data,99,4,0,0,0,epoch milliseconds (2018-03-01 15:52:08.410000),38.0,
S2_Bending_1_extracted,Event_10,PhoneAccelerometer,PhoneAccelerometer_Event_10.data,991,4,0,0,0,epoch milliseconds (2018-03-01 15:52:08.346000),5.0,
S2_Bending_1_extracted,Event_10,PhoneGravity,PhoneGravity_Event_10.data,991,4,0,0,0,epoch milliseconds (2018-03-01 15:52:08.348000),5.0,
S2_Bending_1_extracted,Event_10,PhoneGyroscope,PhoneGyroscope_Event_10.data,991,4,0,0,0,epoch milliseconds (2018-03-01 15:52:08.345000),5.0,
S2_Bending_1_extracted,Event_10,PhoneLinearAccelerometer,PhoneLinearAccelerometer_Event_10.data,991,4,0,0,0,epoch milliseconds (2018-03-01 15:52:08.345000),5.0,
S2_Bending_1_extracted,Event_10,PhoneMagnetometer,PhoneMagnetometer_Event_10.data,500,4,0,0,0,epoch milliseconds (2018-03-01 15:52:08.351000),10.0,
S2_Bending_1_extracted,Event_10,android.sensor.accelerometer,android.sensor.accelerometer_Event_10.data,501,4,0,0,0,epoch milliseconds (2018-03-01 15:52:08.350000),10.0,
S2_Bending_1_extracted,Event_10,android.sensor.gyroscope,android.sensor.gyroscope_Event_10.data,502,4,0,0,0,epoch milliseconds (2018-03-01 15:52:08.349000),10.0,
S2_Bending_2_extracted,Event_0,JinsAccelerometer,JinsAccelerometer_Event_0.data,100,4,0,0,0,epoch milliseconds (2018-03-01 15:55:08.302000),38.0,
S2_Bending_2_extracted,Event_0,JinsBlinkSpeed,JinsBlinkSpeed_Event_0.data,100,2,0,0,0,epoch milliseconds (2018-03-01 15:55:08.302000),38.0,
S2_Bending_2_extracted,Event_0,JinsBlinkStrength,JinsBlinkStrength_Event_0.data,100,2,0,0,0,epoch milliseconds (2018-03-01 15:55:08.302000),38.0,
S2_Bending_2_extracted,Event_0,JinsEyeMovement,JinsEyeMovement_Event_0.data,100,5,0,0,0,epoch milliseconds (2018-03-01 15:55:08.302000),38.0,
S2_Bending_2_extracted,Event_0,JinsGyroscope,JinsGyroscope_Event_0.data,100,4,0,0,0,epoch milliseconds (2018-03-01 15:55:08.302000),38.0,
S2_Bending_2_extracted,Event_0,PhoneAccelerometer,PhoneAccelerometer_Event_0.data,990,4,0,0,0,epoch milliseconds (2018-03-01 15:55:08.276000),5.0,
S2_Bending_2_extracted,Event_0,PhoneGravity,PhoneGravity_Event_0.data,991,4,0,0,0,epoch milliseconds (2018-03-01 15:55:08.276000),5.0,
S2_Bending_2_extracted,Event_0,PhoneGyroscope,PhoneGyroscope_Event_0.data,992,4,0,0,0,epoch milliseconds (2018-03-01 15:55:08.276000),5.0,
S2_Bending_2_extracted,Event_0,PhoneLinearAccelerometer,PhoneLinearAccelerometer_Event_0.data,992,4,0,0,0,epoch milliseconds (2018-03-01 15:55:08.272000),5.0,
S2_Bending_2_extracted,Event_0,PhoneMagnetometer,PhoneMagnetometer_Event_0.data,499,4,0,0,0,epoch milliseconds (2018-03-01 15:55:08.282000),10.0,
S2_Bending_2_extracted,Event_0,android.sensor.accelerometer,android.sensor.accelerometer_Event_0.data,501,4,0,0,0,epoch milliseconds (2018-03-01 15:55:08.278000),10.0,
S2_Bending_2_extracted,Event_0,android.sensor.gyroscope,android.sensor.gyroscope_Event_0.data,502,4,0,0,0,epoch milliseconds (2018-03-01 15:55:08.273000),10.0,
S2_Bending_2_extracted,Event_1,JinsAccelerometer,JinsAccelerometer_Event_1.data,99,4,0,0,0,epoch milliseconds (2018-03-01 15:55:19.817000),38.5,
S2_Bending_2_extracted,Event_1,JinsBlinkSpeed,JinsBlinkSpeed_Event_1.data,99,2,0,0,0,epoch milliseconds (2018-03-01 15:55:19.817000),38.5,
S2_Bending_2_extracted,Event_1,JinsBlinkStrength,JinsBlinkStrength_Event_1.data,99,2,0,0,0,epoch milliseconds (2018-03-01 15:55:19.817000),38.5,
S2_Bending_2_extracted,Event_1,JinsEyeMovement,JinsEyeMovement_Event_1.data,99,5,0,0,0,epoch milliseconds (2018-03-01 15:55:19.817000),38.5,
S2_Bending_2_extracted,Event_1,JinsGyroscope,JinsGyroscope_Event_1.data,99,4,0,0,0,epoch milliseconds (2018-03-01 15:55:19.817000),38.5,
S2_Bending_2_extracted,Event_1,PhoneAccelerometer,PhoneAccelerometer_Event_1.data,990,4,0,0,0,epoch milliseconds (2018-03-01 15:55:19.753000),5.0,
S2_Bending_2_extracted,Event_1,PhoneGravity,PhoneGravity_Event_1.data,990,4,0,0,0,epoch milliseconds (2018-03-01 15:55:19.755000),5.0,
S2_Bending_2_extracted,Event_1,PhoneGyroscope,PhoneGyroscope_Event_1.data,991,4,0,0,0,epoch milliseconds (2018-03-01 15:55:19.757000),5.0,
S2_Bending_2_extracted,Event_1,PhoneLinearAccelerometer,PhoneLinearAccelerometer_Event_1.data,992,4,0,0,0,epoch milliseconds (2018-03-01 15:55:19.754000),5.0,
S2_Bending_2_extracted,Event_1,PhoneMagnetometer,PhoneMagnetometer_Event_1.data,506,4,0,0,0,epoch milliseconds (2018-03-01 15:55:19.756000),10.0,
S2_Bending_2_extracted,Event_1,android.sensor.accelerometer,android.sensor.accelerometer_Event_1.data,497,4,0,0,0,epoch milliseconds (2018-03-01 15:55:19.753000),10.0,
S2_Bending_2_extracted,Event_1,android.sensor.gyroscope,android.sensor.gyroscope_Event_1.data,496,4,0,0,0,epoch milliseconds (2018-03-01 15:55:19.758000),10.0,
S2_Bending_2_extracted,Event_2,JinsAccelerometer,JinsAccelerometer_Event_2.data,100,4,0,0,0,epoch milliseconds (2018-03-01 15:55:31.515000),38.0,
S2_Bending_2_extracted,Event_2,JinsBlinkSpeed,JinsBlinkSpeed_Event_2.data,100,2,0,0,0,epoch milliseconds (2018-03-01 15:55:31.515000),38.0,
S2_Bending_2_extracted,Event_2,JinsBlinkStrength,JinsBlinkStrength_Event_2.data,100,2,0,0,0,epoch milliseconds (2018-03-01 15:55:31.515000),38.0,
S2_Bending_2_extracted,Event_2,JinsEyeMovement,JinsEyeMovement_Event_2.data,100,5,0,0,0,epoch milliseconds (2018-03-01 15:55:31.515000),38.0,
S2_Bending_2_extracted,Event_2,JinsGyroscope,JinsGyroscope_Event_2.data,100,4,0,0,0,epoch milliseconds (2018-03-01 15:55:31.515000),38.0,
S2_Bending_2_extracted,Event_2,PhoneAccelerometer,PhoneAccelerometer_Event_2.data,991,4,0,0,0,epoch milliseconds (2018-03-01 15:55:31.491000),5.0,
S2_Bending_2_extracted,Event_2,PhoneGravity,PhoneGravity_Event_2.data,989,4,0,0,0,epoch milliseconds (2018-03-01 15:55:31.491000),5.0,
S2_Bending_2_extracted,Event_2,PhoneGyroscope,PhoneGyroscope_Event_2.data,991,4,0,0,0,epoch milliseconds (2018-03-01 15:55:31.488000),5.0,
S2_Bending_2_extracted,Event_2,PhoneLinearAccelerometer,PhoneLinearAccelerometer_Event_2.data,990,4,0,0,0,epoch milliseconds (2018-03-01 15:55:31.490000),5.0,
S2_Bending_2_extracted,Event_2,PhoneMagnetometer,PhoneMagnetometer_Event_2.data,501,4,0,0,0,epoch milliseconds (2018-03-01 15:55:31.488000),10.0,
S2_Bending_2_extracted,Event_2,android.sensor.accelerometer,android.sensor.accelerometer_Event_2.data,498,4,0,0,0,epoch milliseconds (2018-03-01 15:55:31.495000),10.0,
S2_Bending_2_extracted,Event_2,android.sensor.gyroscope,android.sensor.gyroscope_Event_2.data,498,4,0,0,0,epoch milliseconds (2018-03-01 15:55:31.490000),10.0,
S2_Bending_2_extracted,Event_3,JinsAccelerometer,JinsAccelerometer_Event_3.data,100,4,0,0,0,epoch milliseconds (2018-03-01 15:55:43.068000),38.0,
S2_Bending_2_extracted,Event_3,JinsBlinkSpeed,JinsBlinkSpeed_Event_3.data,100,2,0,0,0,epoch milliseconds (2018-03-01 15:55:43.068000),38.0,
S2_Bending_2_extracted,Event_3,JinsBlinkStrength,JinsBlinkStrength_Event_3.data,100,2,0,0,0,epoch milliseconds (2018-03-01 15:55:43.068000),38.0,
S2_Bending_2_extracted,Event_3,JinsEyeMovement,JinsEyeMovement_Event_3.data,100,5,0,0,0,epoch milliseconds (2018-03-01 15:55:43.068000),38.0,
S2_Bending_2_extracted,Event_3,JinsGyroscope,JinsGyroscope_Event_3.data,100,4,0,0,0,epoch milliseconds (2018-03-01 15:55:43.068000),38.0,
S2_Bending_2_extracted,Event_3,PhoneAccelerometer,PhoneAccelerometer_Event_3.data,990,4,0,0,0,epoch milliseconds (2018-03-01 15:55:43.036000),5.0,
S2_Bending_2_extracted,Event_3,PhoneGravity,PhoneGravity_Event_3.data,989,4,0,0,0,epoch milliseconds (2018-03-01 15:55:43.034000),5.0,
S2_Bending_2_extracted,Event_3,PhoneGyroscope,PhoneGyroscope_Event_3.data,989,4,0,0,0,epoch milliseconds (2018-03-01 15:55:43.035000),5.0,
S2_Bending_2_extracted,Event_3,PhoneLinearAccelerometer,PhoneLinearAccelerometer_Event_3.data,990,4,0,0,0,epoch milliseconds (2018-03-01 15:55:43.032000),5.0,
S2_Bending_2_extracted,Event_3,PhoneMagnetometer,PhoneMagnetometer_Event_3.data,500,4,0,0,0,epoch milliseconds (2018-03-01 15:55:43.040000),10.0,
S2_Bending_2_extracted,Event_3,android.sensor.accelerometer,android.sensor.accelerometer_Event_3.data,508,4,0,0,0,epoch milliseconds (2018-03-01 15:55:43.035000),10.0,
S2_Bending_2_extracted,Event_3,android.sensor.gyroscope,android.sensor.gyroscope_Event_3.data,507,4,0,0,0,epoch milliseconds (2018-03-01 15:55:43.038000),10.0,
S2_Bending_2_extracted,Event_4,JinsAccelerometer,JinsAccelerometer_Event_4.data,99,4,0,0,0,epoch milliseconds (2018-03-01 15:55:53.867000),38.0,
S2_Bending_2_extracted,Event_4,JinsBlinkSpeed,JinsBlinkSpeed_Event_4.data,99,2,0,0,0,epoch milliseconds (2018-03-01 15:55:53.867000),38.0,
S2_Bending_2_extracted,Event_4,JinsBlinkStrength,JinsBlinkStrength_Event_4.data,99,2,0,0,0,epoch milliseconds (2018-03-01 15:55:53.867000),38.0,
S2_Bending_2_extracted,Event_4,JinsEyeMovement,JinsEyeMovement_Event_4.data,99,5,0,0,0,epoch milliseconds (2018-03-01 15:55:53.867000),38.0,
S2_Bending_2_extracted,Event_4,JinsGyroscope,JinsGyroscope_Event_4.data,99,4,0,0,0,epoch milliseconds (2018-03-01 15:55:53.867000),38.0,
S2_Bending_2_extracted,Event_4,PhoneAccelerometer,PhoneAccelerometer_Event_4.data,991,4,0,0,0,epoch milliseconds (2018-03-01 15:55:53.816000),5.0,
S2_Bending_2_extracted,Event_4,PhoneGravity,PhoneGravity_Event_4.data,991,4,0,0,0,epoch milliseconds (2018-03-01 15:55:53.817000),5.0,
S2_Bending_2_extracted,Event_4,PhoneGyroscope,PhoneGyroscope_Event_4.data,991,4,0,0,0,epoch milliseconds (2018-03-01 15:55:53.820000),5.0,
S2_Bending_2_extracted,Event_4,PhoneLinearAccelerometer,PhoneLinearAccelerometer_Event_4.data,991,4,0,0,0,epoch milliseconds (2018-03-01 15:55:53.820000),5.0,
S2_Bending_2_extracted,Event_4,PhoneMagnetometer,PhoneMagnetometer_Event_4.data,501,4,0,0,0,epoch milliseconds (2018-03-01 15:55:53.824000),10.0,
S2_Bending_2_extracted,Event_4,android.sensor.accelerometer,android.sensor.accelerometer_Event_4.data,498,4,0,0,0,epoch milliseconds (2018-03-01 15:55:53.817000),10.0,
S2_Bending_2_extracted,Event_4,android.sensor.gyroscope,android.sensor.gyroscope_Event_4.data,498,4,0,0,0,epoch milliseconds (2018-03-01 15:55:53.816000),10.0,
S2_Bending_2_extracted,Event_5,JinsAccelerometer,JinsAccelerometer_Event_5.data,99,4,0,0,0,epoch milliseconds (2018-03-01 15:56:05.041000),39.0,
S2_Bending_2_extracted,Event_5,JinsBlinkSpeed,JinsBlinkSpeed_Event_5.data,99,2,0,0,0,epoch milliseconds (2018-03-01 15:56:05.041000),39.0,
S2_Bending_2_extracted,Event_5,JinsBlinkStrength,JinsBlinkStrength_Event_5.data,99,2,0,0,0,epoch milliseconds (2018-03-01 15:56:05.041000),39.0,
S2_Bending_2_extracted,Event_5,JinsEyeMovement,JinsEyeMovement_Event_5.data,99,5,0,0,0,epoch milliseconds (2018-03-01 15:56:05.041000),39.0,
S2_Bending_2_extracted,Event_5,JinsGyroscope,JinsGyroscope_Event_5.data,99,4,0,0,0,epoch milliseconds (2018-03-01 15:56:05.041000),39.0,
S2_Bending_2_extracted,Event_5,PhoneAccelerometer,PhoneAccelerometer_Event_5.data,992,4,0,0,0,epoch milliseconds (2018-03-01 15:56:05.018000),5.0,
S2_Bending_2_extracted,Event_5,PhoneGravity,PhoneGravity_Event_5.data,982,4,0,0,0,epoch milliseconds (2018-03-01 15:56:05.020000),5.0,
S2_Bending_2_extracted,Event_5,PhoneGyroscope,PhoneGyroscope_Event_5.data,981,4,0,0,0,epoch milliseconds (2018-03-01 15:56:05.019000),5.0,
S2_Bending_2_extracted,Event_5,PhoneLinearAccelerometer,PhoneLinearAccelerometer_Event_5.data,984,4,0,0,0,epoch milliseconds (2018-03-01 15:56:05.016000),5.0,
S2_Bending_2_extracted,Event_5,PhoneMagnetometer,PhoneMagnetometer_Event_5.data,501,4,0,0,0,epoch milliseconds (2018-03-01 15:56:05.020000),10.0,
S2_Bending_2_extracted,Event_5,android.sensor.accelerometer,android.sensor.accelerometer_Event_5.data,499,4,0,0,0,epoch milliseconds (2018-03-01 15:56:05.023000),10.0,
S2_Bending_2_extracted,Event_5,android.sensor.gyroscope,android.sensor.gyroscope_Event_5.data,499,4,0,0,0,epoch milliseconds (2018-03-01 15:56:05.024000),10.0,
S2_Bending_2_extracted,Event_6,JinsAccelerometer,JinsAccelerometer_Event_6.data,99,4,0,0,0,epoch milliseconds (2018-03-01 15:56:16.479000),38.0,
S2_Bending_2_extracted,Event_6,JinsBlinkSpeed,JinsBlinkSpeed_Event_6.data,99,2,0,0,0,epoch milliseconds (2018-03-01 15:56:16.479000),38.0,
S2_Bending_2_extracted,Event_6,JinsBlinkStrength,JinsBlinkStrength_Event_6.data,99,2,0,0,0,epoch milliseconds (2018-03-01 15:56:16.479000),38.0,
S2_Bending_2_extracted,Event_6,JinsEyeMovement,JinsEyeMovement_Event_6.data,99,5,0,0,0,epoch milliseconds (2018-03-01 15:56:16.479000),38.0,
S2_Bending_2_extracted,Event_6,JinsGyroscope,JinsGyroscope_Event_6.data,99,4,0,0,0,epoch milliseconds (2018-03-01 15:56:16.479000),38.0,
S2_Bending_2_extracted,Event_6,PhoneAccelerometer,PhoneAccelerometer_Event_6.data,991,4,0,0,0,epoch milliseconds (2018-03-01 15:56:16.426000),5.0,
S2_Bending_2_extracted,Event_6,PhoneGravity,PhoneGravity_Event_6.data,991,4,0,0,0,epoch milliseconds (2018-03-01 15:56:16.427000),5.0,
S2_Bending_2_extracted,Event_6,PhoneGyroscope,PhoneGyroscope_Event_6.data,991,4,0,0,0,epoch milliseconds (2018-03-01 15:56:16.424000),5.0,
S2_Bending_2_extracted,Event_6,PhoneLinearAccelerometer,PhoneLinearAccelerometer_Event_6.data,991,4,0,0,0,epoch milliseconds (2018-03-01 15:56:16.426000),5.0,
S2_Bending_2_extracted,Event_6,PhoneMagnetometer,PhoneMagnetometer_Event_6.data,501,4,0,0,0,epoch milliseconds (2018-03-01 15:56:16.427000),10.0,
S2_Bending_2_extracted,Event_6,android.sensor.accelerometer,android.sensor.accelerometer_Event_6.data,498,4,0,0,0,epoch milliseconds (2018-03-01 15:56:16.423000),10.0,
S2_Bending_2_extracted,Event_6,android.sensor.gyroscope,android.sensor.gyroscope_Event_6.data,498,4,0,0,0,epoch milliseconds (2018-03-01 15:56:16.431000),10.0,
S2_Bending_2_extracted,Event_7,JinsAccelerometer,JinsAccelerometer_Event_7.data,100,4,0,0,0,epoch milliseconds (2018-03-01 15:56:42.057000),38.0,
S2_Bending_2_extracted,Event_7,JinsBlinkSpeed,JinsBlinkSpeed_Event_7.data,100,2,0,0,0,epoch milliseconds (2018-03-01 15:56:42.057000),38.0,
S2_Bending_2_extracted,Event_7,JinsBlinkStrength,JinsBlinkStrength_Event_7.data,100,2,0,0,0,epoch milliseconds (2018-03-01 15:56:42.057000),38.0,
S2_Bending_2_extracted,Event_7,JinsEyeMovement,JinsEyeMovement_Event_7.data,100,5,0,0,0,epoch milliseconds (2018-03-01 15:56:42.057000),38.0,
S2_Bending_2_extracted,Event_7,JinsGyroscope,JinsGyroscope_Event_7.data,100,4,0,0,0,epoch milliseconds (2018-03-01 15:56:42.057000),38.0,
S2_Bending_2_extracted,Event_7,PhoneAccelerometer,PhoneAccelerometer_Event_7.data,990,4,0,0,0,epoch milliseconds (2018-03-01 15:56:42.002000),5.0,
S2_Bending_2_extracted,Event_7,PhoneGravity,PhoneGravity_Event_7.data,991,4,0,0,0,epoch milliseconds (2018-03-01 15:56:42.001000),5.0,
S2_Bending_2_extracted,Event_7,PhoneGyroscope,PhoneGyroscope_Event_7.data,990,4,0,0,0,epoch milliseconds (2018-03-01 15:56:42.002000),5.0,
S2_Bending_2_extracted,Event_7,PhoneLinearAccelerometer,PhoneLinearAccelerometer_Event_7.data,991,4,0,0,0,epoch milliseconds (2018-03-01 15:56:42.001000),5.0,
S2_Bending_2_extracted,Event_7,PhoneMagnetometer,PhoneMagnetometer_Event_7.data,502,4,0,0,0,epoch milliseconds (2018-03-01 15:56:41.999000),10.0,
S2_Bending_2_extracted,Event_7,android.sensor.accelerometer,android.sensor.accelerometer_Event_7.data,495,4,0,0,0,epoch milliseconds (2018-03-01 15:56:42.008000),10.0,
S2_Bending_2_extracted,Event_7,android.sensor.gyroscope,android.sensor.gyroscope_Event_7.data,496,4,0,0,0,epoch milliseconds (2018-03-01 15:56:42.003000),10.0,
S2_Bending_2_extracted,Event_8,JinsAccelerometer,JinsAccelerometer_Event_8.data,100,4,0,0,0,epoch milliseconds (2018-03-01 15:56:53.419000),38.0,
S2_Bending_2_extracted,Event_8,JinsBlinkSpeed,JinsBlinkSpeed_Event_8.data,100,2,0,0,0,epoch milliseconds (2018-03-01 15:56:53.419000),38.0,
S2_Bending_2_extracted,Event_8,JinsBlinkStrength,JinsBlinkStrength_Event_8.data,100,2,0,0,0,epoch milliseconds (2018-03-01 15:56:53.419000),38.0,
S2_Bending_2_extracted,Event_8,JinsEyeMovement,JinsEyeMovement_Event_8.data,100,5,0,0,0,epoch milliseconds (2018-03-01 15:56:53.419000),38.0,
S2_Bending_2_extracted,Event_8,JinsGyroscope,JinsGyroscope_Event_8.data,100,4,0,0,0,epoch milliseconds (2018-03-01 15:56:53.419000),38.0,
S2_Bending_2_extracted,Event_8,PhoneAccelerometer,PhoneAccelerometer_Event_8.data,991,4,0,0,0,epoch milliseconds (2018-03-01 15:56:53.399000),5.0,
S2_Bending_2_extracted,Event_8,PhoneGravity,PhoneGravity_Event_8.data,992,4,0,0,0,epoch milliseconds (2018-03-01 15:56:53.400000),5.0,
S2_Bending_2_extracted,Event_8,PhoneGyroscope,PhoneGyroscope_Event_8.data,991,4,0,0,0,epoch milliseconds (2018-03-01 15:56:53.404000),5.0,
S2_Bending_2_extracted,Event_8,PhoneLinearAccelerometer,PhoneLinearAccelerometer_Event_8.data,990,4,0,0,0,epoch milliseconds (2018-03-01 15:56:53.401000),5.0,
S2_Bending_2_extracted,Event_8,PhoneMagnetometer,PhoneMagnetometer_Event_8.data,501,4,0,0,0,epoch milliseconds (2018-03-01 15:56:53.400000),10.0,
S2_Bending_2_extracted,Event_8,android.sensor.accelerometer,android.sensor.accelerometer_Event_8.data,505,4,0,0,0,epoch milliseconds (2018-03-01 15:56:53.408000),10.0,
S2_Bending_2_extracted,Event_8,android.sensor.gyroscope,android.sensor.gyroscope_Event_8.data,505,4,0,0,0,epoch milliseconds (2018-03-01 15:56:53.399000),10.0,
S2_Bending_2_extracted,Event_9,JinsAccelerometer,JinsAccelerometer_Event_9.data,100,4,0,0,0,epoch milliseconds (2018-03-01 15:57:04.254000),38.0,
S2_Bending_2_extracted,Event_9,JinsBlinkSpeed,JinsBlinkSpeed_Event_9.data,100,2,0,0,0,epoch milliseconds (2018-03-01 15:57:04.254000),38.0,
S2_Bending_2_extracted,Event_9,JinsBlinkStrength,JinsBlinkStrength_Event_9.data,100,2,0,0,0,epoch milliseconds (2018-03-01 15:57:04.254000),38.0,
S2_Bending_2_extracted,Event_9,JinsEyeMovement,JinsEyeMovement_Event_9.data,100,5,0,0,0,epoch milliseconds (2018-03-01 15:57:04.254000),38.0,
S2_Bending_2_extracted,Event_9,JinsGyroscope,JinsGyroscope_Event_9.data,100,4,0,0,0,epoch milliseconds (2018-03-01 15:57:04.254000),38.0,
S2_Bending_2_extracted,Event_9,PhoneAccelerometer,PhoneAccelerometer_Event_9.data,991,4,0,0,0,epoch milliseconds (2018-03-01 15:57:04.233000),5.0,
S2_Bending_2_extracted,Event_9,PhoneGravity,PhoneGravity_Event_9.data,992,4,0,0,0,epoch milliseconds (2018-03-01 15:57:04.232000),5.0,
S2_Bending_2_extracted,Event_9,PhoneGyroscope,PhoneGyroscope_Event_9.data,991,4,0,0,0,epoch milliseconds (2018-03-01 15:57:04.233000),5.0,
S2_Bending_2_extracted,Event_9,PhoneLinearAccelerometer,PhoneLinearAccelerometer_Event_9.data,991,4,0,0,0,epoch milliseconds (2018-03-01 15:57:04.235000),5.0,
S2_Bending_2_extracted,Event_9,PhoneMagnetometer,PhoneMagnetometer_Event_9.data,500,4,0,0,0,epoch milliseconds (2018-03-01 15:57:04.239000),10.0,
S2_Bending_2_extracted,Event_9,android.sensor.accelerometer,android.sensor.accelerometer_Event_9.data,504,4,0,0,0,epoch milliseconds (2018-03-01 15:57:04.235000),10.0,
S2_Bending_2_extracted,Event_9,android.sensor.gyroscope,android.sensor.gyroscope_Event_9.data,505,4,0,0,0,epoch milliseconds (2018-03-01 15:57:04.231000),10.0,
S2_Walking_1_extracted,Event_0,JinsAccelerometer,JinsAccelerometer_Event_0.data,99,4,0,0,0,epoch milliseconds (2018-03-01 15:39:26.996000),39.0,
S2_Walking_1_extracted,Event_0,JinsBlinkSpeed,JinsBlinkSpeed_Event_0.data,99,2,0,0,0,epoch milliseconds (2018-03-01 15:39:26.996000),39.0,
S2_Walking_1_extracted,Event_0,JinsBlinkStrength,JinsBlinkStrength_Event_0.data,99,2,0,0,0,epoch milliseconds (2018-03-01 15:39:26.996000),39.0,
S2_Walking_1_extracted,Event_0,JinsEyeMovement,JinsEyeMovement_Event_0.data,99,5,0,0,0,epoch milliseconds (2018-03-01 15:39:26.996000),39.0,
S2_Walking_1_extracted,Event_0,JinsGyroscope,JinsGyroscope_Event_0.data,99,4,0,0,0,epoch milliseconds (2018-03-01 15:39:26.996000),39.0,
S2_Walking_1_extracted,Event_0,PhoneAccelerometer,PhoneAccelerometer_Event_0.data,1001,4,0,0,0,epoch milliseconds (2018-03-01 15:39:26.960000),5.0,
S2_Walking_1_extracted,Event_0,PhoneGravity,PhoneGravity_Event_0.data,998,4,0,0,0,epoch milliseconds (2018-03-01 15:39:26.959000),5.0,
S2_Walking_1_extracted,Event_0,PhoneGyroscope,PhoneGyroscope_Event_0.data,997,4,0,0,0,epoch milliseconds (2018-03-01 15:39:26.961000),5.0,
S2_Walking_1_extracted,Event_0,PhoneLinearAccelerometer,PhoneLinearAccelerometer_Event_0.data,997,4,0,0,0,epoch milliseconds (2018-03-01 15:39:26.961000),5.0,
S2_Walking_1_extracted,Event_0,PhoneMagnetometer,PhoneMagnetometer_Event_0.data,502,4,0,0,0,epoch milliseconds (2018-03-01 15:39:26.964000),10.0,
S2_Walking_1_extracted,Event_0,android.sensor.accelerometer,android.sensor.accelerometer_Event_0.data,504,4,0,0,0,epoch milliseconds (2018-03-01 15:39:26.966000),10.0,
S2_Walking_1_extracted,Event_0,android.sensor.gyroscope,android.sensor.gyroscope_Event_0.data,504,4,0,0,0,epoch milliseconds (2018-03-01 15:39:26.965000),10.0,
S2_Walking_1_extracted,Event_1,JinsAccelerometer,JinsAccelerometer_Event_1.data,99,4,0,0,0,epoch milliseconds (2018-03-01 15:39:42.516000),38.0,
S2_Walking_1_extracted,Event_1,JinsBlinkSpeed,JinsBlinkSpeed_Event_1.data,99,2,0,0,0,epoch milliseconds (2018-03-01 15:39:42.516000),38.0,
S2_Walking_1_extracted,Event_1,JinsBlinkStrength,JinsBlinkStrength_Event_1.data,99,2,0,0,0,epoch milliseconds (2018-03-01 15:39:42.516000),38.0,
S2_Walking_1_extracted,Event_1,JinsEyeMovement,JinsEyeMovement_Event_1.data,99,5,0,0,0,epoch milliseconds (2018-03-01 15:39:42.516000),38.0,
S2_Walking_1_extracted,Event_1,JinsGyroscope,JinsGyroscope_Event_1.data,99,4,0,0,0,epoch milliseconds (2018-03-01 15:39:42.516000),38.0,
S2_Walking_1_extracted,Event_1,PhoneAccelerometer,PhoneAccelerometer_Event_1.data,991,4,0,0,0,epoch milliseconds (2018-03-01 15:39:42.457000),5.0,
S2_Walking_1_extracted,Event_1,PhoneGravity,PhoneGravity_Event_1.data,990,4,0,0,0,epoch milliseconds (2018-03-01 15:39:42.454000),5.0,
S2_Walking_1_extracted,Event_1,PhoneGyroscope,PhoneGyroscope_Event_1.data,988,4,0,0,0,epoch milliseconds (2018-03-01 15:39:42.454000),5.0,
S2_Walking_1_extracted,Event_1,PhoneLinearAccelerometer,PhoneLinearAccelerometer_Event_1.data,992,4,0,0,0,epoch milliseconds (2018-03-01 15:39:42.456000),5.0,
S2_Walking_1_extracted,Event_1,PhoneMagnetometer,PhoneMagnetometer_Event_1.data,499,4,0,0,0,epoch milliseconds (2018-03-01 15:39:42.462000),10.0,
S2_Walking_1_extracted,Event_1,android.sensor.accelerometer,android.sensor.accelerometer_Event_1.data,503,4,0,0,0,epoch milliseconds (2018-03-01 15:39:42.459000),10.0,
S2_Walking_1_extracted,Event_1,android.sensor.gyroscope,android.sensor.gyroscope_Event_1.data,504,4,0,0,0,epoch milliseconds (2018-03-01 15:39:42.457000),10.0,
S2_Walking_1_extracted,Event_2,JinsAccelerometer,JinsAccelerometer_Event_2.data,101,4,0,0,0,epoch milliseconds (2018-03-01 15:39:58.452000),38.0,
S2_Walking_1_extracted,Event_2,JinsBlinkSpeed,JinsBlinkSpeed_Event_2.data,101,2,0,0,0,epoch milliseconds (2018-03-01 15:39:58.452000),38.0,
S2_Walking_1_extracted,Event_2,JinsBlinkStrength,JinsBlinkStrength_Event_2.data,101,2,0,0,0,epoch milliseconds (2018-03-01 15:39:58.452000),38.0,
S2_Walking_1_extracted,Event_2,JinsEyeMovement,JinsEyeMovement_Event_2.data,101,5,0,0,0,epoch milliseconds (2018-03-01 15:39:58.452000),38.0,
S2_Walking_1_extracted,Event_2,JinsGyroscope,JinsGyroscope_Event_2.data,101,4,0,0,0,epoch milliseconds (2018-03-01 15:39:58.452000),38.0,
S2_Walking_1_extracted,Event_2,PhoneAccelerometer,PhoneAccelerometer_Event_2.data,990,4,0,0,0,epoch milliseconds (2018-03-01 15:39:58.451000),5.0,
S2_Walking_1_extracted,Event_2,PhoneGravity,PhoneGravity_Event_2.data,992,4,0,0,0,epoch milliseconds (2018-03-01 15:39:58.447000),5.0,
S2_Walking_1_extracted,Event_2,PhoneGyroscope,PhoneGyroscope_Event_2.data,990,4,0,0,0,epoch milliseconds (2018-03-01 15:39:58.450000),5.0,
S2_Walking_1_extracted,Event_2,PhoneLinearAccelerometer,PhoneLinearAccelerometer_Event_2.data,991,4,0,0,0,epoch milliseconds (2018-03-01 15:39:58.448000),5.0,
S2_Walking_1_extracted,Event_2,PhoneMagnetometer,PhoneMagnetometer_Event_2.data,501,4,0,0,0,epoch milliseconds (2018-03-01 15:39:58.452000),10.0,
S2_Walking_1_extracted,Event_2,android.sensor.accelerometer,android.sensor.accelerometer_Event_2.data,499,4,0,0,0,epoch milliseconds (2018-03-01 15:39:58.452000),10.0,
S2_Walking_1_extracted,Event_2,android.sensor.gyroscope,android.sensor.gyroscope_Event_2.data,499,4,0,0,0,epoch milliseconds (2018-03-01 15:39:58.451000),10.0,
S2_Walking_1_extracted,Event_3,JinsAccelerometer,JinsAccelerometer_Event_3.data,100,4,0,0,0,epoch milliseconds (2018-03-01 15:40:14.693000),38.0,
S2_Walking_1_extracted,Event_3,JinsBlinkSpeed,JinsBlinkSpeed_Event_3.data,100,2,0,0,0,epoch milliseconds (2018-03-01 15:40:14.693000),38.0,
S2_Walking_1_extracted,Event_3,JinsBlinkStrength,JinsBlinkStrength_Event_3.data,100,2,0,0,0,epoch milliseconds (2018-03-01 15:40:14.693000),38.0,
S2_Walking_1_extracted,Event_3,JinsEyeMovement,JinsEyeMovement_Event_3.data,100,5,0,0,0,epoch milliseconds (2018-03-01 15:40:14.693000),38.0,
S2_Walking_1_extracted,Event_3,JinsGyroscope,JinsGyroscope_Event_3.data,100,4,0,0,0,epoch milliseconds (2018-03-01 15:40:14.693000),38.0,
S2_Walking_1_extracted,Event_3,PhoneAccelerometer,PhoneAccelerometer_Event_3.data,991,4,0,0,0,epoch milliseconds (2018-03-01 15:40:14.680000),5.0,
S2_Walking_1_extracted,Event_3,PhoneGravity,PhoneGravity_Event_3.data,991,4,0,0,0,epoch milliseconds (2018-03-01 15:40:14.680000),5.0,
S2_Walking_1_extracted,Event_3,PhoneGyroscope,PhoneGyroscope_Event_3.data,991,4,0,0,0,epoch milliseconds (2018-03-01 15:40:14.678000),5.0,
S2_Walking_1_extracted,Event_3,PhoneLinearAccelerometer,PhoneLinearAccelerometer_Event_3.data,991,4,0,0,0,epoch milliseconds (2018-03-01 15:40:14.680000),5.0,
S2_Walking_1_extracted,Event_3,PhoneMagnetometer,PhoneMagnetometer_Event_3.data,501,4,0,0,0,epoch milliseconds (2018-03-01 15:40:14.679000),10.0,
S2_Walking_1_extracted,Event_3,android.sensor.accelerometer,android.sensor.accelerometer_Event_3.data,509,4,0,0,0,epoch milliseconds (2018-03-01 15:40:14.679000),10.0,
S2_Walking_1_extracted,Event_3,android.sensor.gyroscope,android.sensor.gyroscope_Event_3.data,508,4,0,0,0,epoch milliseconds (2018-03-01 15:40:14.686000),10.0,
S2_Walking_1_extracted,Event_4,JinsAccelerometer,JinsAccelerometer_Event_4.data,100,4,0,0,0,epoch milliseconds (2018-03-01 15:40:25.679000),38.0,
S2_Walking_1_extracted,Event_4,JinsBlinkSpeed,JinsBlinkSpeed_Event_4.data,100,2,0,0,0,epoch milliseconds (2018-03-01 15:40:25.679000),38.0,
S2_Walking_1_extracted,Event_4,JinsBlinkStrength,JinsBlinkStrength_Event_4.data,100,2,0,0,0,epoch milliseconds (2018-03-01 15:40:25.679000),38.0,
S2_Walking_1_extracted,Event_4,JinsEyeMovement,JinsEyeMovement_Event_4.data,100,5,0,0,0,epoch milliseconds (2018-03-01 15:40:25.679000),38.0,
S2_Walking_1_extracted,Event_4,JinsGyroscope,JinsGyroscope_Event_4.data,100,4,0,0,0,epoch milliseconds (2018-03-01 15:40:25.679000),38.0,
S2_Walking_1_extracted,Event_4,PhoneAccelerometer,PhoneAccelerometer_Event_4.data,992,4,0,0,0,epoch milliseconds (2018-03-01 15:40:25.622000),5.0,
S2_Walking_1_extracted,Event_4,PhoneGravity,PhoneGravity_Event_4.data,990,4,0,0,0,epoch milliseconds (2018-03-01 15:40:25.625000),5.0,
S2_Walking_1_extracted,Event_4,PhoneGyroscope,PhoneGyroscope_Event_4.data,991,4,0,0,0,epoch milliseconds (2018-03-01 15:40:25.625000),5.0,
S2_Walking_1_extracted,Event_4,PhoneLinearAccelerometer,PhoneLinearAccelerometer_Event_4.data,992,4,0,0,0,epoch milliseconds (2018-03-01 15:40:25.622000),5.0,
S2_Walking_1_extracted,Event_4,PhoneMagnetometer,PhoneMagnetometer_Event_4.data,501,4,0,0,0,epoch milliseconds (2018-03-01 15:40:25.624000),10.0,
S2_Walking_1_extracted,Event_4,android.sensor.accelerometer,android.sensor.accelerometer_Event_4.data,502,4,0,0,0,epoch milliseconds (2018-03-01 15:40:25.625000),10.0,
S2_Walking_1_extracted,Event_4,android.sensor.gyroscope,android.sensor.gyroscope_Event_4.data,502,4,0,0,0,epoch milliseconds (2018-03-01 15:40:25.628000),10.0,
S2_Walking_1_extracted,Event_5,JinsAccelerometer,JinsAccelerometer_Event_5.data,102,4,0,0,0,epoch milliseconds (2018-03-01 15:40:39.289000),38.0,
S2_Walking_1_extracted,Event_5,JinsBlinkSpeed,JinsBlinkSpeed_Event_5.data,102,2,0,0,0,epoch milliseconds (2018-03-01 15:40:39.289000),38.0,
S2_Walking_1_extracted,Event_5,JinsBlinkStrength,JinsBlinkStrength_Event_5.data,102,2,0,0,0,epoch milliseconds (2018-03-01 15:40:39.289000),38.0,
S2_Walking_1_extracted,Event_5,JinsEyeMovement,JinsEyeMovement_Event_5.data,102,5,0,0,0,epoch milliseconds (2018-03-01 15:40:39.289000),38.0,
S2_Walking_1_extracted,Event_5,JinsGyroscope,JinsGyroscope_Event_5.data,102,4,0,0,0,epoch milliseconds (2018-03-01 15:40:39.289000),38.0,
S2_Walking_1_extracted,Event_5,PhoneAccelerometer,PhoneAccelerometer_Event_5.data,990,4,0,0,0,epoch milliseconds (2018-03-01 15:40:39.255000),5.0,
S2_Walking_1_extracted,Event_5,PhoneGravity,PhoneGravity_Event_5.data,991,4,0,0,0,epoch milliseconds (2018-03-01 15:40:39.254000),5.0,
S2_Walking_1_extracted,Event_5,PhoneGyroscope,PhoneGyroscope_Event_5.data,990,4,0,0,0,epoch milliseconds (2018-03-01 15:40:39.257000),5.0,
S2_Walking_1_extracted,Event_5,PhoneLinearAccelerometer,PhoneLinearAccelerometer_Event_5.data,991,4,0,0,0,epoch milliseconds (2018-03-01 15:40:39.254000),5.0,
S2_Walking_1_extracted,Event_5,PhoneMagnetometer,PhoneMagnetometer_Event_5.data,501,4,0,0,0,epoch milliseconds (2018-03-01 15:40:39.254000),10.0,
S2_Walking_1_extracted,Event_5,android.sensor.accelerometer,android.sensor.accelerometer_Event_5.data,507,4,0,0,0,epoch milliseconds (2018-03-01 15:40:39.263000),10.0,
S2_Walking_1_extracted,Event_5,android.sensor.gyroscope,android.sensor.gyroscope_Event_5.data,507,4,0,0,0,epoch milliseconds (2018-03-01 15:40:39.261000),10.0,
S2_Walking_1_extracted,Event_6,JinsAccelerometer,JinsAccelerometer_Event_6.data,100,4,0,0,0,epoch milliseconds (2018-03-01 15:40:54.142000),38.0,
S2_Walking_1_extracted,Event_6,JinsBlinkSpeed,JinsBlinkSpeed_Event_6.data,100,2,0,0,0,epoch milliseconds (2018-03-01 15:40:54.142000),38.0,
S2_Walking_1_extracted,Event_6,JinsBlinkStrength,JinsBlinkStrength_Event_6.data,100,2,0,0,0,epoch milliseconds (2018-03-01 15:40:54.142000),38.0,
S2_Walking_1_extracted,Event_6,JinsEyeMovement,JinsEyeMovement_Event_6.data,100,5,0,0,0,epoch milliseconds (2018-03-01 15:40:54.142000),38.0,
S2_Walking_1_extracted,Event_6,JinsGyroscope,JinsGyroscope_Event_6.data,100,4,0,0,0,epoch milliseconds (2018-03-01 15:40:54.142000),38.0,
S2_Walking_1_extracted,Event_6,PhoneAccelerometer,PhoneAccelerometer_Event_6.data,991,4,0,0,0,epoch milliseconds (2018-03-01 15:40:54.130000),5.0,
S2_Walking_1_extracted,Event_6,PhoneGravity,PhoneGravity_Event_6.data,991,4,0,0,0,epoch milliseconds (2018-03-01 15:40:54.129000),5.0,
S2_Walking_1_extracted,Event_6,PhoneGyroscope,PhoneGyroscope_Event_6.data,991,4,0,0,0,epoch milliseconds (2018-03-01 15:40:54.128000),5.0,
S2_Walking_1_extracted,Event_6,PhoneLinearAccelerometer,PhoneLinearAccelerometer_Event_6.data,992,4,0,0,0,epoch milliseconds (2018-03-01 15:40:54.126000),5.0,
S2_Walking_1_extracted,Event_6,PhoneMagnetometer,PhoneMagnetometer_Event_6.data,501,4,0,0,0,epoch milliseconds (2018-03-01 15:40:54.128000),10.0,
S2_Walking_1_extracted,Event_6,android.sensor.accelerometer,android.sensor.accelerometer_Event_6.data,492,4,0,0,0,epoch milliseconds (2018-03-01 15:40:54.135000),10.0,
S2_Walking_1_extracted,Event_6,android.sensor.gyroscope,android.sensor.gyroscope_Event_6.data,492,4,0,0,0,epoch milliseconds (2018-03-01 15:40:54.126000),10.0,
S2_Walking_1_extracted,Event_7,JinsAccelerometer,JinsAccelerometer_Event_7.data,100,4,0,0,0,epoch milliseconds (2018-03-01 15:41:06.896000),38.0,
S2_Walking_1_extracted,Event_7,JinsBlinkSpeed,JinsBlinkSpeed_Event_7.data,100,2,0,0,0,epoch milliseconds (2018-03-01 15:41:06.896000),38.0,
S2_Walking_1_extracted,Event_7,JinsBlinkStrength,JinsBlinkStrength_Event_7.data,100,2,0,0,0,epoch milliseconds (2018-03-01 15:41:06.896000),38.0,
S2_Walking_1_extracted,Event_7,JinsEyeMovement,JinsEyeMovement_Event_7.data,100,5,0,0,0,epoch milliseconds (2018-03-01 15:41:06.896000),38.0,
S2_Walking_1_extracted,Event_7,JinsGyroscope,JinsGyroscope_Event_7.data,100,4,0,0,0,epoch milliseconds (2018-03-01 15:41:06.896000),38.0,
S2_Walking_1_extracted,Event_7,PhoneAccelerometer,PhoneAccelerometer_Event_7.data,991,4,0,0,0,epoch milliseconds (2018-03-01 15:41:06.890000),5.0,
S2_Walking_1_extracted,Event_7,PhoneGravity,PhoneGravity_Event_7.data,990,4,0,0,0,epoch milliseconds (2018-03-01 15:41:06.889000),5.0,
S2_Walking_1_extracted,Event_7,PhoneGyroscope,PhoneGyroscope_Event_7.data,991,4,0,0,0,epoch milliseconds (2018-03-01 15:41:06.887000),5.0,
S2_Walking_1_extracted,Event_7,PhoneLinearAccelerometer,PhoneLinearAccelerometer_Event_7.data,989,4,0,0,0,epoch milliseconds (2018-03-01 15:41:06.890000),5.0,
S2_Walking_1_extracted,Event_7,PhoneMagnetometer,PhoneMagnetometer_Event_7.data,501,4,0,0,0,epoch milliseconds (2018-03-01 15:41:06.889000),10.0,
S2_Walking_1_extracted,Event_7,android.sensor.accelerometer,android.sensor.accelerometer_Event_7.data,497,4,0,0,0,epoch milliseconds (2018-03-01 15:41:06.892000),10.0,
S2_Walking_1_extracted,Event_7,android.sensor.gyroscope,android.sensor.gyroscope_Event_7.data,498,4,0,0,0,epoch milliseconds (2018-03-01 15:41:06.893000),10.0,
S2_Walking_1_extracted,Event_8,JinsAccelerometer,JinsAccelerometer_Event_8.data,100,4,0,0,0,epoch milliseconds (2018-03-01 15:41:21.708000),38.0,
S2_Walking_1_extracted,Event_8,JinsBlinkSpeed,JinsBlinkSpeed_Event_8.data,100,2,0,0,0,epoch milliseconds (2018-03-01 15:41:21.708000),38.0,
S2_Walking_1_extracted,Event_8,JinsBlinkStrength,JinsBlinkStrength_Event_8.data,100,2,0,0,0,epoch milliseconds (2018-03-01 15:41:21.708000),38.0,
S2_Walking_1_extracted,Event_8,JinsEyeMovement,JinsEyeMovement_Event_8.data,100,5,0,0,0,epoch milliseconds (2018-03-01 15:41:21.708000),38.0,
S2_Walking_1_extracted,Event_8,JinsGyroscope,JinsGyroscope_Event_8.data,100,4,0,0,0,epoch milliseconds (2018-03-01 15:41:21.708000),38.0,
S2_Walking_1_extracted,Event_8,PhoneAccelerometer,PhoneAccelerometer_Event_8.data,983,4,0,0,0,epoch milliseconds (2018-03-01 15:41:21.678000),5.0,
S2_Walking_1_extracted,Event_8,PhoneGravity,PhoneGravity_Event_8.data,987,4,0,0,0,epoch milliseconds (2018-03-01 15:41:21.678000),5.0,
S2_Walking_1_extracted,Event_8,PhoneGyroscope,PhoneGyroscope_Event_8.data,987,4,0,0,0,epoch milliseconds (2018-03-01 15:41:21.682000),5.0,
S2_Walking_1_extracted,Event_8,PhoneLinearAccelerometer,PhoneLinearAccelerometer_Event_8.data,988,4,0,0,0,epoch milliseconds (2018-03-01 15:41:21.678000),5.0,
S2_Walking_1_extracted,Event_8,PhoneMagnetometer,PhoneMagnetometer_Event_8.data,498,4,0,0,0,epoch milliseconds (2018-03-01 15:41:21.678000),10.0,
S2_Walking_1_extracted,Event_8,android.sensor.accelerometer,android.sensor.accelerometer_Event_8.data,498,4,0,0,0,epoch milliseconds (2018-03-01 15:41:21.715000),10.0,
S2_Walking_1_extracted,Event_8,android.sensor.gyroscope,android.sensor.gyroscope_Event_8.data,499,4,0,0,0,epoch milliseconds (2018-03-01 15:41:21.716000),10.0,
S2_Walking_1_extracted,Event_9,JinsAccelerometer,JinsAccelerometer_Event_9.data,100,4,0,0,0,epoch milliseconds (2018-03-01 15:41:35.623000),38.0,
S2_Walking_1_extracted,Event_9,JinsBlinkSpeed,JinsBlinkSpeed_Event_9.data,100,2,0,0,0,epoch milliseconds (2018-03-01 15:41:35.623000),38.0,
S2_Walking_1_extracted,Event_9,JinsBlinkStrength,JinsBlinkStrength_Event_9.data,100,2,0,0,0,epoch milliseconds (2018-03-01 15:41:35.623000),38.0,
S2_Walking_1_extracted,Event_9,JinsEyeMovement,JinsEyeMovement_Event_9.data,100,5,0,0,0,epoch milliseconds (2018-03-01 15:41:35.623000),38.0,
S2_Walking_1_extracted,Event_9,JinsGyroscope,JinsGyroscope_Event_9.data,100,4,0,0,0,epoch milliseconds (2018-03-01 15:41:35.623000),38.0,
S2_Walking_1_extracted,Event_9,PhoneAccelerometer,PhoneAccelerometer_Event_9.data,992,4,0,0,0,epoch milliseconds (2018-03-01 15:41:35.607000),5.0,
S2_Walking_1_extracted,Event_9,PhoneGravity,PhoneGravity_Event_9.data,990,4,0,0,0,epoch milliseconds (2018-03-01 15:41:35.608000),5.0,
S2_Walking_1_extracted,Event_9,PhoneGyroscope,PhoneGyroscope_Event_9.data,992,4,0,0,0,epoch milliseconds (2018-03-01 15:41:35.606000),5.0,
S2_Walking_1_extracted,Event_9,PhoneLinearAccelerometer,PhoneLinearAccelerometer_Event_9.data,990,4,0,0,0,epoch milliseconds (2018-03-01 15:41:35.606000),5.0,
S2_Walking_1_extracted,Event_9,PhoneMagnetometer,PhoneMagnetometer_Event_9.data,501,4,0,0,0,epoch milliseconds (2018-03-01 15:41:35.607000),10.0,
S2_Walking_1_extracted,Event_9,android.sensor.accelerometer,android.sensor.accelerometer_Event_9.data,498,4,0,0,0,epoch milliseconds (2018-03-01 15:41:35.613000),10.0,
S2_Walking_1_extracted,Event_9,android.sensor.gyroscope,android.sensor.gyroscope_Event_9.data,498,4,0,0,0,epoch milliseconds (2018-03-01 15:41:35.613000),10.0,
S2_Walking_2_extracted,Event_0,JinsAccelerometer,JinsAccelerometer_Event_0.data,100,4,0,0,0,epoch milliseconds (2018-03-01 15:44:30.524000),39.0,
S2_Walking_2_extracted,Event_0,JinsBlinkSpeed,JinsBlinkSpeed_Event_0.data,100,2,0,0,0,epoch milliseconds (2018-03-01 15:44:30.524000),39.0,
S2_Walking_2_extracted,Event_0,JinsBlinkStrength,JinsBlinkStrength_Event_0.data,100,2,0,0,0,epoch milliseconds (2018-03-01 15:44:30.524000),39.0,
S2_Walking_2_extracted,Event_0,JinsEyeMovement,JinsEyeMovement_Event_0.data,100,5,0,0,0,epoch milliseconds (2018-03-01 15:44:30.524000),39.0,
S2_Walking_2_extracted,Event_0,JinsGyroscope,JinsGyroscope_Event_0.data,100,4,0,0,0,epoch milliseconds (2018-03-01 15:44:30.524000),39.0,
S2_Walking_2_extracted,Event_0,PhoneAccelerometer,PhoneAccelerometer_Event_0.data,989,4,0,0,0,epoch milliseconds (2018-03-01 15:44:30.492000),5.0,
S2_Walking_2_extracted,Event_0,PhoneGravity,PhoneGravity_Event_0.data,991,4,0,0,0,epoch milliseconds (2018-03-01 15:44:30.495000),5.0,
S2_Walking_2_extracted,Event_0,PhoneGyroscope,PhoneGyroscope_Event_0.data,990,4,0,0,0,epoch milliseconds (2018-03-01 15:44:30.497000),5.0,
S2_Walking_2_extracted,Event_0,PhoneLinearAccelerometer,PhoneLinearAccelerometer_Event_0.data,992,4,0,0,0,epoch milliseconds (2018-03-01 15:44:30.494000),5.0,
S2_Walking_2_extracted,Event_0,PhoneMagnetometer,PhoneMagnetometer_Event_0.data,501,4,0,0,0,epoch milliseconds (2018-03-01 15:44:30.496000),10.0,
S2_Walking_2_extracted,Event_0,android.sensor.accelerometer,android.sensor.accelerometer_Event_0.data,506,4,0,0,0,epoch milliseconds (2018-03-01 15:44:30.501000),10.0,
S2_Walking_2_extracted,Event_0,android.sensor.gyroscope,android.sensor.gyroscope_Event_0.data,506,4,0,0,0,epoch milliseconds (2018-03-01 15:44:30.492000),10.0,
S2_Walking_2_extracted,Event_1,JinsAccelerometer,JinsAccelerometer_Event_1.data,100,4,0,0,0,epoch milliseconds (2018-03-01 15:44:46.308000),38.0,
S2_Walking_2_extracted,Event_1,JinsBlinkSpeed,JinsBlinkSpeed_Event_1.data,100,2,0,0,0,epoch milliseconds (2018-03-01 15:44:46.308000),38.0,
S2_Walking_2_extracted,Event_1,JinsBlinkStrength,JinsBlinkStrength_Event_1.data,100,2,0,0,0,epoch milliseconds (2018-03-01 15:44:46.308000),38.0,
S2_Walking_2_extracted,Event_1,JinsEyeMovement,JinsEyeMovement_Event_1.data,100,5,0,0,0,epoch milliseconds (2018-03-01 15:44:46.308000),38.0,
S2_Walking_2_extracted,Event_1,JinsGyroscope,JinsGyroscope_Event_1.data,100,4,0,0,0,epoch milliseconds (2018-03-01 15:44:46.308000),38.0,
S2_Walking_2_extracted,Event_1,PhoneAccelerometer,PhoneAccelerometer_Event_1.data,992,4,0,0,0,epoch milliseconds (2018-03-01 15:44:46.255000),5.0,
S2_Walking_2_extracted,Event_1,PhoneGravity,PhoneGravity_Event_1.data,991,4,0,0,0,epoch milliseconds (2018-03-01 15:44:46.254000),5.0,
S2_Walking_2_extracted,Event_1,PhoneGyroscope,PhoneGyroscope_Event_1.data,990,4,0,0,0,epoch milliseconds (2018-03-01 15:44:46.256000),5.0,
S2_Walking_2_extracted,Event_1,PhoneLinearAccelerometer,PhoneLinearAccelerometer_Event_1.data,991,4,0,0,0,epoch milliseconds (2018-03-01 15:44:46.256000),5.0,
S2_Walking_2_extracted,Event_1,PhoneMagnetometer,PhoneMagnetometer_Event_1.data,501,4,0,0,0,epoch milliseconds (2018-03-01 15:44:46.259000),10.0,
S2_Walking_2_extracted,Event_1,android.sensor.accelerometer,android.sensor.accelerometer_Event_1.data,500,4,0,0,0,epoch milliseconds (2018-03-01 15:44:46.258000),10.0,
S2_Walking_2_extracted,Event_1,android.sensor.gyroscope,android.sensor.gyroscope_Event_1.data,499,4,0,0,0,epoch milliseconds (2018-03-01 15:44:46.260000),10.0,
S2_Walking_2_extracted,Event_2,JinsAccelerometer,JinsAccelerometer_Event_2.data,100,4,0,0,0,epoch milliseconds (2018-03-01 15:45:01.129000),38.0,
S2_Walking_2_extracted,Event_2,JinsBlinkSpeed,JinsBlinkSpeed_Event_2.data,100,2,0,0,0,epoch milliseconds (2018-03-01 15:45:01.129000),38.0,
S2_Walking_2_extracted,Event_2,JinsBlinkStrength,JinsBlinkStrength_Event_2.data,100,2,0,0,0,epoch milliseconds (2018-03-01 15:45:01.129000),38.0,
S2_Walking_2_extracted,Event_2,JinsEyeMovement,JinsEyeMovement_Event_2.data,100,5,0,0,0,epoch milliseconds (2018-03-01 15:45:01.129000),38.0,
S2_Walking_2_extracted,Event_2,JinsGyroscope,JinsGyroscope_Event_2.data,100,4,0,0,0,epoch milliseconds (2018-03-01 15:45:01.129000),38.0,
S2_Walking_2_extracted,Event_2,PhoneAccelerometer,PhoneAccelerometer_Event_2.data,1002,4,0,0,0,epoch milliseconds (2018-03-01 15:45:01.109000),5.0,
S2_Walking_2_extracted,Event_2,PhoneGravity,PhoneGravity_Event_2.data,998,4,0,0,0,epoch milliseconds (2018-03-01 15:45:01.110000),5.0,
S2_Walking_2_extracted,Event_2,PhoneGyroscope,PhoneGyroscope_Event_2.data,996,4,0,0,0,epoch milliseconds (2018-03-01 15:45:01.109000),5.0,
S2_Walking_2_extracted,Event_2,PhoneLinearAccelerometer,PhoneLinearAccelerometer_Event_2.data,997,4,0,0,0,epoch milliseconds (2018-03-01 15:45:01.111000),5.0,
S2_Walking_2_extracted,Event_2,PhoneMagnetometer,PhoneMagnetometer_Event_2.data,506,4,0,0,0,epoch milliseconds (2018-03-01 15:45:01.108000),10.0,
S2_Walking_2_extracted,Event_2,android.sensor.accelerometer,android.sensor.accelerometer_Event_2.data,510,4,0,0,0,epoch milliseconds (2018-03-01 15:45:01.116000),10.0,
S2_Walking_2_extracted,Event_2,android.sensor.gyroscope,android.sensor.gyroscope_Event_2.data,509,4,0,0,0,epoch milliseconds (2018-03-01 15:45:01.108000),10.0,
S2_Walking_2_extracted,Event_3,JinsAccelerometer,JinsAccelerometer_Event_3.data,100,4,0,0,0,epoch milliseconds (2018-03-01 15:45:15.410000),38.0,
S2_Walking_2_extracted,Event_3,JinsBlinkSpeed,JinsBlinkSpeed_Event_3.data,100,2,0,0,0,epoch milliseconds (2018-03-01 15:45:15.410000),38.0,
S2_Walking_2_extracted,Event_3,JinsBlinkStrength,JinsBlinkStrength_Event_3.data,100,2,0,0,0,epoch milliseconds (2018-03-01 15:45:15.410000),38.0,
S2_Walking_2_extracted,Event_3,JinsEyeMovement,JinsEyeMovement_Event_3.data,100,5,0,0,0,epoch milliseconds (2018-03-01 15:45:15.410000),38.0,
S2_Walking_2_extracted,Event_3,JinsGyroscope,JinsGyroscope_Event_3.data,100,4,0,0,0,epoch milliseconds (2018-03-01 15:45:15.410000),38.0,
S2_Walking_2_extracted,Event_3,PhoneAccelerometer,PhoneAccelerometer_Event_3.data,991,4,0,0,0,epoch milliseconds (2018-03-01 15:45:15.407000),5.0,
S2_Walking_2_extracted,Event_3,PhoneGravity,PhoneGravity_Event_3.data,991,4,0,0,0,epoch milliseconds (2018-03-01 15:45:15.407000),5.0,
S2_Walking_2_extracted,Event_3,PhoneGyroscope,PhoneGyroscope_Event_3.data,991,4,0,0,0,epoch milliseconds (2018-03-01 15:45:15.408000),5.0,
S2_Walking_2_extracted,Event_3,PhoneLinearAccelerometer,PhoneLinearAccelerometer_Event_3.data,991,4,0,0,0,epoch milliseconds (2018-03-01 15:45:15.406000),5.0,
S2_Walking_2_extracted,Event_3,PhoneMagnetometer,PhoneMagnetometer_Event_3.data,500,4,0,0,0,epoch milliseconds (2018-03-01 15:45:15.411000),10.0,
S2_Walking_2_extracted,Event_3,android.sensor.accelerometer,android.sensor.accelerometer_Event_3.data,497,4,0,0,0,epoch milliseconds (2018-03-01 15:45:15.407000),10.0,
S2_Walking_2_extracted,Event_3,android.sensor.gyroscope,android.sensor.gyroscope_Event_3.data,497,4,0,0,0,epoch milliseconds (2018-03-01 15:45:15.405000),10.0,
S2_Walking_2_extracted,Event_4,JinsAccelerometer,JinsAccelerometer_Event_4.data,99,4,0,0,0,epoch milliseconds (2018-03-01 15:45:28.389000),38.0,
S2_Walking_2_extracted,Event_4,JinsBlinkSpeed,JinsBlinkSpeed_Event_4.data,99,2,0,0,0,epoch milliseconds (2018-03-01 15:45:28.389000),38.0,
S2_Walking_2_extracted,Event_4,JinsBlinkStrength,JinsBlinkStrength_Event_4.data,99,2,0,0,0,epoch milliseconds (2018-03-01 15:45:28.389000),38.0,
S2_Walking_2_extracted,Event_4,JinsEyeMovement,JinsEyeMovement_Event_4.data,99,5,0,0,0,epoch milliseconds (2018-03-01 15:45:28.389000),38.0,
S2_Walking_2_extracted,Event_4,JinsGyroscope,JinsGyroscope_Event_4.data,99,4,0,0,0,epoch milliseconds (2018-03-01 15:45:28.389000),38.0,
S2_Walking_2_extracted,Event_4,PhoneAccelerometer,PhoneAccelerometer_Event_4.data,990,4,0,0,0,epoch milliseconds (2018-03-01 15:45:28.327000),5.0,
S2_Walking_2_extracted,Event_4,PhoneGravity,PhoneGravity_Event_4.data,987,4,0,0,0,epoch milliseconds (2018-03-01 15:45:28.327000),5.0,
S2_Walking_2_extracted,Event_4,PhoneGyroscope,PhoneGyroscope_Event_4.data,986,4,0,0,0,epoch milliseconds (2018-03-01 15:45:28.327000),5.0,
S2_Walking_2_extracted,Event_4,PhoneLinearAccelerometer,PhoneLinearAccelerometer_Event_4.data,990,4,0,0,0,epoch milliseconds (2018-03-01 15:45:28.324000),5.0,
S2_Walking_2_extracted,Event_4,PhoneMagnetometer,PhoneMagnetometer_Event_4.data,501,4,0,0,0,epoch milliseconds (2018-03-01 15:45:28.324000),10.0,
S2_Walking_2_extracted,Event_4,android.sensor.accelerometer,android.sensor.accelerometer_Event_4.data,502,4,0,0,0,epoch milliseconds (2018-03-01 15:45:28.348000),10.0,
S2_Walking_2_extracted,Event_4,android.sensor.gyroscope,android.sensor.gyroscope_Event_4.data,503,4,0,0,0,epoch milliseconds (2018-03-01 15:45:28.348000),10.0,
S2_Walking_2_extracted,Event_5,JinsAccelerometer,JinsAccelerometer_Event_5.data,99,4,0,0,0,epoch milliseconds (2018-03-01 15:45:41.890000),38.0,
S2_Walking_2_extracted,Event_5,JinsBlinkSpeed,JinsBlinkSpeed_Event_5.data,99,2,0,0,0,epoch milliseconds (2018-03-01 15:45:41.890000),38.0,
S2_Walking_2_extracted,Event_5,JinsBlinkStrength,JinsBlinkStrength_Event_5.data,99,2,0,0,0,epoch milliseconds (2018-03-01 15:45:41.890000),38.0,
S2_Walking_2_extracted,Event_5,JinsEyeMovement,JinsEyeMovement_Event_5.data,99,5,0,0,0,epoch milliseconds (2018-03-01 15:45:41.890000),38.0,
S2_Walking_2_extracted,Event_5,JinsGyroscope,JinsGyroscope_Event_5.data,99,4,0,0,0,epoch milliseconds (2018-03-01 15:45:41.890000),38.0,
S2_Walking_2_extracted,Event_5,PhoneAccelerometer,PhoneAccelerometer_Event_5.data,991,4,0,0,0,epoch milliseconds (2018-03-01 15:45:41.836000),5.0,
S2_Walking_2_extracted,Event_5,PhoneGravity,PhoneGravity_Event_5.data,991,4,0,0,0,epoch milliseconds (2018-03-01 15:45:41.838000),5.0,
S2_Walking_2_extracted,Event_5,PhoneGyroscope,PhoneGyroscope_Event_5.data,992,4,0,0,0,epoch milliseconds (2018-03-01 15:45:41.836000),5.0,
S2_Walking_2_extracted,Event_5,PhoneLinearAccelerometer,PhoneLinearAccelerometer_Event_5.data,992,4,0,0,0,epoch milliseconds (2018-03-01 15:45:41.838000),5.0,
S2_Walking_2_extracted,Event_5,PhoneMagnetometer,PhoneMagnetometer_Event_5.data,501,4,0,0,0,epoch milliseconds (2018-03-01 15:45:41.836000),10.0,
S2_Walking_2_extracted,Event_5,android.sensor.accelerometer,android.sensor.accelerometer_Event_5.data,498,4,0,0,0,epoch milliseconds (2018-03-01 15:45:41.841000),10.0,
S2_Walking_2_extracted,Event_5,android.sensor.gyroscope,android.sensor.gyroscope_Event_5.data,498,4,0,0,0,epoch milliseconds (2018-03-01 15:45:41.838000),10.0,
S2_Walking_2_extracted,Event_6,JinsAccelerometer,JinsAccelerometer_Event_6.data,100,4,0,0,0,epoch milliseconds (2018-03-01 15:45:55.613000),38.0,
S2_Walking_2_extracted,Event_6,JinsBlinkSpeed,JinsBlinkSpeed_Event_6.data,100,2,0,0,0,epoch milliseconds (2018-03-01 15:45:55.613000),38.0,
S2_Walking_2_extracted,Event_6,JinsBlinkStrength,JinsBlinkStrength_Event_6.data,100,2,0,0,0,epoch milliseconds (2018-03-01 15:45:55.613000),38.0,
S2_Walking_2_extracted,Event_6,JinsEyeMovement,JinsEyeMovement_Event_6.data,100,5,0,0,0,epoch milliseconds (2018-03-01 15:45:55.613000),38.0,
S2_Walking_2_extracted,Event_6,JinsGyroscope,JinsGyroscope_Event_6.data,100,4,0,0,0,epoch milliseconds (2018-03-01 15:45:55.613000),38.0,
S2_Walking_2_extracted,Event_6,PhoneAccelerometer,PhoneAccelerometer_Event_6.data,990,4,0,0,0,epoch milliseconds (2018-03-01 15:45:55.584000),5.0,
S2_Walking_2_extracted,Event_6,PhoneGravity,PhoneGravity_Event_6.data,990,4,0,0,0,epoch milliseconds (2018-03-01 15:45:55.581000),5.0,
S2_Walking_2_extracted,Event_6,PhoneGyroscope,PhoneGyroscope_Event_6.data,988,4,0,0,0,epoch milliseconds (2018-03-01 15:45:55.585000),5.0,
S2_Walking_2_extracted,Event_6,PhoneLinearAccelerometer,PhoneLinearAccelerometer_Event_6.data,988,4,0,0,0,epoch milliseconds (2018-03-01 15:45:55.584000),5.0,
S2_Walking_2_extracted,Event_6,PhoneMagnetometer,PhoneMagnetometer_Event_6.data,501,4,0,0,0,epoch milliseconds (2018-03-01 15:45:55.584000),10.0,
S2_Walking_2_extracted,Event_6,android.sensor.accelerometer,android.sensor.accelerometer_Event_6.data,495,4,0,0,0,epoch milliseconds (2018-03-01 15:45:55.582000),10.0,
S2_Walking_2_extracted,Event_6,android.sensor.gyroscope,android.sensor.gyroscope_Event_6.data,494,4,0,0,0,epoch milliseconds (2018-03-01 15:45:55.586000),10.0,
S2_Walking_2_extracted,Event_7,JinsAccelerometer,JinsAccelerometer_Event_7.data,100,4,0,0,0,epoch milliseconds (2018-03-01 15:46:12.561000),39.0,
S2_Walking_2_extracted,Event_7,JinsBlinkSpeed,JinsBlinkSpeed_Event_7.data,100,2,0,0,0,epoch milliseconds (2018-03-01 15:46:12.561000),39.0,
S2_Walking_2_extracted,Event_7,JinsBlinkStrength,JinsBlinkStrength_Event_7.data,100,2,0,0,0,epoch milliseconds (2018-03-01 15:46:12.561000),39.0,
S2_Walking_2_extracted,Event_7,JinsEyeMovement,JinsEyeMovement_Event_7.data,100,5,0,0,0,epoch milliseconds (2018-03-01 15:46:12.561000),39.0,
S2_Walking_2_extracted,Event_7,JinsGyroscope,JinsGyroscope_Event_7.data,100,4,0,0,0,epoch milliseconds (2018-03-01 15:46:12.561000),39.0,
S2_Walking_2_extracted,Event_7,PhoneAccelerometer,PhoneAccelerometer_Event_7.data,992,4,0,0,0,epoch milliseconds (2018-03-01 15:46:12.558000),5.0,
S2_Walking_2_extracted,Event_7,PhoneGravity,PhoneGravity_Event_7.data,990,4,0,0,0,epoch milliseconds (2018-03-01 15:46:12.556000),5.0,
S2_Walking_2_extracted,Event_7,PhoneGyroscope,PhoneGyroscope_Event_7.data,991,4,0,0,0,epoch milliseconds (2018-03-01 15:46:12.558000),5.0,
S2_Walking_2_extracted,Event_7,PhoneLinearAccelerometer,PhoneLinearAccelerometer_Event_7.data,991,4,0,0,0,epoch milliseconds (2018-03-01 15:46:12.559000),5.0,
S2_Walking_2_extracted,Event_7,PhoneMagnetometer,PhoneMagnetometer_Event_7.data,500,4,0,0,0,epoch milliseconds (2018-03-01 15:46:12.565000),10.0,
S2_Walking_2_extracted,Event_7,android.sensor.accelerometer,android.sensor.accelerometer_Event_7.data,497,4,0,0,0,epoch milliseconds (2018-03-01 15:46:12.557000),10.0,
S2_Walking_2_extracted,Event_7,android.sensor.gyroscope,android.sensor.gyroscope_Event_7.data,497,4,0,0,0,epoch milliseconds (2018-03-01 15:46:12.560000),10.0,
S2_Walking_2_extracted,Event_8,JinsAccelerometer,JinsAccelerometer_Event_8.data,100,4,0,0,0,epoch milliseconds (2018-03-01 15:46:28.273000),38.0,
S2_Walking_2_extracted,Event_8,JinsBlinkSpeed,JinsBlinkSpeed_Event_8.data,100,2,0,0,0,epoch milliseconds (2018-03-01 15:46:28.273000),38.0,
S2_Walking_2_extracted,Event_8,JinsBlinkStrength,JinsBlinkStrength_Event_8.data,100,2,0,0,0,epoch milliseconds (2018-03-01 15:46:28.273000),38.0,
S2_Walking_2_extracted,Event_8,JinsEyeMovement,JinsEyeMovement_Event_8.data,100,5,0,0,0,epoch milliseconds (2018-03-01 15:46:28.273000),38.0,
S2_Walking_2_extracted,Event_8,JinsGyroscope,JinsGyroscope_Event_8.data,100,4,0,0,0,epoch milliseconds (2018-03-01 15:46:28.273000),38.0,
S2_Walking_2_extracted,Event_8,PhoneAccelerometer,PhoneAccelerometer_Event_8.data,992,4,0,0,0,epoch milliseconds (2018-03-01 15:46:28.268000),5.0,
S2_Walking_2_extracted,Event_8,PhoneGravity,PhoneGravity_Event_8.data,988,4,0,0,0,epoch milliseconds (2018-03-01 15:46:28.269000),5.0,
S2_Walking_2_extracted,Event_8,PhoneGyroscope,PhoneGyroscope_Event_8.data,990,4,0,0,0,epoch milliseconds (2018-03-01 15:46:28.270000),5.0,
S2_Walking_2_extracted,Event_8,PhoneLinearAccelerometer,PhoneLinearAccelerometer_Event_8.data,988,4,0,0,0,epoch milliseconds (2018-03-01 15:46:28.270000),5.0,
S2_Walking_2_extracted,Event_8,PhoneMagnetometer,PhoneMagnetometer_Event_8.data,500,4,0,0,0,epoch milliseconds (2018-03-01 15:46:28.269000),10.0,
S2_Walking_2_extracted,Event_8,android.sensor.accelerometer,android.sensor.accelerometer_Event_8.data,498,4,0,0,0,epoch milliseconds (2018-03-01 15:46:28.270000),10.0,
S2_Walking_2_extracted,Event_8,android.sensor.gyroscope,android.sensor.gyroscope_Event_8.data,498,4,0,0,0,epoch milliseconds (2018-03-01 15:46:28.269000),10.0,
S2_Walking_2_extracted,Event_9,JinsAccelerometer,JinsAccelerometer_Event_9.data,100,4,0,0,0,epoch milliseconds (2018-03-01 15:46:42.641000),38.0,
S2_Walking_2_extracted,Event_9,JinsBlinkSpeed,JinsBlinkSpeed_Event_9.data,100,2,0,0,0,epoch milliseconds (2018-03-01 15:46:42.641000),38.0,
S2_Walking_2_extracted,Event_9,JinsBlinkStrength,JinsBlinkStrength_Event_9.data,100,2,0,0,0,epoch milliseconds (2018-03-01 15:46:42.641000),38.0,
S2_Walking_2_extracted,Event_9,JinsEyeMovement,JinsEyeMovement_Event_9.data,100,5,0,0,0,epoch milliseconds (2018-03-01 15:46:42.641000),38.0,
S2_Walking_2_extracted,Event_9,JinsGyroscope,JinsGyroscope_Event_9.data,100,4,0,0,0,epoch milliseconds (2018-03-01 15:46:42.641000),38.0,
S2_Walking_2_extracted,Event_9,PhoneAccelerometer,PhoneAccelerometer_Event_9.data,992,4,0,0,0,epoch milliseconds (2018-03-01 15:46:42.606000),5.0,
S2_Walking_2_extracted,Event_9,PhoneGravity,PhoneGravity_Event_9.data,995,4,0,0,0,epoch milliseconds (2018-03-01 15:46:42.606000),5.0,
S2_Walking_2_extracted,Event_9,PhoneGyroscope,PhoneGyroscope_Event_9.data,994,4,0,0,0,epoch milliseconds (2018-03-01 15:46:42.604000),5.0,
S2_Walking_2_extracted,Event_9,PhoneLinearAccelerometer,PhoneLinearAccelerometer_Event_9.data,995,4,0,0,0,epoch milliseconds (2018-03-01 15:46:42.607000),5.0,
S2_Walking_2_extracted,Event_9,PhoneMagnetometer,PhoneMagnetometer_Event_9.data,502,4,0,0,0,epoch milliseconds (2018-03-01 15:46:42.606000),10.0,
S2_Walking_2_extracted,Event_9,android.sensor.accelerometer,android.sensor.accelerometer_Event_9.data,500,4,0,0,0,epoch milliseconds (2018-03-01 15:46:42.611000),10.0,
S2_Walking_2_extracted,Event_9,android.sensor.gyroscope,android.sensor.gyroscope_Event_9.data,500,4,0,0,0,epoch milliseconds (2018-03-01 15:46:42.606000),10.0,
S2_Sitting_1_extracted,Event_0,JinsAccelerometer,JinsAccelerometer_Event_0.data,100,4,0,0,0,epoch milliseconds (2018-03-01 15:21:18.820000),38.0,
S2_Sitting_1_extracted,Event_0,JinsBlinkSpeed,JinsBlinkSpeed_Event_0.data,100,2,0,0,0,epoch milliseconds (2018-03-01 15:21:18.820000),38.0,
S2_Sitting_1_extracted,Event_0,JinsBlinkStrength,JinsBlinkStrength_Event_0.data,100,2,0,0,0,epoch milliseconds (2018-03-01 15:21:18.820000),38.0,
S2_Sitting_1_extracted,Event_0,JinsEyeMovement,JinsEyeMovement_Event_0.data,100,5,0,0,0,epoch milliseconds (2018-03-01 15:21:18.820000),38.0,
S2_Sitting_1_extracted,Event_0,JinsGyroscope,JinsGyroscope_Event_0.data,100,4,0,0,0,epoch milliseconds (2018-03-01 15:21:18.820000),38.0,
S2_Sitting_1_extracted,Event_0,PhoneAccelerometer,PhoneAccelerometer_Event_0.data,992,4,0,0,0,epoch milliseconds (2018-03-01 15:21:18.811000),5.0,
S2_Sitting_1_extracted,Event_0,PhoneGravity,PhoneGravity_Event_0.data,990,4,0,0,0,epoch milliseconds (2018-03-01 15:21:18.809000),5.0,
S2_Sitting_1_extracted,Event_0,PhoneGyroscope,PhoneGyroscope_Event_0.data,991,4,0,0,0,epoch milliseconds (2018-03-01 15:21:18.807000),5.0,
S2_Sitting_1_extracted,Event_0,PhoneLinearAccelerometer,PhoneLinearAccelerometer_Event_0.data,991,4,0,0,0,epoch milliseconds (2018-03-01 15:21:18.807000),5.0,
S2_Sitting_1_extracted,Event_0,PhoneMagnetometer,PhoneMagnetometer_Event_0.data,501,4,0,0,0,epoch milliseconds (2018-03-01 15:21:18.816000),10.0,
S2_Sitting_1_extracted,Event_0,android.sensor.accelerometer,android.sensor.accelerometer_Event_0.data,502,4,0,0,0,epoch milliseconds (2018-03-01 15:21:18.815000),10.0,
S2_Sitting_1_extracted,Event_0,android.sensor.gyroscope,android.sensor.gyroscope_Event_0.data,503,4,0,0,0,epoch milliseconds (2018-03-01 15:21:18.817000),10.0,
S2_Sitting_1_extracted,Event_1,JinsAccelerometer,JinsAccelerometer_Event_1.data,100,4,0,0,0,epoch milliseconds (2018-03-01 15:21:30.938000),38.0,
S2_Sitting_1_extracted,Event_1,JinsBlinkSpeed,JinsBlinkSpeed_Event_1.data,100,2,0,0,0,epoch milliseconds (2018-03-01 15:21:30.938000),38.0,
S2_Sitting_1_extracted,Event_1,JinsBlinkStrength,JinsBlinkStrength_Event_1.data,100,2,0,0,0,epoch milliseconds (2018-03-01 15:21:30.938000),38.0,
S2_Sitting_1_extracted,Event_1,JinsEyeMovement,JinsEyeMovement_Event_1.data,100,5,0,0,0,epoch milliseconds (2018-03-01 15:21:30.938000),38.0,
S2_Sitting_1_extracted,Event_1,JinsGyroscope,JinsGyroscope_Event_1.data,100,4,0,0,0,epoch milliseconds (2018-03-01 15:21:30.938000),38.0,
S2_Sitting_1_extracted,Event_1,PhoneAccelerometer,PhoneAccelerometer_Event_1.data,992,4,0,0,0,epoch milliseconds (2018-03-01 15:21:30.930000),5.0,
S2_Sitting_1_extracted,Event_1,PhoneGravity,PhoneGravity_Event_1.data,992,4,0,0,0,epoch milliseconds (2018-03-01 15:21:30.927000),5.0,
S2_Sitting_1_extracted,Event_1,PhoneGyroscope,PhoneGyroscope_Event_1.data,992,4,0,0,0,epoch milliseconds (2018-03-01 15:21:30.932000),5.0,
S2_Sitting_1_extracted,Event_1,PhoneLinearAccelerometer,PhoneLinearAccelerometer_Event_1.data,992,4,0,0,0,epoch milliseconds (2018-03-01 15:21:30.926000),5.0,
S2_Sitting_1_extracted,Event_1,PhoneMagnetometer,PhoneMagnetometer_Event_1.data,501,4,0,0,0,epoch milliseconds (2018-03-01 15:21:30.928000),10.0,
S2_Sitting_1_extracted,Event_1,android.sensor.accelerometer,android.sensor.accelerometer_Event_1.data,495,4,0,0,0,epoch milliseconds (2018-03-01 15:21:30.931000),10.0,
S2_Sitting_1_extracted,Event_1,android.sensor.gyroscope,android.sensor.gyroscope_Event_1.data,496,4,0,0,0,epoch milliseconds (2018-03-01 15:21:30.926000),10.0,
S2_Sitting_1_extracted,Event_2,JinsAccelerometer,JinsAccelerometer_Event_2.data,101,4,0,0,0,epoch milliseconds (2018-03-01 15:21:43.202000),39.0,
S2_Sitting_1_extracted,Event_2,JinsBlinkSpeed,JinsBlinkSpeed_Event_2.data,101,2,0,0,0,epoch milliseconds (2018-03-01 15:21:43.202000),39.0,
S2_Sitting_1_extracted,Event_2,JinsBlinkStrength,JinsBlinkStrength_Event_2.data,101,2,0,0,0,epoch milliseconds (2018-03-01 15:21:43.202000),39.0,
S2_Sitting_1_extracted,Event_2,JinsEyeMovement,JinsEyeMovement_Event_2.data,101,5,0,0,0,epoch milliseconds (2018-03-01 15:21:43.202000),39.0,
S2_Sitting_1_extracted,Event_2,JinsGyroscope,JinsGyroscope_Event_2.data,101,4,0,0,0,epoch milliseconds (2018-03-01 15:21:43.202000),39.0,
S2_Sitting_1_extracted,Event_2,PhoneAccelerometer,PhoneAccelerometer_Event_2.data,990,4,0,0,0,epoch milliseconds (2018-03-01 15:21:43.202000),5.0,
S2_Sitting_1_extracted,Event_2,PhoneGravity,PhoneGravity_Event_2.data,991,4,0,0,0,epoch milliseconds (2018-03-01 15:21:43.198000),5.0,
S2_Sitting_1_extracted,Event_2,PhoneGyroscope,PhoneGyroscope_Event_2.data,992,4,0,0,0,epoch milliseconds (2018-03-01 15:21:43.199000),5.0,
S2_Sitting_1_extracted,Event_2,PhoneLinearAccelerometer,PhoneLinearAccelerometer_Event_2.data,992,4,0,0,0,epoch milliseconds (2018-03-01 15:21:43.199000),5.0,
S2_Sitting_1_extracted,Event_2,PhoneMagnetometer,PhoneMagnetometer_Event_2.data,501,4,0,0,0,epoch milliseconds (2018-03-01 15:21:43.204000),10.0,
S2_Sitting_1_extracted,Event_2,android.sensor.accelerometer,android.sensor.accelerometer_Event_2.data,495,4,0,0,0,epoch milliseconds (2018-03-01 15:21:43.202000),10.0,
S2_Sitting_1_extracted,Event_2,android.sensor.gyroscope,android.sensor.gyroscope_Event_2.data,494,4,0,0,0,epoch milliseconds (2018-03-01 15:21:43.204000),10.0,
S2_Sitting_1_extracted,Event_3,JinsAccelerometer,JinsAccelerometer_Event_3.data,101,4,0,0,0,epoch milliseconds (2018-03-01 15:21:59.249000),38.0,
S2_Sitting_1_extracted,Event_3,JinsBlinkSpeed,JinsBlinkSpeed_Event_3.data,101,2,0,0,0,epoch milliseconds (2018-03-01 15:21:59.249000),38.0,
S2_Sitting_1_extracted,Event_3,JinsBlinkStrength,JinsBlinkStrength_Event_3.data,101,2,0,0,0,epoch milliseconds (2018-03-01 15:21:59.249000),38.0,
S2_Sitting_1_extracted,Event_3,JinsEyeMovement,JinsEyeMovement_Event_3.data,101,5,0,0,0,epoch milliseconds (2018-03-01 15:21:59.249000),38.0,
S2_Sitting_1_extracted,Event_3,JinsGyroscope,JinsGyroscope_Event_3.data,101,4,0,0,0,epoch milliseconds (2018-03-01 15:21:59.249000),38.0,
S2_Sitting_1_extracted,Event_3,PhoneAccelerometer,PhoneAccelerometer_Event_3.data,990,4,0,0,0,epoch milliseconds (2018-03-01 15:21:59.238000),5.0,
S2_Sitting_1_extracted,Event_3,PhoneGravity,PhoneGravity_Event_3.data,991,4,0,0,0,epoch milliseconds (2018-03-01 15:21:59.239000),5.0,
S2_Sitting_1_extracted,Event_3,PhoneGyroscope,PhoneGyroscope_Event_3.data,990,4,0,0,0,epoch milliseconds (2018-03-01 15:21:59.238000),5.0,
S2_Sitting_1_extracted,Event_3,PhoneLinearAccelerometer,PhoneLinearAccelerometer_Event_3.data,991,4,0,0,0,epoch milliseconds (2018-03-01 15:21:59.238000),5.0,
S2_Sitting_1_extracted,Event_3,PhoneMagnetometer,PhoneMagnetometer_Event_3.data,501,4,0,0,0,epoch milliseconds (2018-03-01 15:21:59.246000),10.0,
S2_Sitting_1_extracted,Event_3,android.sensor.accelerometer,android.sensor.accelerometer_Event_3.data,495,4,0,0,0,epoch milliseconds (2018-03-01 15:21:59.246000),10.0,
S2_Sitting_1_extracted,Event_3,android.sensor.gyroscope,android.sensor.gyroscope_Event_3.data,494,4,0,0,0,epoch milliseconds (2018-03-01 15:21:59.247000),10.0,
S2_Sitting_1_extracted,Event_4,JinsAccelerometer,JinsAccelerometer_Event_4.data,101,4,0,0,0,epoch milliseconds (2018-03-01 15:22:10.537000),38.0,
S2_Sitting_1_extracted,Event_4,JinsBlinkSpeed,JinsBlinkSpeed_Event_4.data,101,2,0,0,0,epoch milliseconds (2018-03-01 15:22:10.537000),38.0,
S2_Sitting_1_extracted,Event_4,JinsBlinkStrength,JinsBlinkStrength_Event_4.data,101,2,0,0,0,epoch milliseconds (2018-03-01 15:22:10.537000),38.0,
S2_Sitting_1_extracted,Event_4,JinsEyeMovement,JinsEyeMovement_Event_4.data,101,5,0,0,0,epoch milliseconds (2018-03-01 15:22:10.537000),38.0,
S2_Sitting_1_extracted,Event_4,JinsGyroscope,JinsGyroscope_Event_4.data,101,4,0,0,0,epoch milliseconds (2018-03-01 15:22:10.537000),38.0,
S2_Sitting_1_extracted,Event_4,PhoneAccelerometer,PhoneAccelerometer_Event_4.data,991,4,0,0,0,epoch milliseconds (2018-03-01 15:22:10.534000),5.0,
S2_Sitting_1_extracted,Event_4,PhoneGravity,PhoneGravity_Event_4.data,991,4,0,0,0,epoch milliseconds (2018-03-01 15:22:10.536000),5.0,
S2_Sitting_1_extracted,Event_4,PhoneGyroscope,PhoneGyroscope_Event_4.data,992,4,0,0,0,epoch milliseconds (2018-03-01 15:22:10.534000),5.0,
S2_Sitting_1_extracted,Event_4,PhoneLinearAccelerometer,PhoneLinearAccelerometer_Event_4.data,991,4,0,0,0,epoch milliseconds (2018-03-01 15:22:10.536000),5.0,
S2_Sitting_1_extracted,Event_4,PhoneMagnetometer,PhoneMagnetometer_Event_4.data,501,4,0,0,0,epoch milliseconds (2018-03-01 15:22:10.538000),10.0,
S2_Sitting_1_extracted,Event_4,android.sensor.accelerometer,android.sensor.accelerometer_Event_4.data,496,4,0,0,0,epoch milliseconds (2018-03-01 15:22:10.541000),10.0,
S2_Sitting_1_extracted,Event_4,android.sensor.gyroscope,android.sensor.gyroscope_Event_4.data,497,4,0,0,0,epoch milliseconds (2018-03-01 15:22:10.538000),10.0,
S2_Sitting_1_extracted,Event_5,JinsAccelerometer,JinsAccelerometer_Event_5.data,100,4,0,0,0,epoch milliseconds (2018-03-01 15:22:22.197000),38.0,
S2_Sitting_1_extracted,Event_5,JinsBlinkSpeed,JinsBlinkSpeed_Event_5.data,100,2,0,0,0,epoch milliseconds (2018-03-01 15:22:22.197000),38.0,
S2_Sitting_1_extracted,Event_5,JinsBlinkStrength,JinsBlinkStrength_Event_5.data,100,2,0,0,0,epoch milliseconds (2018-03-01 15:22:22.197000),38.0,
S2_Sitting_1_extracted,Event_5,JinsEyeMovement,JinsEyeMovement_Event_5.data,100,5,0,0,0,epoch milliseconds (2018-03-01 15:22:22.197000),38.0,
S2_Sitting_1_extracted,Event_5,JinsGyroscope,JinsGyroscope_Event_5.data,100,4,0,0,0,epoch milliseconds (2018-03-01 15:22:22.197000),38.0,
S2_Sitting_1_extracted,Event_5,PhoneAccelerometer,PhoneAccelerometer_Event_5.data,991,4,0,0,0,epoch milliseconds (2018-03-01 15:22:22.191000),5.0,
S2_Sitting_1_extracted,Event_5,PhoneGravity,PhoneGravity_Event_5.data,992,4,0,0,0,epoch milliseconds (2018-03-01 15:22:22.191000),5.0,
S2_Sitting_1_extracted,Event_5,PhoneGyroscope,PhoneGyroscope_Event_5.data,992,4,0,0,0,epoch milliseconds (2018-03-01 15:22:22.192000),5.0,
S2_Sitting_1_extracted,Event_5,PhoneLinearAccelerometer,PhoneLinearAccelerometer_Event_5.data,992,4,0,0,0,epoch milliseconds (2018-03-01 15:22:22.191000),5.0,
S2_Sitting_1_extracted,Event_5,PhoneMagnetometer,PhoneMagnetometer_Event_5.data,501,4,0,0,0,epoch milliseconds (2018-03-01 15:22:22.192000),10.0,
S2_Sitting_1_extracted,Event_5,android.sensor.accelerometer,android.sensor.accelerometer_Event_5.data,496,4,0,0,0,epoch milliseconds (2018-03-01 15:22:22.196000),10.0,
S2_Sitting_1_extracted,Event_5,android.sensor.gyroscope,android.sensor.gyroscope_Event_5.data,497,4,0,0,0,epoch milliseconds (2018-03-01 15:22:22.194000),10.0,
S2_Sitting_1_extracted,Event_6,JinsAccelerometer,JinsAccelerometer_Event_6.data,100,4,0,0,0,epoch milliseconds (2018-03-01 15:22:39.600000),38.0,
S2_Sitting_1_extracted,Event_6,JinsBlinkSpeed,JinsBlinkSpeed_Event_6.data,100,2,0,0,0,epoch milliseconds (2018-03-01 15:22:39.600000),38.0,
S2_Sitting_1_extracted,Event_6,JinsBlinkStrength,JinsBlinkStrength_Event_6.data,100,2,0,0,0,epoch milliseconds (2018-03-01 15:22:39.600000),38.0,
S2_Sitting_1_extracted,Event_6,JinsEyeMovement,JinsEyeMovement_Event_6.data,100,5,0,0,0,epoch milliseconds (2018-03-01 15:22:39.600000),38.0,
S2_Sitting_1_extracted,Event_6,JinsGyroscope,JinsGyroscope_Event_6.data,100,4,0,0,0,epoch milliseconds (2018-03-01 15:22:39.600000),38.0,
S2_Sitting_1_extracted,Event_6,PhoneAccelerometer,PhoneAccelerometer_Event_6.data,992,4,0,0,0,epoch milliseconds (2018-03-01 15:22:39.589000),5.0,
S2_Sitting_1_extracted,Event_6,PhoneGravity,PhoneGravity_Event_6.data,990,4,0,0,0,epoch milliseconds (2018-03-01 15:22:39.591000),5.0,
S2_Sitting_1_extracted,Event_6,PhoneGyroscope,PhoneGyroscope_Event_6.data,992,4,0,0,0,epoch milliseconds (2018-03-01 15:22:39.590000),5.0,
S2_Sitting_1_extracted,Event_6,PhoneLinearAccelerometer,PhoneLinearAccelerometer_Event_6.data,992,4,0,0,0,epoch milliseconds (2018-03-01 15:22:39.590000),5.0,
S2_Sitting_1_extracted,Event_6,PhoneMagnetometer,PhoneMagnetometer_Event_6.data,501,4,0,0,0,epoch milliseconds (2018-03-01 15:22:39.598000),10.0,
S2_Sitting_1_extracted,Event_6,android.sensor.accelerometer,android.sensor.accelerometer_Event_6.data,508,4,0,0,0,epoch milliseconds (2018-03-01 15:22:39.594000),10.0,
S2_Sitting_1_extracted,Event_6,android.sensor.gyroscope,android.sensor.gyroscope_Event_6.data,508,4,0,0,0,epoch milliseconds (2018-03-01 15:22:39.595000),10.0,
S2_Sitting_1_extracted,Event_7,JinsAccelerometer,JinsAccelerometer_Event_7.data,99,4,0,0,0,epoch milliseconds (2018-03-01 15:22:50.552000),38.0,
S2_Sitting_1_extracted,Event_7,JinsBlinkSpeed,JinsBlinkSpeed_Event_7.data,99,2,0,0,0,epoch milliseconds (2018-03-01 15:22:50.552000),38.0,
S2_Sitting_1_extracted,Event_7,JinsBlinkStrength,JinsBlinkStrength_Event_7.data,99,2,0,0,0,epoch milliseconds (2018-03-01 15:22:50.552000),38.0,
S2_Sitting_1_extracted,Event_7,JinsEyeMovement,JinsEyeMovement_Event_7.data,99,5,0,0,0,epoch milliseconds (2018-03-01 15:22:50.552000),38.0,
S2_Sitting_1_extracted,Event_7,JinsGyroscope,JinsGyroscope_Event_7.data,99,4,0,0,0,epoch milliseconds (2018-03-01 15:22:50.552000),38.0,
S2_Sitting_1_extracted,Event_7,PhoneAccelerometer,PhoneAccelerometer_Event_7.data,991,4,0,0,0,epoch milliseconds (2018-03-01 15:22:50.493000),5.0,
S2_Sitting_1_extracted,Event_7,PhoneGravity,PhoneGravity_Event_7.data,992,4,0,0,0,epoch milliseconds (2018-03-01 15:22:50.494000),5.0,
S2_Sitting_1_extracted,Event_7,PhoneGyroscope,PhoneGyroscope_Event_7.data,993,4,0,0,0,epoch milliseconds (2018-03-01 15:22:50.494000),5.0,
S2_Sitting_1_extracted,Event_7,PhoneLinearAccelerometer,PhoneLinearAccelerometer_Event_7.data,990,4,0,0,0,epoch milliseconds (2018-03-01 15:22:50.493000),5.0,
S2_Sitting_1_extracted,Event_7,PhoneMagnetometer,PhoneMagnetometer_Event_7.data,501,4,0,0,0,epoch milliseconds (2018-03-01 15:22:50.495000),10.0,
S2_Sitting_1_extracted,Event_7,android.sensor.accelerometer,android.sensor.accelerometer_Event_7.data,498,4,0,0,0,epoch milliseconds (2018-03-01 15:22:50.500000),10.0,
S2_Sitting_1_extracted,Event_7,android.sensor.gyroscope,android.sensor.gyroscope_Event_7.data,499,4,0,0,0,epoch milliseconds (2018-03-01 15:22:50.499000),10.0,
S2_Sitting_1_extracted,Event_8,JinsAccelerometer,JinsAccelerometer_Event_8.data,100,4,0,0,0,epoch milliseconds (2018-03-01 15:23:04.576000),38.0,
S2_Sitting_1_extracted,Event_8,JinsBlinkSpeed,JinsBlinkSpeed_Event_8.data,100,2,0,0,0,epoch milliseconds (2018-03-01 15:23:04.576000),38.0,
S2_Sitting_1_extracted,Event_8,JinsBlinkStrength,JinsBlinkStrength_Event_8.data,100,2,0,0,0,epoch milliseconds (2018-03-01 15:23:04.576000),38.0,
S2_Sitting_1_extracted,Event_8,JinsEyeMovement,JinsEyeMovement_Event_8.data,100,5,0,0,0,epoch milliseconds (2018-03-01 15:23:04.576000),38.0,
S2_Sitting_1_extracted,Event_8,JinsGyroscope,JinsGyroscope_Event_8.data,100,4,0,0,0,epoch milliseconds (2018-03-01 15:23:04.576000),38.0,
S2_Sitting_1_extracted,Event_8,PhoneAccelerometer,PhoneAccelerometer_Event_8.data,1017,4,0,0,0,epoch milliseconds (2018-03-01 15:23:04.574000),5.0,
S2_Sitting_1_extracted,Event_8,PhoneGravity,PhoneGravity_Event_8.data,1014,4,0,0,0,epoch milliseconds (2018-03-01 15:23:04.576000),5.0,
S2_Sitting_1_extracted,Event_8,PhoneGyroscope,PhoneGyroscope_Event_8.data,1013,4,0,0,0,epoch milliseconds (2018-03-01 15:23:04.576000),5.0,
S2_Sitting_1_extracted,Event_8,PhoneLinearAccelerometer,PhoneLinearAccelerometer_Event_8.data,1014,4,0,0,0,epoch milliseconds (2018-03-01 15:23:04.574000),5.0,
S2_Sitting_1_extracted,Event_8,PhoneMagnetometer,PhoneMagnetometer_Event_8.data,505,4,0,0,0,epoch milliseconds (2018-03-01 15:23:04.579000),10.0,
S2_Sitting_1_extracted,Event_8,android.sensor.accelerometer,android.sensor.accelerometer_Event_8.data,510,4,0,0,0,epoch milliseconds (2018-03-01 15:23:04.576000),10.0,
S2_Sitting_1_extracted,Event_8,android.sensor.gyroscope,android.sensor.gyroscope_Event_8.data,508,4,0,0,0,epoch milliseconds (2018-03-01 15:23:04.575000),10.0,
S2_Sitting_1_extracted,Event_9,JinsAccelerometer,JinsAccelerometer_Event_9.data,101,4,0,0,0,epoch milliseconds (2018-03-01 15:23:16.237000),38.0,
S2_Sitting_1_extracted,Event_9,JinsBlinkSpeed,JinsBlinkSpeed_Event_9.data,101,2,0,0,0,epoch milliseconds (2018-03-01 15:23:16.237000),38.0,
S2_Sitting_1_extracted,Event_9,JinsBlinkStrength,JinsBlinkStrength_Event_9.data,101,2,0,0,0,epoch milliseconds (2018-03-01 15:23:16.237000),38.0,
S2_Sitting_1_extracted,Event_9,JinsEyeMovement,JinsEyeMovement_Event_9.data,101,5,0,0,0,epoch milliseconds (2018-03-01 15:23:16.237000),38.0,
S2_Sitting_1_extracted,Event_9,JinsGyroscope,JinsGyroscope_Event_9.data,101,4,0,0,0,epoch milliseconds (2018-03-01 15:23:16.237000),38.0,
S2_Sitting_1_extracted,Event_9,PhoneAccelerometer,PhoneAccelerometer_Event_9.data,991,4,0,0,0,epoch milliseconds (2018-03-01 15:23:16.239000),5.0,
S2_Sitting_1_extracted,Event_9,PhoneGravity,PhoneGravity_Event_9.data,999,4,0,0,0,epoch milliseconds (2018-03-01 15:23:16.242000),5.0,
S2_Sitting_1_extracted,Event_9,PhoneGyroscope,PhoneGyroscope_Event_9.data,999,4,0,0,0,epoch milliseconds (2018-03-01 15:23:16.239000),5.0,
S2_Sitting_1_extracted,Event_9,PhoneLinearAccelerometer,PhoneLinearAccelerometer_Event_9.data,999,4,0,0,0,epoch milliseconds (2018-03-01 15:23:16.240000),5.0,
S2_Sitting_1_extracted,Event_9,PhoneMagnetometer,PhoneMagnetometer_Event_9.data,501,4,0,0,0,epoch milliseconds (2018-03-01 15:23:16.237000),10.0,
S2_Sitting_1_extracted,Event_9,android.sensor.accelerometer,android.sensor.accelerometer_Event_9.data,505,4,0,0,0,epoch milliseconds (2018-03-01 15:23:16.244000),10.0,
S2_Sitting_1_extracted,Event_9,android.sensor.gyroscope,android.sensor.gyroscope_Event_9.data,505,4,0,0,0,epoch milliseconds (2018-03-01 15:23:16.238000),10.0,
S2_Sitting_2_extracted,Event_0,JinsAccelerometer,JinsAccelerometer_Event_0.data,100,4,0,0,0,epoch milliseconds (2018-03-01 15:25:22.280000),38.0,
S2_Sitting_2_extracted,Event_0,JinsBlinkSpeed,JinsBlinkSpeed_Event_0.data,100,2,0,0,0,epoch milliseconds (2018-03-01 15:25:22.280000),38.0,
S2_Sitting_2_extracted,Event_0,JinsBlinkStrength,JinsBlinkStrength_Event_0.data,100,2,0,0,0,epoch milliseconds (2018-03-01 15:25:22.280000),38.0,
S2_Sitting_2_extracted,Event_0,JinsEyeMovement,JinsEyeMovement_Event_0.data,100,5,0,0,0,epoch milliseconds (2018-03-01 15:25:22.280000),38.0,
S2_Sitting_2_extracted,Event_0,JinsGyroscope,JinsGyroscope_Event_0.data,100,4,0,0,0,epoch milliseconds (2018-03-01 15:25:22.280000),38.0,
S2_Sitting_2_extracted,Event_0,PhoneAccelerometer,PhoneAccelerometer_Event_0.data,982,4,0,0,0,epoch milliseconds (2018-03-01 15:25:22.244000),5.0,
S2_Sitting_2_extracted,Event_0,PhoneGravity,PhoneGravity_Event_0.data,988,4,0,0,0,epoch milliseconds (2018-03-01 15:25:22.245000),5.0,
S2_Sitting_2_extracted,Event_0,PhoneGyroscope,PhoneGyroscope_Event_0.data,987,4,0,0,0,epoch milliseconds (2018-03-01 15:25:22.245000),5.0,
S2_Sitting_2_extracted,Event_0,PhoneLinearAccelerometer,PhoneLinearAccelerometer_Event_0.data,988,4,0,0,0,epoch milliseconds (2018-03-01 15:25:22.246000),5.0,
S2_Sitting_2_extracted,Event_0,PhoneMagnetometer,PhoneMagnetometer_Event_0.data,501,4,0,0,0,epoch milliseconds (2018-03-01 15:25:22.250000),10.0,
S2_Sitting_2_extracted,Event_0,android.sensor.accelerometer,android.sensor.accelerometer_Event_0.data,509,4,0,0,0,epoch milliseconds (2018-03-01 15:25:22.253000),10.0,
S2_Sitting_2_extracted,Event_0,android.sensor.gyroscope,android.sensor.gyroscope_Event_0.data,509,4,0,0,0,epoch milliseconds (2018-03-01 15:25:22.252000),10.0,
S2_Sitting_2_extracted,Event_1,JinsAccelerometer,JinsAccelerometer_Event_1.data,102,4,0,0,0,epoch milliseconds (2018-03-01 15:25:33.155000),38.0,
S2_Sitting_2_extracted,Event_1,JinsBlinkSpeed,JinsBlinkSpeed_Event_1.data,102,2,0,0,0,epoch milliseconds (2018-03-01 15:25:33.155000),38.0,
S2_Sitting_2_extracted,Event_1,JinsBlinkStrength,JinsBlinkStrength_Event_1.data,102,2,0,0,0,epoch milliseconds (2018-03-01 15:25:33.155000),38.0,
S2_Sitting_2_extracted,Event_1,JinsEyeMovement,JinsEyeMovement_Event_1.data,102,5,0,0,0,epoch milliseconds (2018-03-01 15:25:33.155000),38.0,
S2_Sitting_2_extracted,Event_1,JinsGyroscope,JinsGyroscope_Event_1.data,102,4,0,0,0,epoch milliseconds (2018-03-01 15:25:33.155000),38.0,
S2_Sitting_2_extracted,Event_1,PhoneAccelerometer,PhoneAccelerometer_Event_1.data,993,4,0,0,0,epoch milliseconds (2018-03-01 15:25:33.157000),5.0,
S2_Sitting_2_extracted,Event_1,PhoneGravity,PhoneGravity_Event_1.data,991,4,0,0,0,epoch milliseconds (2018-03-01 15:25:33.150000),5.0,
S2_Sitting_2_extracted,Event_1,PhoneGyroscope,PhoneGyroscope_Event_1.data,992,4,0,0,0,epoch milliseconds (2018-03-01 15:25:33.149000),5.0,
S2_Sitting_2_extracted,Event_1,PhoneLinearAccelerometer,PhoneLinearAccelerometer_Event_1.data,991,4,0,0,0,epoch milliseconds (2018-03-01 15:25:33.151000),5.0,
S2_Sitting_2_extracted,Event_1,PhoneMagnetometer,PhoneMagnetometer_Event_1.data,501,4,0,0,0,epoch milliseconds (2018-03-01 15:25:33.155000),10.0,
S2_Sitting_2_extracted,Event_1,android.sensor.accelerometer,android.sensor.accelerometer_Event_1.data,492,4,0,0,0,epoch milliseconds (2018-03-01 15:25:33.157000),10.0,
S2_Sitting_2_extracted,Event_1,android.sensor.gyroscope,android.sensor.gyroscope_Event_1.data,492,4,0,0,0,epoch milliseconds (2018-03-01 15:25:33.152000),10.0,
S2_Sitting_2_extracted,Event_2,JinsAccelerometer,JinsAccelerometer_Event_2.data,100,4,0,0,0,epoch milliseconds (2018-03-01 15:25:45.080000),38.0,
S2_Sitting_2_extracted,Event_2,JinsBlinkSpeed,JinsBlinkSpeed_Event_2.data,100,2,0,0,0,epoch milliseconds (2018-03-01 15:25:45.080000),38.0,
S2_Sitting_2_extracted,Event_2,JinsBlinkStrength,JinsBlinkStrength_Event_2.data,100,2,0,0,0,epoch milliseconds (2018-03-01 15:25:45.080000),38.0,
S2_Sitting_2_extracted,Event_2,JinsEyeMovement,JinsEyeMovement_Event_2.data,100,5,0,0,0,epoch milliseconds (2018-03-01 15:25:45.080000),38.0,
S2_Sitting_2_extracted,Event_2,JinsGyroscope,JinsGyroscope_Event_2.data,100,4,0,0,0,epoch milliseconds (2018-03-01 15:25:45.080000),38.0,
S2_Sitting_2_extracted,Event_2,PhoneAccelerometer,PhoneAccelerometer_Event_2.data,991,4,0,0,0,epoch milliseconds (2018-03-01 15:25:45.062000),5.0,
S2_Sitting_2_extracted,Event_2,PhoneGravity,PhoneGravity_Event_2.data,991,4,0,0,0,epoch milliseconds (2018-03-01 15:25:45.064000),5.0,
S2_Sitting_2_extracted,Event_2,PhoneGyroscope,PhoneGyroscope_Event_2.data,990,4,0,0,0,epoch milliseconds (2018-03-01 15:25:45.063000),5.0,
S2_Sitting_2_extracted,Event_2,PhoneLinearAccelerometer,PhoneLinearAccelerometer_Event_2.data,991,4,0,0,0,epoch milliseconds (2018-03-01 15:25:45.061000),5.0,
S2_Sitting_2_extracted,Event_2,PhoneMagnetometer,PhoneMagnetometer_Event_2.data,501,4,0,0,0,epoch milliseconds (2018-03-01 15:25:45.068000),10.0,
S2_Sitting_2_extracted,Event_2,android.sensor.accelerometer,android.sensor.accelerometer_Event_2.data,503,4,0,0,0,epoch milliseconds (2018-03-01 15:25:45.068000),10.0,
S2_Sitting_2_extracted,Event_2,android.sensor.gyroscope,android.sensor.gyroscope_Event_2.data,502,4,0,0,0,epoch milliseconds (2018-03-01 15:25:45.069000),10.0,
S2_Sitting_2_extracted,Event_3,JinsAccelerometer,JinsAccelerometer_Event_3.data,100,4,0,0,0,epoch milliseconds (2018-03-01 15:26:01.727000),39.0,
S2_Sitting_2_extracted,Event_3,JinsBlinkSpeed,JinsBlinkSpeed_Event_3.data,100,2,0,0,0,epoch milliseconds (2018-03-01 15:26:01.727000),39.0,
S2_Sitting_2_extracted,Event_3,JinsBlinkStrength,JinsBlinkStrength_Event_3.data,100,2,0,0,0,epoch milliseconds (2018-03-01 15:26:01.727000),39.0,
S2_Sitting_2_extracted,Event_3,JinsEyeMovement,JinsEyeMovement_Event_3.data,100,5,0,0,0,epoch milliseconds (2018-03-01 15:26:01.727000),39.0,
S2_Sitting_2_extracted,Event_3,JinsGyroscope,JinsGyroscope_Event_3.data,100,4,0,0,0,epoch milliseconds (2018-03-01 15:26:01.727000),39.0,
S2_Sitting_2_extracted,Event_3,PhoneAccelerometer,PhoneAccelerometer_Event_3.data,991,4,0,0,0,epoch milliseconds (2018-03-01 15:26:01.708000),5.0,
S2_Sitting_2_extracted,Event_3,PhoneGravity,PhoneGravity_Event_3.data,990,4,0,0,0,epoch milliseconds (2018-03-01 15:26:01.708000),5.0,
S2_Sitting_2_extracted,Event_3,PhoneGyroscope,PhoneGyroscope_Event_3.data,992,4,0,0,0,epoch milliseconds (2018-03-01 15:26:01.709000),5.0,
S2_Sitting_2_extracted,Event_3,PhoneLinearAccelerometer,PhoneLinearAccelerometer_Event_3.data,991,4,0,0,0,epoch milliseconds (2018-03-01 15:26:01.713000),5.0,
S2_Sitting_2_extracted,Event_3,PhoneMagnetometer,PhoneMagnetometer_Event_3.data,500,4,0,0,0,epoch milliseconds (2018-03-01 15:26:01.713000),10.0,
S2_Sitting_2_extracted,Event_3,android.sensor.accelerometer,android.sensor.accelerometer_Event_3.data,501,4,0,0,0,epoch milliseconds (2018-03-01 15:26:01.713000),10.0,
S2_Sitting_2_extracted,Event_3,android.sensor.gyroscope,android.sensor.gyroscope_Event_3.data,500,4,0,0,0,epoch milliseconds (2018-03-01 15:26:01.714000),10.0,
S2_Sitting_2_extracted,Event_4,JinsAccelerometer,JinsAccelerometer_Event_4.data,101,4,0,0,0,epoch milliseconds (2018-03-01 15:26:13.205000),38.0,
S2_Sitting_2_extracted,Event_4,JinsBlinkSpeed,JinsBlinkSpeed_Event_4.data,101,2,0,0,0,epoch milliseconds (2018-03-01 15:26:13.205000),38.0,
S2_Sitting_2_extracted,Event_4,JinsBlinkStrength,JinsBlinkStrength_Event_4.data,101,2,0,0,0,epoch milliseconds (2018-03-01 15:26:13.205000),38.0,
S2_Sitting_2_extracted,Event_4,JinsEyeMovement,JinsEyeMovement_Event_4.data,101,5,0,0,0,epoch milliseconds (2018-03-01 15:26:13.205000),38.0,
S2_Sitting_2_extracted,Event_4,JinsGyroscope,JinsGyroscope_Event_4.data,101,4,0,0,0,epoch milliseconds (2018-03-01 15:26:13.205000),38.0,
S2_Sitting_2_extracted,Event_4,PhoneAccelerometer,PhoneAccelerometer_Event_4.data,992,4,0,0,0,epoch milliseconds (2018-03-01 15:26:13.206000),5.0,
S2_Sitting_2_extracted,Event_4,PhoneGravity,PhoneGravity_Event_4.data,990,4,0,0,0,epoch milliseconds (2018-03-01 15:26:13.208000),5.0,
S2_Sitting_2_extracted,Event_4,PhoneGyroscope,PhoneGyroscope_Event_4.data,990,4,0,0,0,epoch milliseconds (2018-03-01 15:26:13.207000),5.0,
S2_Sitting_2_extracted,Event_4,PhoneLinearAccelerometer,PhoneLinearAccelerometer_Event_4.data,991,4,0,0,0,epoch milliseconds (2018-03-01 15:26:13.206000),5.0,
S2_Sitting_2_extracted,Event_4,PhoneMagnetometer,PhoneMagnetometer_Event_4.data,500,4,0,0,0,epoch milliseconds (2018-03-01 15:26:13.212000),10.0,
S2_Sitting_2_extracted,Event_4,android.sensor.accelerometer,android.sensor.accelerometer_Event_4.data,496,4,0,0,0,epoch milliseconds (2018-03-01 15:26:13.206000),10.0,
S2_Sitting_2_extracted,Event_4,android.sensor.gyroscope,android.sensor.gyroscope_Event_4.data,495,4,0,0,0,epoch milliseconds (2018-03-01 15:26:13.207000),10.0,
S2_Sitting_2_extracted,Event_5,JinsAccelerometer,JinsAccelerometer_Event_5.data,99,4,0,0,0,epoch milliseconds (2018-03-01 15:26:27.006000),38.0,
S2_Sitting_2_extracted,Event_5,JinsBlinkSpeed,JinsBlinkSpeed_Event_5.data,99,2,0,0,0,epoch milliseconds (2018-03-01 15:26:27.006000),38.0,
S2_Sitting_2_extracted,Event_5,JinsBlinkStrength,JinsBlinkStrength_Event_5.data,99,2,0,0,0,epoch milliseconds (2018-03-01 15:26:27.006000),38.0,
S2_Sitting_2_extracted,Event_5,JinsEyeMovement,JinsEyeMovement_Event_5.data,99,5,0,0,0,epoch milliseconds (2018-03-01 15:26:27.006000),38.0,
S2_Sitting_2_extracted,Event_5,JinsGyroscope,JinsGyroscope_Event_5.data,99,4,0,0,0,epoch milliseconds (2018-03-01 15:26:27.006000),38.0,
S2_Sitting_2_extracted,Event_5,PhoneAccelerometer,PhoneAccelerometer_Event_5.data,991,4,0,0,0,epoch milliseconds (2018-03-01 15:26:26.934000),5.0,
S2_Sitting_2_extracted,Event_5,PhoneGravity,PhoneGravity_Event_5.data,989,4,0,0,0,epoch milliseconds (2018-03-01 15:26:26.934000),5.0,
S2_Sitting_2_extracted,Event_5,PhoneGyroscope,PhoneGyroscope_Event_5.data,991,4,0,0,0,epoch milliseconds (2018-03-01 15:26:26.936000),5.0,
S2_Sitting_2_extracted,Event_5,PhoneLinearAccelerometer,PhoneLinearAccelerometer_Event_5.data,992,4,0,0,0,epoch milliseconds (2018-03-01 15:26:26.934000),5.0,
S2_Sitting_2_extracted,Event_5,PhoneMagnetometer,PhoneMagnetometer_Event_5.data,501,4,0,0,0,epoch milliseconds (2018-03-01 15:26:26.933000),10.0,
S2_Sitting_2_extracted,Event_5,android.sensor.accelerometer,android.sensor.accelerometer_Event_5.data,499,4,0,0,0,epoch milliseconds (2018-03-01 15:26:26.940000),10.0,
S2_Sitting_2_extracted,Event_5,android.sensor.gyroscope,android.sensor.gyroscope_Event_5.data,500,4,0,0,0,epoch milliseconds (2018-03-01 15:26:26.937000),10.0,
S2_Sitting_2_extracted,Event_6,JinsAccelerometer,JinsAccelerometer_Event_6.data,100,4,0,0,0,epoch milliseconds (2018-03-01 15:26:39.907000),38.0,
S2_Sitting_2_extracted,Event_6,JinsBlinkSpeed,JinsBlinkSpeed_Event_6.data,100,2,0,0,0,epoch milliseconds (2018-03-01 15:26:39.907000),38.0,
S2_Sitting_2_extracted,Event_6,JinsBlinkStrength,JinsBlinkStrength_Event_6.data,100,2,0,0,0,epoch milliseconds (2018-03-01 15:26:39.907000),38.0,
S2_Sitting_2_extracted,Event_6,JinsEyeMovement,JinsEyeMovement_Event_6.data,100,5,0,0,0,epoch milliseconds (2018-03-01 15:26:39.907000),38.0,
S2_Sitting_2_extracted,Event_6,JinsGyroscope,JinsGyroscope_Event_6.data,100,4,0,0,0,epoch milliseconds (2018-03-01 15:26:39.907000),38.0,
S2_Sitting_2_extracted,Event_6,PhoneAccelerometer,PhoneAccelerometer_Event_6.data,990,4,0,0,0,epoch milliseconds (2018-03-01 15:26:39.886000),5.0,
S2_Sitting_2_extracted,Event_6,PhoneGravity,PhoneGravity_Event_6.data,990,4,0,0,0,epoch milliseconds (2018-03-01 15:26:39.889000),5.0,
S2_Sitting_2_extracted,Event_6,PhoneGyroscope,PhoneGyroscope_Event_6.data,990,4,0,0,0,epoch milliseconds (2018-03-01 15:26:39.885000),5.0,
S2_Sitting_2_extracted,Event_6,PhoneLinearAccelerometer,PhoneLinearAccelerometer_Event_6.data,990,4,0,0,0,epoch milliseconds (2018-03-01 15:26:39.887000),5.0,
S2_Sitting_2_extracted,Event_6,PhoneMagnetometer,PhoneMagnetometer_Event_6.data,501,4,0,0,0,epoch milliseconds (2018-03-01 15:26:39.884000),10.0,
S2_Sitting_2_extracted,Event_6,android.sensor.accelerometer,android.sensor.accelerometer_Event_6.data,500,4,0,0,0,epoch milliseconds (2018-03-01 15:26:39.891000),10.0,
S2_Sitting_2_extracted,Event_6,android.sensor.gyroscope,android.sensor.gyroscope_Event_6.data,499,4,0,0,0,epoch milliseconds (2018-03-01 15:26:39.892000),10.0,
S2_Sitting_2_extracted,Event_7,JinsAccelerometer,JinsAccelerometer_Event_7.data,100,4,0,0,0,epoch milliseconds (2018-03-01 15:26:59.067000),38.0,
S2_Sitting_2_extracted,Event_7,JinsBlinkSpeed,JinsBlinkSpeed_Event_7.data,100,2,0,0,0,epoch milliseconds (2018-03-01 15:26:59.067000),38.0,
S2_Sitting_2_extracted,Event_7,JinsBlinkStrength,JinsBlinkStrength_Event_7.data,100,2,0,0,0,epoch milliseconds (2018-03-01 15:26:59.067000),38.0,
S2_Sitting_2_extracted,Event_7,JinsEyeMovement,JinsEyeMovement_Event_7.data,100,5,0,0,0,epoch milliseconds (2018-03-01 15:26:59.067000),38.0,
S2_Sitting_2_extracted,Event_7,JinsGyroscope,JinsGyroscope_Event_7.data,100,4,0,0,0,epoch milliseconds (2018-03-01 15:26:59.067000),38.0,
S2_Sitting_2_extracted,Event_7,PhoneAccelerometer,PhoneAccelerometer_Event_7.data,991,4,0,0,0,epoch milliseconds (2018-03-01 15:26:59.045000),5.0,
S2_Sitting_2_extracted,Event_7,PhoneGravity,PhoneGravity_Event_7.data,991,4,0,0,0,epoch milliseconds (2018-03-01 15:26:59.045000),5.0,
S2_Sitting_2_extracted,Event_7,PhoneGyroscope,PhoneGyroscope_Event_7.data,990,4,0,0,0,epoch milliseconds (2018-03-01 15:26:59.044000),5.0,
S2_Sitting_2_extracted,Event_7,PhoneLinearAccelerometer,PhoneLinearAccelerometer_Event_7.data,989,4,0,0,0,epoch milliseconds (2018-03-01 15:26:59.044000),5.0,
S2_Sitting_2_extracted,Event_7,PhoneMagnetometer,PhoneMagnetometer_Event_7.data,501,4,0,0,0,epoch milliseconds (2018-03-01 15:26:59.045000),10.0,
S2_Sitting_2_extracted,Event_7,android.sensor.accelerometer,android.sensor.accelerometer_Event_7.data,495,4,0,0,0,epoch milliseconds (2018-03-01 15:26:59.050000),10.0,
S2_Sitting_2_extracted,Event_7,android.sensor.gyroscope,android.sensor.gyroscope_Event_7.data,495,4,0,0,0,epoch milliseconds (2018-03-01 15:26:59.046000),10.0,
S2_Sitting_2_extracted,Event_8,JinsAccelerometer,JinsAccelerometer_Event_8.data,101,4,0,0,0,epoch milliseconds (2018-03-01 15:27:11.518000),38.0,
S2_Sitting_2_extracted,Event_8,JinsBlinkSpeed,JinsBlinkSpeed_Event_8.data,101,2,0,0,0,epoch milliseconds (2018-03-01 15:27:11.518000),38.0,
S2_Sitting_2_extracted,Event_8,JinsBlinkStrength,JinsBlinkStrength_Event_8.data,101,2,0,0,0,epoch milliseconds (2018-03-01 15:27:11.518000),38.0,
S2_Sitting_2_extracted,Event_8,JinsEyeMovement,JinsEyeMovement_Event_8.data,101,5,0,0,0,epoch milliseconds (2018-03-01 15:27:11.518000),38.0,
S2_Sitting_2_extracted,Event_8,JinsGyroscope,JinsGyroscope_Event_8.data,101,4,0,0,0,epoch milliseconds (2018-03-01 15:27:11.518000),38.0,
S2_Sitting_2_extracted,Event_8,PhoneAccelerometer,PhoneAccelerometer_Event_8.data,991,4,0,0,0,epoch milliseconds (2018-03-01 15:27:11.521000),5.0,
S2_Sitting_2_extracted,Event_8,PhoneGravity,PhoneGravity_Event_8.data,991,4,0,0,0,epoch milliseconds (2018-03-01 15:27:11.520000),5.0,
S2_Sitting_2_extracted,Event_8,PhoneGyroscope,PhoneGyroscope_Event_8.data,991,4,0,0,0,epoch milliseconds (2018-03-01 15:27:11.519000),5.0,
S2_Sitting_2_extracted,Event_8,PhoneLinearAccelerometer,PhoneLinearAccelerometer_Event_8.data,990,4,0,0,0,epoch milliseconds (2018-03-01 15:27:11.522000),5.0,
S2_Sitting_2_extracted,Event_8,PhoneMagnetometer,PhoneMagnetometer_Event_8.data,505,4,0,0,0,epoch milliseconds (2018-03-01 15:27:11.516000),10.0,
S2_Sitting_2_extracted,Event_8,android.sensor.accelerometer,android.sensor.accelerometer_Event_8.data,500,4,0,0,0,epoch milliseconds (2018-03-01 15:27:11.518000),10.0,
S2_Sitting_2_extracted,Event_8,android.sensor.gyroscope,android.sensor.gyroscope_Event_8.data,500,4,0,0,0,epoch milliseconds (2018-03-01 15:27:11.520000),10.0,
S2_Sitting_2_extracted,Event_9,JinsAccelerometer,JinsAccelerometer_Event_9.data,102,4,0,0,0,epoch milliseconds (2018-03-01 15:27:25.562000),38.0,
S2_Sitting_2_extracted,Event_9,JinsBlinkSpeed,JinsBlinkSpeed_Event_9.data,102,2,0,0,0,epoch milliseconds (2018-03-01 15:27:25.562000),38.0,
S2_Sitting_2_extracted,Event_9,JinsBlinkStrength,JinsBlinkStrength_Event_9.data,102,2,0,0,0,epoch milliseconds (2018-03-01 15:27:25.562000),38.0,
S2_Sitting_2_extracted,Event_9,JinsEyeMovement,JinsEyeMovement_Event_9.data,102,5,0,0,0,epoch milliseconds (2018-03-01 15:27:25.562000),38.0,
S2_Sitting_2_extracted,Event_9,JinsGyroscope,JinsGyroscope_Event_9.data,102,4,0,0,0,epoch milliseconds (2018-03-01 15:27:25.562000),38.0,
S2_Sitting_2_extracted,Event_9,PhoneAccelerometer,PhoneAccelerometer_Event_9.data,972,4,0,0,0,epoch milliseconds (2018-03-01 15:27:25.531000),5.0,
S2_Sitting_2_extracted,Event_9,PhoneGravity,PhoneGravity_Event_9.data,975,4,0,0,0,epoch milliseconds (2018-03-01 15:27:25.534000),5.0,
S2_Sitting_2_extracted,Event_9,PhoneGyroscope,PhoneGyroscope_Event_9.data,977,4,0,0,0,epoch milliseconds (2018-03-01 15:27:25.535000),5.0,
S2_Sitting_2_extracted,Event_9,PhoneLinearAccelerometer,PhoneLinearAccelerometer_Event_9.data,976,4,0,0,0,epoch milliseconds (2018-03-01 15:27:25.532000),5.0,
S2_Sitting_2_extracted,Event_9,PhoneMagnetometer,PhoneMagnetometer_Event_9.data,499,4,0,0,0,epoch milliseconds (2018-03-01 15:27:25.538000),10.0,
S2_Sitting_2_extracted,Event_9,android.sensor.accelerometer,android.sensor.accelerometer_Event_9.data,497,4,0,0,0,epoch milliseconds (2018-03-01 15:27:25.533000),10.0,
S2_Sitting_2_extracted,Event_9,android.sensor.gyroscope,android.sensor.gyroscope_Event_9.data,496,4,0,0,0,epoch milliseconds (2018-03-01 15:27:25.533000),10.0,
S2_Standing_1_extracted,Event_0,JinsAccelerometer,JinsAccelerometer_Event_0.data,100,4,0,0,0,epoch milliseconds (2018-03-01 15:11:26.344000),38.0,
S2_Standing_1_extracted,Event_0,JinsBlinkSpeed,JinsBlinkSpeed_Event_0.data,100,2,0,0,0,epoch milliseconds (2018-03-01 15:11:26.344000),38.0,
S2_Standing_1_extracted,Event_0,JinsBlinkStrength,JinsBlinkStrength_Event_0.data,100,2,0,0,0,epoch milliseconds (2018-03-01 15:11:26.344000),38.0,
S2_Standing_1_extracted,Event_0,JinsEyeMovement,JinsEyeMovement_Event_0.data,100,5,0,0,0,epoch milliseconds (2018-03-01 15:11:26.344000),38.0,
S2_Standing_1_extracted,Event_0,JinsGyroscope,JinsGyroscope_Event_0.data,100,4,0,0,0,epoch milliseconds (2018-03-01 15:11:26.344000),38.0,
S2_Standing_1_extracted,Event_0,PhoneAccelerometer,PhoneAccelerometer_Event_0.data,991,4,0,0,0,epoch milliseconds (2018-03-01 15:11:26.278000),5.0,
S2_Standing_1_extracted,Event_0,PhoneGravity,PhoneGravity_Event_0.data,992,4,0,0,0,epoch milliseconds (2018-03-01 15:11:26.274000),5.0,
S2_Standing_1_extracted,Event_0,PhoneGyroscope,PhoneGyroscope_Event_0.data,991,4,0,0,0,epoch milliseconds (2018-03-01 15:11:26.277000),5.0,
S2_Standing_1_extracted,Event_0,PhoneLinearAccelerometer,PhoneLinearAccelerometer_Event_0.data,992,4,0,0,0,epoch milliseconds (2018-03-01 15:11:26.277000),5.0,
S2_Standing_1_extracted,Event_0,PhoneMagnetometer,PhoneMagnetometer_Event_0.data,501,4,0,0,0,epoch milliseconds (2018-03-01 15:11:26.277000),10.0,
S2_Standing_1_extracted,Event_0,android.sensor.accelerometer,android.sensor.accelerometer_Event_0.data,498,4,0,0,0,epoch milliseconds (2018-03-01 15:11:26.277000),10.0,
S2_Standing_1_extracted,Event_0,android.sensor.gyroscope,android.sensor.gyroscope_Event_0.data,498,4,0,0,0,epoch milliseconds (2018-03-01 15:11:26.282000),10.0,
S2_Standing_1_extracted,Event_1,JinsAccelerometer,JinsAccelerometer_Event_1.data,99,4,0,0,0,epoch milliseconds (2018-03-01 15:11:50.006000),38.0,
S2_Standing_1_extracted,Event_1,JinsBlinkSpeed,JinsBlinkSpeed_Event_1.data,99,2,0,0,0,epoch milliseconds (2018-03-01 15:11:50.006000),38.0,
S2_Standing_1_extracted,Event_1,JinsBlinkStrength,JinsBlinkStrength_Event_1.data,99,2,0,0,0,epoch milliseconds (2018-03-01 15:11:50.006000),38.0,
S2_Standing_1_extracted,Event_1,JinsEyeMovement,JinsEyeMovement_Event_1.data,99,5,0,0,0,epoch milliseconds (2018-03-01 15:11:50.006000),38.0,
S2_Standing_1_extracted,Event_1,JinsGyroscope,JinsGyroscope_Event_1.data,99,4,0,0,0,epoch milliseconds (2018-03-01 15:11:50.006000),38.0,
S2_Standing_1_extracted,Event_1,PhoneAccelerometer,PhoneAccelerometer_Event_1.data,992,4,0,0,0,epoch milliseconds (2018-03-01 15:11:49.948000),5.0,
S2_Standing_1_extracted,Event_1,PhoneGravity,PhoneGravity_Event_1.data,993,4,0,0,0,epoch milliseconds (2018-03-01 15:11:49.947000),5.0,
S2_Standing_1_extracted,Event_1,PhoneGyroscope,PhoneGyroscope_Event_1.data,991,4,0,0,0,epoch milliseconds (2018-03-01 15:11:49.947000),5.0,
S2_Standing_1_extracted,Event_1,PhoneLinearAccelerometer,PhoneLinearAccelerometer_Event_1.data,992,4,0,0,0,epoch milliseconds (2018-03-01 15:11:49.946000),5.0,
S2_Standing_1_extracted,Event_1,PhoneMagnetometer,PhoneMagnetometer_Event_1.data,501,4,0,0,0,epoch milliseconds (2018-03-01 15:11:49.954000),10.0,
S2_Standing_1_extracted,Event_1,android.sensor.accelerometer,android.sensor.accelerometer_Event_1.data,498,4,0,0,0,epoch milliseconds (2018-03-01 15:11:49.946000),10.0,
S2_Standing_1_extracted,Event_1,android.sensor.gyroscope,android.sensor.gyroscope_Event_1.data,497,4,0,0,0,epoch milliseconds (2018-03-01 15:11:49.951000),10.0,
S2_Standing_1_extracted,Event_2,JinsAccelerometer,JinsAccelerometer_Event_2.data,100,4,0,0,0,epoch milliseconds (2018-03-01 15:12:01.708000),38.0,
S2_Standing_1_extracted,Event_2,JinsBlinkSpeed,JinsBlinkSpeed_Event_2.data,100,2,0,0,0,epoch milliseconds (2018-03-01 15:12:01.708000),38.0,
S2_Standing_1_extracted,Event_2,JinsBlinkStrength,JinsBlinkStrength_Event_2.data,100,2,0,0,0,epoch milliseconds (2018-03-01 15:12:01.708000),38.0,
S2_Standing_1_extracted,Event_2,JinsEyeMovement,JinsEyeMovement_Event_2.data,100,5,0,0,0,epoch milliseconds (2018-03-01 15:12:01.708000),38.0,
S2_Standing_1_extracted,Event_2,JinsGyroscope,JinsGyroscope_Event_2.data,100,4,0,0,0,epoch milliseconds (2018-03-01 15:12:01.708000),38.0,
S2_Standing_1_extracted,Event_2,PhoneAccelerometer,PhoneAccelerometer_Event_2.data,988,4,0,0,0,epoch milliseconds (2018-03-01 15:12:01.683000),5.0,
S2_Standing_1_extracted,Event_2,PhoneGravity,PhoneGravity_Event_2.data,997,4,0,0,0,epoch milliseconds (2018-03-01 15:12:01.685000),5.0,
S2_Standing_1_extracted,Event_2,PhoneGyroscope,PhoneGyroscope_Event_2.data,998,4,0,0,0,epoch milliseconds (2018-03-01 15:12:01.686000),5.0,
S2_Standing_1_extracted,Event_2,PhoneLinearAccelerometer,PhoneLinearAccelerometer_Event_2.data,997,4,0,0,0,epoch milliseconds (2018-03-01 15:12:01.684000),5.0,
S2_Standing_1_extracted,Event_2,PhoneMagnetometer,PhoneMagnetometer_Event_2.data,501,4,0,0,0,epoch milliseconds (2018-03-01 15:12:01.690000),10.0,
S2_Standing_1_extracted,Event_2,android.sensor.accelerometer,android.sensor.accelerometer_Event_2.data,502,4,0,0,0,epoch milliseconds (2018-03-01 15:12:01.685000),10.0,
S2_Standing_1_extracted,Event_2,android.sensor.gyroscope,android.sensor.gyroscope_Event_2.data,501,4,0,0,0,epoch milliseconds (2018-03-01 15:12:01.691000),10.0,
S2_Standing_1_extracted,Event_3,JinsAccelerometer,JinsAccelerometer_Event_3.data,101,4,0,0,0,epoch milliseconds (2018-03-01 15:12:12.620000),38.0,
S2_Standing_1_extracted,Event_3,JinsBlinkSpeed,JinsBlinkSpeed_Event_3.data,101,2,0,0,0,epoch milliseconds (2018-03-01 15:12:12.620000),38.0,
S2_Standing_1_extracted,Event_3,JinsBlinkStrength,JinsBlinkStrength_Event_3.data,101,2,0,0,0,epoch milliseconds (2018-03-01 15:12:12.620000),38.0,
S2_Standing_1_extracted,Event_3,JinsEyeMovement,JinsEyeMovement_Event_3.data,101,5,0,0,0,epoch milliseconds (2018-03-01 15:12:12.620000),38.0,
S2_Standing_1_extracted,Event_3,JinsGyroscope,JinsGyroscope_Event_3.data,101,4,0,0,0,epoch milliseconds (2018-03-01 15:12:12.620000),38.0,
S2_Standing_1_extracted,Event_3,PhoneAccelerometer,PhoneAccelerometer_Event_3.data,990,4,0,0,0,epoch milliseconds (2018-03-01 15:12:12.620000),5.0,
S2_Standing_1_extracted,Event_3,PhoneGravity,PhoneGravity_Event_3.data,990,4,0,0,0,epoch milliseconds (2018-03-01 15:12:12.619000),5.0,
S2_Standing_1_extracted,Event_3,PhoneGyroscope,PhoneGyroscope_Event_3.data,990,4,0,0,0,epoch milliseconds (2018-03-01 15:12:12.622000),5.0,
S2_Standing_1_extracted,Event_3,PhoneLinearAccelerometer,PhoneLinearAccelerometer_Event_3.data,991,4,0,0,0,epoch milliseconds (2018-03-01 15:12:12.619000),5.0,
S2_Standing_1_extracted,Event_3,PhoneMagnetometer,PhoneMagnetometer_Event_3.data,501,4,0,0,0,epoch milliseconds (2018-03-01 15:12:12.622000),10.0,
S2_Standing_1_extracted,Event_3,android.sensor.accelerometer,android.sensor.accelerometer_Event_3.data,500,4,0,0,0,epoch milliseconds (2018-03-01 15:12:12.625000),10.0,
S2_Standing_1_extracted,Event_3,android.sensor.gyroscope,android.sensor.gyroscope_Event_3.data,501,4,0,0,0,epoch milliseconds (2018-03-01 15:12:12.620000),10.0,
S2_Standing_1_extracted,Event_4,JinsAccelerometer,JinsAccelerometer_Event_4.data,100,4,0,0,0,epoch milliseconds (2018-03-01 15:12:25.782000),38.0,
S2_Standing_1_extracted,Event_4,JinsBlinkSpeed,JinsBlinkSpeed_Event_4.data,100,2,0,0,0,epoch milliseconds (2018-03-01 15:12:25.782000),38.0,
S2_Standing_1_extracted,Event_4,JinsBlinkStrength,JinsBlinkStrength_Event_4.data,100,2,0,0,0,epoch milliseconds (2018-03-01 15:12:25.782000),38.0,
S2_Standing_1_extracted,Event_4,JinsEyeMovement,JinsEyeMovement_Event_4.data,100,5,0,0,0,epoch milliseconds (2018-03-01 15:12:25.782000),38.0,
S2_Standing_1_extracted,Event_4,JinsGyroscope,JinsGyroscope_Event_4.data,100,4,0,0,0,epoch milliseconds (2018-03-01 15:12:25.782000),38.0,
S2_Standing_1_extracted,Event_4,PhoneAccelerometer,PhoneAccelerometer_Event_4.data,991,4,0,0,0,epoch milliseconds (2018-03-01 15:12:25.746000),5.0,
S2_Standing_1_extracted,Event_4,PhoneGravity,PhoneGravity_Event_4.data,992,4,0,0,0,epoch milliseconds (2018-03-01 15:12:25.750000),5.0,
S2_Standing_1_extracted,Event_4,PhoneGyroscope,PhoneGyroscope_Event_4.data,991,4,0,0,0,epoch milliseconds (2018-03-01 15:12:25.749000),5.0,
S2_Standing_1_extracted,Event_4,PhoneLinearAccelerometer,PhoneLinearAccelerometer_Event_4.data,992,4,0,0,0,epoch milliseconds (2018-03-01 15:12:25.748000),5.0,
S2_Standing_1_extracted,Event_4,PhoneMagnetometer,PhoneMagnetometer_Event_4.data,501,4,0,0,0,epoch milliseconds (2018-03-01 15:12:25.754000),10.0,
S2_Standing_1_extracted,Event_4,android.sensor.accelerometer,android.sensor.accelerometer_Event_4.data,505,4,0,0,0,epoch milliseconds (2018-03-01 15:12:25.755000),10.0,
S2_Standing_1_extracted,Event_4,android.sensor.gyroscope,android.sensor.gyroscope_Event_4.data,505,4,0,0,0,epoch milliseconds (2018-03-01 15:12:25.747000),10.0,
S2_Standing_1_extracted,Event_5,JinsAccelerometer,JinsAccelerometer_Event_5.data,100,4,0,0,0,epoch milliseconds (2018-03-01 15:12:36.883000),38.0,
S2_Standing_1_extracted,Event_5,JinsBlinkSpeed,JinsBlinkSpeed_Event_5.data,100,2,0,0,0,epoch milliseconds (2018-03-01 15:12:36.883000),38.0,
S2_Standing_1_extracted,Event_5,JinsBlinkStrength,JinsBlinkStrength_Event_5.data,100,2,0,0,0,epoch milliseconds (2018-03-01 15:12:36.883000),38.0,
S2_Standing_1_extracted,Event_5,JinsEyeMovement,JinsEyeMovement_Event_5.data,100,5,0,0,0,epoch milliseconds (2018-03-01 15:12:36.883000),38.0,
S2_Standing_1_extracted,Event_5,JinsGyroscope,JinsGyroscope_Event_5.data,100,4,0,0,0,epoch milliseconds (2018-03-01 15:12:36.883000),38.0,
S2_Standing_1_extracted,Event_5,PhoneAccelerometer,PhoneAccelerometer_Event_5.data,990,4,0,0,0,epoch milliseconds (2018-03-01 15:12:36.874000),5.0,
S2_Standing_1_extracted,Event_5,PhoneGravity,PhoneGravity_Event_5.data,991,4,0,0,0,epoch milliseconds (2018-03-01 15:12:36.875000),5.0,
S2_Standing_1_extracted,Event_5,PhoneGyroscope,PhoneGyroscope_Event_5.data,991,4,0,0,0,epoch milliseconds (2018-03-01 15:12:36.874000),5.0,
S2_Standing_1_extracted,Event_5,PhoneLinearAccelerometer,PhoneLinearAccelerometer_Event_5.data,992,4,0,0,0,epoch milliseconds (2018-03-01 15:12:36.874000),5.0,
S2_Standing_1_extracted,Event_5,PhoneMagnetometer,PhoneMagnetometer_Event_5.data,499,4,0,0,0,epoch milliseconds (2018-03-01 15:12:36.878000),10.0,
S2_Standing_1_extracted,Event_5,android.sensor.accelerometer,android.sensor.accelerometer_Event_5.data,514,4,0,0,0,epoch milliseconds (2018-03-01 15:12:36.874000),10.0,
S2_Standing_1_extracted,Event_5,android.sensor.gyroscope,android.sensor.gyroscope_Event_5.data,513,4,0,0,0,epoch milliseconds (2018-03-01 15:12:36.881000),10.0,
S2_Standing_1_extracted,Event_6,JinsAccelerometer,JinsAccelerometer_Event_6.data,100,4,0,0,0,epoch milliseconds (2018-03-01 15:12:48.658000),38.0,
S2_Standing_1_extracted,Event_6,JinsBlinkSpeed,JinsBlinkSpeed_Event_6.data,100,2,0,0,0,epoch milliseconds (2018-03-01 15:12:48.658000),38.0,
S2_Standing_1_extracted,Event_6,JinsBlinkStrength,JinsBlinkStrength_Event_6.data,100,2,0,0,0,epoch milliseconds (2018-03-01 15:12:48.658000),38.0,
S2_Standing_1_extracted,Event_6,JinsEyeMovement,JinsEyeMovement_Event_6.data,100,5,0,0,0,epoch milliseconds (2018-03-01 15:12:48.658000),38.0,
S2_Standing_1_extracted,Event_6,JinsGyroscope,JinsGyroscope_Event_6.data,100,4,0,0,0,epoch milliseconds (2018-03-01 15:12:48.658000),38.0,
S2_Standing_1_extracted,Event_6,PhoneAccelerometer,PhoneAccelerometer_Event_6.data,992,4,0,0,0,epoch milliseconds (2018-03-01 15:12:48.626000),5.0,
S2_Standing_1_extracted,Event_6,PhoneGravity,PhoneGravity_Event_6.data,991,4,0,0,0,epoch milliseconds (2018-03-01 15:12:48.626000),5.0,
S2_Standing_1_extracted,Event_6,PhoneGyroscope,PhoneGyroscope_Event_6.data,992,4,0,0,0,epoch milliseconds (2018-03-01 15:12:48.626000),5.0,
S2_Standing_1_extracted,Event_6,PhoneLinearAccelerometer,PhoneLinearAccelerometer_Event_6.data,993,4,0,0,0,epoch milliseconds (2018-03-01 15:12:48.627000),5.0,
S2_Standing_1_extracted,Event_6,PhoneMagnetometer,PhoneMagnetometer_Event_6.data,501,4,0,0,0,epoch milliseconds (2018-03-01 15:12:48.632000),10.0,
S2_Standing_1_extracted,Event_6,android.sensor.accelerometer,android.sensor.accelerometer_Event_6.data,505,4,0,0,0,epoch milliseconds (2018-03-01 15:12:48.636000),10.0,
S2_Standing_1_extracted,Event_6,android.sensor.gyroscope,android.sensor.gyroscope_Event_6.data,506,4,0,0,0,epoch milliseconds (2018-03-01 15:12:48.629000),10.0,
S2_Standing_1_extracted,Event_7,JinsAccelerometer,JinsAccelerometer_Event_7.data,100,4,0,0,0,epoch milliseconds (2018-03-01 15:13:00.733000),38.0,
S2_Standing_1_extracted,Event_7,JinsBlinkSpeed,JinsBlinkSpeed_Event_7.data,100,2,0,0,0,epoch milliseconds (2018-03-01 15:13:00.733000),38.0,
S2_Standing_1_extracted,Event_7,JinsBlinkStrength,JinsBlinkStrength_Event_7.data,100,2,0,0,0,epoch milliseconds (2018-03-01 15:13:00.733000),38.0,
S2_Standing_1_extracted,Event_7,JinsEyeMovement,JinsEyeMovement_Event_7.data,100,5,0,0,0,epoch milliseconds (2018-03-01 15:13:00.733000),38.0,
S2_Standing_1_extracted,Event_7,JinsGyroscope,JinsGyroscope_Event_7.data,100,4,0,0,0,epoch milliseconds (2018-03-01 15:13:00.733000),38.0,
S2_Standing_1_extracted,Event_7,PhoneAccelerometer,PhoneAccelerometer_Event_7.data,990,4,0,0,0,epoch milliseconds (2018-03-01 15:13:00.700000),5.0,
S2_Standing_1_extracted,Event_7,PhoneGravity,PhoneGravity_Event_7.data,991,4,0,0,0,epoch milliseconds (2018-03-01 15:13:00.699000),5.0,
S2_Standing_1_extracted,Event_7,PhoneGyroscope,PhoneGyroscope_Event_7.data,989,4,0,0,0,epoch milliseconds (2018-03-01 15:13:00.700000),5.0,
S2_Standing_1_extracted,Event_7,PhoneLinearAccelerometer,PhoneLinearAccelerometer_Event_7.data,990,4,0,0,0,epoch milliseconds (2018-03-01 15:13:00.697000),5.0,
S2_Standing_1_extracted,Event_7,PhoneMagnetometer,PhoneMagnetometer_Event_7.data,501,4,0,0,0,epoch milliseconds (2018-03-01 15:13:00.705000),10.0,
S2_Standing_1_extracted,Event_7,android.sensor.accelerometer,android.sensor.accelerometer_Event_7.data,498,4,0,0,0,epoch milliseconds (2018-03-01 15:13:00.702000),10.0,
S2_Standing_1_extracted,Event_7,android.sensor.gyroscope,android.sensor.gyroscope_Event_7.data,499,4,0,0,0,epoch milliseconds (2018-03-01 15:13:00.699000),10.0,
S2_Standing_1_extracted,Event_8,JinsAccelerometer,JinsAccelerometer_Event_8.data,100,4,0,0,0,epoch milliseconds (2018-03-01 15:13:11.460000),38.0,
S2_Standing_1_extracted,Event_8,JinsBlinkSpeed,JinsBlinkSpeed_Event_8.data,100,2,0,0,0,epoch milliseconds (2018-03-01 15:13:11.460000),38.0,
S2_Standing_1_extracted,Event_8,JinsBlinkStrength,JinsBlinkStrength_Event_8.data,100,2,0,0,0,epoch milliseconds (2018-03-01 15:13:11.460000),38.0,
S2_Standing_1_extracted,Event_8,JinsEyeMovement,JinsEyeMovement_Event_8.data,100,5,0,0,0,epoch milliseconds (2018-03-01 15:13:11.460000),38.0,
S2_Standing_1_extracted,Event_8,JinsGyroscope,JinsGyroscope_Event_8.data,100,4,0,0,0,epoch milliseconds (2018-03-01 15:13:11.460000),38.0,
S2_Standing_1_extracted,Event_8,PhoneAccelerometer,PhoneAccelerometer_Event_8.data,992,4,0,0,0,epoch milliseconds (2018-03-01 15:13:11.430000),5.0,
S2_Standing_1_extracted,Event_8,PhoneGravity,PhoneGravity_Event_8.data,990,4,0,0,0,epoch milliseconds (2018-03-01 15:13:11.428000),5.0,
S2_Standing_1_extracted,Event_8,PhoneGyroscope,PhoneGyroscope_Event_8.data,990,4,0,0,0,epoch milliseconds (2018-03-01 15:13:11.430000),5.0,
S2_Standing_1_extracted,Event_8,PhoneLinearAccelerometer,PhoneLinearAccelerometer_Event_8.data,991,4,0,0,0,epoch milliseconds (2018-03-01 15:13:11.426000),5.0,
S2_Standing_1_extracted,Event_8,PhoneMagnetometer,PhoneMagnetometer_Event_8.data,502,4,0,0,0,epoch milliseconds (2018-03-01 15:13:11.425000),10.0,
S2_Standing_1_extracted,Event_8,android.sensor.accelerometer,android.sensor.accelerometer_Event_8.data,495,4,0,0,0,epoch milliseconds (2018-03-01 15:13:11.429000),10.0,
S2_Standing_1_extracted,Event_8,android.sensor.gyroscope,android.sensor.gyroscope_Event_8.data,496,4,0,0,0,epoch milliseconds (2018-03-01 15:13:11.428000),10.0,
S2_Standing_1_extracted,Event_9,JinsAccelerometer,JinsAccelerometer_Event_9.data,101,4,0,0,0,epoch milliseconds (2018-03-01 15:13:22.745000),38.0,
S2_Standing_1_extracted,Event_9,JinsBlinkSpeed,JinsBlinkSpeed_Event_9.data,101,2,0,0,0,epoch milliseconds (2018-03-01 15:13:22.745000),38.0,
S2_Standing_1_extracted,Event_9,JinsBlinkStrength,JinsBlinkStrength_Event_9.data,101,2,0,0,0,epoch milliseconds (2018-03-01 15:13:22.745000),38.0,
S2_Standing_1_extracted,Event_9,JinsEyeMovement,JinsEyeMovement_Event_9.data,101,5,0,0,0,epoch milliseconds (2018-03-01 15:13:22.745000),38.0,
S2_Standing_1_extracted,Event_9,JinsGyroscope,JinsGyroscope_Event_9.data,101,4,0,0,0,epoch milliseconds (2018-03-01 15:13:22.745000),38.0,
S2_Standing_1_extracted,Event_9,PhoneAccelerometer,PhoneAccelerometer_Event_9.data,991,4,0,0,0,epoch milliseconds (2018-03-01 15:13:22.749000),5.0,
S2_Standing_1_extracted,Event_9,PhoneGravity,PhoneGravity_Event_9.data,991,4,0,0,0,epoch milliseconds (2018-03-01 15:13:22.749000),5.0,
S2_Standing_1_extracted,Event_9,PhoneGyroscope,PhoneGyroscope_Event_9.data,990,4,0,0,0,epoch milliseconds (2018-03-01 15:13:22.747000),5.0,
S2_Standing_1_extracted,Event_9,PhoneLinearAccelerometer,PhoneLinearAccelerometer_Event_9.data,990,4,0,0,0,epoch milliseconds (2018-03-01 15:13:22.750000),5.0,
S2_Standing_1_extracted,Event_9,PhoneMagnetometer,PhoneMagnetometer_Event_9.data,501,4,0,0,0,epoch milliseconds (2018-03-01 15:13:22.753000),10.0,
S2_Standing_1_extracted,Event_9,android.sensor.accelerometer,android.sensor.accelerometer_Event_9.data,499,4,0,0,0,epoch milliseconds (2018-03-01 15:13:22.747000),10.0,
S2_Standing_1_extracted,Event_9,android.sensor.gyroscope,android.sensor.gyroscope_Event_9.data,500,4,0,0,0,epoch milliseconds (2018-03-01 15:13:22.746000),10.0,
S2_Standing_2_extracted,Event_0,JinsAccelerometer,JinsAccelerometer_Event_0.data,100,4,0,0,0,epoch milliseconds (2018-03-01 15:16:40.714000),38.0,
S2_Standing_2_extracted,Event_0,JinsBlinkSpeed,JinsBlinkSpeed_Event_0.data,100,2,0,0,0,epoch milliseconds (2018-03-01 15:16:40.714000),38.0,
S2_Standing_2_extracted,Event_0,JinsBlinkStrength,JinsBlinkStrength_Event_0.data,100,2,0,0,0,epoch milliseconds (2018-03-01 15:16:40.714000),38.0,
S2_Standing_2_extracted,Event_0,JinsEyeMovement,JinsEyeMovement_Event_0.data,100,5,0,0,0,epoch milliseconds (2018-03-01 15:16:40.714000),38.0,
S2_Standing_2_extracted,Event_0,JinsGyroscope,JinsGyroscope_Event_0.data,100,4,0,0,0,epoch milliseconds (2018-03-01 15:16:40.714000),38.0,
S2_Standing_2_extracted,Event_0,PhoneAccelerometer,PhoneAccelerometer_Event_0.data,991,4,0,0,0,epoch milliseconds (2018-03-01 15:16:40.666000),5.0,
S2_Standing_2_extracted,Event_0,PhoneGravity,PhoneGravity_Event_0.data,991,4,0,0,0,epoch milliseconds (2018-03-01 15:16:40.665000),5.0,
S2_Standing_2_extracted,Event_0,PhoneGyroscope,PhoneGyroscope_Event_0.data,991,4,0,0,0,epoch milliseconds (2018-03-01 15:16:40.667000),5.0,
S2_Standing_2_extracted,Event_0,PhoneLinearAccelerometer,PhoneLinearAccelerometer_Event_0.data,991,4,0,0,0,epoch milliseconds (2018-03-01 15:16:40.668000),5.0,
S2_Standing_2_extracted,Event_0,PhoneMagnetometer,PhoneMagnetometer_Event_0.data,502,4,0,0,0,epoch milliseconds (2018-03-01 15:16:40.667000),10.0,
S2_Standing_2_extracted,Event_0,android.sensor.accelerometer,android.sensor.accelerometer_Event_0.data,506,4,0,0,0,epoch milliseconds (2018-03-01 15:16:40.664000),10.0,
S2_Standing_2_extracted,Event_0,android.sensor.gyroscope,android.sensor.gyroscope_Event_0.data,505,4,0,0,0,epoch milliseconds (2018-03-01 15:16:40.666000),10.0,
S2_Standing_2_extracted,Event_1,JinsAccelerometer,JinsAccelerometer_Event_1.data,100,4,0,0,0,epoch milliseconds (2018-03-01 15:16:52.454000),38.5,
S2_Standing_2_extracted,Event_1,JinsBlinkSpeed,JinsBlinkSpeed_Event_1.data,100,2,0,0,0,epoch milliseconds (2018-03-01 15:16:52.454000),38.5,
S2_Standing_2_extracted,Event_1,JinsBlinkStrength,JinsBlinkStrength_Event_1.data,100,2,0,0,0,epoch milliseconds (2018-03-01 15:16:52.454000),38.5,
S2_Standing_2_extracted,Event_1,JinsEyeMovement,JinsEyeMovement_Event_1.data,100,5,0,0,0,epoch milliseconds (2018-03-01 15:16:52.454000),38.5,
S2_Standing_2_extracted,Event_1,JinsGyroscope,JinsGyroscope_Event_1.data,100,4,0,0,0,epoch milliseconds (2018-03-01 15:16:52.454000),38.5,
S2_Standing_2_extracted,Event_1,PhoneAccelerometer,PhoneAccelerometer_Event_1.data,991,4,0,0,0,epoch milliseconds (2018-03-01 15:16:52.451000),5.0,
S2_Standing_2_extracted,Event_1,PhoneGravity,PhoneGravity_Event_1.data,991,4,0,0,0,epoch milliseconds (2018-03-01 15:16:52.452000),5.0,
S2_Standing_2_extracted,Event_1,PhoneGyroscope,PhoneGyroscope_Event_1.data,992,4,0,0,0,epoch milliseconds (2018-03-01 15:16:52.451000),5.0,
S2_Standing_2_extracted,Event_1,PhoneLinearAccelerometer,PhoneLinearAccelerometer_Event_1.data,992,4,0,0,0,epoch milliseconds (2018-03-01 15:16:52.451000),5.0,
S2_Standing_2_extracted,Event_1,PhoneMagnetometer,PhoneMagnetometer_Event_1.data,501,4,0,0,0,epoch milliseconds (2018-03-01 15:16:52.452000),10.0,
S2_Standing_2_extracted,Event_1,android.sensor.accelerometer,android.sensor.accelerometer_Event_1.data,499,4,0,0,0,epoch milliseconds (2018-03-01 15:16:52.452000),10.0,
S2_Standing_2_extracted,Event_1,android.sensor.gyroscope,android.sensor.gyroscope_Event_1.data,496,4,0,0,0,epoch milliseconds (2018-03-01 15:16:52.454000),10.0,
S2_Standing_2_extracted,Event_2,JinsAccelerometer,JinsAccelerometer_Event_2.data,99,4,0,0,0,epoch milliseconds (2018-03-01 15:17:04.528000),38.0,
S2_Standing_2_extracted,Event_2,JinsBlinkSpeed,JinsBlinkSpeed_Event_2.data,99,2,0,0,0,epoch milliseconds (2018-03-01 15:17:04.528000),38.0,
S2_Standing_2_extracted,Event_2,JinsBlinkStrength,JinsBlinkStrength_Event_2.data,99,2,0,0,0,epoch milliseconds (2018-03-01 15:17:04.528000),38.0,
S2_Standing_2_extracted,Event_2,JinsEyeMovement,JinsEyeMovement_Event_2.data,99,5,0,0,0,epoch milliseconds (2018-03-01 15:17:04.528000),38.0,
S2_Standing_2_extracted,Event_2,JinsGyroscope,JinsGyroscope_Event_2.data,99,4,0,0,0,epoch milliseconds (2018-03-01 15:17:04.528000),38.0,
S2_Standing_2_extracted,Event_2,PhoneAccelerometer,PhoneAccelerometer_Event_2.data,990,4,0,0,0,epoch milliseconds (2018-03-01 15:17:04.468000),5.0,
S2_Standing_2_extracted,Event_2,PhoneGravity,PhoneGravity_Event_2.data,991,4,0,0,0,epoch milliseconds (2018-03-01 15:17:04.469000),5.0,
S2_Standing_2_extracted,Event_2,PhoneGyroscope,PhoneGyroscope_Event_2.data,993,4,0,0,0,epoch milliseconds (2018-03-01 15:17:04.465000),5.0,
S2_Standing_2_extracted,Event_2,PhoneLinearAccelerometer,PhoneLinearAccelerometer_Event_2.data,992,4,0,0,0,epoch milliseconds (2018-03-01 15:17:04.466000),5.0,
S2_Standing_2_extracted,Event_2,PhoneMagnetometer,PhoneMagnetometer_Event_2.data,501,4,0,0,0,epoch milliseconds (2018-03-01 15:17:04.469000),10.0,
S2_Standing_2_extracted,Event_2,android.sensor.accelerometer,android.sensor.accelerometer_Event_2.data,502,4,0,0,0,epoch milliseconds (2018-03-01 15:17:04.485000),10.0,
S2_Standing_2_extracted,Event_2,android.sensor.gyroscope,android.sensor.gyroscope_Event_2.data,503,4,0,0,0,epoch milliseconds (2018-03-01 15:17:04.486000),10.0,
S2_Standing_2_extracted,Event_3,JinsAccelerometer,JinsAccelerometer_Event_3.data,100,4,0,0,0,epoch milliseconds (2018-03-01 15:17:15.702000),38.0,
S2_Standing_2_extracted,Event_3,JinsBlinkSpeed,JinsBlinkSpeed_Event_3.data,100,2,0,0,0,epoch milliseconds (2018-03-01 15:17:15.702000),38.0,
S2_Standing_2_extracted,Event_3,JinsBlinkStrength,JinsBlinkStrength_Event_3.data,100,2,0,0,0,epoch milliseconds (2018-03-01 15:17:15.702000),38.0,
S2_Standing_2_extracted,Event_3,JinsEyeMovement,JinsEyeMovement_Event_3.data,100,5,0,0,0,epoch milliseconds (2018-03-01 15:17:15.702000),38.0,
S2_Standing_2_extracted,Event_3,JinsGyroscope,JinsGyroscope_Event_3.data,100,4,0,0,0,epoch milliseconds (2018-03-01 15:17:15.702000),38.0,
S2_Standing_2_extracted,Event_3,PhoneAccelerometer,PhoneAccelerometer_Event_3.data,992,4,0,0,0,epoch milliseconds (2018-03-01 15:17:15.673000),5.0,
S2_Standing_2_extracted,Event_3,PhoneGravity,PhoneGravity_Event_3.data,991,4,0,0,0,epoch milliseconds (2018-03-01 15:17:15.675000),5.0,
S2_Standing_2_extracted,Event_3,PhoneGyroscope,PhoneGyroscope_Event_3.data,992,4,0,0,0,epoch milliseconds (2018-03-01 15:17:15.672000),5.0,
S2_Standing_2_extracted,Event_3,PhoneLinearAccelerometer,PhoneLinearAccelerometer_Event_3.data,992,4,0,0,0,epoch milliseconds (2018-03-01 15:17:15.674000),5.0,
S2_Standing_2_extracted,Event_3,PhoneMagnetometer,PhoneMagnetometer_Event_3.data,501,4,0,0,0,epoch milliseconds (2018-03-01 15:17:15.676000),10.0,
S2_Standing_2_extracted,Event_3,android.sensor.accelerometer,android.sensor.accelerometer_Event_3.data,491,4,0,0,0,epoch milliseconds (2018-03-01 15:17:15.676000),10.0,
S2_Standing_2_extracted,Event_3,android.sensor.gyroscope,android.sensor.gyroscope_Event_3.data,492,4,0,0,0,epoch milliseconds (2018-03-01 15:17:15.676000),10.0,
S2_Standing_2_extracted,Event_4,JinsAccelerometer,JinsAccelerometer_Event_4.data,100,4,0,0,0,epoch milliseconds (2018-03-01 15:17:28.157000),38.0,
S2_Standing_2_extracted,Event_4,JinsBlinkSpeed,JinsBlinkSpeed_Event_4.data,100,2,0,0,0,epoch milliseconds (2018-03-01 15:17:28.157000),38.0,
S2_Standing_2_extracted,Event_4,JinsBlinkStrength,JinsBlinkStrength_Event_4.data,100,2,0,0,0,epoch milliseconds (2018-03-01 15:17:28.157000),38.0,
S2_Standing_2_extracted,Event_4,JinsEyeMovement,JinsEyeMovement_Event_4.data,100,5,0,0,0,epoch milliseconds (2018-03-01 15:17:28.157000),38.0,
S2_Standing_2_extracted,Event_4,JinsGyroscope,JinsGyroscope_Event_4.data,100,4,0,0,0,epoch milliseconds (2018-03-01 15:17:28.157000),38.0,
S2_Standing_2_extracted,Event_4,PhoneAccelerometer,PhoneAccelerometer_Event_4.data,992,4,0,0,0,epoch milliseconds (2018-03-01 15:17:28.129000),5.0,
S2_Standing_2_extracted,Event_4,PhoneGravity,PhoneGravity_Event_4.data,990,4,0,0,0,epoch milliseconds (2018-03-01 15:17:28.131000),5.0,
S2_Standing_2_extracted,Event_4,PhoneGyroscope,PhoneGyroscope_Event_4.data,990,4,0,0,0,epoch milliseconds (2018-03-01 15:17:28.132000),5.0,
S2_Standing_2_extracted,Event_4,PhoneLinearAccelerometer,PhoneLinearAccelerometer_Event_4.data,991,4,0,0,0,epoch milliseconds (2018-03-01 15:17:28.128000),5.0,
S2_Standing_2_extracted,Event_4,PhoneMagnetometer,PhoneMagnetometer_Event_4.data,501,4,0,0,0,epoch milliseconds (2018-03-01 15:17:28.134000),10.0,
S2_Standing_2_extracted,Event_4,android.sensor.accelerometer,android.sensor.accelerometer_Event_4.data,498,4,0,0,0,epoch milliseconds (2018-03-01 15:17:28.129000),10.0,
S2_Standing_2_extracted,Event_4,android.sensor.gyroscope,android.sensor.gyroscope_Event_4.data,498,4,0,0,0,epoch milliseconds (2018-03-01 15:17:28.137000),10.0,
S2_Standing_2_extracted,Event_5,JinsAccelerometer,JinsAccelerometer_Event_5.data,101,4,0,0,0,epoch milliseconds (2018-03-01 15:17:39.369000),38.0,
S2_Standing_2_extracted,Event_5,JinsBlinkSpeed,JinsBlinkSpeed_Event_5.data,101,2,0,0,0,epoch milliseconds (2018-03-01 15:17:39.369000),38.0,
S2_Standing_2_extracted,Event_5,JinsBlinkStrength,JinsBlinkStrength_Event_5.data,101,2,0,0,0,epoch milliseconds (2018-03-01 15:17:39.369000),38.0,
S2_Standing_2_extracted,Event_5,JinsEyeMovement,JinsEyeMovement_Event_5.data,101,5,0,0,0,epoch milliseconds (2018-03-01 15:17:39.369000),38.0,
S2_Standing_2_extracted,Event_5,JinsGyroscope,JinsGyroscope_Event_5.data,101,4,0,0,0,epoch milliseconds (2018-03-01 15:17:39.369000),38.0,
S2_Standing_2_extracted,Event_5,PhoneAccelerometer,PhoneAccelerometer_Event_5.data,991,4,0,0,0,epoch milliseconds (2018-03-01 15:17:39.354000),5.0,
S2_Standing_2_extracted,Event_5,PhoneGravity,PhoneGravity_Event_5.data,990,4,0,0,0,epoch milliseconds (2018-03-01 15:17:39.356000),5.0,
S2_Standing_2_extracted,Event_5,PhoneGyroscope,PhoneGyroscope_Event_5.data,991,4,0,0,0,epoch milliseconds (2018-03-01 15:17:39.353000),5.0,
S2_Standing_2_extracted,Event_5,PhoneLinearAccelerometer,PhoneLinearAccelerometer_Event_5.data,991,4,0,0,0,epoch milliseconds (2018-03-01 15:17:39.354000),5.0,
S2_Standing_2_extracted,Event_5,PhoneMagnetometer,PhoneMagnetometer_Event_5.data,501,4,0,0,0,epoch milliseconds (2018-03-01 15:17:39.353000),10.0,
S2_Standing_2_extracted,Event_5,android.sensor.accelerometer,android.sensor.accelerometer_Event_5.data,499,4,0,0,0,epoch milliseconds (2018-03-01 15:17:39.354000),10.0,
S2_Standing_2_extracted,Event_5,android.sensor.gyroscope,android.sensor.gyroscope_Event_5.data,499,4,0,0,0,epoch milliseconds (2018-03-01 15:17:39.359000),10.0,
S2_Standing_2_extracted,Event_6,JinsAccelerometer,JinsAccelerometer_Event_6.data,101,4,0,0,0,epoch milliseconds (2018-03-01 15:17:50.622000),38.0,
S2_Standing_2_extracted,Event_6,JinsBlinkSpeed,JinsBlinkSpeed_Event_6.data,101,2,0,0,0,epoch milliseconds (2018-03-01 15:17:50.622000),38.0,
S2_Standing_2_extracted,Event_6,JinsBlinkStrength,JinsBlinkStrength_Event_6.data,101,2,0,0,0,epoch milliseconds (2018-03-01 15:17:50.622000),38.0,
S2_Standing_2_extracted,Event_6,JinsEyeMovement,JinsEyeMovement_Event_6.data,101,5,0,0,0,epoch milliseconds (2018-03-01 15:17:50.622000),38.0,
S2_Standing_2_extracted,Event_6,JinsGyroscope,JinsGyroscope_Event_6.data,101,4,0,0,0,epoch milliseconds (2018-03-01 15:17:50.622000),38.0,
S2_Standing_2_extracted,Event_6,PhoneAccelerometer,PhoneAccelerometer_Event_6.data,991,4,0,0,0,epoch milliseconds (2018-03-01 15:17:50.607000),5.0,
S2_Standing_2_extracted,Event_6,PhoneGravity,PhoneGravity_Event_6.data,989,4,0,0,0,epoch milliseconds (2018-03-01 15:17:50.609000),5.0,
S2_Standing_2_extracted,Event_6,PhoneGyroscope,PhoneGyroscope_Event_6.data,988,4,0,0,0,epoch milliseconds (2018-03-01 15:17:50.611000),5.0,
S2_Standing_2_extracted,Event_6,PhoneLinearAccelerometer,PhoneLinearAccelerometer_Event_6.data,990,4,0,0,0,epoch milliseconds (2018-03-01 15:17:50.607000),5.0,
S2_Standing_2_extracted,Event_6,PhoneMagnetometer,PhoneMagnetometer_Event_6.data,501,4,0,0,0,epoch milliseconds (2018-03-01 15:17:50.609000),10.0,
S2_Standing_2_extracted,Event_6,android.sensor.accelerometer,android.sensor.accelerometer_Event_6.data,511,4,0,0,0,epoch milliseconds (2018-03-01 15:17:50.613000),10.0,
S2_Standing_2_extracted,Event_6,android.sensor.gyroscope,android.sensor.gyroscope_Event_6.data,511,4,0,0,0,epoch milliseconds (2018-03-01 15:17:50.611000),10.0,
S2_Standing_2_extracted,Event_7,JinsAccelerometer,JinsAccelerometer_Event_7.data,103,4,0,0,0,epoch milliseconds (2018-03-01 15:18:02.360000),38.0,
S2_Standing_2_extracted,Event_7,JinsBlinkSpeed,JinsBlinkSpeed_Event_7.data,103,2,0,0,0,epoch milliseconds (2018-03-01 15:18:02.360000),38.0,
S2_Standing_2_extracted,Event_7,JinsBlinkStrength,JinsBlinkStrength_Event_7.data,103,2,0,0,0,epoch milliseconds (2018-03-01 15:18:02.360000),38.0,
S2_Standing_2_extracted,Event_7,JinsEyeMovement,JinsEyeMovement_Event_7.data,103,5,0,0,0,epoch milliseconds (2018-03-01 15:18:02.360000),38.0,
S2_Standing_2_extracted,Event_7,JinsGyroscope,JinsGyroscope_Event_7.data,103,4,0,0,0,epoch milliseconds (2018-03-01 15:18:02.360000),38.0,
S2_Standing_2_extracted,Event_7,PhoneAccelerometer,PhoneAccelerometer_Event_7.data,990,4,0,0,0,epoch milliseconds (2018-03-01 15:18:02.306000),5.0,
S2_Standing_2_extracted,Event_7,PhoneGravity,PhoneGravity_Event_7.data,991,4,0,0,0,epoch milliseconds (2018-03-01 15:18:02.305000),5.0,
S2_Standing_2_extracted,Event_7,PhoneGyroscope,PhoneGyroscope_Event_7.data,990,4,0,0,0,epoch milliseconds (2018-03-01 15:18:02.305000),5.0,
S2_Standing_2_extracted,Event_7,PhoneLinearAccelerometer,PhoneLinearAccelerometer_Event_7.data,989,4,0,0,0,epoch milliseconds (2018-03-01 15:18:02.306000),5.0,
S2_Standing_2_extracted,Event_7,PhoneMagnetometer,PhoneMagnetometer_Event_7.data,501,4,0,0,0,epoch milliseconds (2018-03-01 15:18:02.307000),10.0,
S2_Standing_2_extracted,Event_7,android.sensor.accelerometer,android.sensor.accelerometer_Event_7.data,499,4,0,0,0,epoch milliseconds (2018-03-01 15:18:02.304000),10.0,
S2_Standing_2_extracted,Event_7,android.sensor.gyroscope,android.sensor.gyroscope_Event_7.data,499,4,0,0,0,epoch milliseconds (2018-03-01 15:18:02.310000),10.0,
S2_Standing_2_extracted,Event_8,JinsAccelerometer,JinsAccelerometer_Event_8.data,100,4,0,0,0,epoch milliseconds (2018-03-01 15:18:13.268000),38.0,
S2_Standing_2_extracted,Event_8,JinsBlinkSpeed,JinsBlinkSpeed_Event_8.data,100,2,0,0,0,epoch milliseconds (2018-03-01 15:18:13.268000),38.0,
S2_Standing_2_extracted,Event_8,JinsBlinkStrength,JinsBlinkStrength_Event_8.data,100,2,0,0,0,epoch milliseconds (2018-03-01 15:18:13.268000),38.0,
S2_Standing_2_extracted,Event_8,JinsEyeMovement,JinsEyeMovement_Event_8.data,100,5,0,0,0,epoch milliseconds (2018-03-01 15:18:13.268000),38.0,
S2_Standing_2_extracted,Event_8,JinsGyroscope,JinsGyroscope_Event_8.data,100,4,0,0,0,epoch milliseconds (2018-03-01 15:18:13.268000),38.0,
S2_Standing_2_extracted,Event_8,PhoneAccelerometer,PhoneAccelerometer_Event_8.data,991,4,0,0,0,epoch milliseconds (2018-03-01 15:18:13.248000),5.0,
S2_Standing_2_extracted,Event_8,PhoneGravity,PhoneGravity_Event_8.data,994,4,0,0,0,epoch milliseconds (2018-03-01 15:18:13.247000),5.0,
S2_Standing_2_extracted,Event_8,PhoneGyroscope,PhoneGyroscope_Event_8.data,991,4,0,0,0,epoch milliseconds (2018-03-01 15:18:13.249000),5.0,
S2_Standing_2_extracted,Event_8,PhoneLinearAccelerometer,PhoneLinearAccelerometer_Event_8.data,991,4,0,0,0,epoch milliseconds (2018-03-01 15:18:13.247000),5.0,
S2_Standing_2_extracted,Event_8,PhoneMagnetometer,PhoneMagnetometer_Event_8.data,501,4,0,0,0,epoch milliseconds (2018-03-01 15:18:13.255000),10.0,
S2_Standing_2_extracted,Event_8,android.sensor.accelerometer,android.sensor.accelerometer_Event_8.data,503,4,0,0,0,epoch milliseconds (2018-03-01 15:18:13.247000),10.0,
S2_Standing_2_extracted,Event_8,android.sensor.gyroscope,android.sensor.gyroscope_Event_8.data,502,4,0,0,0,epoch milliseconds (2018-03-01 15:18:13.250000),10.0,
S2_Standing_2_extracted,Event_9,JinsAccelerometer,JinsAccelerometer_Event_9.data,100,4,0,0,0,epoch milliseconds (2018-03-01 15:18:24.930000),38.5,
S2_Standing_2_extracted,Event_9,JinsBlinkSpeed,JinsBlinkSpeed_Event_9.data,100,2,0,0,0,epoch milliseconds (2018-03-01 15:18:24.930000),38.5,
S2_Standing_2_extracted,Event_9,JinsBlinkStrength,JinsBlinkStrength_Event_9.data,100,2,0,0,0,epoch milliseconds (2018-03-01 15:18:24.930000),38.5,
S2_Standing_2_extracted,Event_9,JinsEyeMovement,JinsEyeMovement_Event_9.data,100,5,0,0,0,epoch milliseconds (2018-03-01 15:18:24.930000),38.5,
S2_Standing_2_extracted,Event_9,JinsGyroscope,JinsGyroscope_Event_9.data,100,4,0,0,0,epoch milliseconds (2018-03-01 15:18:24.930000),38.5,
S2_Standing_2_extracted,Event_9,PhoneAccelerometer,PhoneAccelerometer_Event_9.data,990,4,0,0,0,epoch milliseconds (2018-03-01 15:18:24.896000),5.0,
S2_Standing_2_extracted,Event_9,PhoneGravity,PhoneGravity_Event_9.data,991,4,0,0,0,epoch milliseconds (2018-03-01 15:18:24.896000),5.0,
S2_Standing_2_extracted,Event_9,PhoneGyroscope,PhoneGyroscope_Event_9.data,991,4,0,0,0,epoch milliseconds (2018-03-01 15:18:24.897000),5.0,
S2_Standing_2_extracted,Event_9,PhoneLinearAccelerometer,PhoneLinearAccelerometer_Event_9.data,991,4,0,0,0,epoch milliseconds (2018-03-01 15:18:24.899000),5.0,
S2_Standing_2_extracted,Event_9,PhoneMagnetometer,PhoneMagnetometer_Event_9.data,499,4,0,0,0,epoch milliseconds (2018-03-01 15:18:24.925000),10.0,
S2_Standing_2_extracted,Event_9,android.sensor.accelerometer,android.sensor.accelerometer_Event_9.data,502,4,0,0,0,epoch milliseconds (2018-03-01 15:18:24.939000),10.0,
S2_Standing_2_extracted,Event_9,android.sensor.gyroscope,android.sensor.gyroscope_Event_9.data,503,4,0,0,0,epoch milliseconds (2018-03-01 15:18:24.943000),10.0,
